split,case_id,family,m,seed,excitation,method,policy,window,cadence,TVE_fraction,TVE_percent,angle_RMSE_deg,magnitude_RMSE,complex_RMSE,p95_TVE_percent,worst_bus_TVE_percent,NLL,NEES_like,coverage50,coverage90,coverage95
TEST,M1-NETWORK_m0p0_s201_EA,M1_NETWORK,0.0,201,E-A,R0_FROZEN_B2,NA,0,0,0.0003843856459803053,0.03843856459803053,0.02867105098668304,0.00017478392124995224,0.0005329329542843438,0.14827465031483014,0.1562847974839115,,,,,
TEST,M1-NETWORK_m0p0_s201_EA,M1_NETWORK,0.0,201,E-A,R1_ORACLE_RECENTERED,NA,0,0,1.2173761852464172e-05,0.0012173761852464172,0.0016306113013118259,3.192526036899295e-05,4.291753885642596e-05,0.00281154282862447,0.012292937586539333,,,,,
TEST,M1-NETWORK_m0p0_s201_EA,M1_NETWORK,0.0,201,E-A,R2A_ONLINE_OFFSET_ONLY,ALWAYS_RECENTER,60,1,0.00036605089492085783,0.03660508949208578,0.02809549251858038,0.00016149529235973963,0.0005189735408239845,0.12907952292383384,0.17899712704958448,-11.191364095398603,0.0623470780284744,1.0,1.0,1.0
TEST,M1-NETWORK_m0p0_s201_EA,M1_NETWORK,0.0,201,E-A,R2A_ONLINE_OFFSET_ONLY,ADAPTIVE_RECENTER,60,1,0.0003843856459803053,0.03843856459803053,0.02867105098668304,0.00017478392124995224,0.0005329329542843438,0.14827465031483014,0.1562847974839115,-5.5802542373153425,0.0004393010494335435,1.0,1.0,1.0
TEST,M1-NETWORK_m0p0_s202_EB,M1_NETWORK,0.0,202,E-B,R0_FROZEN_B2,NA,0,0,6.390785224751082e-07,6.390785224751081e-05,0.00011715669512542303,2.012842114389511e-06,2.879909667536341e-06,0.00011621782708346853,0.0007833359067444004,,,,,
TEST,M1-NETWORK_m0p0_s202_EB,M1_NETWORK,0.0,202,E-B,R1_ORACLE_RECENTERED,NA,0,0,6.390785224751082e-07,6.390785224751081e-05,0.00011715669512542303,2.012842114389511e-06,2.879909667536341e-06,0.00011621782708346853,0.0007833359067444004,,,,,
TEST,M1-NETWORK_m0p0_s202_EB,M1_NETWORK,0.0,202,E-B,R2A_ONLINE_OFFSET_ONLY,ALWAYS_RECENTER,60,1,1.8300118783198817e-05,0.0018300118783198818,0.0016720638955169886,2.9128691020885996e-05,4.14397783192194e-05,0.00665319911471124,0.010435607207361808,-11.222377731032989,0.0003198067597013535,1.0,1.0,1.0
TEST,M1-NETWORK_m0p0_s202_EB,M1_NETWORK,0.0,202,E-B,R2A_ONLINE_OFFSET_ONLY,ADAPTIVE_RECENTER,60,1,6.390785224751082e-07,6.390785224751081e-05,0.00011715669512542303,2.012842114389511e-06,2.879909667536341e-06,0.00011621782708346853,0.0007833359067444004,-5.580473878731552,1.8217012840213936e-08,1.0,1.0,1.0
TEST,M1-NETWORK_m0p0_s203_EC,M1_NETWORK,0.0,203,E-C,R0_FROZEN_B2,NA,0,0,2.6986692433311425e-06,0.00026986692433311423,0.00012109466136215615,3.475675768011183e-06,4.082662492358969e-06,0.0009867763161826412,0.0011902837270980169,,,,,
TEST,M1-NETWORK_m0p0_s203_EC,M1_NETWORK,0.0,203,E-C,R1_ORACLE_RECENTERED,NA,0,0,4.206352229734741e-08,4.20635222973474e-06,8.120861153702387e-06,1.1207538427651669e-07,1.8149785679513048e-07,3.0298294305465984e-05,6.0125640811496935e-05,,,,,
TEST,M1-NETWORK_m0p0_s203_EC,M1_NETWORK,0.0,203,E-C,R2A_ONLINE_OFFSET_ONLY,ALWAYS_RECENTER,60,1,2.6701240970314035e-06,0.00026701240970314035,0.00012764631127285044,3.434136084120185e-06,4.110042980572054e-06,0.0009744090896314426,0.00126909526683367,-11.222535998491859,3.271841964199376e-06,1.0,1.0,1.0
TEST,M1-NETWORK_m0p0_s203_EC,M1_NETWORK,0.0,203,E-C,R2A_ONLINE_OFFSET_ONLY,ADAPTIVE_RECENTER,60,1,2.6986692433311425e-06,0.00026986692433311423,0.00012109466136215615,3.475675768011183e-06,4.082662492358969e-06,0.0009867763161826412,0.0011902837270980169,-5.580473875495431,2.468925605341523e-08,1.0,1.0,1.0
TEST,M1-NETWORK_m0p0_s204_ED,M1_NETWORK,0.0,204,E-D,R0_FROZEN_B2,NA,0,0,0.0002893037644237568,0.02893037644237568,0.021681750698853614,0.00012756503983872458,0.0004015661769669888,0.11288635025976977,0.11520810853999834,,,,,
TEST,M1-NETWORK_m0p0_s204_ED,M1_NETWORK,0.0,204,E-D,R1_ORACLE_RECENTERED,NA,0,0,4.252126764972092e-06,0.00042521267649720917,0.0005344874517103537,9.171406855086592e-06,1.313501956033919e-05,0.001363176351739716,0.0039659759424785475,,,,,
TEST,M1-NETWORK_m0p0_s204_ED,M1_NETWORK,0.0,204,E-D,R2A_ONLINE_OFFSET_ONLY,ALWAYS_RECENTER,60,1,0.0002765087263016243,0.02765087263016243,0.02100626082985022,0.0001214620320772483,0.000388266383452992,0.09804432932658212,0.12964910393183612,-11.205260349679854,0.03455456946597292,1.0,1.0,1.0
TEST,M1-NETWORK_m0p0_s204_ED,M1_NETWORK,0.0,204,E-D,R2A_ONLINE_OFFSET_ONLY,ADAPTIVE_RECENTER,60,1,0.0002893037644237568,0.02893037644237568,0.021681750698853614,0.00012756503983872458,0.0004015661769669888,0.11288635025976977,0.11520810853999834,-5.580349471436283,0.00024883280755178954,1.0,1.0,1.0
TEST,M1-NETWORK_m0p0_s205_EA,M1_NETWORK,0.0,205,E-A,R0_FROZEN_B2,NA,0,0,0.000479936170822202,0.0479936170822202,0.035718102466705204,0.00022235210980545652,0.0006654110191846001,0.18429341697478901,0.19689225904460836,,,,,
TEST,M1-NETWORK_m0p0_s205_EA,M1_NETWORK,0.0,205,E-A,R1_ORACLE_RECENTERED,NA,0,0,1.921318530643542e-05,0.001921318530643542,0.002551484280805955,5.14136403392612e-05,6.824869282121445e-05,0.004535616894106391,0.019454221140643182,,,,,
TEST,M1-NETWORK_m0p0_s205_EA,M1_NETWORK,0.0,205,E-A,R2A_ONLINE_OFFSET_ONLY,ALWAYS_RECENTER,60,1,0.00045662698033958703,0.045662698033958705,0.03511895838314661,0.0001985660793291018,0.0006476520788740922,0.16133358808898687,0.22457508992633357,-11.173817700828762,0.09743986716815603,1.0,1.0,1.0
TEST,M1-NETWORK_m0p0_s205_EA,M1_NETWORK,0.0,205,E-A,R2A_ONLINE_OFFSET_ONLY,ADAPTIVE_RECENTER,60,1,0.000558677149336326,0.0558677149336326,0.04094980907938407,0.0004335645202836962,0.0008414309943299384,0.19063650632245646,0.21492603406700456,-6.020304431930394,0.13760707933251087,0.9748316199929103,0.989365473236441,0.9943282523927686
TEST,M1-NETWORK_m0p0_s206_EB,M1_NETWORK,0.0,206,E-B,R0_FROZEN_B2,NA,0,0,9.727200485177069e-07,9.727200485177069e-05,0.00017921954414185223,3.0752082138661236e-06,4.402803380524576e-06,0.00017132182451666392,0.0011884479188790055,,,,,
TEST,M1-NETWORK_m0p0_s206_EB,M1_NETWORK,0.0,206,E-B,R1_ORACLE_RECENTERED,NA,0,0,9.727200485177069e-07,9.727200485177069e-05,0.00017921954414185223,3.0752082138661236e-06,4.402803380524576e-06,0.00017132182451666392,0.0011884479188790055,,,,,
TEST,M1-NETWORK_m0p0_s206_EB,M1_NETWORK,0.0,206,E-B,R2A_ONLINE_OFFSET_ONLY,ALWAYS_RECENTER,60,1,2.260088609797971e-05,0.002260088609797971,0.0020467989512686245,3.630193046492205e-05,5.1184708328938774e-05,0.008214917744356755,0.012902272912789304,-11.222292951310711,0.0004893662042600107,1.0,1.0,1.0
TEST,M1-NETWORK_m0p0_s206_EB,M1_NETWORK,0.0,206,E-B,R2A_ONLINE_OFFSET_ONLY,ADAPTIVE_RECENTER,60,1,9.727200485177069e-07,9.727200485177069e-05,0.00017921954414185223,3.0752082138661236e-06,4.402803380524576e-06,0.00017132182451666392,0.0011884479188790055,-5.580473866571874,4.253636895294486e-08,1.0,1.0,1.0
TEST,M1-NETWORK_m0p0_s207_EC,M1_NETWORK,0.0,207,E-C,R0_FROZEN_B2,NA,0,0,3.4182949347468455e-06,0.00034182949347468455,0.0001533879075544179,4.402514975923462e-06,5.171376186358818e-06,0.0012499229788562316,0.0015077463972931256,,,,,
TEST,M1-NETWORK_m0p0_s207_EC,M1_NETWORK,0.0,207,E-C,R1_ORACLE_RECENTERED,NA,0,0,5.319474712706186e-08,5.319474712706186e-06,1.028698560355851e-05,1.4161430094926052e-07,2.2969029682597748e-07,3.821509358413102e-05,7.60400349587425e-05,,,,,
TEST,M1-NETWORK_m0p0_s207_EC,M1_NETWORK,0.0,207,E-C,R2A_ONLINE_OFFSET_ONLY,ALWAYS_RECENTER,60,1,3.3821633395886113e-06,0.0003382163339588611,0.00016168670756896904,4.349940841274272e-06,5.206094973896414e-06,0.0012342496758805633,0.0016075572066659462,-11.222535009640932,5.249543815939011e-06,1.0,1.0,1.0
TEST,M1-NETWORK_m0p0_s207_EC,M1_NETWORK,0.0,207,E-C,R2A_ONLINE_OFFSET_ONLY,ADAPTIVE_RECENTER,60,1,3.4182949347468455e-06,0.00034182949347468455,0.0001533879075544179,4.402514975923462e-06,5.171376186358818e-06,0.0012499229788562316,0.0015077463972931256,-5.580473868033844,3.961242951176011e-08,1.0,1.0,1.0
TEST,M1-NETWORK_m0p0_s208_ED,M1_NETWORK,0.0,208,E-D,R0_FROZEN_B2,NA,0,0,0.00033737119491212696,0.0337371194912127,0.025268194229015196,0.00014933213767338925,0.00046819296765604197,0.1314761055840596,0.13471081490243397,,,,,
TEST,M1-NETWORK_m0p0_s208_ED,M1_NETWORK,0.0,208,E-D,R1_ORACLE_RECENTERED,NA,0,0,5.824247664772838e-06,0.0005824247664772838,0.0007079056296197931,1.3199133759539943e-05,1.8147388638675475e-05,0.0017250643819056426,0.005416563859152583,,,,,
TEST,M1-NETWORK_m0p0_s208_ED,M1_NETWORK,0.0,208,E-D,R2A_ONLINE_OFFSET_ONLY,ALWAYS_RECENTER,60,1,0.00032238931138067826,0.032238931138067826,0.024502121930747807,0.00014094804639056048,0.0004526441381389663,0.11438672475589352,0.1514105200570257,-11.199020746588074,0.0470337756495307,1.0,1.0,1.0
TEST,M1-NETWORK_m0p0_s208_ED,M1_NETWORK,0.0,208,E-D,R2A_ONLINE_OFFSET_ONLY,ADAPTIVE_RECENTER,60,1,0.00033737119491212696,0.0337371194912127,0.025268194229015196,0.00014933213767338925,0.00046819296765604197,0.1314761055840596,0.13471081490243397,-5.580304728470907,0.0003383187383040661,1.0,1.0,1.0
TEST,M1-NETWORK_m0p0_s209_EA,M1_NETWORK,0.0,209,E-A,R0_FROZEN_B2,NA,0,0,0.0005753898812955717,0.05753898812955717,0.042723835896002066,0.00027215185726437135,0.0007979680571454194,0.22021732458237078,0.2381485698726826,,,,,
TEST,M1-NETWORK_m0p0_s209_EA,M1_NETWORK,0.0,209,E-A,R1_ORACLE_RECENTERED,NA,0,0,2.7868799162859012e-05,0.0027868799162859012,0.003692285715285778,7.536393406321283e-05,9.94935761878497e-05,0.0065480448699578,0.028284193481580563,,,,,
TEST,M1-NETWORK_m0p0_s209_EA,M1_NETWORK,0.0,209,E-A,R2A_ONLINE_OFFSET_ONLY,ALWAYS_RECENTER,60,1,0.0005468759285334693,0.054687592853346935,0.04214613845131656,0.000234880197446369,0.000776157391189355,0.19295366314529638,0.27051566622787093,-11.152350961435328,0.14037334595502482,1.0,1.0,1.0
TEST,M1-NETWORK_m0p0_s209_EA,M1_NETWORK,0.0,209,E-A,R2A_ONLINE_OFFSET_ONLY,ADAPTIVE_RECENTER,60,1,0.0006216486185927413,0.06216486185927413,0.0460385974680936,0.00037897751944342915,0.0008940184000375915,0.22390179567676424,0.259878347437876,-6.792814564460049,0.11361621920384463,0.9836937256292095,0.9961006735200284,0.9985820630981921
TEST,M1-NETWORK_m0p0_s210_EB,M1_NETWORK,0.0,210,E-B,R0_FROZEN_B2,NA,0,0,1.3781407984511422e-06,0.0001378140798451142,0.0002543135690239445,4.3648875747234936e-06,6.248441325549278e-06,0.00024298610832157458,0.001678220697630715,,,,,
TEST,M1-NETWORK_m0p0_s210_EB,M1_NETWORK,0.0,210,E-B,R1_ORACLE_RECENTERED,NA,0,0,1.3781407984511422e-06,0.0001378140798451142,0.0002543135690239445,4.3648875747234936e-06,6.248441325549278e-06,0.00024298610832157458,0.001678220697630715,,,,,
TEST,M1-NETWORK_m0p0_s210_EB,M1_NETWORK,0.0,210,E-B,R2A_ONLINE_OFFSET_ONLY,ALWAYS_RECENTER,60,1,2.6901672168002484e-05,0.002690167216800248,0.0024146190719261844,4.360178720944555e-05,6.093841750667698e-05,0.009775210818349369,0.015376558585295286,-11.222189861675906,0.000695545473868466,1.0,1.0,1.0
TEST,M1-NETWORK_m0p0_s210_EB,M1_NETWORK,0.0,210,E-B,R2A_ONLINE_OFFSET_ONLY,ADAPTIVE_RECENTER,60,1,1.3781407984511422e-06,0.0001378140798451142,0.0002543135690239445,4.3648875747234936e-06,6.248441325549278e-06,0.00024298610832157458,0.001678220697630715,-5.580473845034927,8.561026469163703e-08,1.0,1.0,1.0
TEST,M1-NETWORK_m0p0_s211_EC,M1_NETWORK,0.0,211,E-C,R0_FROZEN_B2,NA,0,0,4.1379125285230415e-06,0.00041379125285230414,0.00018568173425163932,5.329351032860663e-06,6.260091664315296e-06,0.0015130728823533242,0.0018252316652381294,,,,,
TEST,M1-NETWORK_m0p0_s211_EC,M1_NETWORK,0.0,211,E-C,R1_ORACLE_RECENTERED,NA,0,0,6.429043289258604e-08,6.429043289258604e-06,1.2453392629457916e-05,1.7100735379796666e-07,2.777970053063478e-07,4.6096094790537745e-05,9.190451002532485e-05,,,,,
TEST,M1-NETWORK_m0p0_s211_EC,M1_NETWORK,0.0,211,E-C,R2A_ONLINE_OFFSET_ONLY,ALWAYS_RECENTER,60,1,4.094205212584537e-06,0.0004094205212584537,0.0001957276959026617,5.265760438176083e-06,6.302164177647565e-06,0.001494089329028541,0.0019460345095479881,-11.22253378810002,7.692625643576772e-06,1.0,1.0,1.0
TEST,M1-NETWORK_m0p0_s211_EC,M1_NETWORK,0.0,211,E-C,R2A_ONLINE_OFFSET_ONLY,ADAPTIVE_RECENTER,60,1,4.1379125285230415e-06,0.00041379125285230414,0.00018568173425163932,5.329351032860663e-06,6.260091664315296e-06,0.0015130728823533242,0.0018252316652381294,-5.580473858816627,5.80468637740338e-08,1.0,1.0,1.0
TEST,M1-NETWORK_m0p0_s212_ED,M1_NETWORK,0.0,212,E-D,R0_FROZEN_B2,NA,0,0,0.00038540195726037785,0.038540195726037785,0.028847015686405797,0.00017130136002382575,0.0005347555993679594,0.14986629634939813,0.15430289385454343,,,,,
TEST,M1-NETWORK_m0p0_s212_ED,M1_NETWORK,0.0,212,E-D,R1_ORACLE_RECENTERED,NA,0,0,7.659122846814824e-06,0.0007659122846814824,0.0009088968387893574,1.796461253903945e-05,2.4050813101582584e-05,0.002194211951471069,0.0071190649468543775,,,,,
TEST,M1-NETWORK_m0p0_s212_ED,M1_NETWORK,0.0,212,E-D,R2A_ONLINE_OFFSET_ONLY,ALWAYS_RECENTER,60,1,0.0003682138170246526,0.03682138170246526,0.02799658726699789,0.0001602563138106561,0.0005169412269018151,0.13065672450856095,0.17321834304780837,-11.191820371224138,0.06143452637740586,1.0,1.0,1.0
TEST,M1-NETWORK_m0p0_s212_ED,M1_NETWORK,0.0,212,E-D,R2A_ONLINE_OFFSET_ONLY,ADAPTIVE_RECENTER,60,1,0.00038540195726037785,0.038540195726037785,0.028847015686405797,0.00017130136002382575,0.0005347555993679594,0.14986629634939813,0.15430289385454343,-5.580253158760048,0.0004414581600202962,1.0,1.0,1.0
TEST,M1-NETWORK_m0p0_s213_EA,M1_NETWORK,0.0,213,E-A,R0_FROZEN_B2,NA,0,0,0.0006708143438279742,0.06708143438279741,0.04969252686330731,0.0003244435905132625,0.0009307945884523216,0.2559003255771959,0.28006798699111646,,,,,
TEST,M1-NETWORK_m0p0_s213_EA,M1_NETWORK,0.0,213,E-A,R1_ORACLE_RECENTERED,NA,0,0,3.813887752223567e-05,0.003813887752223567,0.005058236135531301,0.00010368959208783504,0.0001366428914447735,0.008931455264354403,0.038780528057058374,,,,,
TEST,M1-NETWORK_m0p0_s213_EA,M1_NETWORK,0.0,213,E-A,R2A_ONLINE_OFFSET_ONLY,ALWAYS_RECENTER,60,1,0.0006368329111499888,0.06368329111499889,0.049179295272982614,0.0002707287397104084,0.0009046163355668556,0.22439934989584592,0.3168331740595054,-11.126946366949188,0.19118253492730272,1.0,1.0,1.0
TEST,M1-NETWORK_m0p0_s213_EA,M1_NETWORK,0.0,213,E-A,R2A_ONLINE_OFFSET_ONLY,ADAPTIVE_RECENTER,60,1,0.000693282774834751,0.0693282774834751,0.05228499577051386,0.0003696431124879858,0.000990471774995653,0.2559003255771959,0.30837079581262705,-7.231862271516547,0.11958053410856662,0.9854661467564694,0.9985820630981921,0.9996455157745481
TEST,M1-NETWORK_m0p0_s214_EB,M1_NETWORK,0.0,214,E-B,R0_FROZEN_B2,NA,0,0,1.855714072793538e-06,0.0001855714072793538,0.0003423728057439612,5.883204951618087e-06,8.416927207061174e-06,0.00033210823306266976,0.002252786869746215,,,,,
TEST,M1-NETWORK_m0p0_s214_EB,M1_NETWORK,0.0,214,E-B,R1_ORACLE_RECENTERED,NA,0,0,1.855714072793538e-06,0.0001855714072793538,0.0003423728057439612,5.883204951618087e-06,8.416927207061174e-06,0.00033210823306266976,0.002252786869746215,,,,,
TEST,M1-NETWORK_m0p0_s214_EB,M1_NETWORK,0.0,214,E-B,R2A_ONLINE_OFFSET_ONLY,ALWAYS_RECENTER,60,1,3.12034252131549e-05,0.0031203425213154902,0.0027756255511010943,5.10305583904156e-05,7.070615149281737e-05,0.011362668206746081,0.017860061959885324,-11.222068274677858,0.0009387194699644059,1.0,1.0,1.0
TEST,M1-NETWORK_m0p0_s214_EB,M1_NETWORK,0.0,214,E-B,R2A_ONLINE_OFFSET_ONLY,ADAPTIVE_RECENTER,60,1,1.855714072793538e-06,0.0001855714072793538,0.0003423728057439612,5.883204951618087e-06,8.416927207061174e-06,0.00033210823306266976,0.002252786869746215,-5.580473810213417,1.5525328436166008e-07,1.0,1.0,1.0
TEST,M1-NETWORK_m0p0_s215_EC,M1_NETWORK,0.0,215,E-C,R0_FROZEN_B2,NA,0,0,4.857521942115623e-06,0.0004857521942115623,0.00021797612850381784,6.256183873921492e-06,7.348808752245943e-06,0.001776224811268981,0.002142739602717054,,,,,
TEST,M1-NETWORK_m0p0_s215_EC,M1_NETWORK,0.0,215,E-C,R1_ORACLE_RECENTERED,NA,0,0,7.535065573679929e-08,7.535065573679929e-06,1.462004321757972e-05,2.0025436975555787e-07,3.258175515733516e-07,5.40049605440494e-05,0.00010771872347544081,,,,,
TEST,M1-NETWORK_m0p0_s215_EC,M1_NETWORK,0.0,215,E-C,R2A_ONLINE_OFFSET_ONLY,ALWAYS_RECENTER,60,1,4.806249725382204e-06,0.0004806249725382204,0.00022976928828629344,6.181594820020712e-06,7.3982506612983864e-06,0.0017539281461303854,0.002284527291783453,-11.222532333861757,1.0601102168821516e-05,1.0,1.0,1.0
TEST,M1-NETWORK_m0p0_s215_EC,M1_NETWORK,0.0,215,E-C,R2A_ONLINE_OFFSET_ONLY,ADAPTIVE_RECENTER,60,1,4.857521942115623e-06,0.0004857521942115623,0.00021797612850381784,6.256183873921492e-06,7.348808752245943e-06,0.001776224811268981,0.002142739602717054,-5.580473847843795,7.999252779550739e-08,1.0,1.0,1.0
TEST,M1-NETWORK_m0p0_s216_ED,M1_NETWORK,0.0,216,E-D,R0_FROZEN_B2,NA,0,0,0.00043339845665039777,0.043339845665039775,0.03241828543187305,0.00019349269705761367,0.0006012622721825637,0.16833860716245974,0.17398548775472517,,,,,
TEST,M1-NETWORK_m0p0_s216_ED,M1_NETWORK,0.0,216,E-D,R1_ORACLE_RECENTERED,NA,0,0,9.756791938096434e-06,0.0009756791938096435,0.001137922896211606,2.346012719389667e-05,3.0841964399630174e-05,0.002681365339137706,0.009073422288268828,,,,,
TEST,M1-NETWORK_m0p0_s216_ED,M1_NETWORK,0.0,216,E-D,R2A_ONLINE_OFFSET_ONLY,ALWAYS_RECENTER,60,1,0.0004139831294450835,0.041398312944508346,0.031489695287801385,0.00017940163391171765,0.0005811631287135714,0.1468429317737496,0.1950735273364623,-11.183658702557825,0.07775786371003074,1.0,1.0,1.0
TEST,M1-NETWORK_m0p0_s216_ED,M1_NETWORK,0.0,216,E-D,R2A_ONLINE_OFFSET_ONLY,ADAPTIVE_RECENTER,60,1,0.00043339845665039777,0.043339845665039775,0.03241828543187305,0.00019349269705761367,0.0006012622721825637,0.16833860716245974,0.17398548775472517,-5.580194762630652,0.0005582504188132913,1.0,1.0,1.0
TEST,M1-NETWORK_m0p0_s217_EA,M1_NETWORK,0.0,217,E-A,R0_FROZEN_B2,NA,0,0,0.0007662790402258206,0.07662790402258206,0.05662890171618006,0.000379443519331958,0.001064080323420122,0.29132452971437256,0.3226633470858986,,,,,
TEST,M1-NETWORK_m0p0_s217_EA,M1_NETWORK,0.0,217,E-A,R1_ORACLE_RECENTERED,NA,0,0,5.0022083990083765e-05,0.005002208399008377,0.006654381789199301,0.00013630379509951834,0.00017968801227570137,0.01168683152151714,0.05094112596232611,,,,,
TEST,M1-NETWORK_m0p0_s217_EA,M1_NETWORK,0.0,217,E-A,R2A_ONLINE_OFFSET_ONLY,ALWAYS_RECENTER,60,1,0.0007265463046208501,0.07265463046208502,0.05622087594449374,0.00030640240458572777,0.001033155673214968,0.25642645920479984,0.3635412308999727,-11.097581917654507,0.24991143351666673,1.0,1.0,1.0
TEST,M1-NETWORK_m0p0_s217_EA,M1_NETWORK,0.0,217,E-A,R2A_ONLINE_OFFSET_ONLY,ADAPTIVE_RECENTER,60,1,0.000774246711164138,0.0774246711164138,0.05907467010037667,0.0003848953810036468,0.0011069186384432379,0.29042681555416083,0.35655426817671065,-7.4727135524169235,0.14186137895623227,0.9858206309819213,0.9985820630981921,0.9996455157745481
TEST,M1-NETWORK_m0p0_s218_EB,M1_NETWORK,0.0,218,E-B,R0_FROZEN_B2,NA,0,0,2.405663106547451e-06,0.0002405663106547451,0.00044333071979860546,7.631482902412573e-06,1.0908362996813117e-05,0.00043314948649513473,0.00291225132477692,,,,,
TEST,M1-NETWORK_m0p0_s218_EB,M1_NETWORK,0.0,218,E-B,R1_ORACLE_RECENTERED,NA,0,0,2.405663106547451e-06,0.0002405663106547451,0.00044333071979860546,7.631482902412573e-06,1.0908362996813117e-05,0.00043314948649513473,0.00291225132477692,,,,,
TEST,M1-NETWORK_m0p0_s218_EB,M1_NETWORK,0.0,218,E-B,R2A_ONLINE_OFFSET_ONLY,ALWAYS_RECENTER,60,1,3.550709118261769e-05,0.003550709118261769,0.003129921227240515,5.859050306682324e-05,8.04931526780446e-05,0.012933413575449474,0.02035437438640627,-11.221927991058026,0.001219286709628146,1.0,1.0,1.0
TEST,M1-NETWORK_m0p0_s218_EB,M1_NETWORK,0.0,218,E-B,R2A_ONLINE_OFFSET_ONLY,ADAPTIVE_RECENTER,60,1,2.405663106547451e-06,0.0002405663106547451,0.00044333071979860546,7.631482902412573e-06,1.0908362996813117e-05,0.00043314948649513473,0.00291225132477692,-5.580473757515937,2.606482434441382e-07,1.0,1.0,1.0
TEST,M1-NETWORK_m0p0_s219_EC,M1_NETWORK,0.0,219,E-C,R0_FROZEN_B2,NA,0,0,5.577123257904518e-06,0.0005577123257904518,0.00025027110210349833,7.183013644748997e-06,8.437527682580627e-06,0.0020393803674039037,0.002460270120967089,,,,,
TEST,M1-NETWORK_m0p0_s219_EC,M1_NETWORK,0.0,219,E-C,R1_ORACLE_RECENTERED,NA,0,0,8.637569683277392e-08,8.637569683277391e-06,1.678687447717207e-05,2.2935576545563745e-07,3.7375153534569e-07,6.186074891422403e-05,0.00012348262893062243,,,,,
TEST,M1-NETWORK_m0p0_s219_EC,M1_NETWORK,0.0,219,E-C,R2A_ONLINE_OFFSET_ONLY,ALWAYS_RECENTER,60,1,5.518296883649751e-06,0.0005518296883649751,0.00026381148309788887,7.0974440956917815e-06,8.494354500480337e-06,0.002013766485613614,0.0026230354433597358,-11.222530646918816,1.397498804949117e-05,1.0,1.0,1.0
TEST,M1-NETWORK_m0p0_s219_EC,M1_NETWORK,0.0,219,E-C,R2A_ONLINE_OFFSET_ONLY,ADAPTIVE_RECENTER,60,1,5.577123257904518e-06,0.0005577123257904518,0.00025027110210349833,7.183013644748997e-06,8.437527682580627e-06,0.0020393803674039037,0.002460270120967089,-5.58047383511536,1.0544939757611899e-07,1.0,1.0,1.0
TEST,M1-NETWORK_m0p0_s220_ED,M1_NETWORK,0.0,220,E-D,R0_FROZEN_B2,NA,0,0,0.0004813631426908849,0.04813631426908849,0.03598208119137318,0.00021592539897338163,0.0006677211914855641,0.18666358609863765,0.19375970297238204,,,,,
TEST,M1-NETWORK_m0p0_s220_ED,M1_NETWORK,0.0,220,E-D,R1_ORACLE_RECENTERED,NA,0,0,1.2117196222136397e-05,0.0012117196222136398,0.0013953846757962527,2.9679509604894516e-05,3.8518412498416676e-05,0.0032548125795771707,0.011279458087438852,,,,,
TEST,M1-NETWORK_m0p0_s220_ED,M1_NETWORK,0.0,220,E-D,R2A_ONLINE_OFFSET_ONLY,ALWAYS_RECENTER,60,1,0.00045969815553971845,0.045969815553971845,0.03498148744855053,0.00019839889609074243,0.0006453153285188847,0.1631514263384644,0.21697701347388404,-11.174535114711444,0.09600503940279359,1.0,1.0,1.0
TEST,M1-NETWORK_m0p0_s220_ED,M1_NETWORK,0.0,220,E-D,R2A_ONLINE_OFFSET_ONLY,ADAPTIVE_RECENTER,60,1,0.0004813631426908849,0.04813631426908849,0.03598208119137318,0.00021592539897338163,0.0006677211914855641,0.18666358609863765,0.19375970297238204,-5.580129535181891,0.0006887053163364622,1.0,1.0,1.0
TEST,M1-NETWORK_m0p5_s201_EA,M1_NETWORK,0.5,201,E-A,R0_FROZEN_B2,NA,0,0,0.000563917471081229,0.0563917471081229,0.055689710003972756,0.0004697462923612168,0.0011062023486814794,0.26769642459569837,0.44897918411437143,,,,,
TEST,M1-NETWORK_m0p5_s201_EA,M1_NETWORK,0.5,201,E-A,R1_ORACLE_RECENTERED,NA,0,0,1.6210407178878097e-05,0.0016210407178878098,0.0015651027555325014,3.2764523155646326e-05,4.286349148014413e-05,0.007337100525104945,0.01127259670964082,,,,,
TEST,M1-NETWORK_m0p5_s201_EA,M1_NETWORK,0.5,201,E-A,R2A_ONLINE_OFFSET_ONLY,ALWAYS_RECENTER,60,1,0.0005956402802679451,0.05956402802679451,0.05718174013863661,0.0004492589477933051,0.0011214725353744185,0.26594457373109376,0.44709511071006613,-10.959161841802956,0.5267515852197678,0.9042892591279688,0.9680964197093229,0.9680964197093229
TEST,M1-NETWORK_m0p5_s201_EA,M1_NETWORK,0.5,201,E-A,R2A_ONLINE_OFFSET_ONLY,ADAPTIVE_RECENTER,60,1,0.0006077062993258412,0.06077062993258412,0.05735887604876799,0.00045724842139419563,0.001127643099625392,0.26674480504994114,0.44772070655477136,-7.450514543241365,0.1862593973073521,0.9666784828075151,0.989365473236441,0.9900744416873449
TEST,M1-NETWORK_m0p5_s202_EB,M1_NETWORK,0.5,202,E-B,R0_FROZEN_B2,NA,0,0,0.0008929769282035006,0.08929769282035006,0.07097452882941686,0.00042652974537086045,0.0013375333002128484,0.29888294350162525,0.4295927027566943,,,,,
TEST,M1-NETWORK_m0p5_s202_EB,M1_NETWORK,0.5,202,E-B,R1_ORACLE_RECENTERED,NA,0,0,5.182992379716167e-06,0.0005182992379716166,0.0004297976321438991,5.376230363876521e-06,9.347859006320862e-06,0.002113174467272324,0.0022816828130104486,,,,,
TEST,M1-NETWORK_m0p5_s202_EB,M1_NETWORK,0.5,202,E-B,R2A_ONLINE_OFFSET_ONLY,ALWAYS_RECENTER,60,1,0.0008884193678189483,0.08884193678189482,0.07067785500778109,0.0004329359472345771,0.0013346561363217111,0.2996997209312331,0.4297627869014519,-10.859736779489157,0.7256017098473668,0.9042892591279688,0.9680964197093229,0.9680964197093229
TEST,M1-NETWORK_m0p5_s202_EB,M1_NETWORK,0.5,202,E-B,R2A_ONLINE_OFFSET_ONLY,ADAPTIVE_RECENTER,60,1,0.0008887316308410019,0.08887316308410019,0.07075509496416275,0.0004346705391909392,0.001336491893936175,0.29932441608652904,0.42998958578506524,-7.415227253390804,0.2568339770084723,0.967032967032967,0.989010989010989,0.989010989010989
TEST,M1-NETWORK_m0p5_s203_EC,M1_NETWORK,0.5,203,E-C,R0_FROZEN_B2,NA,0,0,0.0008890008909962436,0.08890008909962437,0.07065620558535392,0.00042385582166716486,0.0013312686156935225,0.2974661335782836,0.42764771246756766,,,,,
TEST,M1-NETWORK_m0p5_s203_EC,M1_NETWORK,0.5,203,E-C,R1_ORACLE_RECENTERED,NA,0,0,1.0119265150755832e-07,1.0119265150755831e-05,9.532994841147905e-06,1.4050184583986458e-07,2.1921259132640175e-07,4.261791639545313e-05,6.31138114464949e-05,,,,,
TEST,M1-NETWORK_m0p5_s203_EC,M1_NETWORK,0.5,203,E-C,R2A_ONLINE_OFFSET_ONLY,ALWAYS_RECENTER,60,1,0.0008887737845858585,0.08887737845858584,0.07063546820458648,0.0004240524912646825,0.001330987482832911,0.29748790333710884,0.42764665457132933,-10.864290074471672,0.7164951198823373,0.9042892591279688,0.9680964197093229,0.9680964197093229
TEST,M1-NETWORK_m0p5_s203_EC,M1_NETWORK,0.5,203,E-C,R2A_ONLINE_OFFSET_ONLY,ADAPTIVE_RECENTER,60,1,0.00088881759472519,0.088881759472519,0.07064521883214012,0.0004240800974510102,0.001331157171820193,0.2975449102282508,0.427655757597248,-7.418397294172878,0.2504938954443247,0.967032967032967,0.989010989010989,0.989010989010989
TEST,M1-NETWORK_m0p5_s204_ED,M1_NETWORK,0.5,204,E-D,R0_FROZEN_B2,NA,0,0,0.0006401566959938873,0.06401566959938873,0.05856318372099486,0.0004533743930144307,0.0011452860044144678,0.2754513650721202,0.4443788305295339,,,,,
TEST,M1-NETWORK_m0p5_s204_ED,M1_NETWORK,0.5,204,E-D,R1_ORACLE_RECENTERED,NA,0,0,7.535391567282297e-06,0.0007535391567282297,0.0005451618537380414,1.2846921875147385e-05,1.6063027578885046e-05,0.0030758585503384106,0.003934541310094967,,,,,
TEST,M1-NETWORK_m0p5_s204_ED,M1_NETWORK,0.5,204,E-D,R2A_ONLINE_OFFSET_ONLY,ALWAYS_RECENTER,60,1,0.0006565033038543308,0.06565033038543308,0.05943921795343712,0.00044183176485068285,0.0011549013813416755,0.2740551185716758,0.4435179536082449,-10.939070016585932,0.5669352356538172,0.9042892591279688,0.9680964197093229,0.9680964197093229
TEST,M1-NETWORK_m0p5_s204_ED,M1_NETWORK,0.5,204,E-D,R2A_ONLINE_OFFSET_ONLY,ADAPTIVE_RECENTER,60,1,0.0006609904883357014,0.06609904883357014,0.059410646106822555,0.0004427648474637364,0.0011548645606464128,0.27456792866686086,0.4434958815864665,-7.445402496845645,0.19648349009879013,0.9663239985820631,0.989010989010989,0.989365473236441
TEST,M1-NETWORK_m0p5_s205_EA,M1_NETWORK,0.5,205,E-A,R0_FROZEN_B2,NA,0,0,0.0005023896367507987,0.05023896367507987,0.05381860179284668,0.0004908030710473856,0.001085891096437192,0.261150136221755,0.4551127799285827,,,,,
TEST,M1-NETWORK_m0p5_s205_EA,M1_NETWORK,0.5,205,E-A,R1_ORACLE_RECENTERED,NA,0,0,2.3165356108701117e-05,0.0023165356108701116,0.0024198051130048656,5.0639778253506616e-05,6.622523964257256e-05,0.010268381488838683,0.01804452025727957,,,,,
TEST,M1-NETWORK_m0p5_s205_EA,M1_NETWORK,0.5,205,E-A,R2A_ONLINE_OFFSET_ONLY,ALWAYS_RECENTER,60,1,0.0005486365748421424,0.05486365748421424,0.055654293402608766,0.0004624592740513218,0.001102359404884359,0.25887712198622304,0.4523005424907857,-10.973007901758665,0.4990594653083473,0.9042892591279688,0.9680964197093229,0.9680964197093229
TEST,M1-NETWORK_m0p5_s205_EA,M1_NETWORK,0.5,205,E-A,R2A_ONLINE_OFFSET_ONLY,ADAPTIVE_RECENTER,60,1,0.0005662112872233145,0.05662112872233145,0.05610249656569017,0.00047662739402341207,0.0011156071044055313,0.260146029026692,0.4534655230732964,-7.453080178040404,0.18112812770927136,0.9663239985820631,0.989365473236441,0.9907834101382489
TEST,M1-NETWORK_m0p5_s206_EB,M1_NETWORK,0.5,206,E-B,R0_FROZEN_B2,NA,0,0,0.0008938762949530445,0.08938762949530445,0.07105017727710163,0.00042671765442407045,0.0013388711665655978,0.2991762524613022,0.42995284950371204,,,,,
TEST,M1-NETWORK_m0p5_s206_EB,M1_NETWORK,0.5,206,E-B,R1_ORACLE_RECENTERED,NA,0,0,6.534639148441996e-06,0.0006534639148441996,0.000550117545620133,6.981351537335683e-06,1.2016317853034039e-05,0.002660383880236015,0.002822640017213696,,,,,
TEST,M1-NETWORK_m0p5_s206_EB,M1_NETWORK,0.5,206,E-B,R2A_ONLINE_OFFSET_ONLY,ALWAYS_RECENTER,60,1,0.0008883406884118333,0.08883406884118333,0.07068799632442746,0.0004349461049043849,0.00133549440502151,0.30011588929928135,0.43017381383701914,-10.858747584143593,0.7275801005384942,0.9042892591279688,0.9680964197093229,0.9680964197093229
TEST,M1-NETWORK_m0p5_s206_EB,M1_NETWORK,0.5,206,E-B,R2A_ONLINE_OFFSET_ONLY,ADAPTIVE_RECENTER,60,1,0.0008888128984638358,0.08888128984638358,0.07078448427766916,0.00043727874444453947,0.0013378446560946679,0.2996168206465035,0.4304774216910801,-7.414409102492765,0.2584702788045493,0.967032967032967,0.989010989010989,0.989010989010989
TEST,M1-NETWORK_m0p5_s207_EC,M1_NETWORK,0.5,207,E-C,R0_FROZEN_B2,NA,0,0,0.0008888882214928166,0.08888882214928166,0.0706515457594507,0.0004233619426832819,0.0013310259553839653,0.2974016692767975,0.42754474801481296,,,,,
TEST,M1-NETWORK_m0p5_s207_EC,M1_NETWORK,0.5,207,E-C,R1_ORACLE_RECENTERED,NA,0,0,1.28139402070009e-07,1.28139402070009e-05,1.2075330858921402e-05,1.7773398112133605e-07,2.7752123638210344e-07,5.3859867390578925e-05,7.982955890180656e-05,,,,,
TEST,M1-NETWORK_m0p5_s207_EC,M1_NETWORK,0.5,207,E-C,R2A_ONLINE_OFFSET_ONLY,ALWAYS_RECENTER,60,1,0.000888625696326151,0.0888625696326151,0.07062800219012966,0.00042358676663309245,0.0013307070799887717,0.29742089572272884,0.42754375152154017,-10.864437072019895,0.7162011247858872,0.9042892591279688,0.9680964197093229,0.9680964197093229
TEST,M1-NETWORK_m0p5_s207_EC,M1_NETWORK,0.5,207,E-C,R2A_ONLINE_OFFSET_ONLY,ADAPTIVE_RECENTER,60,1,0.0008886695609903556,0.08886695609903557,0.07063863312671514,0.00042363099220694907,0.0013308965691778485,0.29747796387551084,0.42755490552269504,-7.418445138902071,0.25039820598593604,0.967032967032967,0.989010989010989,0.989010989010989
TEST,M1-NETWORK_m0p5_s208_ED,M1_NETWORK,0.5,208,E-D,R0_FROZEN_B2,NA,0,0,0.0006011126066555628,0.06011126066555628,0.05712256860092026,0.0004612507864855344,0.0011254963808917473,0.27204798520183243,0.4474477101763347,,,,,
TEST,M1-NETWORK_m0p5_s208_ED,M1_NETWORK,0.5,208,E-D,R1_ORACLE_RECENTERED,NA,0,0,9.045610212653269e-06,0.0009045610212653269,0.0007023167633115252,1.6168889438851108e-05,2.038327895024539e-05,0.0038668754319894365,0.004928906998269413,,,,,
TEST,M1-NETWORK_m0p5_s208_ED,M1_NETWORK,0.5,208,E-D,R2A_ONLINE_OFFSET_ONLY,ALWAYS_RECENTER,60,1,0.0006213844798444409,0.06213844798444409,0.058117070020947716,0.00044747211527628074,0.0011358751482224865,0.27037445599822363,0.4463065600532605,-10.948216973677985,0.5486413214697127,0.9042892591279688,0.9680964197093229,0.9680964197093229
TEST,M1-NETWORK_m0p5_s208_ED,M1_NETWORK,0.5,208,E-D,R2A_ONLINE_OFFSET_ONLY,ADAPTIVE_RECENTER,60,1,0.0006279438128428098,0.06279438128428098,0.05814382803110429,0.00044954201092677184,0.00113720326635409,0.27097135682540346,0.4463718482087321,-7.448293381855932,0.19070172007821706,0.9663239985820631,0.989010989010989,0.9897199574618929
TEST,M1-NETWORK_m0p5_s209_EA,M1_NETWORK,0.5,209,E-A,R0_FROZEN_B2,NA,0,0,0.0004771208834407727,0.04771208834407727,0.05287190358163857,0.0005161334694232472,0.0010825713860234075,0.25504656783580215,0.4615663277351361,,,,,
TEST,M1-NETWORK_m0p5_s209_EA,M1_NETWORK,0.5,209,E-A,R1_ORACLE_RECENTERED,NA,0,0,3.162256460448704e-05,0.003162256460448704,0.003493530686522619,7.304908752915914e-05,9.553742781673786e-05,0.013412509158929034,0.02645944866822416,,,,,
TEST,M1-NETWORK_m0p5_s209_EA,M1_NETWORK,0.5,209,E-A,R2A_ONLINE_OFFSET_ONLY,ALWAYS_RECENTER,60,1,0.0005296689048858756,0.05296689048858756,0.05503525410875688,0.00047773903308975227,0.001098647187103068,0.2522393174100459,0.4576641756275447,-10.9828314448498,0.47941237912607615,0.9042892591279688,0.9680964197093229,0.9680964197093229
TEST,M1-NETWORK_m0p5_s209_EA,M1_NETWORK,0.5,209,E-A,R2A_ONLINE_OFFSET_ONLY,ADAPTIVE_RECENTER,60,1,0.0005550085666999983,0.05550085666999983,0.05583993037002553,0.0004994050079947065,0.0011210062270447278,0.25393668041408274,0.45948333703564326,-7.453432781820325,0.1804229201494288,0.9592343140730237,0.9900744416873449,0.9918468628146048
TEST,M1-NETWORK_m0p5_s210_EB,M1_NETWORK,0.5,210,E-B,R0_FROZEN_B2,NA,0,0,0.0008948009392264215,0.08948009392264215,0.07112775154466038,0.00042690908578709303,0.0013402418651151,0.29947029557229543,0.43031049949534317,,,,,
TEST,M1-NETWORK_m0p5_s210_EB,M1_NETWORK,0.5,210,E-B,R1_ORACLE_RECENTERED,NA,0,0,7.941562618282982e-06,0.0007941562618282982,0.0006793928204056358,8.756569994390978e-06,1.4911306563478669e-05,0.0031832010086885066,0.0033689423881931332,,,,,
TEST,M1-NETWORK_m0p5_s210_EB,M1_NETWORK,0.5,210,E-B,R2A_ONLINE_OFFSET_ONLY,ALWAYS_RECENTER,60,1,0.0008883186781488691,0.08883186781488692,0.07070049253495192,0.0004370941754778851,0.0013364186855909105,0.300542258201519,0.43058629151050887,-10.857739746845565,0.7295957751345511,0.9042892591279688,0.9680964197093229,0.9680964197093229
TEST,M1-NETWORK_m0p5_s210_EB,M1_NETWORK,0.5,210,E-B,R2A_ONLINE_OFFSET_ONLY,ADAPTIVE_RECENTER,60,1,0.0008889911223462174,0.08889911223462174,0.070817243845893,0.0004400903809876255,0.0013393234835055506,0.29992860472842564,0.43097561454897754,-7.413546808429848,0.2601948669303832,0.967032967032967,0.989010989010989,0.989010989010989
TEST,M1-NETWORK_m0p5_s211_EC,M1_NETWORK,0.5,211,E-C,R0_FROZEN_B2,NA,0,0,0.000888776329890306,0.0888776329890306,0.07064690098613349,0.00042286953126001957,0.001330784155263996,0.29733644609818993,0.42744178600135707,,,,,
TEST,M1-NETWORK_m0p5_s211_EC,M1_NETWORK,0.5,211,E-C,R1_ORACLE_RECENTERED,NA,0,0,1.5506842849227423e-07,1.5506842849227424e-05,1.4617581868124959e-05,2.1486550425008853e-07,3.3576432084533865e-07,6.50998505485412e-05,9.649611311240766e-05,,,,,
TEST,M1-NETWORK_m0p5_s211_EC,M1_NETWORK,0.5,211,E-C,R2A_ONLINE_OFFSET_ONLY,ALWAYS_RECENTER,60,1,0.000888478397810095,0.0888478397810095,0.07062055171000699,0.0004231225379413775,0.0013304275276514706,0.29735389626730196,0.42744085727674014,-10.864583833786032,0.7159076012536132,0.9042892591279688,0.9680964197093229,0.9680964197093229
TEST,M1-NETWORK_m0p5_s211_EC,M1_NETWORK,0.5,211,E-C,R2A_ONLINE_OFFSET_ONLY,ADAPTIVE_RECENTER,60,1,0.0008885223831084173,0.08885223831084173,0.07063206676331457,0.00042318358268015797,0.0013306369378582594,0.2974193081084081,0.42745408777805993,-7.418492844502046,0.2503027947859914,0.967032967032967,0.989010989010989,0.989010989010989
TEST,M1-NETWORK_m0p5_s212_ED,M1_NETWORK,0.5,212,E-D,R0_FROZEN_B2,NA,0,0,0.0005648253710955004,0.056482537109550035,0.055882176336378445,0.00047001772137489123,0.0011094771747619048,0.2687407492975428,0.4506088083951556,,,,,
TEST,M1-NETWORK_m0p5_s212_ED,M1_NETWORK,0.5,212,E-D,R1_ORACLE_RECENTERED,NA,0,0,1.0741325752287786e-05,0.0010741325752287785,0.0008856961584627783,2.0171920731351947e-05,2.5525474107087364e-05,0.004820599482045813,0.006538286394721855,,,,,
TEST,M1-NETWORK_m0p5_s212_ED,M1_NETWORK,0.5,212,E-D,R2A_ONLINE_OFFSET_ONLY,ALWAYS_RECENTER,60,1,0.0005891821926694758,0.05891821926694758,0.056984518334130305,0.00045382160485084305,0.0011202972974375478,0.26678666082997093,0.4491511597611735,-10.956389388897907,0.5322964910298661,0.9042892591279688,0.9680964197093229,0.9680964197093229
TEST,M1-NETWORK_m0p5_s212_ED,M1_NETWORK,0.5,212,E-D,R2A_ONLINE_OFFSET_ONLY,ADAPTIVE_RECENTER,60,1,0.0005983101818243558,0.05983101818243558,0.057086400999802375,0.0004572794648571012,0.0011234241253319961,0.267510761568519,0.4493261844407663,-7.45071582725717,0.18585682927574004,0.9666784828075151,0.989365473236441,0.9897199574618929
TEST,M1-NETWORK_m0p5_s213_EA,M1_NETWORK,0.5,213,E-A,R0_FROZEN_B2,NA,0,0,0.0005101422888305125,0.051014228883051245,0.05288673947615974,0.0005458679233162911,0.001096566347511587,0.2494498054046407,0.46832111551819877,,,,,
TEST,M1-NETWORK_m0p5_s213_EA,M1_NETWORK,0.5,213,E-A,R1_ORACLE_RECENTERED,NA,0,0,4.15279596916951e-05,0.00415279596916951,0.004791902410610476,9.98962563364609e-05,0.00013079185159072196,0.016566397466655176,0.03652775057699492,,,,,
TEST,M1-NETWORK_m0p5_s213_EA,M1_NETWORK,0.5,213,E-A,R2A_ONLINE_OFFSET_ONLY,ALWAYS_RECENTER,60,1,0.0005509927353505404,0.05509927353505404,0.055358835493814415,0.0004948561460140687,0.001110519735874012,0.2461475875542738,0.4631772789963483,-10.988615266847649,0.4678447351303848,0.9064161644806806,0.9680964197093229,0.9758950726692662
TEST,M1-NETWORK_m0p5_s213_EA,M1_NETWORK,0.5,213,E-A,R2A_ONLINE_OFFSET_ONLY,ADAPTIVE_RECENTER,60,1,0.0005894691160540024,0.058946911605400235,0.05658572684631038,0.000525148772608728,0.0011436029714618219,0.24860444719016858,0.4657493932085378,-7.45155970846738,0.18416906685531867,0.9599432825239277,0.9900744416873449,0.9996455157745481
TEST,M1-NETWORK_m0p5_s214_EB,M1_NETWORK,0.5,214,E-B,R0_FROZEN_B2,NA,0,0,0.0008957512256669177,0.08957512256669177,0.07120729313095156,0.00042710686976936283,0.0013416469869989977,0.2997747703811515,0.43066566909016785,,,,,
TEST,M1-NETWORK_m0p5_s214_EB,M1_NETWORK,0.5,214,E-B,R1_ORACLE_RECENTERED,NA,0,0,9.405270852925296e-06,0.0009405270852925296,0.0008181856485633983,1.071528302479733e-05,1.8049363575324845e-05,0.003764924124606214,0.004195979572710651,,,,,
TEST,M1-NETWORK_m0p5_s214_EB,M1_NETWORK,0.5,214,E-B,R2A_ONLINE_OFFSET_ONLY,ALWAYS_RECENTER,60,1,0.0008883556566938104,0.08883556566938104,0.07071523970487763,0.0004393853773385625,0.0013374295052829396,0.3009604414071307,0.43100019777049153,-10.856713080952092,0.7316491069214959,0.9042892591279688,0.9680964197093229,0.9680964197093229
TEST,M1-NETWORK_m0p5_s214_EB,M1_NETWORK,0.5,214,E-B,R2A_ONLINE_OFFSET_ONLY,ADAPTIVE_RECENTER,60,1,0.0008892734796134326,0.08892734796134326,0.07085328147996811,0.00044310857020972584,0.0013409288486042048,0.3002179922064393,0.43148403481053305,-7.412640147258154,0.26200818927377106,0.967032967032967,0.989010989010989,0.989010989010989
TEST,M1-NETWORK_m0p5_s215_EC,M1_NETWORK,0.5,215,E-C,R0_FROZEN_B2,NA,0,0,0.0008886652169026581,0.0888665216902658,0.07064227127426172,0.0004223785925841944,0.001330543215914173,0.2972648394117163,0.4273388264340208,,,,,
TEST,M1-NETWORK_m0p5_s215_EC,M1_NETWORK,0.5,215,E-C,R1_ORACLE_RECENTERED,NA,0,0,1.8198458507802839e-07,1.819845850780284e-05,1.7160166977078477e-05,2.519028912410986e-07,3.939517337877977e-07,7.626283058427721e-05,0.00011311564157902776,,,,,
TEST,M1-NETWORK_m0p5_s215_EC,M1_NETWORK,0.5,215,E-C,R2A_ONLINE_OFFSET_ONLY,ALWAYS_RECENTER,60,1,0.0008883318897627163,0.08883318897627163,0.07061311677375881,0.0004226598102830425,0.0013301488264826774,0.2972919101944933,0.4273379718501137,-10.864730359750656,0.7156145493243673,0.9042892591279688,0.9680964197093229,0.9680964197093229
TEST,M1-NETWORK_m0p5_s215_EC,M1_NETWORK,0.5,215,E-C,R2A_ONLINE_OFFSET_ONLY,ADAPTIVE_RECENTER,60,1,0.0008883760618222707,0.08883760618222707,0.07062551975416013,0.00042273787440878053,0.001330378278588565,0.2973464028487411,0.4273533043930622,-7.418540410946934,0.2502076618962089,0.967032967032967,0.989010989010989,0.989010989010989
TEST,M1-NETWORK_m0p5_s216_ED,M1_NETWORK,0.5,216,E-D,R0_FROZEN_B2,NA,0,0,0.0005313534584963818,0.05313534584963819,0.05485417876607064,0.0004796585525812242,0.0010973852686555878,0.2655321291557192,0.4538597889544596,,,,,
TEST,M1-NETWORK_m0p5_s216_ED,M1_NETWORK,0.5,216,E-D,R1_ORACLE_RECENTERED,NA,0,0,1.2658355702138393e-05,0.0012658355702138393,0.0010962667558670662,2.4891070280626865e-05,3.152668731414527e-05,0.005845088062550759,0.00839311618383642,,,,,
TEST,M1-NETWORK_m0p5_s216_ED,M1_NETWORK,0.5,216,E-D,R2A_ONLINE_OFFSET_ONLY,ALWAYS_RECENTER,60,1,0.0005609188389037845,0.056091883890378454,0.056052862775369805,0.00046083102638678786,0.0011083013950869815,0.2632955326507491,0.45205049418735166,-10.963586776255655,0.5179017163143717,0.9042892591279688,0.9680964197093229,0.9680964197093229
TEST,M1-NETWORK_m0p5_s216_ED,M1_NETWORK,0.5,216,E-D,R2A_ONLINE_OFFSET_ONLY,ADAPTIVE_RECENTER,60,1,0.0005724630170131488,0.057246301701314874,0.05624978004226767,0.00046591331303578245,0.0011136578051087309,0.2641355454521183,0.4523562439234401,-7.452669656247423,0.18194917129523414,0.9666784828075151,0.989365473236441,0.9900744416873449
TEST,M1-NETWORK_m0p5_s217_EA,M1_NETWORK,0.5,217,E-A,R0_FROZEN_B2,NA,0,0,0.0005708130015886706,0.05708130015886706,0.053852648894068156,0.0005801101650299715,0.0011274846932152827,0.24435443220238276,0.47535902436340205,,,,,
TEST,M1-NETWORK_m0p5_s217_EA,M1_NETWORK,0.5,217,E-A,R1_ORACLE_RECENTERED,NA,0,0,5.2886685085906944e-05,0.005288668508590695,0.006320063799858561,0.0001310827930305307,0.0001719737484372399,0.019875260009172876,0.04825359898600046,,,,,
TEST,M1-NETWORK_m0p5_s217_EA,M1_NETWORK,0.5,217,E-A,R2A_ONLINE_OFFSET_ONLY,ALWAYS_RECENTER,60,1,0.0005991051384817427,0.05991051384817427,0.05661375423106149,0.0005136648211073318,0.0011375752088699056,0.24118420058696124,0.4688312989529767,-10.990337645483248,0.46439997785918563,0.9120879120879121,0.9680964197093229,0.978021978021978
TEST,M1-NETWORK_m0p5_s217_EA,M1_NETWORK,0.5,217,E-A,R2A_ONLINE_OFFSET_ONLY,ADAPTIVE_RECENTER,60,1,0.000646682883664675,0.0646682883664675,0.058303068121067995,0.0005535367341073285,0.001182477324346805,0.24510579902273225,0.4722413478158733,-7.447443844009819,0.19240079577044275,0.967387451258419,0.9904289259127969,0.9996455157745481
TEST,M1-NETWORK_m0p5_s218_EB,M1_NETWORK,0.5,218,E-B,R0_FROZEN_B2,NA,0,0,0.000896727566074498,0.0896727566074498,0.07128884977090437,0.0004273142314722989,0.0013430883501478802,0.3000901314569351,0.4310183751893504,,,,,
TEST,M1-NETWORK_m0p5_s218_EB,M1_NETWORK,0.5,218,E-B,R1_ORACLE_RECENTERED,NA,0,0,1.092701621207917e-05,0.001092701621207917,0.0009669570272113121,1.28683472948586e-05,2.1444166359862592e-05,0.004299309094791882,0.005105472727099927,,,,,
TEST,M1-NETWORK_m0p5_s218_EB,M1_NETWORK,0.5,218,E-B,R2A_ONLINE_OFFSET_ONLY,ALWAYS_RECENTER,60,1,0.0008884539873895588,0.08884539873895587,0.07073213779592591,0.00044182495644202075,0.0013385275285177458,0.30139694091767066,0.4314155107865371,-10.855667387517757,0.7337404937901646,0.9042892591279688,0.9680964197093229,0.9680964197093229
TEST,M1-NETWORK_m0p5_s218_EB,M1_NETWORK,0.5,218,E-B,R2A_ONLINE_OFFSET_ONLY,ADAPTIVE_RECENTER,60,1,0.0008896762409860664,0.08896762409860665,0.07089250872202718,0.000446336339120071,0.0013426613423628045,0.30051124618364233,0.4320025410354914,-7.411688882868123,0.26391071805383554,0.967032967032967,0.989010989010989,0.989010989010989
TEST,M1-NETWORK_m0p5_s219_EC,M1_NETWORK,0.5,219,E-C,R0_FROZEN_B2,NA,0,0,0.0008885548829521858,0.08885548829521858,0.07063765662029729,0.0004218891316988761,0.0013303031376614798,0.29719324297797406,0.42723586930839336,,,,,
TEST,M1-NETWORK_m0p5_s219_EC,M1_NETWORK,0.5,219,E-C,R1_ORACLE_RECENTERED,NA,0,0,2.0888364000183e-07,2.0888364000183003e-05,1.970272245722581e-05,2.8884111832232655e-07,4.520754109589017e-07,8.728628953196693e-05,0.00012968660305331375,,,,,
TEST,M1-NETWORK_m0p5_s219_EC,M1_NETWORK,0.5,219,E-C,R2A_ONLINE_OFFSET_ONLY,ALWAYS_RECENTER,60,1,0.0008881861726334686,0.08881861726334686,0.0706056973808525,0.0004221985886051574,0.0013298709769288494,0.29723211956222073,0.4272350952429993,-10.864876649922095,0.7153219689814874,0.9042892591279688,0.9680964197093229,0.9680964197093229
TEST,M1-NETWORK_m0p5_s219_EC,M1_NETWORK,0.5,219,E-C,R2A_ONLINE_OFFSET_ONLY,ADAPTIVE_RECENTER,60,1,0.0008882305975939792,0.08882305975939793,0.0706189920996228,0.00042229387277365973,0.0013301205918486837,0.29728824375969015,0.42725255538513607,-7.418587838251328,0.2501128072874256,0.967032967032967,0.989010989010989,0.989010989010989
TEST,M1-NETWORK_m0p5_s220_ED,M1_NETWORK,0.5,220,E-D,R0_FROZEN_B2,NA,0,0,0.0005018168704639269,0.05018168704639269,0.054049286306139296,0.0004901568797633499,0.001089345159248695,0.26242752124068564,0.4571983314676586,,,,,
TEST,M1-NETWORK_m0p5_s220_ED,M1_NETWORK,0.5,220,E-D,R1_ORACLE_RECENTERED,NA,0,0,1.4825434724429997e-05,0.0014825434724429997,0.0013347241697712943,3.0340181191580773e-05,3.840518972358655e-05,0.006860627490470899,0.010494237670215024,,,,,
TEST,M1-NETWORK_m0p5_s220_ED,M1_NETWORK,0.5,220,E-D,R2A_ONLINE_OFFSET_ONLY,ALWAYS_RECENTER,60,1,0.0005374149676877293,0.05374149676877293,0.05533206581100273,0.00046845388283708124,0.001099993996002107,0.2599049704252754,0.45500330954288726,-10.969808544314047,0.5054581801975883,0.9042892591279688,0.9680964197093229,0.9680964197093229
TEST,M1-NETWORK_m0p5_s220_ED,M1_NETWORK,0.5,220,E-D,R2A_ONLINE_OFFSET_ONLY,ADAPTIVE_RECENTER,60,1,0.0005512989961248542,0.055129899612485427,0.05564353557611973,0.000475381746345186,0.0011079982411453806,0.26083804642044517,0.45545942824429886,-7.454154587825484,0.17897930813911236,0.9666784828075151,0.989365473236441,0.9904289259127969
TEST,M1-NETWORK_m1p0_s201_EA,M1_NETWORK,1.0,201,E-A,R0_FROZEN_B2,NA,0,0,0.0014224741329277339,0.14224741329277338,0.12241617263160921,0.0008680621461056491,0.002359696765610578,0.5576322461195213,0.8661802205728955,,,,,
TEST,M1-NETWORK_m1p0_s201_EA,M1_NETWORK,1.0,201,E-A,R1_ORACLE_RECENTERED,NA,0,0,2.7175349896612436e-05,0.0027175349896612438,0.0018181272474853444,4.502095528171083e-05,5.5413789306321325e-05,0.010976399577655577,0.013808980461809964,,,,,
TEST,M1-NETWORK_m1p0_s201_EA,M1_NETWORK,1.0,201,E-A,R2A_ONLINE_OFFSET_ONLY,ALWAYS_RECENTER,60,1,0.0014467380572210503,0.14467380572210503,0.12389844082822611,0.0008490321047817482,0.002376969036887964,0.5549562346225364,0.8649611705843074,-10.037590374500555,2.369894519824571,0.8404820985466147,0.8723856788372918,0.9042892591279688
TEST,M1-NETWORK_m1p0_s201_EA,M1_NETWORK,1.0,201,E-A,R2A_ONLINE_OFFSET_ONLY,ADAPTIVE_RECENTER,60,1,0.0014514942970101723,0.14514942970101724,0.12372277732745385,0.0008500043432301299,0.0023745567678556375,0.5555807786846463,0.8648299284278963,-7.133078954300998,0.8211305751880862,0.9415101028004254,0.955689471818504,0.967032967032967
TEST,M1-NETWORK_m1p0_s202_EB,M1_NETWORK,1.0,202,E-B,R0_FROZEN_B2,NA,0,0,0.00177479552846383,0.177479552846383,0.14111589532387514,0.0008452771635966511,0.00265850298241775,0.5941131108694174,0.8539599739109061,,,,,
TEST,M1-NETWORK_m1p0_s202_EB,M1_NETWORK,1.0,202,E-B,R1_ORACLE_RECENTERED,NA,0,0,9.930056028009111e-06,0.0009930056028009111,0.000799375686038833,9.78592111016221e-06,1.728301777272176e-05,0.004009492499102975,0.004521436750428542,,,,,
TEST,M1-NETWORK_m1p0_s202_EB,M1_NETWORK,1.0,202,E-B,R2A_ONLINE_OFFSET_ONLY,ALWAYS_RECENTER,60,1,0.0017699889587348687,0.17699889587348688,0.14079927544693,0.000851291231408102,0.0026551516420079235,0.5952362171237301,0.854092894038667,-9.792199409734014,2.8606764493576526,0.8404820985466147,0.8723856788372918,0.9042892591279688
TEST,M1-NETWORK_m1p0_s202_EB,M1_NETWORK,1.0,202,E-B,R2A_ONLINE_OFFSET_ONLY,ADAPTIVE_RECENTER,60,1,0.0017701853358131395,0.17701853358131395,0.1408787294993466,0.000852660892655129,0.002656898062811018,0.5949951747027451,0.8542759524551231,-7.0405746281240305,1.0061392275420185,0.945054945054945,0.9560439560439561,0.967032967032967
TEST,M1-NETWORK_m1p0_s203_EC,M1_NETWORK,1.0,203,E-C,R0_FROZEN_B2,NA,0,0,0.0017675094954073094,0.17675094954073095,0.14051821186942,0.0008417092301583445,0.002647214465663611,0.5915484352948135,0.850472825559261,,,,,
TEST,M1-NETWORK_m1p0_s203_EC,M1_NETWORK,1.0,203,E-C,R1_ORACLE_RECENTERED,NA,0,0,1.7817897099168918e-07,1.7817897099168916e-05,1.2672600150180615e-05,2.1918786211043554e-07,3.139624770799814e-07,6.660449009687164e-05,7.87758047819748e-05,,,,,
TEST,M1-NETWORK_m1p0_s203_EC,M1_NETWORK,1.0,203,E-C,R2A_ONLINE_OFFSET_ONLY,ALWAYS_RECENTER,60,1,0.0017671891160109651,0.1767189116010965,0.14048735721363445,0.0008419960651513081,0.002646794678064273,0.5915760219722119,0.8504704575559435,-9.806074628332857,2.8329260121599695,0.8404820985466147,0.8723856788372918,0.9042892591279688
TEST,M1-NETWORK_m1p0_s203_EC,M1_NETWORK,1.0,203,E-C,R2A_ONLINE_OFFSET_ONLY,ADAPTIVE_RECENTER,60,1,0.0017672757844229895,0.17672757844229894,0.14050353068153196,0.0008419895486813724,0.0026470591385396596,0.5916724918858727,0.8504810077787498,-7.048489422250548,0.9903096392889836,0.945054945054945,0.9560439560439561,0.967032967032967
TEST,M1-NETWORK_m1p0_s204_ED,M1_NETWORK,1.0,204,E-D,R0_FROZEN_B2,NA,0,0,0.0015108502531338273,0.15108502531338272,0.12684092667140576,0.0008602908089387625,0.0024290142129781687,0.5674649656263385,0.8643712755178402,,,,,
TEST,M1-NETWORK_m1p0_s204_ED,M1_NETWORK,1.0,204,E-D,R1_ORACLE_RECENTERED,NA,0,0,1.4558317887012193e-05,0.0014558317887012192,0.0007153404214356384,2.3901550212866683e-05,2.708214418170954e-05,0.005961953997561402,0.007759578992778241,,,,,
TEST,M1-NETWORK_m1p0_s204_ED,M1_NETWORK,1.0,204,E-D,R2A_ONLINE_OFFSET_ONLY,ALWAYS_RECENTER,60,1,0.001524907541366929,0.15249075413669289,0.1277510089340153,0.0008493028376813993,0.0024400751234306883,0.5654878680819385,0.8638453377670126,-9.97740352404558,2.490268220734524,0.8404820985466147,0.8723856788372918,0.9042892591279688
TEST,M1-NETWORK_m1p0_s204_ED,M1_NETWORK,1.0,204,E-D,R2A_ONLINE_OFFSET_ONLY,ADAPTIVE_RECENTER,60,1,0.0015265426541612873,0.15265426541612873,0.1275794841271499,0.0008476974330055286,0.002436765578530728,0.565675712655178,0.8635526788969903,-7.111620347852749,0.864047788084582,0.9443459766040411,0.955689471818504,0.9666784828075151
TEST,M1-NETWORK_m1p0_s205_EA,M1_NETWORK,1.0,205,E-A,R0_FROZEN_B2,NA,0,0,0.001339626187311058,0.1339626187311058,0.1186728934917149,0.0008795276868612559,0.0023034503521463462,0.5494306844668368,0.8704413675352041,,,,,
TEST,M1-NETWORK_m1p0_s205_EA,M1_NETWORK,1.0,205,E-A,R1_ORACLE_RECENTERED,NA,0,0,3.51313694317633e-05,0.0035131369431763296,0.002618941078110252,6.237146162497012e-05,7.77554037743184e-05,0.01473184111838618,0.018129669897633385,,,,,
TEST,M1-NETWORK_m1p0_s205_EA,M1_NETWORK,1.0,205,E-A,R2A_ONLINE_OFFSET_ONLY,ALWAYS_RECENTER,60,1,0.001370924582660972,0.1370924582660972,0.1205112187457951,0.0008544753097579691,0.0023238636961942626,0.5459931425251043,0.8686337219662825,-10.08545375684437,2.2741677551369426,0.8404820985466147,0.8723856788372918,0.9042892591279688
TEST,M1-NETWORK_m1p0_s205_EA,M1_NETWORK,1.0,205,E-A,R2A_ONLINE_OFFSET_ONLY,ADAPTIVE_RECENTER,60,1,0.0013790804877167788,0.1379080487716779,0.12038336540670709,0.0008581610263851179,0.0023232910603147726,0.5467764521189691,0.8686745104759135,-7.148823430149307,0.7896416234914649,0.9400921658986175,0.9560439560439561,0.9666784828075151
TEST,M1-NETWORK_m1p0_s206_EB,M1_NETWORK,1.0,206,E-B,R0_FROZEN_B2,NA,0,0,0.0017764777392166755,0.17764777392166756,0.14125773401417863,0.0008456689004258114,0.002661028676384436,0.5946960357247949,0.8546848282622257,,,,,
TEST,M1-NETWORK_m1p0_s206_EB,M1_NETWORK,1.0,206,E-B,R1_ORACLE_RECENTERED,NA,0,0,1.2387028522501632e-05,0.0012387028522501632,0.0010028421757516512,1.2333002443217854e-05,2.1708344171495837e-05,0.00506257772580016,0.005589899342903105,,,,,
TEST,M1-NETWORK_m1p0_s206_EB,M1_NETWORK,1.0,206,E-B,R2A_ONLINE_OFFSET_ONLY,ALWAYS_RECENTER,60,1,0.001770607568628397,0.1770607568628397,0.14087082715812005,0.0008532501594251696,0.0026570080133412124,0.5958658084430044,0.8548516336156877,-9.789136898885143,2.8668014710553913,0.8404820985466147,0.8723856788372918,0.9042892591279688
TEST,M1-NETWORK_m1p0_s206_EB,M1_NETWORK,1.0,206,E-B,R2A_ONLINE_OFFSET_ONLY,ADAPTIVE_RECENTER,60,1,0.001770870866162405,0.1770870866162405,0.1409671576719157,0.0008550521649790249,0.002659171737451236,0.5955718092872191,0.85508826309037,-7.038684099884148,1.0099202840217847,0.945054945054945,0.9560439560439561,0.967032967032967
TEST,M1-NETWORK_m1p0_s207_EC,M1_NETWORK,1.0,207,E-C,R0_FROZEN_B2,NA,0,0,0.0017674007078469977,0.17674007078469978,0.14051409195421893,0.0008412069019764572,0.0026469778749992874,0.5914859062663735,0.85037191946411,,,,,
TEST,M1-NETWORK_m1p0_s207_EC,M1_NETWORK,1.0,207,E-C,R1_ORACLE_RECENTERED,NA,0,0,2.256591678696688e-07,2.256591678696688e-05,1.6051890013860976e-05,2.775141971462488e-07,3.975982851907293e-07,8.420320914696787e-05,9.97762053264152e-05,,,,,
TEST,M1-NETWORK_m1p0_s207_EC,M1_NETWORK,1.0,207,E-C,R2A_ONLINE_OFFSET_ONLY,ALWAYS_RECENTER,60,1,0.001767044829127561,0.17670448291275612,0.14048042285687698,0.0008415218004989454,0.0026465202016826444,0.5915058196416404,0.8503695614271427,-9.806362196637394,2.8323508755508926,0.8404820985466147,0.8723856788372918,0.9042892591279688
TEST,M1-NETWORK_m1p0_s207_EC,M1_NETWORK,1.0,207,E-C,R2A_ONLINE_OFFSET_ONLY,ADAPTIVE_RECENTER,60,1,0.001767131397608648,0.1767131397608648,0.14049747394329207,0.0008415313506305539,0.0026468042152733204,0.5916096806157167,0.8503820870826727,-7.048586655906576,0.9901151719769267,0.945054945054945,0.9560439560439561,0.967032967032967
TEST,M1-NETWORK_m1p0_s208_ED,M1_NETWORK,1.0,208,E-D,R0_FROZEN_B2,NA,0,0,0.0014688229125797276,0.14688229125797275,0.12480681756184718,0.0008647823701928262,0.002397524350295479,0.5636001493047915,0.8667945289256515,,,,,
TEST,M1-NETWORK_m1p0_s208_ED,M1_NETWORK,1.0,208,E-D,R1_ORACLE_RECENTERED,NA,0,0,1.6973791830133256e-05,0.0016973791830133256,0.0008724993650302988,2.8131081416854506e-05,3.2127185451097796e-05,0.00681866521590455,0.009053292804021573,,,,,
TEST,M1-NETWORK_m1p0_s208_ED,M1_NETWORK,1.0,208,E-D,R2A_ONLINE_OFFSET_ONLY,ALWAYS_RECENTER,60,1,0.0014854565956631054,0.14854565956631055,0.12585724464003753,0.0008518408866471494,0.0024100781130990054,0.5611399076829114,0.8661011915305041,-10.002677803887979,2.4397196610497223,0.8404820985466147,0.8723856788372918,0.9042892591279688
TEST,M1-NETWORK_m1p0_s208_ED,M1_NETWORK,1.0,208,E-D,R2A_ONLINE_OFFSET_ONLY,ADAPTIVE_RECENTER,60,1,0.0014878088422232453,0.14878088422232452,0.12567992139754508,0.0008505040530036353,0.002406780386848681,0.5614569363035554,0.8658042734529997,-7.120576890141642,0.8461347035067961,0.9439914923785891,0.955689471818504,0.9666784828075151
TEST,M1-NETWORK_m1p0_s209_EA,M1_NETWORK,1.0,209,E-A,R0_FROZEN_B2,NA,0,0,0.0012590366443838122,0.12590366443838122,0.1152942344627502,0.0008935669423135927,0.002254562268838324,0.5415979755481719,0.8748627429711424,,,,,
TEST,M1-NETWORK_m1p0_s209_EA,M1_NETWORK,1.0,209,E-A,R1_ORACLE_RECENTERED,NA,0,0,4.40583274851579e-05,0.00440583274851579,0.003626971684598116,8.3757651970965e-05,0.00010552268458598543,0.01920796945291014,0.026377383884050802,,,,,
TEST,M1-NETWORK_m1p0_s209_EA,M1_NETWORK,1.0,209,E-A,R2A_ONLINE_OFFSET_ONLY,ALWAYS_RECENTER,60,1,0.0012980499210081457,0.1298049921008146,0.11748947389448015,0.0008612173690792036,0.0022774016727373798,0.5372140467727825,0.8723614281652751,-10.129185222035884,2.186704824753912,0.8404820985466147,0.8723856788372918,0.9042892591279688
TEST,M1-NETWORK_m1p0_s209_EA,M1_NETWORK,1.0,209,E-A,R2A_ONLINE_OFFSET_ONLY,ADAPTIVE_RECENTER,60,1,0.001310613636771411,0.1310613636771411,0.11745140914291202,0.0008685948497383661,0.0022797740062568002,0.538161487661085,0.872646320101219,-7.162360956113173,0.7625665715637343,0.9386742289968096,0.9560439560439561,0.967032967032967
TEST,M1-NETWORK_m1p0_s210_EB,M1_NETWORK,1.0,210,E-B,R0_FROZEN_B2,NA,0,0,0.0017781849255740709,0.1778184925574071,0.14140145658980652,0.0008460625234675379,0.002663586085172683,0.5952886991811492,0.8554071947646095,,,,,
TEST,M1-NETWORK_m1p0_s210_EB,M1_NETWORK,1.0,210,E-B,R1_ORACLE_RECENTERED,NA,0,0,1.4894091451889593e-05,0.0014894091451889593,0.0012132240829991253,1.500303549916717e-05,2.6302637763907843e-05,0.0060979046513215205,0.006660171680931098,,,,,
TEST,M1-NETWORK_m1p0_s210_EB,M1_NETWORK,1.0,210,E-B,R2A_ONLINE_OFFSET_ONLY,ALWAYS_RECENTER,60,1,0.0017712612356383705,0.17712612356383706,0.1409438956449637,0.0008552891091091253,0.002658915570617051,0.5965693291122919,0.8556086128163212,-9.786054236380284,2.87296679606511,0.8404820985466147,0.8723856788372918,0.9042892591279688
TEST,M1-NETWORK_m1p0_s210_EB,M1_NETWORK,1.0,210,E-B,R2A_ONLINE_OFFSET_ONLY,ADAPTIVE_RECENTER,60,1,0.0017716090013727257,0.17716090013727256,0.1410575782151637,0.0008575584533064025,0.00266151624635881,0.59614342470968,0.8559030751222586,-7.036749607645469,1.0137892684991425,0.945054945054945,0.9560439560439561,0.967032967032967
TEST,M1-NETWORK_m1p0_s211_EC,M1_NETWORK,1.0,211,E-C,R0_FROZEN_B2,NA,0,0,0.0017672923190680911,0.17672923190680911,0.14050997995019396,0.0008407053089313533,0.002646741725151407,0.5914248846205707,0.8502710138270528,,,,,
TEST,M1-NETWORK_m1p0_s211_EC,M1_NETWORK,1.0,211,E-C,R1_ORACLE_RECENTERED,NA,0,0,2.7312459901116104e-07,2.7312459901116104e-05,1.9431122275013297e-05,3.3578826237467376e-07,4.811968104256885e-07,0.00010191105319534725,0.00012077371868293264,,,,,
TEST,M1-NETWORK_m1p0_s211_EC,M1_NETWORK,1.0,211,E-C,R2A_ONLINE_OFFSET_ONLY,ALWAYS_RECENTER,60,1,0.0017669009445291043,0.17669009445291042,0.14047349633565637,0.0008410482923983663,0.00264624615777543,0.5914394953992084,0.8502686684195291,-9.80664952571485,2.8317762173959813,0.8404820985466147,0.8723856788372918,0.9042892591279688
TEST,M1-NETWORK_m1p0_s211_EC,M1_NETWORK,1.0,211,E-C,R2A_ONLINE_OFFSET_ONLY,ADAPTIVE_RECENTER,60,1,0.0017669874457681195,0.17669874457681195,0.14049142688523644,0.0008410740097004001,0.002646549784128099,0.5915333878227329,0.8502831818434846,-7.0486837501273705,0.9899209835353381,0.945054945054945,0.9560439560439561,0.967032967032967
TEST,M1-NETWORK_m1p0_s212_ED,M1_NETWORK,1.0,212,E-D,R0_FROZEN_B2,NA,0,0,0.0014270942607335717,0.14270942607335718,0.12285169465304395,0.0008697735965059998,0.002367614720671432,0.5597123014142916,0.8692646642866351,,,,,
TEST,M1-NETWORK_m1p0_s212_ED,M1_NETWORK,1.0,212,E-D,R1_ORACLE_RECENTERED,NA,0,0,1.9438757872968686e-05,0.0019438757872968686,0.0010500788214324477,3.269880234771603e-05,3.7647299633038406e-05,0.007662813759836529,0.010348196135974602,,,,,
TEST,M1-NETWORK_m1p0_s212_ED,M1_NETWORK,1.0,212,E-D,R2A_ONLINE_OFFSET_ONLY,ALWAYS_RECENTER,60,1,0.0014463843467366693,0.14463843467366694,0.12403844692667818,0.0008547899444273404,0.0023815249576602986,0.5568440326320063,0.8683820815705129,-10.026962778869523,2.3911497110866327,0.8404820985466147,0.8723856788372918,0.9042892591279688
TEST,M1-NETWORK_m1p0_s212_ED,M1_NETWORK,1.0,212,E-D,R2A_ONLINE_OFFSET_ONLY,ADAPTIVE_RECENTER,60,1,0.00144962956807411,0.144962956807411,0.12386320710452185,0.0008538731347847269,0.002378426284100531,0.5572475677814198,0.8680928550873825,-7.129069001162125,0.8291504814658306,0.9439914923785891,0.955689471818504,0.9666784828075151
TEST,M1-NETWORK_m1p0_s213_EA,M1_NETWORK,1.0,213,E-A,R0_FROZEN_B2,NA,0,0,0.0011818559944930971,0.11818559944930972,0.11230717954309809,0.0009104711435670724,0.0022135931947014583,0.5338708919237264,0.8794388680723146,,,,,
TEST,M1-NETWORK_m1p0_s213_EA,M1_NETWORK,1.0,213,E-A,R1_ORACLE_RECENTERED,NA,0,0,5.421764591121477e-05,0.005421764591121477,0.004854305454283908,0.00010936065474443449,0.00013899719208253924,0.024256053015586476,0.03621055329341562,,,,,
TEST,M1-NETWORK_m1p0_s213_EA,M1_NETWORK,1.0,213,E-A,R2A_ONLINE_OFFSET_ONLY,ALWAYS_RECENTER,60,1,0.0012295228855121318,0.12295228855121318,0.11486402373825029,0.000869175425198834,0.0022380046340932727,0.5286281263791593,0.8761429854330547,-10.168767909929558,2.107539448966564,0.8404820985466147,0.8723856788372918,0.9042892591279688
TEST,M1-NETWORK_m1p0_s213_EA,M1_NETWORK,1.0,213,E-A,R2A_ONLINE_OFFSET_ONLY,ADAPTIVE_RECENTER,60,1,0.0012474805070363845,0.12474805070363845,0.11495865405873099,0.0008812053934206736,0.0022444546146036205,0.5297451275881314,0.876738830649571,-7.17367898488149,0.7399305140271014,0.9379652605459057,0.955689471818504,0.967032967032967
TEST,M1-NETWORK_m1p0_s214_EB,M1_NETWORK,1.0,214,E-B,R0_FROZEN_B2,NA,0,0,0.0017799172998771314,0.17799172998771315,0.14154708441024108,0.0008464598533575057,0.0026661761476763066,0.595902400946153,0.856127089008838,,,,,
TEST,M1-NETWORK_m1p0_s214_EB,M1_NETWORK,1.0,214,E-B,R1_ORACLE_RECENTERED,NA,0,0,1.7452734879199087e-05,0.0017452734879199088,0.001430954389036498,1.7808612746976927e-05,3.1079504190832434e-05,0.007165185569178067,0.007732281734910029,,,,,
TEST,M1-NETWORK_m1p0_s214_EB,M1_NETWORK,1.0,214,E-B,R2A_ONLINE_OFFSET_ONLY,ALWAYS_RECENTER,60,1,0.001771950748725415,0.1771950748725415,0.14101842736401052,0.0008574115689776734,0.002660874675717936,0.5972833912536472,0.8563638214919185,-9.782951235690861,2.8791727974439567,0.8404820985466147,0.8723856788372918,0.9042892591279688
TEST,M1-NETWORK_m1p0_s214_EB,M1_NETWORK,1.0,214,E-B,R2A_ONLINE_OFFSET_ONLY,ADAPTIVE_RECENTER,60,1,0.0017724013645711312,0.17724013645711312,0.14114994338351822,0.0008601827099655546,0.0026639319652941437,0.5967151495177966,0.8567203614734438,-7.0347709301719465,1.0177466234461885,0.945054945054945,0.9560439560439561,0.967032967032967
TEST,M1-NETWORK_m1p0_s215_EC,M1_NETWORK,1.0,215,E-C,R0_FROZEN_B2,NA,0,0,0.0017671843293719696,0.17671843293719697,0.1405058758696521,0.0008402044523966464,0.002646506016450293,0.5913497001927618,0.8501701087250476,,,,,
TEST,M1-NETWORK_m1p0_s215_EC,M1_NETWORK,1.0,215,E-C,R1_ORACLE_RECENTERED,NA,0,0,3.2057561665408054e-07,3.205756166540805e-05,2.2810320148032464e-05,3.9401094335124053e-07,5.647589698182953e-07,0.00011961224183004314,0.00014176845704383294,,,,,
TEST,M1-NETWORK_m1p0_s215_EC,M1_NETWORK,1.0,215,E-C,R2A_ONLINE_OFFSET_ONLY,ALWAYS_RECENTER,60,1,0.001766757462515592,0.1766757462515592,0.14046657766193701,0.000840575542246157,0.002645972546695136,0.5913851229634651,0.8501677786132932,-9.806936615310363,2.831202038204956,0.8404820985466147,0.8723856788372918,0.9042892591279688
TEST,M1-NETWORK_m1p0_s215_EC,M1_NETWORK,1.0,215,E-C,R2A_ONLINE_OFFSET_ONLY,ADAPTIVE_RECENTER,60,1,0.0017668439292012057,0.17668439292012056,0.14048538951982503,0.0008406175274007309,0.0026462958454684525,0.5914783139985446,0.8501842921460442,-7.048780704610327,0.9897270745694254,0.945054945054945,0.9560439560439561,0.967032967032967
TEST,M1-NETWORK_m1p0_s216_ED,M1_NETWORK,1.0,216,E-D,R0_FROZEN_B2,NA,0,0,0.001385701883777887,0.1385701883777887,0.12097876590612791,0.0008752715509530084,0.002339341576415756,0.555930966734182,0.8717810606622309,,,,,
TEST,M1-NETWORK_m1p0_s216_ED,M1_NETWORK,1.0,216,E-D,R1_ORACLE_RECENTERED,NA,0,0,2.1978845645807606e-05,0.0021978845645807604,0.001250421396186315,3.76869117323319e-05,4.373719589105643e-05,0.008766548449337398,0.011644689841921583,,,,,
TEST,M1-NETWORK_m1p0_s216_ED,M1_NETWORK,1.0,216,E-D,R2A_ONLINE_OFFSET_ONLY,ALWAYS_RECENTER,60,1,0.0014077414285422127,0.14077414285422127,0.12229789384744855,0.0008581332878354946,0.002354462294464391,0.5526738062436983,0.8706877766294948,-10.050257999898896,2.344559269027889,0.8404820985466147,0.8723856788372918,0.9042892591279688
TEST,M1-NETWORK_m1p0_s216_ED,M1_NETWORK,1.0,216,E-D,R2A_ONLINE_OFFSET_ONLY,ADAPTIVE_RECENTER,60,1,0.001412081099399431,0.14120810993994312,0.12213288134972877,0.0008577874429980847,0.0023517555940854133,0.5530384694596855,0.87041782831942,-7.137096523324418,0.8130954371412422,0.9415101028004254,0.955689471818504,0.967032967032967
TEST,M1-NETWORK_m1p0_s217_EA,M1_NETWORK,1.0,217,E-A,R0_FROZEN_B2,NA,0,0,0.0011117841241244303,0.11117841241244303,0.10973887634592071,0.000930549050572103,0.0021811098157054716,0.5263948736090723,0.884164382119411,,,,,
TEST,M1-NETWORK_m1p0_s217_EA,M1_NETWORK,1.0,217,E-A,R1_ORACLE_RECENTERED,NA,0,0,6.599000558566744e-05,0.006599000558566744,0.006309011182696776,0.0001392169809062384,0.00017830222335372313,0.029900603638297107,0.04763465301968285,,,,,
TEST,M1-NETWORK_m1p0_s217_EA,M1_NETWORK,1.0,217,E-A,R2A_ONLINE_OFFSET_ONLY,ALWAYS_RECENTER,60,1,0.0011686552919630102,0.11686552919630101,0.11266516647146767,0.0008783158824203598,0.002206088747219741,0.5202449578773408,0.8799771069753054,-10.20418041210924,2.0367144446072007,0.8404820985466147,0.8745125841900036,0.9042892591279688
TEST,M1-NETWORK_m1p0_s217_EA,M1_NETWORK,1.0,217,E-A,R2A_ONLINE_OFFSET_ONLY,ADAPTIVE_RECENTER,60,1,0.001192895272372278,0.1192895272372278,0.11293532997414317,0.0008959341214863327,0.002217752967666551,0.5219753343860433,0.8809456698774284,-7.182760472048408,0.721767539693264,0.9340659340659341,0.9560439560439561,0.967032967032967
TEST,M1-NETWORK_m1p0_s218_EB,M1_NETWORK,1.0,218,E-B,R0_FROZEN_B2,NA,0,0,0.001781675101847033,0.17816751018470328,0.141694641907814,0.0008468629172993185,0.002668799918407727,0.5965407328014134,0.8568445271443739,,,,,
TEST,M1-NETWORK_m1p0_s218_EB,M1_NETWORK,1.0,218,E-B,R1_ORACLE_RECENTERED,NA,0,0,2.006425640459162e-05,0.002006425640459162,0.0016564272960889119,2.0761345614792173e-05,3.605151501174778e-05,0.008157762048688707,0.00880625757638344,,,,,
TEST,M1-NETWORK_m1p0_s218_EB,M1_NETWORK,1.0,218,E-B,R2A_ONLINE_OFFSET_ONLY,ALWAYS_RECENTER,60,1,0.001772676920187594,0.17726769201875942,0.14109437083696783,0.0008596211144907152,0.002662885766165767,0.597961254412421,0.8571172499515386,-9.77982769711491,2.8854198745958586,0.8404820985466147,0.8723856788372918,0.9042892591279688
TEST,M1-NETWORK_m1p0_s218_EB,M1_NETWORK,1.0,218,E-B,R2A_ONLINE_OFFSET_ONLY,ADAPTIVE_RECENTER,60,1,0.001773249204701469,0.17732492047014692,0.14124420745780064,0.0008629279509381372,0.002666419343206387,0.5972869829629157,0.8575400939614569,-7.032747833751747,1.021792816286587,0.9429280397022333,0.9560439560439561,0.967032967032967
TEST,M1-NETWORK_m1p0_s219_EC,M1_NETWORK,1.0,219,E-C,R0_FROZEN_B2,NA,0,0,0.0017670767388155652,0.1767076738815565,0.14050177970344188,0.0008397043336908288,0.002646270748847336,0.5912745204902928,0.8500692040907639,,,,,
TEST,M1-NETWORK_m1p0_s219_EC,M1_NETWORK,1.0,219,E-C,R1_ORACLE_RECENTERED,NA,0,0,3.680121741266939e-07,3.680121741266939e-05,2.6189475750857617e-05,4.521825304947078e-07,6.482848769359971e-07,0.00013731826739451025,0.0001627604001056453,,,,,
TEST,M1-NETWORK_m1p0_s219_EC,M1_NETWORK,1.0,219,E-C,R2A_ONLINE_OFFSET_ONLY,ALWAYS_RECENTER,60,1,0.0017666143831738335,0.17666143831738335,0.14045966682822011,0.0008401035513727952,0.002645699368444958,0.5913164952167035,0.8500668919414719,-9.8072234656411,2.83062833754348,0.8404820985466147,0.8723856788372918,0.9042892591279688
TEST,M1-NETWORK_m1p0_s219_EC,M1_NETWORK,1.0,219,E-C,R2A_ONLINE_OFFSET_ONLY,ADAPTIVE_RECENTER,60,1,0.0017667008479986264,0.17667008479986263,0.1404793618401495,0.0008401619051691178,0.002646042399309241,0.5914232470732057,0.8500854179281092,-7.048877519613706,0.9895334445626685,0.945054945054945,0.9560439560439561,0.967032967032967
TEST,M1-NETWORK_m1p0_s220_ED,M1_NETWORK,1.0,220,E-D,R0_FROZEN_B2,NA,0,0,0.0013446927789360038,0.1344692778936004,0.11919128445966656,0.0008812843446443692,0.0023127614738577373,0.5521263666013533,0.8743430988344147,,,,,
TEST,M1-NETWORK_m1p0_s220_ED,M1_NETWORK,1.0,220,E-D,R1_ORACLE_RECENTERED,NA,0,0,2.462126803855457e-05,0.0024621268038554573,0.0014753536558677267,4.3164179760195426e-05,5.047459030473574e-05,0.009934178833495939,0.012943176487073396,,,,,
TEST,M1-NETWORK_m1p0_s220_ED,M1_NETWORK,1.0,220,E-D,R2A_ONLINE_OFFSET_ONLY,ALWAYS_RECENTER,60,1,0.0013695916131951642,0.1369591613195164,0.12063890833866517,0.0008618553943531283,0.002328936740141142,0.5483509286562592,0.8730180448413234,-10.072562912407163,2.299949444011354,0.8404820985466147,0.8723856788372918,0.9042892591279688
TEST,M1-NETWORK_m1p0_s220_ED,M1_NETWORK,1.0,220,E-D,R2A_ONLINE_OFFSET_ONLY,ADAPTIVE_RECENTER,60,1,0.0013752524083145044,0.13752524083145043,0.12049251016426743,0.0008622305554294503,0.0023268200928895392,0.5487888455767997,0.8727785933250233,-7.144659194655393,0.7979700944792953,0.9415101028004254,0.955689471818504,0.967032967032967
TEST,M1-NETWORK_m1p5_s201_EA,M1_NETWORK,1.5,201,E-A,R0_FROZEN_B2,NA,0,0,0.0022798885425431847,0.22798885425431847,0.19011867508888292,0.0012690516041760649,0.0036323172331627195,0.8448793353660466,1.279410646185108,,,,,
TEST,M1-NETWORK_m1p5_s201_EA,M1_NETWORK,1.5,201,E-A,R1_ORACLE_RECENTERED,NA,0,0,3.971254547568624e-05,0.003971254547568625,0.002280371280947906,6.203196745695499e-05,7.417694693785687e-05,0.015772328374367064,0.02050864001882683,,,,,
TEST,M1-NETWORK_m1p5_s201_EA,M1_NETWORK,1.5,201,E-A,R2A_ONLINE_OFFSET_ONLY,ALWAYS_RECENTER,60,1,0.0023027244066891957,0.23027244066891958,0.19157926094497194,0.001250782972762984,0.0036499927372758293,0.8413996275548832,1.278436201913145,-8.451989603045183,5.541096062735316,0.7706487061325771,0.8404820985466147,0.8404820985466147
TEST,M1-NETWORK_m1p5_s201_EA,M1_NETWORK,1.5,201,E-A,R2A_ONLINE_OFFSET_ONLY,ADAPTIVE_RECENTER,60,1,0.002305499816951014,0.2305499816951014,0.1913035210416933,0.001249276643195047,0.0036450541483039026,0.8417439144371399,1.2780382752660109,-6.5825612135056675,1.9221660567787453,0.9067706487061326,0.945054945054945,0.945054945054945
TEST,M1-NETWORK_m1p5_s202_EB,M1_NETWORK,1.5,202,E-B,R0_FROZEN_B2,NA,0,0,0.0026458489777202053,0.26458489777202054,0.21045213219688536,0.001256473788692306,0.003963464050118685,0.8857600478255633,1.2731936518892075,,,,,
TEST,M1-NETWORK_m1p5_s202_EB,M1_NETWORK,1.5,202,E-B,R1_ORACLE_RECENTERED,NA,0,0,1.4635504899933882e-05,0.0014635504899933882,0.001168501286084151,1.4258520825146433e-05,2.5246289940469547e-05,0.005826717198041177,0.006733682103977031,,,,,
TEST,M1-NETWORK_m1p5_s202_EB,M1_NETWORK,1.5,202,E-B,R2A_ONLINE_OFFSET_ONLY,ALWAYS_RECENTER,60,1,0.002640895703430639,0.2640895703430639,0.2101220504298933,0.0012624027018138045,0.003959851849257257,0.8872053230967342,1.2733093071043449,-8.04566555787711,6.35374415307146,0.5427153491669621,0.8404820985466147,0.8404820985466147
TEST,M1-NETWORK_m1p5_s202_EB,M1_NETWORK,1.5,202,E-B,R2A_ONLINE_OFFSET_ONLY,ADAPTIVE_RECENTER,60,1,0.0026410856583307706,0.26410856583307707,0.21020675259789953,0.001263619124937875,0.003961631040395615,0.88708317815405,1.2734778942099976,-6.428378907607166,2.2305306685757476,0.8355193193902871,0.945054945054945,0.945054945054945
TEST,M1-NETWORK_m1p5_s203_EC,M1_NETWORK,1.5,203,E-C,R0_FROZEN_B2,NA,0,0,0.002635293341845096,0.2635293341845096,0.20957857550329848,0.001252019459564548,0.003947210999938219,0.882061831000833,1.2681822584614282,,,,,
TEST,M1-NETWORK_m1p5_s203_EC,M1_NETWORK,1.5,203,E-C,R1_ORACLE_RECENTERED,NA,0,0,2.5642222109773445e-07,2.5642222109773444e-05,1.656911218833594e-05,3.1142128462187996e-07,4.287556786984439e-07,9.348083742481349e-05,0.0001181533188514944,,,,,
TEST,M1-NETWORK_m1p5_s203_EC,M1_NETWORK,1.5,203,E-C,R2A_ONLINE_OFFSET_ONLY,ALWAYS_RECENTER,60,1,0.002634880859883045,0.2634880859883045,0.20953772465441511,0.0012523955870780853,0.003946654136389103,0.8820951759098035,1.268178678854174,-8.073614117046304,6.2978470347330715,0.5427153491669621,0.8404820985466147,0.8404820985466147
TEST,M1-NETWORK_m1p5_s203_EC,M1_NETWORK,1.5,203,E-C,R2A_ONLINE_OFFSET_ONLY,ADAPTIVE_RECENTER,60,1,0.0026350095173788162,0.26350095173788163,0.20956026336465958,0.0012523553985935043,0.003947012309028396,0.8822253745828,1.2681907138721114,-6.442934153705982,2.201420176378114,0.8355193193902871,0.945054945054945,0.945054945054945
TEST,M1-NETWORK_m1p5_s204_ED,M1_NETWORK,1.5,204,E-D,R0_FROZEN_B2,NA,0,0,0.0023737273199359865,0.23737273199359865,0.19522678570089486,0.0012653701275173982,0.0037150489610134328,0.8564340931880642,1.2799062589097572,,,,,
TEST,M1-NETWORK_m1p5_s204_ED,M1_NETWORK,1.5,204,E-D,R1_ORACLE_RECENTERED,NA,0,0,2.191476021405112e-05,0.002191476021405112,0.0009623759254522578,3.593232604320183e-05,3.982617732459441e-05,0.008610970929106723,0.01155426987033344,,,,,
TEST,M1-NETWORK_m1p5_s204_ED,M1_NETWORK,1.5,204,E-D,R2A_ONLINE_OFFSET_ONLY,ALWAYS_RECENTER,60,1,0.0023872385140177917,0.23872385140177918,0.1961370188562302,0.001254699890699072,0.0037264356147013815,0.8535231388214987,1.2795031665426104,-8.345819954107082,5.753435360611515,0.6256646579227224,0.8404820985466147,0.8404820985466147
TEST,M1-NETWORK_m1p5_s204_ED,M1_NETWORK,1.5,204,E-D,R2A_ONLINE_OFFSET_ONLY,ADAPTIVE_RECENTER,60,1,0.002388195481520831,0.23881954815208312,0.1959267029644349,0.0012522330086605557,0.003722203722150056,0.8537198229661761,1.2791210482077102,-6.542788682781399,2.0017111182272824,0.9092520382842963,0.945054945054945,0.945054945054945
TEST,M1-NETWORK_m1p5_s205_EA,M1_NETWORK,1.5,205,E-A,R0_FROZEN_B2,NA,0,0,0.0021932734319519013,0.21932734319519012,0.1857623993639843,0.0012762751500719992,0.003563670360781291,0.835880955910793,1.2823824802353243,,,,,
TEST,M1-NETWORK_m1p5_s205_EA,M1_NETWORK,1.5,205,E-A,R1_ORACLE_RECENTERED,NA,0,0,5.01127831341194e-05,0.00501127831341194,0.0030786890900972924,8.10668185767988e-05,9.785685496506837e-05,0.02005624659920663,0.025656131805360114,,,,,
TEST,M1-NETWORK_m1p5_s205_EA,M1_NETWORK,1.5,205,E-A,R2A_ONLINE_OFFSET_ONLY,ALWAYS_RECENTER,60,1,0.00222210310927332,0.222210310927332,0.18756739375975087,0.0012528278497123562,0.0035849276162019292,0.8311777990001055,1.2809440608066323,-8.536399734938309,5.372275798949063,0.7862460120524637,0.8404820985466147,0.8404820985466147
TEST,M1-NETWORK_m1p5_s205_EA,M1_NETWORK,1.5,205,E-A,R2A_ONLINE_OFFSET_ONLY,ADAPTIVE_RECENTER,60,1,0.0022267375806214484,0.22267375806214484,0.18727397464782847,0.0012526480789246549,0.0035802025684258045,0.8318177551367333,1.2805750333531347,-6.61212151340869,1.8630454569727,0.9074796171570365,0.9447004608294931,0.945054945054945
TEST,M1-NETWORK_m1p5_s206_EB,M1_NETWORK,1.5,206,E-B,R0_FROZEN_B2,NA,0,0,0.0026483051897116484,0.26483051897116483,0.2106593756320828,0.0012570702745200541,0.003967165148191377,0.8866238442080611,1.2742789995782762,,,,,
TEST,M1-NETWORK_m1p5_s206_EB,M1_NETWORK,1.5,206,E-B,R1_ORACLE_RECENTERED,NA,0,0,1.8194914277634194e-05,0.0018194914277634194,0.001457488112600005,1.781918653216497e-05,3.150423537585062e-05,0.007309748897589017,0.00832323721790911,,,,,
TEST,M1-NETWORK_m1p5_s206_EB,M1_NETWORK,1.5,206,E-B,R2A_ONLINE_OFFSET_ONLY,ALWAYS_RECENTER,60,1,0.002642260219628977,0.2642260219628977,0.21025737257870847,0.0012644769842696342,0.003962824198069232,0.8881685647827089,1.274421878282517,-8.039402337691447,6.366270593442787,0.5427153491669621,0.8404820985466147,0.8404820985466147
TEST,M1-NETWORK_m1p5_s206_EB,M1_NETWORK,1.5,206,E-B,R2A_ONLINE_OFFSET_ONLY,ADAPTIVE_RECENTER,60,1,0.002642489825361252,0.2642489825361252,0.21035823098559403,0.0012660669874009663,0.003964988336914174,0.8879364138496973,1.2746360034531583,-6.4249695512662415,2.2373493812575975,0.8355193193902871,0.945054945054945,0.945054945054945
TEST,M1-NETWORK_m1p5_s207_EC,M1_NETWORK,1.5,207,E-C,R0_FROZEN_B2,NA,0,0,0.00263518946757596,0.263518946757596,0.2095750084474692,0.0012515109262515236,0.003946981619167314,0.8819986142823336,1.2680834148523856,,,,,
TEST,M1-NETWORK_m1p5_s207_EC,M1_NETWORK,1.5,207,E-C,R1_ORACLE_RECENTERED,NA,0,0,3.2476986130753293e-07,3.2476986130753294e-05,2.0987338939537485e-05,3.9439849774739375e-07,5.430381112896073e-07,0.0001184088744143586,0.00014965442897491688,,,,,
TEST,M1-NETWORK_m1p5_s207_EC,M1_NETWORK,1.5,207,E-C,R2A_ONLINE_OFFSET_ONLY,ALWAYS_RECENTER,60,1,0.00263474143060123,0.263474143060123,0.20953133664900744,0.001251915046625856,0.003946386726060062,0.8820216499563669,1.268079805167193,-8.074034972948217,6.297005322929249,0.5427153491669621,0.8404820985466147,0.8404820985466147
TEST,M1-NETWORK_m1p5_s207_EC,M1_NETWORK,1.5,207,E-C,R2A_ONLINE_OFFSET_ONLY,ADAPTIVE_RECENTER,60,1,0.0026348699289192694,0.26348699289192695,0.20955475580960872,0.001251890651194621,0.003946764377879377,0.8821507806178975,1.2680937778775718,-6.44308164876535,2.2011251862593793,0.8355193193902871,0.945054945054945,0.945054945054945
TEST,M1-NETWORK_m1p5_s208_ED,M1_NETWORK,1.5,208,E-D,R0_FROZEN_B2,NA,0,0,0.002330623539289414,0.2330623539289414,0.19299387757340966,0.001268403483299074,0.0036794775137501006,0.8522357998793851,1.281906261048749,,,,,
TEST,M1-NETWORK_m1p5_s208_ED,M1_NETWORK,1.5,208,E-D,R1_ORACLE_RECENTERED,NA,0,0,2.5475738768245725e-05,0.0025475738768245726,0.0011406165197341822,4.180994089969841e-05,4.6498682287519235e-05,0.010208899224060307,0.01347645510891154,,,,,
TEST,M1-NETWORK_m1p5_s208_ED,M1_NETWORK,1.5,208,E-D,R2A_ONLINE_OFFSET_ONLY,ALWAYS_RECENTER,60,1,0.002346504629403575,0.2346504629403575,0.19404817430728777,0.001255911756292816,0.0036925473138596674,0.8487347061357462,1.2813766220320777,-8.387934949697424,5.669205369430831,0.7699397376816731,0.8404820985466147,0.8404820985466147
TEST,M1-NETWORK_m1p5_s208_ED,M1_NETWORK,1.5,208,E-D,R2A_ONLINE_OFFSET_ONLY,ADAPTIVE_RECENTER,60,1,0.00234786284948235,0.234786284948235,0.1938146403727374,0.0012534033733444935,0.0036879293798609673,0.8490281639486632,1.2809575414361918,-6.557910124819963,1.9714682341501555,0.9096065225097483,0.945054945054945,0.945054945054945
TEST,M1-NETWORK_m1p5_s209_EA,M1_NETWORK,1.5,209,E-A,R0_FROZEN_B2,NA,0,0,0.002107877576825436,0.21078775768254362,0.18163211745337896,0.0012851952129515104,0.0034996245867339993,0.8269617778251508,1.2854512425057194,,,,,
TEST,M1-NETWORK_m1p5_s209_EA,M1_NETWORK,1.5,209,E-A,R1_ORACLE_RECENTERED,NA,0,0,6.11150533622599e-05,0.0061115053362259895,0.004052563694872607,0.00010318338616407629,0.0001258266251141794,0.02472887722502419,0.030819241594803284,,,,,
TEST,M1-NETWORK_m1p5_s209_EA,M1_NETWORK,1.5,209,E-A,R2A_ONLINE_OFFSET_ONLY,ALWAYS_RECENTER,60,1,0.0021427804779794706,0.21427804779794707,0.18377703297504455,0.001255778845399352,0.003523971589600011,0.8211340504064409,1.2834663105531132,-8.616561548481789,5.211952171862103,0.8188585607940446,0.8404820985466147,0.8404820985466147
TEST,M1-NETWORK_m1p5_s209_EA,M1_NETWORK,1.5,209,E-A,R2A_ONLINE_OFFSET_ONLY,ADAPTIVE_RECENTER,60,1,0.002149922244970841,0.21499222449708413,0.18349002327796723,0.0012576249876943093,0.0035201268981567405,0.8218492049096706,1.2831735753364664,-6.639478959561629,1.8083305646668217,0.9071251329315846,0.9443459766040411,0.945054945054945
TEST,M1-NETWORK_m1p5_s210_EB,M1_NETWORK,1.5,210,E-B,R0_FROZEN_B2,NA,0,0,0.0026507863323803013,0.2650786332380301,0.21086849291070042,0.0012576686399474609,0.003970897887730194,0.887520181653463,1.2753618690012556,,,,,
TEST,M1-NETWORK_m1p5_s210_EB,M1_NETWORK,1.5,210,E-B,R1_ORACLE_RECENTERED,NA,0,0,2.180192076446957e-05,0.002180192076446957,0.0017525770146366128,2.1480803060658273e-05,3.7906823705059245e-05,0.008777356404148567,0.009914805681207908,,,,,
TEST,M1-NETWORK_m1p5_s210_EB,M1_NETWORK,1.5,210,E-B,R2A_ONLINE_OFFSET_ONLY,ALWAYS_RECENTER,60,1,0.0026436534147393103,0.26436534147393104,0.2103939395633582,0.0012666117069493035,0.003965836444786041,0.8891644716194994,1.2755316193132045,-8.03311631507036,6.378842638684959,0.5427153491669621,0.8404820985466147,0.8404820985466147
TEST,M1-NETWORK_m1p5_s210_EB,M1_NETWORK,1.5,210,E-B,R2A_ONLINE_OFFSET_ONLY,ADAPTIVE_RECENTER,60,1,0.002643932943457808,0.2643932943457808,0.2105112497236604,0.0012685992013617788,0.003968398320256513,0.8887905287542304,1.2757939405406686,-6.42151596115437,2.2442565614813406,0.8355193193902871,0.945054945054945,0.945054945054945
TEST,M1-NETWORK_m1p5_s211_EC,M1_NETWORK,1.5,211,E-C,R0_FROZEN_B2,NA,0,0,0.0026350858661006527,0.26350858661006527,0.20957144693227664,0.0012510028869357666,0.003946752539949895,0.8819438905342862,1.2679845710713824,,,,,
TEST,M1-NETWORK_m1p5_s211_EC,M1_NETWORK,1.5,211,E-C,R1_ORACLE_RECENTERED,NA,0,0,3.931041582345529e-07,3.931041582345529e-05,2.5405453042620432e-05,4.773467925044806e-07,6.572980840683746e-07,0.00014331966210052047,0.0001811526055624505,,,,,
TEST,M1-NETWORK_m1p5_s211_EC,M1_NETWORK,1.5,211,E-C,R2A_ONLINE_OFFSET_ONLY,ALWAYS_RECENTER,60,1,0.002634602274829932,0.2634602274829932,0.20952495392543657,0.0012514350191204526,0.0039461196094259755,0.8819576539274837,1.267980932738459,-8.07445558573573,6.296164097354217,0.5427153491669621,0.8404820985466147,0.8404820985466147
TEST,M1-NETWORK_m1p5_s211_EC,M1_NETWORK,1.5,211,E-C,R2A_ONLINE_OFFSET_ONLY,ADAPTIVE_RECENTER,60,1,0.0026347306355266834,0.26347306355266836,0.20954925472591832,0.0012514264844848875,0.003946516779693536,0.8821030332409956,1.2679968510879707,-6.4432290038885185,2.2008304760130435,0.8355193193902871,0.945054945054945,0.945054945054945
TEST,M1-NETWORK_m1p5_s212_ED,M1_NETWORK,1.5,212,E-D,R0_FROZEN_B2,NA,0,0,0.0022877022732404957,0.22877022732404959,0.19081044074363165,0.0012717690661175121,0.003644902541514392,0.848065411902279,1.2839362499363778,,,,,
TEST,M1-NETWORK_m1p5_s212_ED,M1_NETWORK,1.5,212,E-D,R1_ORACLE_RECENTERED,NA,0,0,2.905129454219959e-05,0.002905129454219959,0.0013324033835221973,4.784207701779057e-05,5.341584940344156e-05,0.011751813806779773,0.015398363855357186,,,,,
TEST,M1-NETWORK_m1p5_s212_ED,M1_NETWORK,1.5,212,E-D,R2A_ONLINE_OFFSET_ONLY,ALWAYS_RECENTER,60,1,0.002305976497624456,0.2305976497624456,0.1920054958354186,0.0012574120189631941,0.0036595632240418773,0.8440537990100395,1.2832635964514045,-8.429044915546749,5.586985437732184,0.7706487061325771,0.8404820985466147,0.8404820985466147
TEST,M1-NETWORK_m1p5_s212_ED,M1_NETWORK,1.5,212,E-D,R2A_ONLINE_OFFSET_ONLY,ADAPTIVE_RECENTER,60,1,0.0023078242387697336,0.23078242387697337,0.19175333919215687,0.0012549659393532794,0.0036546718543673316,0.844250789370305,1.2828149892542864,-6.572570878073542,1.9421467276429962,0.9096065225097483,0.945054945054945,0.945054945054945
TEST,M1-NETWORK_m1p5_s213_EA,M1_NETWORK,1.5,213,E-A,R0_FROZEN_B2,NA,0,0,0.002023928683143825,0.2023928683143825,0.17773984409037055,0.0012960472771863106,0.003440477219276578,0.8179620377310632,1.2886140506721628,,,,,
TEST,M1-NETWORK_m1p5_s213_EA,M1_NETWORK,1.5,213,E-A,R1_ORACLE_RECENTERED,NA,0,0,7.28840390024033e-05,0.007288403900240331,0.005225888032277119,0.0001288302841116004,0.00015871587272837115,0.030032973243255573,0.03676068903939721,,,,,
TEST,M1-NETWORK_m1p5_s213_EA,M1_NETWORK,1.5,213,E-A,R2A_ONLINE_OFFSET_ONLY,ALWAYS_RECENTER,60,1,0.0020649980315503866,0.20649980315503866,0.18022353600187835,0.0012595760930947538,0.0034673422136320044,0.8110940255389789,1.2860029480097437,-8.692458562913341,5.060158142999001,0.8316199929103155,0.8404820985466147,0.8404820985466147
TEST,M1-NETWORK_m1p5_s213_EA,M1_NETWORK,1.5,213,E-A,R2A_ONLINE_OFFSET_ONLY,ADAPTIVE_RECENTER,60,1,0.0020753767923366246,0.20753767923366245,0.17996767286688267,0.0012641568844106816,0.003465070264606461,0.8118869325089941,1.285831558344797,-6.664621139078939,1.7580462056322008,0.9195320808224035,0.9439914923785891,0.945054945054945
TEST,M1-NETWORK_m1p5_s214_EB,M1_NETWORK,1.5,214,E-B,R0_FROZEN_B2,NA,0,0,0.0026532925644376236,0.2653292564437624,0.21107949835833184,0.0012582703796200597,0.003974662988248356,0.8884493842273615,1.2764422750283209,,,,,
TEST,M1-NETWORK_m1p5_s214_EB,M1_NETWORK,1.5,214,E-B,R1_ORACLE_RECENTERED,NA,0,0,2.545786409570542e-05,0.002545786409570542,0.002054090896089151,2.525356918240489e-05,4.446455425363017e-05,0.010344922226873514,0.011508409795458915,,,,,
TEST,M1-NETWORK_m1p5_s214_EB,M1_NETWORK,1.5,214,E-B,R2A_ONLINE_OFFSET_ONLY,ALWAYS_RECENTER,60,1,0.002645075758725539,0.2645075758725539,0.21053171461919373,0.0012688095489850645,0.003968888891666106,0.8900807718174114,1.2766385226978036,-8.02680730449403,6.391460659837621,0.5427153491669621,0.8404820985466147,0.8404820985466147
TEST,M1-NETWORK_m1p5_s214_EB,M1_NETWORK,1.5,214,E-B,R2A_ONLINE_OFFSET_ONLY,ADAPTIVE_RECENTER,60,1,0.0026454158712781884,0.26454158712781883,0.21066577577672665,0.0012712181862990079,0.00397186130737141,0.8896444124777312,1.276951691386431,-6.418017918911501,2.2512526459670763,0.8355193193902871,0.945054945054945,0.945054945054945
TEST,M1-NETWORK_m1p5_s215_EC,M1_NETWORK,1.5,215,E-C,R0_FROZEN_B2,NA,0,0,0.0026349825375997253,0.26349825375997254,0.20956789096854211,0.001250495342287835,0.003946523762536039,0.8818650156056559,1.267885727202512,,,,,
TEST,M1-NETWORK_m1p5_s215_EC,M1_NETWORK,1.5,215,E-C,R1_ORACLE_RECENTERED,NA,0,0,4.614241032920159e-07,4.614241032920159e-05,2.9823425072301687e-05,5.602652516293084e-07,7.715345887798252e-07,0.00016822364448726638,0.0002126477668217187,,,,,
TEST,M1-NETWORK_m1p5_s215_EC,M1_NETWORK,1.5,215,E-C,R2A_ONLINE_OFFSET_ONLY,ALWAYS_RECENTER,60,1,0.002634463392747353,0.2634463392747353,0.20951857649401145,0.0012509555052754968,0.0039458527867494144,0.8819084481491022,1.267882061654395,-8.074875954942318,6.295323358941044,0.5427153491669621,0.8404820985466147,0.8404820985466147
TEST,M1-NETWORK_m1p5_s215_EC,M1_NETWORK,1.5,215,E-C,R2A_ONLINE_OFFSET_ONLY,ADAPTIVE_RECENTER,60,1,0.0026345916373754197,0.26345916373754197,0.20954376012415887,0.0012509628992209507,0.003946269514736189,0.882053724581887,1.267899933592171,-6.443376218578195,2.20053604663369,0.8355193193902871,0.945054945054945,0.945054945054945
TEST,M1-NETWORK_m1p5_s216_ED,M1_NETWORK,1.5,216,E-D,R0_FROZEN_B2,NA,0,0,0.0022449755657952208,0.22449755657952208,0.1886778071236123,0.0012754735515142855,0.0036113495258928183,0.843936119916181,1.2859959263413439,,,,,
TEST,M1-NETWORK_m1p5_s216_ED,M1_NETWORK,1.5,216,E-D,R1_ORACLE_RECENTERED,NA,0,0,3.264672676510946e-05,0.0032646726765109455,0.0015405391056398541,5.409540271487111e-05,6.066137570324963e-05,0.013114762400730832,0.01732027290065059,,,,,
TEST,M1-NETWORK_m1p5_s216_ED,M1_NETWORK,1.5,216,E-D,R2A_ONLINE_OFFSET_ONLY,ALWAYS_RECENTER,60,1,0.0022656674423471588,0.22656674423471587,0.19001044436537154,0.0012591898991900653,0.003627503985272514,0.8393218777714135,1.2851640344627082,-8.46914944157328,5.506776385679118,0.7710031903580291,0.8404820985466147,0.8404820985466147
TEST,M1-NETWORK_m1p5_s216_ED,M1_NETWORK,1.5,216,E-D,R2A_ONLINE_OFFSET_ONLY,ADAPTIVE_RECENTER,60,1,0.002268100483455313,0.2268100483455313,0.18974436940376488,0.001256910704681578,0.003622454623308728,0.8395017731448678,1.28469316907577,-6.586770806144102,1.9137468715018748,0.9103154909606522,0.945054945054945,0.945054945054945
TEST,M1-NETWORK_m1p5_s217_EA,M1_NETWORK,1.5,217,E-A,R0_FROZEN_B2,NA,0,0,0.0019417247117398246,0.19417247117398245,0.1740984612877801,0.001309097707706211,0.0033865557158778677,0.8093071770021639,1.2918681008481299,,,,,
TEST,M1-NETWORK_m1p5_s217_EA,M1_NETWORK,1.5,217,E-A,R1_ORACLE_RECENTERED,NA,0,0,8.556107229888728e-05,0.008556107229888728,0.006614802954780124,0.00015827130562995708,0.00019692444868205203,0.03619689350003348,0.048125389958596956,,,,,
TEST,M1-NETWORK_m1p5_s217_EA,M1_NETWORK,1.5,217,E-A,R2A_ONLINE_OFFSET_ONLY,ALWAYS_RECENTER,60,1,0.0019891038778506315,0.19891038778506315,0.176922928904057,0.0012641955049156857,0.0034152747450113007,0.8012410922754112,1.288553993290096,-8.764069721460473,4.916935825904734,0.8404820985466147,0.8404820985466147,0.8404820985466147
TEST,M1-NETWORK_m1p5_s217_EA,M1_NETWORK,1.5,217,E-A,R2A_ONLINE_OFFSET_ONLY,ADAPTIVE_RECENTER,60,1,0.002003427972232821,0.2003427972232821,0.176723427768847,0.0012722265650064704,0.0034152896496651686,0.8022673239415086,1.288546647663546,-6.687531113500821,1.7122262567884385,0.9244948599787309,0.9415101028004254,0.9443459766040411
TEST,M1-NETWORK_m1p5_s218_EB,M1_NETWORK,1.5,218,E-B,R0_FROZEN_B2,NA,0,0,0.002655824064853914,0.2655824064853914,0.2112924083729391,0.0012588771321668754,0.003978461248720485,0.8893960438460817,1.277520233391812,,,,,
TEST,M1-NETWORK_m1p5_s218_EB,M1_NETWORK,1.5,218,E-B,R1_ORACLE_RECENTERED,NA,0,0,2.9163947486139048e-05,0.002916394748613905,0.002362332565723949,2.9147280353396565e-05,5.118745006648907e-05,0.011881449503932788,0.013104072369857635,,,,,
TEST,M1-NETWORK_m1p5_s218_EB,M1_NETWORK,1.5,218,E-B,R2A_ONLINE_OFFSET_ONLY,ALWAYS_RECENTER,60,1,0.0026465277371152465,0.2646527737115246,0.21067066243599697,0.0012710732638330654,0.003971981894278628,0.8909972179303796,1.277742581691577,-8.020475105002145,6.404125058821388,0.543069833392414,0.8404820985466147,0.8404820985466147
TEST,M1-NETWORK_m1p5_s218_EB,M1_NETWORK,1.5,218,E-B,R2A_ONLINE_OFFSET_ONLY,ADAPTIVE_RECENTER,60,1,0.0026469395188215656,0.26469395188215655,0.2108217775432879,0.001273926428033733,0.003975377667875261,0.8904984486851614,1.2781092422673501,-6.414475192740822,2.2583380983084362,0.8355193193902871,0.945054945054945,0.945054945054945
TEST,M1-NETWORK_m1p5_s219_EC,M1_NETWORK,1.5,219,E-C,R0_FROZEN_B2,NA,0,0,0.0026348794820200677,0.26348794820200677,0.2095643405432885,0.0012499882929426075,0.003946295286764687,0.8817861444790122,1.267786883141407,,,,,
TEST,M1-NETWORK_m1p5_s219_EC,M1_NETWORK,1.5,219,E-C,R1_ORACLE_RECENTERED,NA,0,0,5.297313849097507e-07,5.2973138490975065e-05,3.424134060653984e-05,6.431564227934535e-07,8.85750496920808e-07,0.00019315133518454643,0.0002441402623224153,,,,,
TEST,M1-NETWORK_m1p5_s219_EC,M1_NETWORK,1.5,219,E-C,R2A_ONLINE_OFFSET_ONLY,ALWAYS_RECENTER,60,1,0.0026343247843273734,0.2634324784327373,0.20951220434304568,0.0012504765057362573,0.0039455862579013045,0.8818335046948709,1.2677831918098303,-8.075296081112276,6.2944831066011275,0.5427153491669621,0.8404820985466147,0.8404820985466147
TEST,M1-NETWORK_m1p5_s219_EC,M1_NETWORK,1.5,219,E-C,R2A_ONLINE_OFFSET_ONLY,ADAPTIVE_RECENTER,60,1,0.002634452934443043,0.26344529344430434,0.20953827199325442,0.0012504998960991094,0.003946022582889411,0.8819793767935344,1.2678030252873418,-6.443523293554317,2.200241896681447,0.8355193193902871,0.945054945054945,0.945054945054945
TEST,M1-NETWORK_m1p5_s220_ED,M1_NETWORK,1.5,220,E-D,R0_FROZEN_B2,NA,0,0,0.0022024573048658584,0.22024573048658583,0.18659733370408266,0.001279524745220879,0.0035788446552784373,0.8398105364638215,1.2880849921377808,,,,,
TEST,M1-NETWORK_m1p5_s220_ED,M1_NETWORK,1.5,220,E-D,R1_ORACLE_RECENTERED,NA,0,0,3.627274920426327e-05,0.0036272749204263274,0.00176752663891477,6.063260622931671e-05,6.831351178634342e-05,0.014332171466609103,0.019242460236377195,,,,,
TEST,M1-NETWORK_m1p5_s220_ED,M1_NETWORK,1.5,220,E-D,R2A_ONLINE_OFFSET_ONLY,ALWAYS_RECENTER,60,1,0.0022255928203447884,0.22255928203447883,0.18806450922687087,0.001261235534881025,0.0035963906675898953,0.8346467796950096,1.287077880527946,-8.508248013094589,5.428579242636499,0.7848280751506558,0.8404820985466147,0.8404820985466147
TEST,M1-NETWORK_m1p5_s220_ED,M1_NETWORK,1.5,220,E-D,R2A_ONLINE_OFFSET_ONLY,ADAPTIVE_RECENTER,60,1,0.002228715605828202,0.22287156058282018,0.18778932691695926,0.0012592284621397681,0.0035913015252269707,0.8348361547810885,1.286591856328546,-6.6005096686035785,1.8862691465829244,0.9099610067352003,0.945054945054945,0.945054945054945
TEST,M2-MACHINE_m0p0_s201_EA,M2_MACHINE,0.0,201,E-A,R0_FROZEN_B2,NA,0,0,0.0003843856459803053,0.03843856459803053,0.02867105098668304,0.00017478392124995224,0.0005329329542843438,0.14827465031483014,0.1562847974839115,,,,,
TEST,M2-MACHINE_m0p0_s201_EA,M2_MACHINE,0.0,201,E-A,R1_ORACLE_RECENTERED,NA,0,0,1.2173761852464172e-05,0.0012173761852464172,0.0016306113013118259,3.192526036899295e-05,4.291753885642596e-05,0.00281154282862447,0.012292937586539333,,,,,
TEST,M2-MACHINE_m0p0_s201_EA,M2_MACHINE,0.0,201,E-A,R2A_ONLINE_OFFSET_ONLY,ALWAYS_RECENTER,60,1,0.00036605089492085783,0.03660508949208578,0.02809549251858038,0.00016149529235973963,0.0005189735408239845,0.12907952292383384,0.17899712704958448,-11.191364095398603,0.0623470780284744,1.0,1.0,1.0
TEST,M2-MACHINE_m0p0_s201_EA,M2_MACHINE,0.0,201,E-A,R2A_ONLINE_OFFSET_ONLY,ADAPTIVE_RECENTER,60,1,0.0003843856459803053,0.03843856459803053,0.02867105098668304,0.00017478392124995224,0.0005329329542843438,0.14827465031483014,0.1562847974839115,-5.5802542373153425,0.0004393010494335435,1.0,1.0,1.0
TEST,M2-MACHINE_m0p0_s202_EB,M2_MACHINE,0.0,202,E-B,R0_FROZEN_B2,NA,0,0,6.390785224751082e-07,6.390785224751081e-05,0.00011715669512542303,2.012842114389511e-06,2.879909667536341e-06,0.00011621782708346853,0.0007833359067444004,,,,,
TEST,M2-MACHINE_m0p0_s202_EB,M2_MACHINE,0.0,202,E-B,R1_ORACLE_RECENTERED,NA,0,0,6.390785224751082e-07,6.390785224751081e-05,0.00011715669512542303,2.012842114389511e-06,2.879909667536341e-06,0.00011621782708346853,0.0007833359067444004,,,,,
TEST,M2-MACHINE_m0p0_s202_EB,M2_MACHINE,0.0,202,E-B,R2A_ONLINE_OFFSET_ONLY,ALWAYS_RECENTER,60,1,1.8300118783198817e-05,0.0018300118783198818,0.0016720638955169886,2.9128691020885996e-05,4.14397783192194e-05,0.00665319911471124,0.010435607207361808,-11.222377731032989,0.0003198067597013535,1.0,1.0,1.0
TEST,M2-MACHINE_m0p0_s202_EB,M2_MACHINE,0.0,202,E-B,R2A_ONLINE_OFFSET_ONLY,ADAPTIVE_RECENTER,60,1,6.390785224751082e-07,6.390785224751081e-05,0.00011715669512542303,2.012842114389511e-06,2.879909667536341e-06,0.00011621782708346853,0.0007833359067444004,-5.580473878731552,1.8217012840213936e-08,1.0,1.0,1.0
TEST,M2-MACHINE_m0p0_s203_EC,M2_MACHINE,0.0,203,E-C,R0_FROZEN_B2,NA,0,0,2.6986692433311425e-06,0.00026986692433311423,0.00012109466136215615,3.475675768011183e-06,4.082662492358969e-06,0.0009867763161826412,0.0011902837270980169,,,,,
TEST,M2-MACHINE_m0p0_s203_EC,M2_MACHINE,0.0,203,E-C,R1_ORACLE_RECENTERED,NA,0,0,4.206352229734741e-08,4.20635222973474e-06,8.120861153702387e-06,1.1207538427651669e-07,1.8149785679513048e-07,3.0298294305465984e-05,6.0125640811496935e-05,,,,,
TEST,M2-MACHINE_m0p0_s203_EC,M2_MACHINE,0.0,203,E-C,R2A_ONLINE_OFFSET_ONLY,ALWAYS_RECENTER,60,1,2.6701240970314035e-06,0.00026701240970314035,0.00012764631127285044,3.434136084120185e-06,4.110042980572054e-06,0.0009744090896314426,0.00126909526683367,-11.222535998491859,3.271841964199376e-06,1.0,1.0,1.0
TEST,M2-MACHINE_m0p0_s203_EC,M2_MACHINE,0.0,203,E-C,R2A_ONLINE_OFFSET_ONLY,ADAPTIVE_RECENTER,60,1,2.6986692433311425e-06,0.00026986692433311423,0.00012109466136215615,3.475675768011183e-06,4.082662492358969e-06,0.0009867763161826412,0.0011902837270980169,-5.580473875495431,2.468925605341523e-08,1.0,1.0,1.0
TEST,M2-MACHINE_m0p0_s204_ED,M2_MACHINE,0.0,204,E-D,R0_FROZEN_B2,NA,0,0,0.0002893037644237568,0.02893037644237568,0.021681750698853614,0.00012756503983872458,0.0004015661769669888,0.11288635025976977,0.11520810853999834,,,,,
TEST,M2-MACHINE_m0p0_s204_ED,M2_MACHINE,0.0,204,E-D,R1_ORACLE_RECENTERED,NA,0,0,4.252126764972092e-06,0.00042521267649720917,0.0005344874517103537,9.171406855086592e-06,1.313501956033919e-05,0.001363176351739716,0.0039659759424785475,,,,,
TEST,M2-MACHINE_m0p0_s204_ED,M2_MACHINE,0.0,204,E-D,R2A_ONLINE_OFFSET_ONLY,ALWAYS_RECENTER,60,1,0.0002765087263016243,0.02765087263016243,0.02100626082985022,0.0001214620320772483,0.000388266383452992,0.09804432932658212,0.12964910393183612,-11.205260349679854,0.03455456946597292,1.0,1.0,1.0
TEST,M2-MACHINE_m0p0_s204_ED,M2_MACHINE,0.0,204,E-D,R2A_ONLINE_OFFSET_ONLY,ADAPTIVE_RECENTER,60,1,0.0002893037644237568,0.02893037644237568,0.021681750698853614,0.00012756503983872458,0.0004015661769669888,0.11288635025976977,0.11520810853999834,-5.580349471436283,0.00024883280755178954,1.0,1.0,1.0
TEST,M2-MACHINE_m0p0_s205_EA,M2_MACHINE,0.0,205,E-A,R0_FROZEN_B2,NA,0,0,0.000479936170822202,0.0479936170822202,0.035718102466705204,0.00022235210980545652,0.0006654110191846001,0.18429341697478901,0.19689225904460836,,,,,
TEST,M2-MACHINE_m0p0_s205_EA,M2_MACHINE,0.0,205,E-A,R1_ORACLE_RECENTERED,NA,0,0,1.921318530643542e-05,0.001921318530643542,0.002551484280805955,5.14136403392612e-05,6.824869282121445e-05,0.004535616894106391,0.019454221140643182,,,,,
TEST,M2-MACHINE_m0p0_s205_EA,M2_MACHINE,0.0,205,E-A,R2A_ONLINE_OFFSET_ONLY,ALWAYS_RECENTER,60,1,0.00045662698033958703,0.045662698033958705,0.03511895838314661,0.0001985660793291018,0.0006476520788740922,0.16133358808898687,0.22457508992633357,-11.173817700828762,0.09743986716815603,1.0,1.0,1.0
TEST,M2-MACHINE_m0p0_s205_EA,M2_MACHINE,0.0,205,E-A,R2A_ONLINE_OFFSET_ONLY,ADAPTIVE_RECENTER,60,1,0.000558677149336326,0.0558677149336326,0.04094980907938407,0.0004335645202836962,0.0008414309943299384,0.19063650632245646,0.21492603406700456,-6.020304431930394,0.13760707933251087,0.9748316199929103,0.989365473236441,0.9943282523927686
TEST,M2-MACHINE_m0p0_s206_EB,M2_MACHINE,0.0,206,E-B,R0_FROZEN_B2,NA,0,0,9.727200485177069e-07,9.727200485177069e-05,0.00017921954414185223,3.0752082138661236e-06,4.402803380524576e-06,0.00017132182451666392,0.0011884479188790055,,,,,
TEST,M2-MACHINE_m0p0_s206_EB,M2_MACHINE,0.0,206,E-B,R1_ORACLE_RECENTERED,NA,0,0,9.727200485177069e-07,9.727200485177069e-05,0.00017921954414185223,3.0752082138661236e-06,4.402803380524576e-06,0.00017132182451666392,0.0011884479188790055,,,,,
TEST,M2-MACHINE_m0p0_s206_EB,M2_MACHINE,0.0,206,E-B,R2A_ONLINE_OFFSET_ONLY,ALWAYS_RECENTER,60,1,2.260088609797971e-05,0.002260088609797971,0.0020467989512686245,3.630193046492205e-05,5.1184708328938774e-05,0.008214917744356755,0.012902272912789304,-11.222292951310711,0.0004893662042600107,1.0,1.0,1.0
TEST,M2-MACHINE_m0p0_s206_EB,M2_MACHINE,0.0,206,E-B,R2A_ONLINE_OFFSET_ONLY,ADAPTIVE_RECENTER,60,1,9.727200485177069e-07,9.727200485177069e-05,0.00017921954414185223,3.0752082138661236e-06,4.402803380524576e-06,0.00017132182451666392,0.0011884479188790055,-5.580473866571874,4.253636895294486e-08,1.0,1.0,1.0
TEST,M2-MACHINE_m0p0_s207_EC,M2_MACHINE,0.0,207,E-C,R0_FROZEN_B2,NA,0,0,3.4182949347468455e-06,0.00034182949347468455,0.0001533879075544179,4.402514975923462e-06,5.171376186358818e-06,0.0012499229788562316,0.0015077463972931256,,,,,
TEST,M2-MACHINE_m0p0_s207_EC,M2_MACHINE,0.0,207,E-C,R1_ORACLE_RECENTERED,NA,0,0,5.319474712706186e-08,5.319474712706186e-06,1.028698560355851e-05,1.4161430094926052e-07,2.2969029682597748e-07,3.821509358413102e-05,7.60400349587425e-05,,,,,
TEST,M2-MACHINE_m0p0_s207_EC,M2_MACHINE,0.0,207,E-C,R2A_ONLINE_OFFSET_ONLY,ALWAYS_RECENTER,60,1,3.3821633395886113e-06,0.0003382163339588611,0.00016168670756896904,4.349940841274272e-06,5.206094973896414e-06,0.0012342496758805633,0.0016075572066659462,-11.222535009640932,5.249543815939011e-06,1.0,1.0,1.0
TEST,M2-MACHINE_m0p0_s207_EC,M2_MACHINE,0.0,207,E-C,R2A_ONLINE_OFFSET_ONLY,ADAPTIVE_RECENTER,60,1,3.4182949347468455e-06,0.00034182949347468455,0.0001533879075544179,4.402514975923462e-06,5.171376186358818e-06,0.0012499229788562316,0.0015077463972931256,-5.580473868033844,3.961242951176011e-08,1.0,1.0,1.0
TEST,M2-MACHINE_m0p0_s208_ED,M2_MACHINE,0.0,208,E-D,R0_FROZEN_B2,NA,0,0,0.00033737119491212696,0.0337371194912127,0.025268194229015196,0.00014933213767338925,0.00046819296765604197,0.1314761055840596,0.13471081490243397,,,,,
TEST,M2-MACHINE_m0p0_s208_ED,M2_MACHINE,0.0,208,E-D,R1_ORACLE_RECENTERED,NA,0,0,5.824247664772838e-06,0.0005824247664772838,0.0007079056296197931,1.3199133759539943e-05,1.8147388638675475e-05,0.0017250643819056426,0.005416563859152583,,,,,
TEST,M2-MACHINE_m0p0_s208_ED,M2_MACHINE,0.0,208,E-D,R2A_ONLINE_OFFSET_ONLY,ALWAYS_RECENTER,60,1,0.00032238931138067826,0.032238931138067826,0.024502121930747807,0.00014094804639056048,0.0004526441381389663,0.11438672475589352,0.1514105200570257,-11.199020746588074,0.0470337756495307,1.0,1.0,1.0
TEST,M2-MACHINE_m0p0_s208_ED,M2_MACHINE,0.0,208,E-D,R2A_ONLINE_OFFSET_ONLY,ADAPTIVE_RECENTER,60,1,0.00033737119491212696,0.0337371194912127,0.025268194229015196,0.00014933213767338925,0.00046819296765604197,0.1314761055840596,0.13471081490243397,-5.580304728470907,0.0003383187383040661,1.0,1.0,1.0
TEST,M2-MACHINE_m0p0_s209_EA,M2_MACHINE,0.0,209,E-A,R0_FROZEN_B2,NA,0,0,0.0005753898812955717,0.05753898812955717,0.042723835896002066,0.00027215185726437135,0.0007979680571454194,0.22021732458237078,0.2381485698726826,,,,,
TEST,M2-MACHINE_m0p0_s209_EA,M2_MACHINE,0.0,209,E-A,R1_ORACLE_RECENTERED,NA,0,0,2.7868799162859012e-05,0.0027868799162859012,0.003692285715285778,7.536393406321283e-05,9.94935761878497e-05,0.0065480448699578,0.028284193481580563,,,,,
TEST,M2-MACHINE_m0p0_s209_EA,M2_MACHINE,0.0,209,E-A,R2A_ONLINE_OFFSET_ONLY,ALWAYS_RECENTER,60,1,0.0005468759285334693,0.054687592853346935,0.04214613845131656,0.000234880197446369,0.000776157391189355,0.19295366314529638,0.27051566622787093,-11.152350961435328,0.14037334595502482,1.0,1.0,1.0
TEST,M2-MACHINE_m0p0_s209_EA,M2_MACHINE,0.0,209,E-A,R2A_ONLINE_OFFSET_ONLY,ADAPTIVE_RECENTER,60,1,0.0006216486185927413,0.06216486185927413,0.0460385974680936,0.00037897751944342915,0.0008940184000375915,0.22390179567676424,0.259878347437876,-6.792814564460049,0.11361621920384463,0.9836937256292095,0.9961006735200284,0.9985820630981921
TEST,M2-MACHINE_m0p0_s210_EB,M2_MACHINE,0.0,210,E-B,R0_FROZEN_B2,NA,0,0,1.3781407984511422e-06,0.0001378140798451142,0.0002543135690239445,4.3648875747234936e-06,6.248441325549278e-06,0.00024298610832157458,0.001678220697630715,,,,,
TEST,M2-MACHINE_m0p0_s210_EB,M2_MACHINE,0.0,210,E-B,R1_ORACLE_RECENTERED,NA,0,0,1.3781407984511422e-06,0.0001378140798451142,0.0002543135690239445,4.3648875747234936e-06,6.248441325549278e-06,0.00024298610832157458,0.001678220697630715,,,,,
TEST,M2-MACHINE_m0p0_s210_EB,M2_MACHINE,0.0,210,E-B,R2A_ONLINE_OFFSET_ONLY,ALWAYS_RECENTER,60,1,2.6901672168002484e-05,0.002690167216800248,0.0024146190719261844,4.360178720944555e-05,6.093841750667698e-05,0.009775210818349369,0.015376558585295286,-11.222189861675906,0.000695545473868466,1.0,1.0,1.0
TEST,M2-MACHINE_m0p0_s210_EB,M2_MACHINE,0.0,210,E-B,R2A_ONLINE_OFFSET_ONLY,ADAPTIVE_RECENTER,60,1,1.3781407984511422e-06,0.0001378140798451142,0.0002543135690239445,4.3648875747234936e-06,6.248441325549278e-06,0.00024298610832157458,0.001678220697630715,-5.580473845034927,8.561026469163703e-08,1.0,1.0,1.0
TEST,M2-MACHINE_m0p0_s211_EC,M2_MACHINE,0.0,211,E-C,R0_FROZEN_B2,NA,0,0,4.1379125285230415e-06,0.00041379125285230414,0.00018568173425163932,5.329351032860663e-06,6.260091664315296e-06,0.0015130728823533242,0.0018252316652381294,,,,,
TEST,M2-MACHINE_m0p0_s211_EC,M2_MACHINE,0.0,211,E-C,R1_ORACLE_RECENTERED,NA,0,0,6.429043289258604e-08,6.429043289258604e-06,1.2453392629457916e-05,1.7100735379796666e-07,2.777970053063478e-07,4.6096094790537745e-05,9.190451002532485e-05,,,,,
TEST,M2-MACHINE_m0p0_s211_EC,M2_MACHINE,0.0,211,E-C,R2A_ONLINE_OFFSET_ONLY,ALWAYS_RECENTER,60,1,4.094205212584537e-06,0.0004094205212584537,0.0001957276959026617,5.265760438176083e-06,6.302164177647565e-06,0.001494089329028541,0.0019460345095479881,-11.22253378810002,7.692625643576772e-06,1.0,1.0,1.0
TEST,M2-MACHINE_m0p0_s211_EC,M2_MACHINE,0.0,211,E-C,R2A_ONLINE_OFFSET_ONLY,ADAPTIVE_RECENTER,60,1,4.1379125285230415e-06,0.00041379125285230414,0.00018568173425163932,5.329351032860663e-06,6.260091664315296e-06,0.0015130728823533242,0.0018252316652381294,-5.580473858816627,5.80468637740338e-08,1.0,1.0,1.0
TEST,M2-MACHINE_m0p0_s212_ED,M2_MACHINE,0.0,212,E-D,R0_FROZEN_B2,NA,0,0,0.00038540195726037785,0.038540195726037785,0.028847015686405797,0.00017130136002382575,0.0005347555993679594,0.14986629634939813,0.15430289385454343,,,,,
TEST,M2-MACHINE_m0p0_s212_ED,M2_MACHINE,0.0,212,E-D,R1_ORACLE_RECENTERED,NA,0,0,7.659122846814824e-06,0.0007659122846814824,0.0009088968387893574,1.796461253903945e-05,2.4050813101582584e-05,0.002194211951471069,0.0071190649468543775,,,,,
TEST,M2-MACHINE_m0p0_s212_ED,M2_MACHINE,0.0,212,E-D,R2A_ONLINE_OFFSET_ONLY,ALWAYS_RECENTER,60,1,0.0003682138170246526,0.03682138170246526,0.02799658726699789,0.0001602563138106561,0.0005169412269018151,0.13065672450856095,0.17321834304780837,-11.191820371224138,0.06143452637740586,1.0,1.0,1.0
TEST,M2-MACHINE_m0p0_s212_ED,M2_MACHINE,0.0,212,E-D,R2A_ONLINE_OFFSET_ONLY,ADAPTIVE_RECENTER,60,1,0.00038540195726037785,0.038540195726037785,0.028847015686405797,0.00017130136002382575,0.0005347555993679594,0.14986629634939813,0.15430289385454343,-5.580253158760048,0.0004414581600202962,1.0,1.0,1.0
TEST,M2-MACHINE_m0p0_s213_EA,M2_MACHINE,0.0,213,E-A,R0_FROZEN_B2,NA,0,0,0.0006708143438279742,0.06708143438279741,0.04969252686330731,0.0003244435905132625,0.0009307945884523216,0.2559003255771959,0.28006798699111646,,,,,
TEST,M2-MACHINE_m0p0_s213_EA,M2_MACHINE,0.0,213,E-A,R1_ORACLE_RECENTERED,NA,0,0,3.813887752223567e-05,0.003813887752223567,0.005058236135531301,0.00010368959208783504,0.0001366428914447735,0.008931455264354403,0.038780528057058374,,,,,
TEST,M2-MACHINE_m0p0_s213_EA,M2_MACHINE,0.0,213,E-A,R2A_ONLINE_OFFSET_ONLY,ALWAYS_RECENTER,60,1,0.0006368329111499888,0.06368329111499889,0.049179295272982614,0.0002707287397104084,0.0009046163355668556,0.22439934989584592,0.3168331740595054,-11.126946366949188,0.19118253492730272,1.0,1.0,1.0
TEST,M2-MACHINE_m0p0_s213_EA,M2_MACHINE,0.0,213,E-A,R2A_ONLINE_OFFSET_ONLY,ADAPTIVE_RECENTER,60,1,0.000693282774834751,0.0693282774834751,0.05228499577051386,0.0003696431124879858,0.000990471774995653,0.2559003255771959,0.30837079581262705,-7.231862271516547,0.11958053410856662,0.9854661467564694,0.9985820630981921,0.9996455157745481
TEST,M2-MACHINE_m0p0_s214_EB,M2_MACHINE,0.0,214,E-B,R0_FROZEN_B2,NA,0,0,1.855714072793538e-06,0.0001855714072793538,0.0003423728057439612,5.883204951618087e-06,8.416927207061174e-06,0.00033210823306266976,0.002252786869746215,,,,,
TEST,M2-MACHINE_m0p0_s214_EB,M2_MACHINE,0.0,214,E-B,R1_ORACLE_RECENTERED,NA,0,0,1.855714072793538e-06,0.0001855714072793538,0.0003423728057439612,5.883204951618087e-06,8.416927207061174e-06,0.00033210823306266976,0.002252786869746215,,,,,
TEST,M2-MACHINE_m0p0_s214_EB,M2_MACHINE,0.0,214,E-B,R2A_ONLINE_OFFSET_ONLY,ALWAYS_RECENTER,60,1,3.12034252131549e-05,0.0031203425213154902,0.0027756255511010943,5.10305583904156e-05,7.070615149281737e-05,0.011362668206746081,0.017860061959885324,-11.222068274677858,0.0009387194699644059,1.0,1.0,1.0
TEST,M2-MACHINE_m0p0_s214_EB,M2_MACHINE,0.0,214,E-B,R2A_ONLINE_OFFSET_ONLY,ADAPTIVE_RECENTER,60,1,1.855714072793538e-06,0.0001855714072793538,0.0003423728057439612,5.883204951618087e-06,8.416927207061174e-06,0.00033210823306266976,0.002252786869746215,-5.580473810213417,1.5525328436166008e-07,1.0,1.0,1.0
TEST,M2-MACHINE_m0p0_s215_EC,M2_MACHINE,0.0,215,E-C,R0_FROZEN_B2,NA,0,0,4.857521942115623e-06,0.0004857521942115623,0.00021797612850381784,6.256183873921492e-06,7.348808752245943e-06,0.001776224811268981,0.002142739602717054,,,,,
TEST,M2-MACHINE_m0p0_s215_EC,M2_MACHINE,0.0,215,E-C,R1_ORACLE_RECENTERED,NA,0,0,7.535065573679929e-08,7.535065573679929e-06,1.462004321757972e-05,2.0025436975555787e-07,3.258175515733516e-07,5.40049605440494e-05,0.00010771872347544081,,,,,
TEST,M2-MACHINE_m0p0_s215_EC,M2_MACHINE,0.0,215,E-C,R2A_ONLINE_OFFSET_ONLY,ALWAYS_RECENTER,60,1,4.806249725382204e-06,0.0004806249725382204,0.00022976928828629344,6.181594820020712e-06,7.3982506612983864e-06,0.0017539281461303854,0.002284527291783453,-11.222532333861757,1.0601102168821516e-05,1.0,1.0,1.0
TEST,M2-MACHINE_m0p0_s215_EC,M2_MACHINE,0.0,215,E-C,R2A_ONLINE_OFFSET_ONLY,ADAPTIVE_RECENTER,60,1,4.857521942115623e-06,0.0004857521942115623,0.00021797612850381784,6.256183873921492e-06,7.348808752245943e-06,0.001776224811268981,0.002142739602717054,-5.580473847843795,7.999252779550739e-08,1.0,1.0,1.0
TEST,M2-MACHINE_m0p0_s216_ED,M2_MACHINE,0.0,216,E-D,R0_FROZEN_B2,NA,0,0,0.00043339845665039777,0.043339845665039775,0.03241828543187305,0.00019349269705761367,0.0006012622721825637,0.16833860716245974,0.17398548775472517,,,,,
TEST,M2-MACHINE_m0p0_s216_ED,M2_MACHINE,0.0,216,E-D,R1_ORACLE_RECENTERED,NA,0,0,9.756791938096434e-06,0.0009756791938096435,0.001137922896211606,2.346012719389667e-05,3.0841964399630174e-05,0.002681365339137706,0.009073422288268828,,,,,
TEST,M2-MACHINE_m0p0_s216_ED,M2_MACHINE,0.0,216,E-D,R2A_ONLINE_OFFSET_ONLY,ALWAYS_RECENTER,60,1,0.0004139831294450835,0.041398312944508346,0.031489695287801385,0.00017940163391171765,0.0005811631287135714,0.1468429317737496,0.1950735273364623,-11.183658702557825,0.07775786371003074,1.0,1.0,1.0
TEST,M2-MACHINE_m0p0_s216_ED,M2_MACHINE,0.0,216,E-D,R2A_ONLINE_OFFSET_ONLY,ADAPTIVE_RECENTER,60,1,0.00043339845665039777,0.043339845665039775,0.03241828543187305,0.00019349269705761367,0.0006012622721825637,0.16833860716245974,0.17398548775472517,-5.580194762630652,0.0005582504188132913,1.0,1.0,1.0
TEST,M2-MACHINE_m0p0_s217_EA,M2_MACHINE,0.0,217,E-A,R0_FROZEN_B2,NA,0,0,0.0007662790402258206,0.07662790402258206,0.05662890171618006,0.000379443519331958,0.001064080323420122,0.29132452971437256,0.3226633470858986,,,,,
TEST,M2-MACHINE_m0p0_s217_EA,M2_MACHINE,0.0,217,E-A,R1_ORACLE_RECENTERED,NA,0,0,5.0022083990083765e-05,0.005002208399008377,0.006654381789199301,0.00013630379509951834,0.00017968801227570137,0.01168683152151714,0.05094112596232611,,,,,
TEST,M2-MACHINE_m0p0_s217_EA,M2_MACHINE,0.0,217,E-A,R2A_ONLINE_OFFSET_ONLY,ALWAYS_RECENTER,60,1,0.0007265463046208501,0.07265463046208502,0.05622087594449374,0.00030640240458572777,0.001033155673214968,0.25642645920479984,0.3635412308999727,-11.097581917654507,0.24991143351666673,1.0,1.0,1.0
TEST,M2-MACHINE_m0p0_s217_EA,M2_MACHINE,0.0,217,E-A,R2A_ONLINE_OFFSET_ONLY,ADAPTIVE_RECENTER,60,1,0.000774246711164138,0.0774246711164138,0.05907467010037667,0.0003848953810036468,0.0011069186384432379,0.29042681555416083,0.35655426817671065,-7.4727135524169235,0.14186137895623227,0.9858206309819213,0.9985820630981921,0.9996455157745481
TEST,M2-MACHINE_m0p0_s218_EB,M2_MACHINE,0.0,218,E-B,R0_FROZEN_B2,NA,0,0,2.405663106547451e-06,0.0002405663106547451,0.00044333071979860546,7.631482902412573e-06,1.0908362996813117e-05,0.00043314948649513473,0.00291225132477692,,,,,
TEST,M2-MACHINE_m0p0_s218_EB,M2_MACHINE,0.0,218,E-B,R1_ORACLE_RECENTERED,NA,0,0,2.405663106547451e-06,0.0002405663106547451,0.00044333071979860546,7.631482902412573e-06,1.0908362996813117e-05,0.00043314948649513473,0.00291225132477692,,,,,
TEST,M2-MACHINE_m0p0_s218_EB,M2_MACHINE,0.0,218,E-B,R2A_ONLINE_OFFSET_ONLY,ALWAYS_RECENTER,60,1,3.550709118261769e-05,0.003550709118261769,0.003129921227240515,5.859050306682324e-05,8.04931526780446e-05,0.012933413575449474,0.02035437438640627,-11.221927991058026,0.001219286709628146,1.0,1.0,1.0
TEST,M2-MACHINE_m0p0_s218_EB,M2_MACHINE,0.0,218,E-B,R2A_ONLINE_OFFSET_ONLY,ADAPTIVE_RECENTER,60,1,2.405663106547451e-06,0.0002405663106547451,0.00044333071979860546,7.631482902412573e-06,1.0908362996813117e-05,0.00043314948649513473,0.00291225132477692,-5.580473757515937,2.606482434441382e-07,1.0,1.0,1.0
TEST,M2-MACHINE_m0p0_s219_EC,M2_MACHINE,0.0,219,E-C,R0_FROZEN_B2,NA,0,0,5.577123257904518e-06,0.0005577123257904518,0.00025027110210349833,7.183013644748997e-06,8.437527682580627e-06,0.0020393803674039037,0.002460270120967089,,,,,
TEST,M2-MACHINE_m0p0_s219_EC,M2_MACHINE,0.0,219,E-C,R1_ORACLE_RECENTERED,NA,0,0,8.637569683277392e-08,8.637569683277391e-06,1.678687447717207e-05,2.2935576545563745e-07,3.7375153534569e-07,6.186074891422403e-05,0.00012348262893062243,,,,,
TEST,M2-MACHINE_m0p0_s219_EC,M2_MACHINE,0.0,219,E-C,R2A_ONLINE_OFFSET_ONLY,ALWAYS_RECENTER,60,1,5.518296883649751e-06,0.0005518296883649751,0.00026381148309788887,7.0974440956917815e-06,8.494354500480337e-06,0.002013766485613614,0.0026230354433597358,-11.222530646918816,1.397498804949117e-05,1.0,1.0,1.0
TEST,M2-MACHINE_m0p0_s219_EC,M2_MACHINE,0.0,219,E-C,R2A_ONLINE_OFFSET_ONLY,ADAPTIVE_RECENTER,60,1,5.577123257904518e-06,0.0005577123257904518,0.00025027110210349833,7.183013644748997e-06,8.437527682580627e-06,0.0020393803674039037,0.002460270120967089,-5.58047383511536,1.0544939757611899e-07,1.0,1.0,1.0
TEST,M2-MACHINE_m0p0_s220_ED,M2_MACHINE,0.0,220,E-D,R0_FROZEN_B2,NA,0,0,0.0004813631426908849,0.04813631426908849,0.03598208119137318,0.00021592539897338163,0.0006677211914855641,0.18666358609863765,0.19375970297238204,,,,,
TEST,M2-MACHINE_m0p0_s220_ED,M2_MACHINE,0.0,220,E-D,R1_ORACLE_RECENTERED,NA,0,0,1.2117196222136397e-05,0.0012117196222136398,0.0013953846757962527,2.9679509604894516e-05,3.8518412498416676e-05,0.0032548125795771707,0.011279458087438852,,,,,
TEST,M2-MACHINE_m0p0_s220_ED,M2_MACHINE,0.0,220,E-D,R2A_ONLINE_OFFSET_ONLY,ALWAYS_RECENTER,60,1,0.00045969815553971845,0.045969815553971845,0.03498148744855053,0.00019839889609074243,0.0006453153285188847,0.1631514263384644,0.21697701347388404,-11.174535114711444,0.09600503940279359,1.0,1.0,1.0
TEST,M2-MACHINE_m0p0_s220_ED,M2_MACHINE,0.0,220,E-D,R2A_ONLINE_OFFSET_ONLY,ADAPTIVE_RECENTER,60,1,0.0004813631426908849,0.04813631426908849,0.03598208119137318,0.00021592539897338163,0.0006677211914855641,0.18666358609863765,0.19375970297238204,-5.580129535181891,0.0006887053163364622,1.0,1.0,1.0
TEST,M2-MACHINE_m0p5_s201_EA,M2_MACHINE,0.5,201,E-A,R0_FROZEN_B2,NA,0,0,0.00038439258736022,0.038439258736022,0.028672809640992124,0.00017471864792373995,0.0005329409880825213,0.14827825573596637,0.15626228367611844,,,,,
TEST,M2-MACHINE_m0p5_s201_EA,M2_MACHINE,0.5,201,E-A,R1_ORACLE_RECENTERED,NA,0,0,1.211193855829928e-05,0.0012111938558299281,0.0016245139230221613,3.171036487388116e-05,4.268604930530228e-05,0.002795918995215569,0.012223303992005618,,,,,
TEST,M2-MACHINE_m0p5_s201_EA,M2_MACHINE,0.5,201,E-A,R2A_ONLINE_OFFSET_ONLY,ALWAYS_RECENTER,60,1,0.0003660689757185826,0.03660689757185826,0.028094593014106023,0.00016144128843985524,0.000518942147696625,0.12910125829467153,0.17891099631576188,-11.191370846603906,0.06233357561786803,1.0,1.0,1.0
TEST,M2-MACHINE_m0p5_s201_EA,M2_MACHINE,0.5,201,E-A,R2A_ONLINE_OFFSET_ONLY,ADAPTIVE_RECENTER,60,1,0.00038439258736022,0.038439258736022,0.028672809640992124,0.00017471864792373995,0.0005329409880825213,0.14827825573596637,0.15626228367611844,-5.580254236514248,0.00043930265162146255,1.0,1.0,1.0
TEST,M2-MACHINE_m0p5_s202_EB,M2_MACHINE,0.5,202,E-B,R0_FROZEN_B2,NA,0,0,6.344438978882028e-07,6.344438978882028e-05,0.00011666453888953723,1.9975827898845873e-06,2.8630596183304746e-06,0.0001153492798843288,0.0007778248258861101,,,,,
TEST,M2-MACHINE_m0p5_s202_EB,M2_MACHINE,0.5,202,E-B,R1_ORACLE_RECENTERED,NA,0,0,6.344438978882028e-07,6.344438978882028e-05,0.00011666453888953723,1.9975827898845873e-06,2.8630596183304746e-06,0.0001153492798843288,0.0007778248258861101,,,,,
TEST,M2-MACHINE_m0p5_s202_EB,M2_MACHINE,0.5,202,E-B,R2A_ONLINE_OFFSET_ONLY,ALWAYS_RECENTER,60,1,1.8231213530766618e-05,0.0018231213530766617,0.0016645780854672792,2.9011860918881734e-05,4.126395988787481e-05,0.006635723960646905,0.010373998409810174,-11.222378697554156,0.00031787371737037457,1.0,1.0,1.0
TEST,M2-MACHINE_m0p5_s202_EB,M2_MACHINE,0.5,202,E-B,R2A_ONLINE_OFFSET_ONLY,ADAPTIVE_RECENTER,60,1,6.344438978882028e-07,6.344438978882028e-05,0.00011666453888953723,1.9975827898845873e-06,2.8630596183304746e-06,0.0001153492798843288,0.0007778248258861101,-5.580473878844659,1.7990800659416835e-08,1.0,1.0,1.0
TEST,M2-MACHINE_m0p5_s203_EC,M2_MACHINE,0.5,203,E-C,R0_FROZEN_B2,NA,0,0,2.6986686117402177e-06,0.00026986686117402175,0.00012109453276143996,3.4756765436262608e-06,4.082661961810759e-06,0.0009867773844498555,0.001190282963157342,,,,,
TEST,M2-MACHINE_m0p5_s203_EC,M2_MACHINE,0.5,203,E-C,R1_ORACLE_RECENTERED,NA,0,0,4.206643976926912e-08,4.206643976926912e-06,8.119840036583018e-06,1.1208011285499611e-07,1.8148665838314105e-07,3.030157900755754e-05,6.0121115132680824e-05,,,,,
TEST,M2-MACHINE_m0p5_s203_EC,M2_MACHINE,0.5,203,E-C,R2A_ONLINE_OFFSET_ONLY,ALWAYS_RECENTER,60,1,2.669849510441953e-06,0.00026698495104419533,0.000127596134336131,3.4339717257761103e-06,4.109421743565997e-06,0.0009743697815245019,0.0012687436616609978,-11.222535998569683,3.271686315055461e-06,1.0,1.0,1.0
TEST,M2-MACHINE_m0p5_s203_EC,M2_MACHINE,0.5,203,E-C,R2A_ONLINE_OFFSET_ONLY,ADAPTIVE_RECENTER,60,1,2.6986686117402177e-06,0.00026986686117402175,0.00012109453276143996,3.4756765436262608e-06,4.082661961810759e-06,0.0009867773844498555,0.001190282963157342,-5.5804738754954295,2.4689257591427996e-08,1.0,1.0,1.0
TEST,M2-MACHINE_m0p5_s204_ED,M2_MACHINE,0.5,204,E-D,R0_FROZEN_B2,NA,0,0,0.0002893065901101,0.028930659011010003,0.021682326365887156,0.00012755183261264268,0.00040157164909106316,0.11291464981318357,0.11520162653951618,,,,,
TEST,M2-MACHINE_m0p5_s204_ED,M2_MACHINE,0.5,204,E-D,R1_ORACLE_RECENTERED,NA,0,0,4.234114451612014e-06,0.0004234114451612014,0.0005330026440345374,9.106131408534633e-06,1.3070765212663513e-05,0.0013609848708510221,0.003947314815866629,,,,,
TEST,M2-MACHINE_m0p5_s204_ED,M2_MACHINE,0.5,204,E-D,R2A_ONLINE_OFFSET_ONLY,ALWAYS_RECENTER,60,1,0.0002765308552217944,0.02765308552217944,0.02100673651953376,0.00012143639305478031,0.0003882665206702053,0.0980257656077658,0.12960569642556058,-11.205261870661065,0.03455152750355169,1.0,1.0,1.0
TEST,M2-MACHINE_m0p5_s204_ED,M2_MACHINE,0.5,204,E-D,R2A_ONLINE_OFFSET_ONLY,ADAPTIVE_RECENTER,60,1,0.0002893065901101,0.028930659011010003,0.021682326365887156,0.00012755183261264268,0.00040157164909106316,0.11291464981318357,0.11520162653951618,-5.580349468067398,0.0002488395453212387,1.0,1.0,1.0
TEST,M2-MACHINE_m0p5_s205_EA,M2_MACHINE,0.5,205,E-A,R0_FROZEN_B2,NA,0,0,0.00047994421671432053,0.04799442167143205,0.0357207463823625,0.00022223248554197476,0.0006654152363795403,0.1843721948157078,0.19685628701469282,,,,,
TEST,M2-MACHINE_m0p5_s205_EA,M2_MACHINE,0.5,205,E-A,R1_ORACLE_RECENTERED,NA,0,0,1.9115512104777928e-05,0.0019115512104777928,0.002541683144944564,5.10785358510981e-05,6.788291526476285e-05,0.004511670792620421,0.01934346785205172,,,,,
TEST,M2-MACHINE_m0p5_s205_EA,M2_MACHINE,0.5,205,E-A,R2A_ONLINE_OFFSET_ONLY,ALWAYS_RECENTER,60,1,0.00045665465745366814,0.04566546574536681,0.035117622305331775,0.00019852325812848217,0.000647617223736151,0.1613608363226547,0.22446447816648496,-11.1738281969152,0.09741887499528422,1.0,1.0,1.0
TEST,M2-MACHINE_m0p5_s205_EA,M2_MACHINE,0.5,205,E-A,R2A_ONLINE_OFFSET_ONLY,ADAPTIVE_RECENTER,60,1,0.0005583517170998969,0.055835171709989695,0.04092287114645049,0.0004324105441663745,0.0008404229010109032,0.1906379268949187,0.21484057065095388,-6.020714686921794,0.13678656934971187,0.9748316199929103,0.989365473236441,0.9946827366182205
TEST,M2-MACHINE_m0p5_s206_EB,M2_MACHINE,0.5,206,E-B,R0_FROZEN_B2,NA,0,0,9.657348942485763e-07,9.657348942485763e-05,0.00017847430658260433,3.0518846186328605e-06,4.3771411375627454e-06,0.0001685108829480638,0.0011801846760835493,,,,,
TEST,M2-MACHINE_m0p5_s206_EB,M2_MACHINE,0.5,206,E-B,R1_ORACLE_RECENTERED,NA,0,0,9.657348942485763e-07,9.657348942485763e-05,0.00017847430658260433,3.0518846186328605e-06,4.3771411375627454e-06,0.0001685108829480638,0.0011801846760835493,,,,,
TEST,M2-MACHINE_m0p5_s206_EB,M2_MACHINE,0.5,206,E-B,R2A_ONLINE_OFFSET_ONLY,ALWAYS_RECENTER,60,1,2.2515683367422434e-05,0.0022515683367422433,0.00203761510388029,3.615503260681236e-05,5.096658420790111e-05,0.008193612638877412,0.012825784499460554,-11.22229443091832,0.00048640698904267983,1.0,1.0,1.0
TEST,M2-MACHINE_m0p5_s206_EB,M2_MACHINE,0.5,206,E-B,R2A_ONLINE_OFFSET_ONLY,ADAPTIVE_RECENTER,60,1,9.657348942485763e-07,9.657348942485763e-05,0.00017847430658260433,3.0518846186328605e-06,4.3771411375627454e-06,0.0001685108829480638,0.0011801846760835493,-5.5804738668357095,4.200869988436533e-08,1.0,1.0,1.0
TEST,M2-MACHINE_m0p5_s207_EC,M2_MACHINE,0.5,207,E-C,R0_FROZEN_B2,NA,0,0,3.4182942847940264e-06,0.00034182942847940266,0.0001533877105672718,4.4025158690285514e-06,5.171375125268371e-06,0.0012499241112794179,0.0015077451198169099,,,,,
TEST,M2-MACHINE_m0p5_s207_EC,M2_MACHINE,0.5,207,E-C,R1_ORACLE_RECENTERED,NA,0,0,5.319932110656561e-08,5.319932110656561e-06,1.0285920736271664e-05,1.4162292600273093e-07,2.2968087903925142e-07,3.822044838258959e-05,7.603598851429081e-05,,,,,
TEST,M2-MACHINE_m0p5_s207_EC,M2_MACHINE,0.5,207,E-C,R2A_ONLINE_OFFSET_ONLY,ALWAYS_RECENTER,60,1,3.381815325931015e-06,0.0003381815325931015,0.0001616230861274575,4.349732117225979e-06,5.205307010082065e-06,0.0012341992116492006,0.0016071115906791539,-11.222535009766009,5.249293661761495e-06,1.0,1.0,1.0
TEST,M2-MACHINE_m0p5_s207_EC,M2_MACHINE,0.5,207,E-C,R2A_ONLINE_OFFSET_ONLY,ADAPTIVE_RECENTER,60,1,3.4182942847940264e-06,0.00034182942847940266,0.0001533877105672718,4.4025158690285514e-06,5.171375125268371e-06,0.0012499241112794179,0.0015077451198169099,-5.580473868033843,3.961243203877748e-08,1.0,1.0,1.0
TEST,M2-MACHINE_m0p5_s208_ED,M2_MACHINE,0.5,208,E-D,R0_FROZEN_B2,NA,0,0,0.0003373748418427269,0.03373748418427269,0.02526897454317765,0.00014931231643313812,0.00046819974442161634,0.13149029969176476,0.13470188644966374,,,,,
TEST,M2-MACHINE_m0p5_s208_ED,M2_MACHINE,0.5,208,E-D,R1_ORACLE_RECENTERED,NA,0,0,5.798961754336978e-06,0.0005798961754336978,0.0007057857152426406,1.3108475732420445e-05,1.8055879842515033e-05,0.001716128482075114,0.005389868570488266,,,,,
TEST,M2-MACHINE_m0p5_s208_ED,M2_MACHINE,0.5,208,E-D,R2A_ONLINE_OFFSET_ONLY,ALWAYS_RECENTER,60,1,0.0003224163113048236,0.03224163113048236,0.024502674950662946,0.0001409237546455153,0.00045264607665626897,0.1143651015602242,0.15135942595648486,-11.199022791136274,0.047029686553131264,1.0,1.0,1.0
TEST,M2-MACHINE_m0p5_s208_ED,M2_MACHINE,0.5,208,E-D,R2A_ONLINE_OFFSET_ONLY,ADAPTIVE_RECENTER,60,1,0.0003373748418427269,0.03373748418427269,0.02526897454317765,0.00014931231643313812,0.00046819974442161634,0.13149029969176476,0.13470188644966374,-5.5803047238765355,0.0003383279270476613,1.0,1.0,1.0
TEST,M2-MACHINE_m0p5_s209_EA,M2_MACHINE,0.5,209,E-A,R0_FROZEN_B2,NA,0,0,0.0005753973031918908,0.05753973031918908,0.042727482172177304,0.00027195631023126305,0.000797962205685513,0.22026002598891878,0.23809568281373347,,,,,
TEST,M2-MACHINE_m0p5_s209_EA,M2_MACHINE,0.5,209,E-A,R1_ORACLE_RECENTERED,NA,0,0,2.7727303480091738e-05,0.0027727303480091737,0.003677828466695093,7.488344946426399e-05,9.896362636384929e-05,0.006495649753825397,0.028123188560292667,,,,,
TEST,M2-MACHINE_m0p5_s209_EA,M2_MACHINE,0.5,209,E-A,R2A_ONLINE_OFFSET_ONLY,ALWAYS_RECENTER,60,1,0.0005469145365765245,0.054691453657652454,0.04214424826113088,0.00023485277024805793,0.0007761182854738451,0.19300788728854748,0.27037909819933165,-11.152366141029267,0.14034298676714854,1.0,1.0,1.0
TEST,M2-MACHINE_m0p5_s209_EA,M2_MACHINE,0.5,209,E-A,R2A_ONLINE_OFFSET_ONLY,ADAPTIVE_RECENTER,60,1,0.0006213467375565056,0.062134673755650564,0.046019613559881586,0.00037806409425977046,0.0008933228865305782,0.22378896970186488,0.2597708145519137,-6.793107035587112,0.11303127694971844,0.9836937256292095,0.9961006735200284,0.9985820630981921
TEST,M2-MACHINE_m0p5_s210_EB,M2_MACHINE,0.5,210,E-B,R0_FROZEN_B2,NA,0,0,1.3683440353883765e-06,0.00013683440353883767,0.0002532632808929042,4.331776661094963e-06,6.212105093615682e-06,0.00024154520897614213,0.001666662965297759,,,,,
TEST,M2-MACHINE_m0p5_s210_EB,M2_MACHINE,0.5,210,E-B,R1_ORACLE_RECENTERED,NA,0,0,1.3683440353883765e-06,0.00013683440353883767,0.0002532632808929042,4.331776661094963e-06,6.212105093615682e-06,0.00024154520897614213,0.001666662965297759,,,,,
TEST,M2-MACHINE_m0p5_s210_EB,M2_MACHINE,0.5,210,E-B,R2A_ONLINE_OFFSET_ONLY,ALWAYS_RECENTER,60,1,2.6800124827599538e-05,0.002680012482759954,0.002403760554196185,4.3423796857373375e-05,6.0677556832087935e-05,0.009750184452401433,0.015285020549849895,-11.222191965841494,0.0006913371426912885,1.0,1.0,1.0
TEST,M2-MACHINE_m0p5_s210_EB,M2_MACHINE,0.5,210,E-B,R2A_ONLINE_OFFSET_ONLY,ADAPTIVE_RECENTER,60,1,1.3683440353883765e-06,0.00013683440353883767,0.0002532632808929042,4.331776661094963e-06,6.212105093615682e-06,0.00024154520897614213,0.001666662965297759,-5.58047384556556,8.454899581932905e-08,1.0,1.0,1.0
TEST,M2-MACHINE_m0p5_s211_EC,M2_MACHINE,0.5,211,E-C,R0_FROZEN_B2,NA,0,0,4.137911901960024e-06,0.00041379119019600244,0.00018568151697893567,5.3293521323240856e-06,6.260090589326288e-06,0.0015130743254427165,0.0018252297491714031,,,,,
TEST,M2-MACHINE_m0p5_s211_EC,M2_MACHINE,0.5,211,E-C,R1_ORACLE_RECENTERED,NA,0,0,6.429647939499411e-08,6.42964793949941e-06,1.2451981933494306e-05,1.7101989901004744e-07,2.777851872614488e-07,4.6096647450573725e-05,9.189989525434246e-05,,,,,
TEST,M2-MACHINE_m0p5_s211_EC,M2_MACHINE,0.5,211,E-C,R2A_ONLINE_OFFSET_ONLY,ALWAYS_RECENTER,60,1,4.09378381007214e-06,0.000409378381007214,0.00019565070409781828,5.265507298618718e-06,6.301210156618919e-06,0.0014940285852472516,0.0019454948531469295,-11.222533788283599,7.692258479863605e-06,1.0,1.0,1.0
TEST,M2-MACHINE_m0p5_s211_EC,M2_MACHINE,0.5,211,E-C,R2A_ONLINE_OFFSET_ONLY,ADAPTIVE_RECENTER,60,1,4.137911901960024e-06,0.00041379119019600244,0.00018568151697893567,5.3293521323240856e-06,6.260090589326288e-06,0.0015130743254427165,0.0018252297491714031,-5.5804738588166245,5.804686838483472e-08,1.0,1.0,1.0
TEST,M2-MACHINE_m0p5_s212_ED,M2_MACHINE,0.5,212,E-D,R0_FROZEN_B2,NA,0,0,0.0003854064576100292,0.03854064576100292,0.028848030609518273,0.0001712731077611363,0.0005347635786913608,0.14988126810765848,0.1542910990640729,,,,,
TEST,M2-MACHINE_m0p5_s212_ED,M2_MACHINE,0.5,212,E-D,R1_ORACLE_RECENTERED,NA,0,0,7.625403645859666e-06,0.0007625403645859666,0.0009060291158238188,1.78449244126598e-05,2.3927893534398042e-05,0.0021903953482180255,0.007083012332576848,,,,,
TEST,M2-MACHINE_m0p5_s212_ED,M2_MACHINE,0.5,212,E-D,R2A_ONLINE_OFFSET_ONLY,ALWAYS_RECENTER,60,1,0.00036824600565282415,0.03682460056528242,0.02799721623477379,0.00016023462799860484,0.0005169453340217029,0.13070492175935378,0.17315941060591503,-11.191823013419807,0.061429241986067945,1.0,1.0,1.0
TEST,M2-MACHINE_m0p5_s212_ED,M2_MACHINE,0.5,212,E-D,R2A_ONLINE_OFFSET_ONLY,ADAPTIVE_RECENTER,60,1,0.0003854064576100292,0.03854064576100292,0.028848030609518273,0.0001712731077611363,0.0005347635786913608,0.14988126810765848,0.1542910990640729,-5.580253153030685,0.00044146961874778456,1.0,1.0,1.0
TEST,M2-MACHINE_m0p5_s213_EA,M2_MACHINE,0.5,213,E-A,R0_FROZEN_B2,NA,0,0,0.0006708186429660826,0.06708186429660826,0.04969725240055074,0.0003241485995578522,0.0009307704770023679,0.25604439713633853,0.27999460305923984,,,,,
TEST,M2-MACHINE_m0p5_s213_EA,M2_MACHINE,0.5,213,E-A,R1_ORACLE_RECENTERED,NA,0,0,3.794558960262056e-05,0.003794558960262056,0.005038126757168292,0.00010303914443598401,0.00013591892556936725,0.008896911920170857,0.038560158118300145,,,,,
TEST,M2-MACHINE_m0p5_s213_EA,M2_MACHINE,0.5,213,E-A,R2A_ONLINE_OFFSET_ONLY,ALWAYS_RECENTER,60,1,0.000636883239424953,0.06368832394249531,0.049176713602263465,0.00027071782119843105,0.000904570913558151,0.2244507973752074,0.31666904030851994,-11.126967308088139,0.1911406526494053,1.0,1.0,1.0
TEST,M2-MACHINE_m0p5_s213_EA,M2_MACHINE,0.5,213,E-A,R2A_ONLINE_OFFSET_ONLY,ADAPTIVE_RECENTER,60,1,0.0006930483692599097,0.06930483692599097,0.05226907904919018,0.0003689494196586253,0.000989949075944612,0.2559588661909563,0.308226966287463,-7.232090618558857,0.11912384002394384,0.9854661467564694,0.9985820630981921,0.9996455157745481
TEST,M2-MACHINE_m0p5_s214_EB,M2_MACHINE,0.5,214,E-B,R0_FROZEN_B2,NA,0,0,1.8426136979519422e-06,0.0001842613697951942,0.00034096623058705433,5.8385741880821455e-06,8.368054509154598e-06,0.0003301738366942667,0.0022373920435745666,,,,,
TEST,M2-MACHINE_m0p5_s214_EB,M2_MACHINE,0.5,214,E-B,R1_ORACLE_RECENTERED,NA,0,0,1.8426136979519422e-06,0.0001842613697951942,0.00034096623058705433,5.8385741880821455e-06,8.368054509154598e-06,0.0003301738366942667,0.0022373920435745666,,,,,
TEST,M2-MACHINE_m0p5_s214_EB,M2_MACHINE,0.5,214,E-B,R2A_ONLINE_OFFSET_ONLY,ALWAYS_RECENTER,60,1,3.108547882960041e-05,0.003108547882960041,0.002763115394498987,5.082043049831799e-05,7.040208788385144e-05,0.011305438442883373,0.01775329344480538,-11.222071116441217,0.0009330359432473499,1.0,1.0,1.0
TEST,M2-MACHINE_m0p5_s214_EB,M2_MACHINE,0.5,214,E-B,R2A_ONLINE_OFFSET_ONLY,ADAPTIVE_RECENTER,60,1,1.8426136979519422e-06,0.0001842613697951942,0.00034096623058705433,5.8385741880821455e-06,8.368054509154598e-06,0.0003301738366942667,0.0022373920435745666,-5.5804738111752314,1.5332965412027865e-07,1.0,1.0,1.0
TEST,M2-MACHINE_m0p5_s215_EC,M2_MACHINE,0.5,215,E-C,R0_FROZEN_B2,NA,0,0,4.857521400462762e-06,0.0004857521400462762,0.00021797586792077003,6.2561851750031455e-06,7.348807448082613e-06,0.001776226516022145,0.002142736869064538,,,,,
TEST,M2-MACHINE_m0p5_s215_EC,M2_MACHINE,0.5,215,E-C,R1_ORACLE_RECENTERED,NA,0,0,7.535846652475699e-08,7.535846652475699e-06,1.461836759739681e-05,2.002720465834215e-07,3.258051843237391e-07,5.400671805121742e-05,0.00010771430003657056,,,,,
TEST,M2-MACHINE_m0p5_s215_EC,M2_MACHINE,0.5,215,E-C,R2A_ONLINE_OFFSET_ONLY,ALWAYS_RECENTER,60,1,4.805754813258447e-06,0.0004805754813258447,0.00022967888218990121,6.1812970568318295e-06,7.397129987154783e-06,0.0017538569192418062,0.002283893430172677,-11.222532334115185,1.0600595310869555e-05,1.0,1.0,1.0
TEST,M2-MACHINE_m0p5_s215_EC,M2_MACHINE,0.5,215,E-C,R2A_ONLINE_OFFSET_ONLY,ADAPTIVE_RECENTER,60,1,4.857521400462762e-06,0.0004857521400462762,0.00021797586792077003,6.2561851750031455e-06,7.348807448082613e-06,0.001776226516022145,0.002142736869064538,-5.58047384784379,7.999253620894346e-08,1.0,1.0,1.0
TEST,M2-MACHINE_m0p5_s216_ED,M2_MACHINE,0.5,216,E-D,R0_FROZEN_B2,NA,0,0,0.0004334038159849535,0.04334038159849535,0.03241956436539772,0.0001934540103916496,0.0006012712719174421,0.16834188944880346,0.17397039632710262,,,,,
TEST,M2-MACHINE_m0p5_s216_ED,M2_MACHINE,0.5,216,E-D,R1_ORACLE_RECENTERED,NA,0,0,9.713476082899633e-06,0.0009713476082899633,0.0011341932096726438,2.3307735008926328e-05,3.0683476370516395e-05,0.0026697598117522816,0.00902669502895115,,,,,
TEST,M2-MACHINE_m0p5_s216_ED,M2_MACHINE,0.5,216,E-D,R2A_ONLINE_OFFSET_ONLY,ALWAYS_RECENTER,60,1,0.0004140208164025563,0.041402081640255634,0.03149039845700913,0.00017938367594627248,0.000581169718905065,0.14685718663988948,0.1950065963747969,-11.18366201754365,0.07775123373838004,1.0,1.0,1.0
TEST,M2-MACHINE_m0p5_s216_ED,M2_MACHINE,0.5,216,E-D,R2A_ONLINE_OFFSET_ONLY,ADAPTIVE_RECENTER,60,1,0.0004334038159849535,0.04334038159849535,0.03241956436539772,0.0001934540103916496,0.0006012712719174421,0.16834188944880346,0.17397039632710262,-5.580194756080313,0.0005582635194933833,1.0,1.0,1.0
TEST,M2-MACHINE_m0p5_s217_EA,M2_MACHINE,0.5,217,E-A,R0_FROZEN_B2,NA,0,0,0.0007662769928610128,0.07662769928610128,0.0566347377316928,0.0003790242294945014,0.0010640278495248495,0.2913682452314421,0.3225657770399855,,,,,
TEST,M2-MACHINE_m0p5_s217_EA,M2_MACHINE,0.5,217,E-A,R1_ORACLE_RECENTERED,NA,0,0,4.976904210815738e-05,0.004976904210815738,0.006627582362736323,0.0001354594099625602,0.0001787402444933442,0.011624582801230738,0.050652291447867044,,,,,
TEST,M2-MACHINE_m0p5_s217_EA,M2_MACHINE,0.5,217,E-A,R2A_ONLINE_OFFSET_ONLY,ALWAYS_RECENTER,60,1,0.0007266084114947697,0.07266084114947696,0.0562174437270175,0.0003064059637972371,0.0010331005976170506,0.25648536206752204,0.36334779602519546,-11.097609883764045,0.24985550129758732,1.0,1.0,1.0
TEST,M2-MACHINE_m0p5_s217_EA,M2_MACHINE,0.5,217,E-A,R2A_ONLINE_OFFSET_ONLY,ADAPTIVE_RECENTER,60,1,0.0007740460103396656,0.07740460103396656,0.059058796526309826,0.00038429571824305953,0.0011064454976305214,0.2904243967063124,0.3563743120203078,-7.472928581279777,0.14143132123052596,0.9861751152073732,0.9985820630981921,0.9996455157745481
TEST,M2-MACHINE_m0p5_s218_EB,M2_MACHINE,0.5,218,E-B,R0_FROZEN_B2,NA,0,0,2.3887294157061915e-06,0.00023887294157061913,0.00044151741168603655,7.5735899355983765e-06,1.0845091100838896e-05,0.0004267935496451884,0.0028924734787794354,,,,,
TEST,M2-MACHINE_m0p5_s218_EB,M2_MACHINE,0.5,218,E-B,R1_ORACLE_RECENTERED,NA,0,0,2.3887294157061915e-06,0.00023887294157061913,0.00044151741168603655,7.5735899355983765e-06,1.0845091100838896e-05,0.0004267935496451884,0.0028924734787794354,,,,,
TEST,M2-MACHINE_m0p5_s218_EB,M2_MACHINE,0.5,218,E-B,R2A_ONLINE_OFFSET_ONLY,ALWAYS_RECENTER,60,1,3.53726842960176e-05,0.00353726842960176,0.003115782039261238,5.83471739389048e-05,8.014538421991904e-05,0.012859375304629644,0.020232183269126826,-11.221931685157566,0.0012118985105479259,1.0,1.0,1.0
TEST,M2-MACHINE_m0p5_s218_EB,M2_MACHINE,0.5,218,E-B,R2A_ONLINE_OFFSET_ONLY,ADAPTIVE_RECENTER,60,1,2.3887294157061915e-06,0.00023887294157061913,0.00044151741168603655,7.5735899355983765e-06,1.0845091100838896e-05,0.0004267935496451884,0.0028924734787794354,-5.580473759130069,2.5741997977499636e-07,1.0,1.0,1.0
TEST,M2-MACHINE_m0p5_s219_EC,M2_MACHINE,0.5,219,E-C,R0_FROZEN_B2,NA,0,0,5.577122836333977e-06,0.0005577122836333977,0.0002502707814687674,7.183015095664374e-06,8.437525951450414e-06,0.0020393820812765256,0.002460266447880147,,,,,
TEST,M2-MACHINE_m0p5_s219_EC,M2_MACHINE,0.5,219,E-C,R1_ORACLE_RECENTERED,NA,0,0,8.638556913607972e-08,8.638556913607972e-06,1.678501321890099e-05,2.2937955841234373e-07,3.7374030617906516e-07,6.187414181514272e-05,0.00012347901778996803,,,,,
TEST,M2-MACHINE_m0p5_s219_EC,M2_MACHINE,0.5,219,E-C,R2A_ONLINE_OFFSET_ONLY,ALWAYS_RECENTER,60,1,5.517728371008242e-06,0.0005517728371008242,0.00026370763322073205,7.097101480251565e-06,8.493066698702095e-06,0.002013684471830423,0.0026223072794661064,-11.22253064725346,1.3974318758550653e-05,1.0,1.0,1.0
TEST,M2-MACHINE_m0p5_s219_EC,M2_MACHINE,0.5,219,E-C,R2A_ONLINE_OFFSET_ONLY,ADAPTIVE_RECENTER,60,1,5.577122836333977e-06,0.0005577122836333977,0.0002502707814687674,7.183015095664374e-06,8.437525951450414e-06,0.0020393820812765256,0.002460266447880147,-5.580473835115354,1.0544941015686762e-07,1.0,1.0,1.0
TEST,M2-MACHINE_m0p5_s220_ED,M2_MACHINE,0.5,220,E-D,R0_FROZEN_B2,NA,0,0,0.00048136933919720254,0.04813693391972025,0.035983652867401045,0.00021587409901480475,0.000667730949018652,0.18666348602120084,0.1937408748789679,,,,,
TEST,M2-MACHINE_m0p5_s220_ED,M2_MACHINE,0.5,220,E-D,R1_ORACLE_RECENTERED,NA,0,0,1.206316012841907e-05,0.001206316012841907,0.001390676993934242,2.949074123984588e-05,3.832019373854552e-05,0.003246468085430446,0.011220745751427902,,,,,
TEST,M2-MACHINE_m0p5_s220_ED,M2_MACHINE,0.5,220,E-D,R2A_ONLINE_OFFSET_ONLY,ALWAYS_RECENTER,60,1,0.00045974164171283863,0.04597416417128386,0.03498226265444057,0.00019838564786647746,0.0006453246626803459,0.16316478900799877,0.21690191565815098,-11.174539179680917,0.09599690946384654,1.0,1.0,1.0
TEST,M2-MACHINE_m0p5_s220_ED,M2_MACHINE,0.5,220,E-D,R2A_ONLINE_OFFSET_ONLY,ADAPTIVE_RECENTER,60,1,0.00048136933919720254,0.04813693391972025,0.035983652867401045,0.00021587409901480475,0.000667730949018652,0.18666348602120084,0.1937408748789679,-5.580129528401101,0.0006887188779149002,1.0,1.0,1.0
TEST,M2-MACHINE_m1p0_s201_EA,M2_MACHINE,1.0,201,E-A,R0_FROZEN_B2,NA,0,0,0.00038439969004400057,0.038439969004400054,0.028674512931910787,0.00017465508845204383,0.0005329486623825774,0.14828216042981104,0.15624018172957957,,,,,
TEST,M2-MACHINE_m1p0_s201_EA,M2_MACHINE,1.0,201,E-A,R1_ORACLE_RECENTERED,NA,0,0,1.205014330220504e-05,0.0012050143302205038,0.001618988259103904,3.149544036711195e-05,4.246138355776677e-05,0.002779262543965384,0.012154770367230045,,,,,
TEST,M2-MACHINE_m1p0_s201_EA,M2_MACHINE,1.0,201,E-A,R2A_ONLINE_OFFSET_ONLY,ALWAYS_RECENTER,60,1,0.00036608720514583545,0.03660872051458355,0.02809376408303839,0.00016138622005367885,0.0005189116230085057,0.12911846862356946,0.17882488998106694,-11.191377651071333,0.06231996668301367,1.0,1.0,1.0
TEST,M2-MACHINE_m1p0_s201_EA,M2_MACHINE,1.0,201,E-A,R2A_ONLINE_OFFSET_ONLY,ADAPTIVE_RECENTER,60,1,0.00038439969004400057,0.038439969004400054,0.028674512931910787,0.00017465508845204383,0.0005329486623825774,0.14828216042981104,0.15624018172957957,-5.580254236072357,0.00043930353540376916,1.0,1.0,1.0
TEST,M2-MACHINE_m1p0_s202_EB,M2_MACHINE,1.0,202,E-B,R0_FROZEN_B2,NA,0,0,6.298293777449974e-07,6.298293777449974e-05,0.00011611511033980921,1.9823393043756196e-06,2.8455068813311403e-06,0.00011124423055495335,0.0007722415063459846,,,,,
TEST,M2-MACHINE_m1p0_s202_EB,M2_MACHINE,1.0,202,E-B,R1_ORACLE_RECENTERED,NA,0,0,6.298293777449974e-07,6.298293777449974e-05,0.00011611511033980921,1.9823393043756196e-06,2.8455068813311403e-06,0.00011124423055495335,0.0007722415063459846,,,,,
TEST,M2-MACHINE_m1p0_s202_EB,M2_MACHINE,1.0,202,E-B,R2A_ONLINE_OFFSET_ONLY,ALWAYS_RECENTER,60,1,1.816271809144503e-05,0.001816271809144503,0.0016569996951514528,2.889535399183869e-05,4.108722594195874e-05,0.006616173267211709,0.010312266596994807,-11.222379649385456,0.0003159700547646563,1.0,1.0,1.0
TEST,M2-MACHINE_m1p0_s202_EB,M2_MACHINE,1.0,202,E-B,R2A_ONLINE_OFFSET_ONLY,ADAPTIVE_RECENTER,60,1,6.298293777449974e-07,6.298293777449974e-05,0.00011611511033980921,1.9823393043756196e-06,2.8455068813311403e-06,0.00011124423055495335,0.0007722415063459846,-5.580473878960331,1.7759457101125904e-08,1.0,1.0,1.0
TEST,M2-MACHINE_m1p0_s203_EC,M2_MACHINE,1.0,203,E-C,R0_FROZEN_B2,NA,0,0,2.698668027870036e-06,0.0002698668027870036,0.0001210944113614281,3.475677175031478e-06,4.0826613741308214e-06,0.0009867779306045302,0.001190282326001348,,,,,
TEST,M2-MACHINE_m1p0_s203_EC,M2_MACHINE,1.0,203,E-C,R1_ORACLE_RECENTERED,NA,0,0,4.2070020885356376e-08,4.207002088535638e-06,8.119116055035043e-06,1.1208501669005067e-07,1.814796779839767e-07,3.0304985736217823e-05,6.0118056444034e-05,,,,,
TEST,M2-MACHINE_m1p0_s203_EC,M2_MACHINE,1.0,203,E-C,R2A_ONLINE_OFFSET_ONLY,ALWAYS_RECENTER,60,1,2.669577069519374e-06,0.0002669577069519374,0.00012754639717018989,3.4338099952331966e-06,4.108807060681904e-06,0.000974336149637417,0.0012683920787717106,-11.222535998647366,3.2715309482024476e-06,1.0,1.0,1.0
TEST,M2-MACHINE_m1p0_s203_EC,M2_MACHINE,1.0,203,E-C,R2A_ONLINE_OFFSET_ONLY,ADAPTIVE_RECENTER,60,1,2.698668027870036e-06,0.0002698668027870036,0.0001210944113614281,3.475677175031478e-06,4.0826613741308214e-06,0.0009867779306045302,0.001190282326001348,-5.5804738754954295,2.468925833197845e-08,1.0,1.0,1.0
TEST,M2-MACHINE_m1p0_s204_ED,M2_MACHINE,1.0,204,E-D,R0_FROZEN_B2,NA,0,0,0.0002893093878775577,0.028930938787755767,0.021682857943970645,0.00012753928010535127,0.0004015765944088192,0.11292494999092591,0.11519543063968,,,,,
TEST,M2-MACHINE_m1p0_s204_ED,M2_MACHINE,1.0,204,E-D,R1_ORACLE_RECENTERED,NA,0,0,4.216284525603383e-06,0.00042162845256033833,0.0005317837412633106,9.040897402228676e-06,1.3009965402609624e-05,0.0013497587641192205,0.003929434117951819,,,,,
TEST,M2-MACHINE_m1p0_s204_ED,M2_MACHINE,1.0,204,E-D,R2A_ONLINE_OFFSET_ONLY,ALWAYS_RECENTER,60,1,0.000276552919304203,0.027655291930420302,0.02100725003389018,0.00012141019668465664,0.0003882671308451218,0.0980177356314415,0.129562485110663,-11.20526339860169,0.034548471622297856,1.0,1.0,1.0
TEST,M2-MACHINE_m1p0_s204_ED,M2_MACHINE,1.0,204,E-D,R2A_ONLINE_OFFSET_ONLY,ADAPTIVE_RECENTER,60,1,0.0002893093878775577,0.028930938787755767,0.021682857943970645,0.00012753928010535127,0.0004015765944088192,0.11292494999092591,0.11519543063968,-5.58034946506312,0.000248845553878614,1.0,1.0,1.0
TEST,M2-MACHINE_m1p0_s205_EA,M2_MACHINE,1.0,205,E-A,R0_FROZEN_B2,NA,0,0,0.0004799525375195568,0.04799525375195568,0.03572331588592256,0.0002221155533582637,0.0006654191251753551,0.18437716377111665,0.19682097256550907,,,,,
TEST,M2-MACHINE_m1p0_s205_EA,M2_MACHINE,1.0,205,E-A,R1_ORACLE_RECENTERED,NA,0,0,1.901791676683833e-05,0.001901791676683833,0.002532793477582985,5.074327340273129e-05,6.75277284824119e-05,0.004484446412633367,0.01923448448256102,,,,,
TEST,M2-MACHINE_m1p0_s205_EA,M2_MACHINE,1.0,205,E-A,R2A_ONLINE_OFFSET_ONLY,ALWAYS_RECENTER,60,1,0.0004566824771517432,0.045668247715174325,0.03511638374292985,0.00019847885796180008,0.0006475835347392289,0.16138245127561127,0.2243540251498869,-11.173838836579636,0.09739759566640724,1.0,1.0,1.0
TEST,M2-MACHINE_m1p0_s205_EA,M2_MACHINE,1.0,205,E-A,R2A_ONLINE_OFFSET_ONLY,ADAPTIVE_RECENTER,60,1,0.0005580246213478246,0.05580246213478246,0.040896202541072284,0.00043125245728061623,0.0008394174917907979,0.19061534950698686,0.21475580660586333,-6.021124593625403,0.13596675594249324,0.9751861042183623,0.989365473236441,0.9946827366182205
TEST,M2-MACHINE_m1p0_s206_EB,M2_MACHINE,1.0,206,E-B,R0_FROZEN_B2,NA,0,0,9.587437766034845e-07,9.587437766034845e-05,0.00017763841096989774,3.028582212612234e-06,4.3503630429569154e-06,0.00016457311024352427,0.0011718034686020603,,,,,
TEST,M2-MACHINE_m1p0_s206_EB,M2_MACHINE,1.0,206,E-B,R1_ORACLE_RECENTERED,NA,0,0,9.587437766034845e-07,9.587437766034845e-05,0.00017763841096989774,3.028582212612234e-06,4.3503630429569154e-06,0.00016457311024352427,0.0011718034686020603,,,,,
TEST,M2-MACHINE_m1p0_s206_EB,M2_MACHINE,1.0,206,E-B,R2A_ONLINE_OFFSET_ONLY,ALWAYS_RECENTER,60,1,2.243103448553688e-05,0.002243103448553688,0.0020283363785885337,3.600856580263723e-05,5.074760815007828e-05,0.008169534774194727,0.01274920094423861,-11.222295887207782,0.00048349441011398217,1.0,1.0,1.0
TEST,M2-MACHINE_m1p0_s206_EB,M2_MACHINE,1.0,206,E-B,R2A_ONLINE_OFFSET_ONLY,ADAPTIVE_RECENTER,60,1,9.587437766034845e-07,9.587437766034845e-05,0.00017763841096989774,3.028582212612234e-06,4.3503630429569154e-06,0.00016457311024352427,0.0011718034686020603,-5.5804738671057335,4.146865095426402e-08,1.0,1.0,1.0
TEST,M2-MACHINE_m1p0_s207_EC,M2_MACHINE,1.0,207,E-C,R0_FROZEN_B2,NA,0,0,3.4182937007079103e-06,0.00034182937007079105,0.00015338759728156275,4.402516743401725e-06,5.171374815435052e-06,0.001249924668137143,0.001507743985580308,,,,,
TEST,M2-MACHINE_m1p0_s207_EC,M2_MACHINE,1.0,207,E-C,R1_ORACLE_RECENTERED,NA,0,0,5.320411025159902e-08,5.320411025159902e-06,1.0284801536460478e-05,1.4163069984008712e-07,2.2967018364624537e-07,3.8225491276982475e-05,7.603195722505507e-05,,,,,
TEST,M2-MACHINE_m1p0_s207_EC,M2_MACHINE,1.0,207,E-C,R2A_ONLINE_OFFSET_ONLY,ALWAYS_RECENTER,60,1,3.3814701675185286e-06,0.00033814701675185285,0.00016156013187603813,4.349526933710872e-06,5.204528582589271e-06,0.001234156963987316,0.0016066660481775766,-11.222535009890859,5.249043962565865e-06,1.0,1.0,1.0
TEST,M2-MACHINE_m1p0_s207_EC,M2_MACHINE,1.0,207,E-C,R2A_ONLINE_OFFSET_ONLY,ADAPTIVE_RECENTER,60,1,3.4182937007079103e-06,0.00034182937007079105,0.00015338759728156275,4.402516743401725e-06,5.171374815435052e-06,0.001249924668137143,0.001507743985580308,-5.580473868033842,3.9612434793519395e-08,1.0,1.0,1.0
TEST,M2-MACHINE_m1p0_s208_ED,M2_MACHINE,1.0,208,E-D,R0_FROZEN_B2,NA,0,0,0.00033737844371278087,0.03373784437127809,0.025269695528447204,0.0001492933889074503,0.00046820581781934157,0.1314844566097058,0.1346933551610549,,,,,
TEST,M2-MACHINE_m1p0_s208_ED,M2_MACHINE,1.0,208,E-D,R1_ORACLE_RECENTERED,NA,0,0,5.773911751495162e-06,0.0005773911751495162,0.0007040473664562927,1.3017839924679312e-05,1.7969082087956553e-05,0.001712577604597214,0.0053641980330426525,,,,,
TEST,M2-MACHINE_m1p0_s208_ED,M2_MACHINE,1.0,208,E-D,R2A_ONLINE_OFFSET_ONLY,ALWAYS_RECENTER,60,1,0.00032244321686245107,0.03224432168624511,0.024503271916019448,0.00014089879573417813,0.0004526485589381539,0.11434635645387195,0.1513086230981133,-11.19902485052647,0.04702556777273977,1.0,1.0,1.0
TEST,M2-MACHINE_m1p0_s208_ED,M2_MACHINE,1.0,208,E-D,R2A_ONLINE_OFFSET_ONLY,ADAPTIVE_RECENTER,60,1,0.00033737844371278087,0.03373784437127809,0.025269695528447204,0.0001492933889074503,0.00046820581781934157,0.1314844566097058,0.1346933551610549,-5.580304719840166,0.00033833599978582725,1.0,1.0,1.0
TEST,M2-MACHINE_m1p0_s209_EA,M2_MACHINE,1.0,209,E-A,R0_FROZEN_B2,NA,0,0,0.0005754051802105928,0.057540518021059285,0.04273104013717011,0.0002717646195352906,0.0007979562330277616,0.22029629077068166,0.2380437546487756,,,,,
TEST,M2-MACHINE_m1p0_s209_EA,M2_MACHINE,1.0,209,E-A,R1_ORACLE_RECENTERED,NA,0,0,2.758595834799445e-05,0.002758595834799445,0.003664699087712094,7.440257211618804e-05,9.84488427877869e-05,0.006410611177722154,0.027964800851691472,,,,,
TEST,M2-MACHINE_m1p0_s209_EA,M2_MACHINE,1.0,209,E-A,R2A_ONLINE_OFFSET_ONLY,ALWAYS_RECENTER,60,1,0.0005469533683284735,0.05469533683284735,0.04214249030517609,0.00023482318919025398,0.0007760807597445953,0.19305012011615505,0.27024287385173956,-11.152381613018132,0.14031204278941833,1.0,1.0,1.0
TEST,M2-MACHINE_m1p0_s209_EA,M2_MACHINE,1.0,209,E-A,R2A_ONLINE_OFFSET_ONLY,ADAPTIVE_RECENTER,60,1,0.0006210502623373875,0.06210502623373875,0.04600084830301122,0.0003771687543735435,0.000892639046024352,0.22389924476482553,0.2596640646152958,-6.79339445219149,0.11245644374096511,0.9836937256292095,0.9961006735200284,0.9985820630981921
TEST,M2-MACHINE_m1p0_s210_EB,M2_MACHINE,1.0,210,E-B,R0_FROZEN_B2,NA,0,0,1.3584800598738502e-06,0.00013584800598738503,0.0002520816385791936,4.2986915721254764e-06,6.174148861475143e-06,0.00023644211303643482,0.0016549271999338811,,,,,
TEST,M2-MACHINE_m1p0_s210_EB,M2_MACHINE,1.0,210,E-B,R1_ORACLE_RECENTERED,NA,0,0,1.3584800598738502e-06,0.00013584800598738503,0.0002520816385791936,4.2986915721254764e-06,6.174148861475143e-06,0.00023644211303643482,0.0016549271999338811,,,,,
TEST,M2-MACHINE_m1p0_s210_EB,M2_MACHINE,1.0,210,E-B,R2A_ONLINE_OFFSET_ONLY,ALWAYS_RECENTER,60,1,2.6699292308857488e-05,0.0026699292308857486,0.0023928121429251173,4.324635509493587e-05,6.041600599850058e-05,0.00972160691935773,0.015193435267803162,-11.222194035701325,0.0006871974230310433,1.0,1.0,1.0
TEST,M2-MACHINE_m1p0_s210_EB,M2_MACHINE,1.0,210,E-B,R2A_ONLINE_OFFSET_ONLY,ADAPTIVE_RECENTER,60,1,1.3584800598738502e-06,0.00013584800598738503,0.0002520816385791936,4.2986915721254764e-06,6.174148861475143e-06,0.00023644211303643482,0.0016549271999338811,-5.580473846108911,8.34622958345422e-08,1.0,1.0,1.0
TEST,M2-MACHINE_m1p0_s211_EC,M2_MACHINE,1.0,211,E-C,R0_FROZEN_B2,NA,0,0,4.137911293895017e-06,0.0004137911293895017,0.00018568134658810805,5.329353097870978e-06,6.260089829915679e-06,0.0015130748070743836,0.0018252280135954548,,,,,
TEST,M2-MACHINE_m1p0_s211_EC,M2_MACHINE,1.0,211,E-C,R1_ORACLE_RECENTERED,NA,0,0,6.430280410713571e-08,6.430280410713571e-06,1.2450689520735918e-05,1.710318177818518e-07,2.7777462412596764e-07,4.609541074278632e-05,9.189608703737537e-05,,,,,
TEST,M2-MACHINE_m1p0_s211_EC,M2_MACHINE,1.0,211,E-C,R2A_ONLINE_OFFSET_ONLY,ALWAYS_RECENTER,60,1,4.093365775097571e-06,0.0004093365775097571,0.00019557445408839556,5.26525831737275e-06,6.30026694089302e-06,0.00149397737557677,0.0019449552767581782,-11.22253378846686,7.691891958780514e-06,1.0,1.0,1.0
TEST,M2-MACHINE_m1p0_s211_EC,M2_MACHINE,1.0,211,E-C,R2A_ONLINE_OFFSET_ONLY,ADAPTIVE_RECENTER,60,1,4.137911293895017e-06,0.0004137911293895017,0.00018568134658810805,5.329353097870978e-06,6.260089829915679e-06,0.0015130748070743836,0.0018252280135954548,-5.580473858816623,5.804687143097062e-08,1.0,1.0,1.0
TEST,M2-MACHINE_m1p0_s212_ED,M2_MACHINE,1.0,212,E-D,R0_FROZEN_B2,NA,0,0,0.0003854108930342553,0.03854108930342553,0.028848969295458767,0.0001712460255158009,0.0005347706633180103,0.14989561759447262,0.1542798298521774,,,,,
TEST,M2-MACHINE_m1p0_s212_ED,M2_MACHINE,1.0,212,E-D,R1_ORACLE_RECENTERED,NA,0,0,7.591984666227162e-06,0.0007591984666227162,0.0009036779672871249,1.772523027197506e-05,2.3811110408102643e-05,0.002181086439262025,0.00704825819845381,,,,,
TEST,M2-MACHINE_m1p0_s212_ED,M2_MACHINE,1.0,212,E-D,R2A_ONLINE_OFFSET_ONLY,ALWAYS_RECENTER,60,1,0.00036827806493582396,0.036827806493582395,0.027997895532097174,0.00016021216481380433,0.000516950060245805,0.13068352395497657,0.17310088192209705,-11.191825681937031,0.0614239049516184,1.0,1.0,1.0
TEST,M2-MACHINE_m1p0_s212_ED,M2_MACHINE,1.0,212,E-D,R2A_ONLINE_OFFSET_ONLY,ADAPTIVE_RECENTER,60,1,0.0003854108930342553,0.03854108930342553,0.028848969295458767,0.0001712460255158009,0.0005347706633180103,0.14989561759447262,0.1542798298521774,-5.580253148100092,0.0004414794799352115,1.0,1.0,1.0
TEST,M2-MACHINE_m1p0_s213_EA,M2_MACHINE,1.0,213,E-A,R0_FROZEN_B2,NA,0,0,0.0006708236712503978,0.06708236712503977,0.049701884831181875,0.00032385877486604253,0.0009307466898505556,0.256208309194872,0.2799225344353142,,,,,
TEST,M2-MACHINE_m1p0_s213_EA,M2_MACHINE,1.0,213,E-A,R1_ORACLE_RECENTERED,NA,0,0,3.7752546127016006e-05,0.003775254612701601,0.005019838384677803,0.00010238793258668216,0.00013521551244252862,0.00889771960592641,0.03834342717965764,,,,,
TEST,M2-MACHINE_m1p0_s213_EA,M2_MACHINE,1.0,213,E-A,R2A_ONLINE_OFFSET_ONLY,ALWAYS_RECENTER,60,1,0.0006369340526607135,0.06369340526607135,0.04917430888663343,0.000270704132217642,0.0009045276444794629,0.2244936425260914,0.3165054856761239,-11.126988761996733,0.19109774483221229,1.0,1.0,1.0
TEST,M2-MACHINE_m1p0_s213_EA,M2_MACHINE,1.0,213,E-A,R2A_ONLINE_OFFSET_ONLY,ADAPTIVE_RECENTER,60,1,0.000696823488327662,0.0696823488327662,0.05241503772720352,0.00037718329999927473,0.0009954898458067513,0.256293046776553,0.3074952433241087,-7.167440419808411,0.12228932588652015,0.9847571783055654,0.9964551577454803,0.9989365473236441
TEST,M2-MACHINE_m1p0_s214_EB,M2_MACHINE,1.0,214,E-B,R0_FROZEN_B2,NA,0,0,1.8293564954769772e-06,0.00018293564954769773,0.0003393802623505935,5.793972128468919e-06,8.316966069002152e-06,0.0003252969858067637,0.0022217410489268428,,,,,
TEST,M2-MACHINE_m1p0_s214_EB,M2_MACHINE,1.0,214,E-B,R1_ORACLE_RECENTERED,NA,0,0,1.8293564954769772e-06,0.00018293564954769773,0.0003393802623505935,5.793972128468919e-06,8.316966069002152e-06,0.0003252969858067637,0.0022217410489268428,,,,,
TEST,M2-MACHINE_m1p0_s214_EB,M2_MACHINE,1.0,214,E-B,R2A_ONLINE_OFFSET_ONLY,ALWAYS_RECENTER,60,1,3.096842501981076e-05,0.003096842501981076,0.002750527560078504,5.061097860983015e-05,7.009759134031919e-05,0.011272388284742616,0.017646544441510127,-11.22207391034049,0.0009274481447021871,1.0,1.0,1.0
TEST,M2-MACHINE_m1p0_s214_EB,M2_MACHINE,1.0,214,E-B,R2A_ONLINE_OFFSET_ONLY,ADAPTIVE_RECENTER,60,1,1.8293564954769772e-06,0.00018293564954769773,0.0003393802623505935,5.793972128468919e-06,8.316966069002152e-06,0.0003252969858067637,0.0022217410489268428,-5.580473812160439,1.5135924062464614e-07,1.0,1.0,1.0
TEST,M2-MACHINE_m1p0_s215_EC,M2_MACHINE,1.0,215,E-C,R0_FROZEN_B2,NA,0,0,4.8575209282794414e-06,0.00048575209282794416,0.0002179756877350356,6.2561863992757954e-06,7.3488068154167916e-06,0.0017762271972156718,0.002142734348071489,,,,,
TEST,M2-MACHINE_m1p0_s215_EC,M2_MACHINE,1.0,215,E-C,R1_ORACLE_RECENTERED,NA,0,0,7.5366553686787e-08,7.5366553686787005e-06,1.4616774517547105e-05,2.002888392317223e-07,3.257934208637694e-07,5.400657681006494e-05,0.00010771055579279866,,,,,
TEST,M2-MACHINE_m1p0_s215_EC,M2_MACHINE,1.0,215,E-C,R2A_ONLINE_OFFSET_ONLY,ALWAYS_RECENTER,60,1,4.80526392891126e-06,0.000480526392891126,0.00022958937854000553,6.181004271104088e-06,7.396022381384e-06,0.0017537971753802447,0.0022832596701974532,-11.222532334368154,1.0600089375375463e-05,1.0,1.0,1.0
TEST,M2-MACHINE_m1p0_s215_EC,M2_MACHINE,1.0,215,E-C,R2A_ONLINE_OFFSET_ONLY,ADAPTIVE_RECENTER,60,1,4.8575209282794414e-06,0.00048575209282794416,0.0002179756877350356,6.2561863992757954e-06,7.3488068154167916e-06,0.0017762271972156718,0.002142734348071489,-5.580473847843787,7.999254417772073e-08,1.0,1.0,1.0
TEST,M2-MACHINE_m1p0_s216_ED,M2_MACHINE,1.0,216,E-D,R0_FROZEN_B2,NA,0,0,0.00043340908813237845,0.04334090881323784,0.03242074868267725,0.00019341680711957128,0.0006012791744307234,0.1683452102359022,0.17395597640331198,,,,,
TEST,M2-MACHINE_m1p0_s216_ED,M2_MACHINE,1.0,216,E-D,R1_ORACLE_RECENTERED,NA,0,0,9.670533920205695e-06,0.0009670533920205695,0.001131134149360901,2.31552963579852e-05,3.053272096693679e-05,0.002658562824428804,0.00898157363705474,,,,,
TEST,M2-MACHINE_m1p0_s216_ED,M2_MACHINE,1.0,216,E-D,R2A_ONLINE_OFFSET_ONLY,ALWAYS_RECENTER,60,1,0.0004140583332976752,0.04140583332976752,0.0314911587109849,0.00017936483065931222,0.0005811770100916864,0.14694830970136874,0.19494019920723613,-11.1836653745323,0.07774451976108038,1.0,1.0,1.0
TEST,M2-MACHINE_m1p0_s216_ED,M2_MACHINE,1.0,216,E-D,R2A_ONLINE_OFFSET_ONLY,ADAPTIVE_RECENTER,60,1,0.00043340908813237845,0.04334090881323784,0.03242074868267725,0.00019341680711957128,0.0006012791744307234,0.1683452102359022,0.17395597640331198,-5.5801947506165215,0.0005582744470748214,1.0,1.0,1.0
TEST,M2-MACHINE_m1p0_s217_EA,M2_MACHINE,1.0,217,E-A,R0_FROZEN_B2,NA,0,0,0.0007662760706768952,0.07662760706768952,0.056640489077366525,0.0003786115182512735,0.0010639764462032262,0.2914338529854873,0.3224699330126199,,,,,
TEST,M2-MACHINE_m1p0_s217_EA,M2_MACHINE,1.0,217,E-A,R1_ORACLE_RECENTERED,NA,0,0,4.951635791569722e-05,0.004951635791569722,0.0066031728884848335,0.00013461372979238124,0.0001778192232852053,0.011553838189998611,0.05036828986371364,,,,,
TEST,M2-MACHINE_m1p0_s217_EA,M2_MACHINE,1.0,217,E-A,R2A_ONLINE_OFFSET_ONLY,ALWAYS_RECENTER,60,1,0.0007266715490044383,0.07266715490044383,0.056214245380122846,0.00030640610938151015,0.0010330484475445196,0.2565344740906424,0.36315522513489784,-11.097638667208463,0.24979793440875517,1.0,1.0,1.0
TEST,M2-MACHINE_m1p0_s217_EA,M2_MACHINE,1.0,217,E-A,R2A_ONLINE_OFFSET_ONLY,ADAPTIVE_RECENTER,60,1,0.0007738480161212246,0.07738480161212247,0.05904323935485823,0.0003836938136059177,0.0011059770562277965,0.29042189685012626,0.35619576579977674,-7.4731435828941555,0.14100131800177054,0.9861751152073732,0.9985820630981921,0.9996455157745481
TEST,M2-MACHINE_m1p0_s218_EB,M2_MACHINE,1.0,218,E-B,R0_FROZEN_B2,NA,0,0,2.3715407192770883e-06,0.00023715407192770882,0.0004394692624806546,7.515727025292674e-06,1.077891597247655e-05,0.0004206821761946144,0.002872340580700017,,,,,
TEST,M2-MACHINE_m1p0_s218_EB,M2_MACHINE,1.0,218,E-B,R1_ORACLE_RECENTERED,NA,0,0,2.3715407192770883e-06,0.00023715407192770882,0.0004394692624806546,7.515727025292674e-06,1.077891597247655e-05,0.0004206821761946144,0.002872340580700017,,,,,
TEST,M2-MACHINE_m1p0_s218_EB,M2_MACHINE,1.0,218,E-B,R2A_ONLINE_OFFSET_ONLY,ALWAYS_RECENTER,60,1,3.5239364178946655e-05,0.0035239364178946656,0.0031015846566595567,5.810465724551243e-05,7.979753296433641e-05,0.012821881285374617,0.020110097133181862,-11.221935315094068,0.0012046386375419924,1.0,1.0,1.0
TEST,M2-MACHINE_m1p0_s218_EB,M2_MACHINE,1.0,218,E-B,R2A_ONLINE_OFFSET_ONLY,ADAPTIVE_RECENTER,60,1,2.3715407192770883e-06,0.00023715407192770882,0.0004394692624806546,7.515727025292674e-06,1.077891597247655e-05,0.0004206821761946144,0.002872340580700017,-5.580473760783885,2.541123460787684e-07,1.0,1.0,1.0
TEST,M2-MACHINE_m1p0_s219_EC,M2_MACHINE,1.0,219,E-C,R0_FROZEN_B2,NA,0,0,5.57712248269165e-06,0.000557712248269165,0.0002502705385917243,7.1830164256362635e-06,8.437524830053746e-06,0.0020393828326482253,0.0024602630119868875,,,,,
TEST,M2-MACHINE_m1p0_s219_EC,M2_MACHINE,1.0,219,E-C,R1_ORACLE_RECENTERED,NA,0,0,8.639590131221967e-08,8.639590131221967e-06,1.6783289464635165e-05,2.2940248930789121e-07,3.737304603586062e-07,6.188715423362802e-05,0.0001234764406657657,,,,,
TEST,M2-MACHINE_m1p0_s219_EC,M2_MACHINE,1.0,219,E-C,R2A_ONLINE_OFFSET_ONLY,ALWAYS_RECENTER,60,1,5.517164430349318e-06,0.0005517164430349318,0.00026360479537316026,7.096764535816999e-06,8.491793633543128e-06,0.0020136154413325134,0.002621579208546297,-11.222530647587497,1.397365068483286e-05,1.0,1.0,1.0
TEST,M2-MACHINE_m1p0_s219_EC,M2_MACHINE,1.0,219,E-C,R2A_ONLINE_OFFSET_ONLY,ADAPTIVE_RECENTER,60,1,5.57712248269165e-06,0.000557712248269165,0.0002502705385917243,7.1830164256362635e-06,8.437524830053746e-06,0.0020393828326482253,0.0024602630119868875,-5.580473835115348,1.0544942184034255e-07,1.0,1.0,1.0
TEST,M2-MACHINE_m1p0_s220_ED,M2_MACHINE,1.0,220,E-D,R0_FROZEN_B2,NA,0,0,0.0004813754242597685,0.04813754242597685,0.035985110285363775,0.000215824631650519,0.0006677393990589205,0.18666351036275755,0.19372288177166722,,,,,
TEST,M2-MACHINE_m1p0_s220_ED,M2_MACHINE,1.0,220,E-D,R1_ORACLE_RECENTERED,NA,0,0,1.2009578162761014e-05,0.0012009578162761013,0.0013868131071813053,2.930186980553068e-05,3.813147803189848e-05,0.003238387801376155,0.01116398523918696,,,,,
TEST,M2-MACHINE_m1p0_s220_ED,M2_MACHINE,1.0,220,E-D,R2A_ONLINE_OFFSET_ONLY,ALWAYS_RECENTER,60,1,0.0004597849113131301,0.045978491131313005,0.03498310220169054,0.00019837140463753634,0.0006453347890808751,0.16317445528356223,0.21682749945465055,-11.174543307112529,0.09598865460062313,1.0,1.0,1.0
TEST,M2-MACHINE_m1p0_s220_ED,M2_MACHINE,1.0,220,E-D,R2A_ONLINE_OFFSET_ONLY,ADAPTIVE_RECENTER,60,1,0.0004813754242597685,0.04813754242597685,0.035985110285363775,0.000215824631650519,0.0006677393990589205,0.18666351036275755,0.19372288177166722,-5.580129523039114,0.000688729601889451,1.0,1.0,1.0
TEST,M2-MACHINE_m1p5_s201_EA,M2_MACHINE,1.5,201,E-A,R0_FROZEN_B2,NA,0,0,0.0003844071561355193,0.03844071561355193,0.02867622679699074,0.00017459255902506867,0.0005329568508371346,0.14828617192711668,0.15621789838766748,,,,,
TEST,M2-MACHINE_m1p5_s201_EA,M2_MACHINE,1.5,201,E-A,R1_ORACLE_RECENTERED,NA,0,0,1.1988144124332641e-05,0.001198814412433264,0.0016134708307149839,3.128103322357032e-05,4.2237323746407655e-05,0.002771296741494369,0.012086098149290792,,,,,
TEST,M2-MACHINE_m1p5_s201_EA,M2_MACHINE,1.5,201,E-A,R2A_ONLINE_OFFSET_ONLY,ALWAYS_RECENTER,60,1,0.00036610551829039425,0.036610551829039426,0.028092947981157412,0.00016133034760206936,0.0005188810792788906,0.12913208470942134,0.17873812070032769,-11.191384464848246,0.06230633912918935,1.0,1.0,1.0
TEST,M2-MACHINE_m1p5_s201_EA,M2_MACHINE,1.5,201,E-A,R2A_ONLINE_OFFSET_ONLY,ADAPTIVE_RECENTER,60,1,0.0003844071561355193,0.03844071561355193,0.02867622679699074,0.00017459255902506867,0.0005329568508371346,0.14828617192711668,0.15621789838766748,-5.580254235286531,0.0004393051070557568,1.0,1.0,1.0
TEST,M2-MACHINE_m1p5_s202_EB,M2_MACHINE,1.5,202,E-B,R0_FROZEN_B2,NA,0,0,6.251885569845297e-07,6.251885569845297e-05,0.00011541884001210779,1.9672161735263205e-06,2.826190476954443e-06,0.0001080830222873162,0.0007664454053129624,,,,,
TEST,M2-MACHINE_m1p5_s202_EB,M2_MACHINE,1.5,202,E-B,R1_ORACLE_RECENTERED,NA,0,0,6.251885569845297e-07,6.251885569845297e-05,0.00011541884001210779,1.9672161735263205e-06,2.826190476954443e-06,0.0001080830222873162,0.0007664454053129624,,,,,
TEST,M2-MACHINE_m1p5_s202_EB,M2_MACHINE,1.5,202,E-B,R2A_ONLINE_OFFSET_ONLY,ALWAYS_RECENTER,60,1,1.8094494160451714e-05,0.0018094494160451715,0.0016494324833511663,2.8778775546377005e-05,4.091058915450533e-05,0.0065951088939667744,0.01025083653705892,-11.222380599634477,0.0003140695567294699,1.0,1.0,1.0
TEST,M2-MACHINE_m1p5_s202_EB,M2_MACHINE,1.5,202,E-B,R2A_ONLINE_OFFSET_ONLY,ADAPTIVE_RECENTER,60,1,6.251885569845297e-07,6.251885569845297e-05,0.00011541884001210779,1.9672161735263205e-06,2.826190476954443e-06,0.0001080830222873162,0.0007664454053129624,-5.580473879083173,1.7513771309077906e-08,1.0,1.0,1.0
TEST,M2-MACHINE_m1p5_s203_EC,M2_MACHINE,1.5,203,E-C,R0_FROZEN_B2,NA,0,0,2.6986674180407044e-06,0.00026986674180407043,0.00012109433309595153,3.4756777794568455e-06,4.082661158412688e-06,0.0009867777324174378,0.0011902818091453261,,,,,
TEST,M2-MACHINE_m1p5_s203_EC,M2_MACHINE,1.5,203,E-C,R1_ORACLE_RECENTERED,NA,0,0,4.207381938002683e-08,4.2073819380026835e-06,8.118383351855142e-06,1.1208937499523477e-07,1.814722407696016e-07,3.030830207239419e-05,6.011522330829976e-05,,,,,
TEST,M2-MACHINE_m1p5_s203_EC,M2_MACHINE,1.5,203,E-C,R2A_ONLINE_OFFSET_ONLY,ALWAYS_RECENTER,60,1,2.6693068488307575e-06,0.00026693068488307573,0.00012749721018034447,3.4336506925758123e-06,4.108199808280749e-06,0.0009743075396951808,0.0012680415591944986,-11.222535998724519,3.2713766396577315e-06,1.0,1.0,1.0
TEST,M2-MACHINE_m1p5_s203_EC,M2_MACHINE,1.5,203,E-C,R2A_ONLINE_OFFSET_ONLY,ADAPTIVE_RECENTER,60,1,2.6986674180407044e-06,0.00026986674180407043,0.00012109433309595153,3.4756777794568455e-06,4.082661158412688e-06,0.0009867777324174378,0.0011902818091453261,-5.5804738754954295,2.468925895646929e-08,1.0,1.0,1.0
TEST,M2-MACHINE_m1p5_s204_ED,M2_MACHINE,1.5,204,E-D,R0_FROZEN_B2,NA,0,0,0.0002893122323086448,0.028931223230864483,0.021683369224355892,0.00012752719133594416,0.000401581346299631,0.11292126026370511,0.11518934479448964,,,,,
TEST,M2-MACHINE_m1p5_s204_ED,M2_MACHINE,1.5,204,E-D,R1_ORACLE_RECENTERED,NA,0,0,4.198533192270122e-06,0.0004198533192270122,0.0005307141997841607,8.975680385478628e-06,1.2951150491879373e-05,0.001338233517796301,0.003911960520592445,,,,,
TEST,M2-MACHINE_m1p5_s204_ED,M2_MACHINE,1.5,204,E-D,R2A_ONLINE_OFFSET_ONLY,ALWAYS_RECENTER,60,1,0.00027657502635841446,0.027657502635841446,0.021007792118024456,0.00012138358251204767,0.0003882681005203933,0.09807606308468858,0.12951916034003377,-11.20526492810984,0.03454541260600153,1.0,1.0,1.0
TEST,M2-MACHINE_m1p5_s204_ED,M2_MACHINE,1.5,204,E-D,R2A_ONLINE_OFFSET_ONLY,ADAPTIVE_RECENTER,60,1,0.0002893122323086448,0.028931223230864483,0.021683369224355892,0.00012752719133594416,0.000401581346299631,0.11292126026370511,0.11518934479448964,-5.58034946221794,0.0002488512442373954,1.0,1.0,1.0
TEST,M2-MACHINE_m1p5_s205_EA,M2_MACHINE,1.5,205,E-A,R0_FROZEN_B2,NA,0,0,0.00047996143714888566,0.04799614371488856,0.035725901328307864,0.00022200034100466038,0.0006654238633171829,0.1843824760781117,0.19678539536845235,,,,,
TEST,M2-MACHINE_m1p5_s205_EA,M2_MACHINE,1.5,205,E-A,R1_ORACLE_RECENTERED,NA,0,0,1.89200547029709e-05,0.00189200547029709,0.0025239239699678274,5.040881671825069e-05,6.717354493348863e-05,0.004457768297439615,0.01912537215066426,,,,,
TEST,M2-MACHINE_m1p5_s205_EA,M2_MACHINE,1.5,205,E-A,R2A_ONLINE_OFFSET_ONLY,ALWAYS_RECENTER,60,1,0.0004567103074436279,0.04567103074436279,0.03511515137254856,0.0001984332121467684,0.0006475495811082529,0.1613995813893715,0.2242426711823385,-11.173849527336854,0.09737621415197042,1.0,1.0,1.0
TEST,M2-MACHINE_m1p5_s205_EA,M2_MACHINE,1.5,205,E-A,R2A_ONLINE_OFFSET_ONLY,ADAPTIVE_RECENTER,60,1,0.0005576961804390608,0.05576961804390608,0.04086966917131344,0.0004300943735422298,0.0008384147686275173,0.19059141349351783,0.2146705623206078,-6.021533116381385,0.1351497104305284,0.9751861042183623,0.9897199574618929,0.9946827366182205
TEST,M2-MACHINE_m1p5_s206_EB,M2_MACHINE,1.5,206,E-B,R0_FROZEN_B2,NA,0,0,9.516766064977186e-07,9.516766064977186e-05,0.00017657825013635164,3.0054578972240613e-06,4.320885714815858e-06,0.00016196047562094392,0.0011630904851199937,,,,,
TEST,M2-MACHINE_m1p5_s206_EB,M2_MACHINE,1.5,206,E-B,R1_ORACLE_RECENTERED,NA,0,0,9.516766064977186e-07,9.516766064977186e-05,0.00017657825013635164,3.0054578972240613e-06,4.320885714815858e-06,0.00016196047562094392,0.0011630904851199937,,,,,
TEST,M2-MACHINE_m1p5_s206_EB,M2_MACHINE,1.5,206,E-B,R2A_ONLINE_OFFSET_ONLY,ALWAYS_RECENTER,60,1,2.2346747932886373e-05,0.0022346747932886373,0.0020191007783867364,3.586199534327815e-05,5.052910128731726e-05,0.008143415955683419,0.01267307349626793,-11.222297342025435,0.0004805847748083373,1.0,1.0,1.0
TEST,M2-MACHINE_m1p5_s206_EB,M2_MACHINE,1.5,206,E-B,R2A_ONLINE_OFFSET_ONLY,ADAPTIVE_RECENTER,60,1,9.516766064977186e-07,9.516766064977186e-05,0.00017657825013635164,3.0054578972240613e-06,4.320885714815858e-06,0.00016196047562094392,0.0011630904851199937,-5.58047386739247,4.0895176478606e-08,1.0,1.0,1.0
TEST,M2-MACHINE_m1p5_s207_EC,M2_MACHINE,1.5,207,E-C,R0_FROZEN_B2,NA,0,0,3.4182930063452017e-06,0.0003418293006345202,0.0001533874789144508,4.402517483072773e-06,5.1713743434323035e-06,0.0012499245035469543,0.001507743008554381,,,,,
TEST,M2-MACHINE_m1p5_s207_EC,M2_MACHINE,1.5,207,E-C,R1_ORACLE_RECENTERED,NA,0,0,5.320933580310075e-08,5.3209335803100755e-06,1.0283849618545939e-05,1.416381436231262e-07,2.2966160240013105e-07,3.823048641049293e-05,7.602899450663978e-05,,,,,
TEST,M2-MACHINE_m1p5_s207_EC,M2_MACHINE,1.5,207,E-C,R2A_ONLINE_OFFSET_ONLY,ALWAYS_RECENTER,60,1,3.381127713649005e-06,0.0003381127713649005,0.00016149779985622043,4.349324711299686e-06,5.2037587549579e-06,0.0012341209079758959,0.0016062218340736271,-11.222535010014854,5.248795974907111e-06,1.0,1.0,1.0
TEST,M2-MACHINE_m1p5_s207_EC,M2_MACHINE,1.5,207,E-C,R2A_ONLINE_OFFSET_ONLY,ADAPTIVE_RECENTER,60,1,3.4182930063452017e-06,0.0003418293006345202,0.0001533874789144508,4.402517483072773e-06,5.1713743434323035e-06,0.0012499245035469543,0.001507743008554381,-5.580473868033841,3.961243598825602e-08,1.0,1.0,1.0
TEST,M2-MACHINE_m1p5_s208_ED,M2_MACHINE,1.5,208,E-D,R0_FROZEN_B2,NA,0,0,0.0003373821024299381,0.03373821024299381,0.025270389055451165,0.00014927509441241933,0.00046821163243857173,0.13146874923350255,0.1346849806794733,,,,,
TEST,M2-MACHINE_m1p5_s208_ED,M2_MACHINE,1.5,208,E-D,R1_ORACLE_RECENTERED,NA,0,0,5.748963808070817e-06,0.0005748963808070817,0.0007025257045487494,1.2927201547162794e-05,1.788500743857565e-05,0.001709186954880853,0.0053390477086470815,,,,,
TEST,M2-MACHINE_m1p5_s208_ED,M2_MACHINE,1.5,208,E-D,R2A_ONLINE_OFFSET_ONLY,ALWAYS_RECENTER,60,1,0.00032247016850538575,0.032247016850538573,0.024503901534773984,0.00014087332853751657,0.00045265144235102494,0.11432996269053071,0.15125771361133075,-11.199026916505598,0.04702143581448289,1.0,1.0,1.0
TEST,M2-MACHINE_m1p5_s208_ED,M2_MACHINE,1.5,208,E-D,R2A_ONLINE_OFFSET_ONLY,ADAPTIVE_RECENTER,60,1,0.0003373821024299381,0.03373821024299381,0.025270389055451165,0.00014927509441241933,0.00046821163243857173,0.13146874923350255,0.1346849806794733,-5.580304716045866,0.0003383435883859693,1.0,1.0,1.0
TEST,M2-MACHINE_m1p5_s209_EA,M2_MACHINE,1.5,209,E-A,R0_FROZEN_B2,NA,0,0,0.00057541391556695,0.05754139155669501,0.0427346207957378,0.0002715755382075876,0.0007979515577047001,0.22032643800117632,0.2379914721556836,,,,,
TEST,M2-MACHINE_m1p5_s209_EA,M2_MACHINE,1.5,209,E-A,R1_ORACLE_RECENTERED,NA,0,0,2.744428584387922e-05,0.002744428584387922,0.0036516060491995567,7.392284920931546e-05,9.793555719803155e-05,0.006340394033891618,0.02780632859558904,,,,,
TEST,M2-MACHINE_m1p5_s209_EA,M2_MACHINE,1.5,209,E-A,R2A_ONLINE_OFFSET_ONLY,ALWAYS_RECENTER,60,1,0.0005469921361833763,0.05469921361833763,0.042140728002904415,0.0002347918728047754,0.0007760426459939436,0.1930871371981684,0.2701054840416801,-11.152397210765274,0.14028084729513216,1.0,1.0,1.0
TEST,M2-MACHINE_m1p5_s209_EA,M2_MACHINE,1.5,209,E-A,R2A_ONLINE_OFFSET_ONLY,ADAPTIVE_RECENTER,60,1,0.0006249116356189737,0.06249116356189737,0.04618555458668765,0.0003864485414092248,0.0008996002172524981,0.2240458548771391,0.2592071753865232,-6.727972966472706,0.11679997406329715,0.9833392414037575,0.9957461892945764,0.9985820630981921
TEST,M2-MACHINE_m1p5_s210_EB,M2_MACHINE,1.5,210,E-B,R0_FROZEN_B2,NA,0,0,1.3484695602972488e-06,0.00013484695602972488,0.00025058208772460683,4.265849907803134e-06,6.132360766263524e-06,0.00023208599030687045,0.0016427085826051728,,,,,
TEST,M2-MACHINE_m1p5_s210_EB,M2_MACHINE,1.5,210,E-B,R1_ORACLE_RECENTERED,NA,0,0,1.3484695602972488e-06,0.00013484695602972488,0.00025058208772460683,4.265849907803134e-06,6.132360766263524e-06,0.00023208599030687045,0.0016427085826051728,,,,,
TEST,M2-MACHINE_m1p5_s210_EB,M2_MACHINE,1.5,210,E-B,R2A_ONLINE_OFFSET_ONLY,ALWAYS_RECENTER,60,1,2.659892157282007e-05,0.002659892157282007,0.0023819495154602864,4.3068771026761604e-05,6.015541530742593e-05,0.009690394939220465,0.015102488708866303,-11.222196104811243,0.0006830592031949357,1.0,1.0,1.0
TEST,M2-MACHINE_m1p5_s210_EB,M2_MACHINE,1.5,210,E-B,R2A_ONLINE_OFFSET_ONLY,ADAPTIVE_RECENTER,60,1,1.3484695602972488e-06,0.00013484695602972488,0.00025058208772460683,4.265849907803134e-06,6.132360766263524e-06,0.00023208599030687045,0.0016427085826051728,-5.580473846685858,8.230840138343225e-08,1.0,1.0,1.0
TEST,M2-MACHINE_m1p5_s211_EC,M2_MACHINE,1.5,211,E-C,R0_FROZEN_B2,NA,0,0,4.137910660160234e-06,0.00041379106601602343,0.00018568120578568202,5.3293540340134366e-06,6.260089315624983e-06,0.0015130750003321957,0.001825226411630944,,,,,
TEST,M2-MACHINE_m1p5_s211_EC,M2_MACHINE,1.5,211,E-C,R1_ORACLE_RECENTERED,NA,0,0,6.430990085879688e-08,6.430990085879688e-06,1.2449565097387425e-05,1.7104350288634282e-07,2.7776624614690957e-07,4.609564150510087e-05,9.189357056787398e-05,,,,,
TEST,M2-MACHINE_m1p5_s211_EC,M2_MACHINE,1.5,211,E-C,R2A_ONLINE_OFFSET_ONLY,ALWAYS_RECENTER,60,1,4.092951052181874e-06,0.00040929510521818747,0.00019549897806405081,5.265013042027744e-06,6.299334436270707e-06,0.0014939336489235987,0.0019444172181059464,-11.22253378864887,7.691527938600639e-06,1.0,1.0,1.0
TEST,M2-MACHINE_m1p5_s211_EC,M2_MACHINE,1.5,211,E-C,R2A_ONLINE_OFFSET_ONLY,ADAPTIVE_RECENTER,60,1,4.137910660160234e-06,0.00041379106601602343,0.00018568120578568202,5.3293540340134366e-06,6.260089315624983e-06,0.0015130750003321957,0.001825226411630944,-5.580473858816621,5.804687576812016e-08,1.0,1.0,1.0
TEST,M2-MACHINE_m1p5_s212_ED,M2_MACHINE,1.5,212,E-D,R0_FROZEN_B2,NA,0,0,0.0003854153966650749,0.03854153966650749,0.028849872596794328,0.0001712197733763678,0.0005347774206133499,0.14990902078667614,0.1542687722714856,,,,,
TEST,M2-MACHINE_m1p5_s212_ED,M2_MACHINE,1.5,212,E-D,R1_ORACLE_RECENTERED,NA,0,0,7.558694437974214e-06,0.0007558694437974214,0.000901622308020369,1.7605509630761174e-05,2.36978888762232e-05,0.002173043051313106,0.007014152700462566,,,,,
TEST,M2-MACHINE_m1p5_s212_ED,M2_MACHINE,1.5,212,E-D,R2A_ONLINE_OFFSET_ONLY,ALWAYS_RECENTER,60,1,0.00036831017270256563,0.03683101727025656,0.027998611524891668,0.00016018909985388342,0.0005169552276469116,0.1306648038363168,0.1730422607260028,-11.191828364842666,0.061418539140351246,1.0,1.0,1.0
TEST,M2-MACHINE_m1p5_s212_ED,M2_MACHINE,1.5,212,E-D,R2A_ONLINE_OFFSET_ONLY,ADAPTIVE_RECENTER,60,1,0.0003854153966650749,0.03854153966650749,0.028849872596794328,0.0001712197733763678,0.0005347774206133499,0.14990902078667614,0.1542687722714856,-5.580253143512605,0.0004414886549083793,1.0,1.0,1.0
TEST,M2-MACHINE_m1p5_s213_EA,M2_MACHINE,1.5,213,E-A,R0_FROZEN_B2,NA,0,0,0.0006708299097632104,0.06708299097632103,0.04970654833318506,0.0003235726506096588,0.0009307247764121053,0.25627655340372646,0.2798500114184082,,,,,
TEST,M2-MACHINE_m1p5_s213_EA,M2_MACHINE,1.5,213,E-A,R1_ORACLE_RECENTERED,NA,0,0,3.755911324205458e-05,0.003755911324205458,0.005001606243052343,0.00010173828801625446,0.00013451418602142832,0.008898155738192163,0.038126686004314105,,,,,
TEST,M2-MACHINE_m1p5_s213_EA,M2_MACHINE,1.5,213,E-A,R2A_ONLINE_OFFSET_ONLY,ALWAYS_RECENTER,60,1,0.0006369847504667486,0.06369847504667486,0.049171885349630115,0.0002706881997131697,0.0009044833941034131,0.22452936301109627,0.31634047534099086,-11.127010457559349,0.19105435370698154,1.0,1.0,1.0
TEST,M2-MACHINE_m1p5_s213_EA,M2_MACHINE,1.5,213,E-A,R2A_ONLINE_OFFSET_ONLY,ADAPTIVE_RECENTER,60,1,0.000696586230484618,0.06965862304846179,0.052399009028204435,0.00037645380463955915,0.0009949483458817402,0.25630114034680695,0.307353079674269,-7.1676836210803,0.12180292334274287,0.9847571783055654,0.9975186104218362,0.9989365473236441
TEST,M2-MACHINE_m1p5_s214_EB,M2_MACHINE,1.5,214,E-B,R0_FROZEN_B2,NA,0,0,1.8158692332415718e-06,0.0001815869233241572,0.00033736657252437667,5.749685839797389e-06,8.260717446305899e-06,0.0003194185836372069,0.002205421792954493,,,,,
TEST,M2-MACHINE_m1p5_s214_EB,M2_MACHINE,1.5,214,E-B,R1_ORACLE_RECENTERED,NA,0,0,1.8158692332415718e-06,0.0001815869233241572,0.00033736657252437667,5.749685839797389e-06,8.260717446305899e-06,0.0003194185836372069,0.002205421792954493,,,,,
TEST,M2-MACHINE_m1p5_s214_EB,M2_MACHINE,1.5,214,E-B,R2A_ONLINE_OFFSET_ONLY,ALWAYS_RECENTER,60,1,3.085194014651288e-05,0.003085194014651288,0.002738078571352998,5.0401338611465196e-05,6.979465674150591e-05,0.01123604739364451,0.017540643549606397,-11.222076705048817,0.000921858728046551,1.0,1.0,1.0
TEST,M2-MACHINE_m1p5_s214_EB,M2_MACHINE,1.5,214,E-B,R2A_ONLINE_OFFSET_ONLY,ADAPTIVE_RECENTER,60,1,1.8158692332415718e-06,0.0001815869233241572,0.00033736657252437667,5.749685839797389e-06,8.260717446305899e-06,0.0003194185836372069,0.002205421792954493,-5.580473813206501,1.4926711637561658e-07,1.0,1.0,1.0
TEST,M2-MACHINE_m1p5_s215_EC,M2_MACHINE,1.5,215,E-C,R0_FROZEN_B2,NA,0,0,4.857520322009318e-06,0.00048575203220093175,0.0002179754935623999,6.2561873672576445e-06,7.3488058349742645e-06,0.0017762271599204126,0.0021427320404367183,,,,,
TEST,M2-MACHINE_m1p5_s215_EC,M2_MACHINE,1.5,215,E-C,R1_ORACLE_RECENTERED,NA,0,0,7.53756271088535e-08,7.5375627108853494e-06,1.4615529612818702e-05,2.0030555975924405e-07,3.2578644292329187e-07,5.400388739225719e-05,0.00010770891057371329,,,,,
TEST,M2-MACHINE_m1p5_s215_EC,M2_MACHINE,1.5,215,E-C,R2A_ONLINE_OFFSET_ONLY,ALWAYS_RECENTER,60,1,4.804776804882943e-06,0.00048047768048829434,0.00022950072685503292,6.180715609766792e-06,7.3949266172754e-06,0.0017537454392919966,0.002282627736935467,-11.222532334619391,1.0599586898413794e-05,1.0,1.0,1.0
TEST,M2-MACHINE_m1p5_s215_EC,M2_MACHINE,1.5,215,E-C,R2A_ONLINE_OFFSET_ONLY,ADAPTIVE_RECENTER,60,1,4.857520322009318e-06,0.00048575203220093175,0.0002179754935623999,6.2561873672576445e-06,7.3488058349742645e-06,0.0017762271599204126,0.0021427320404367183,-5.580473847843785,7.999254888978723e-08,1.0,1.0,1.0
TEST,M2-MACHINE_m1p5_s216_ED,M2_MACHINE,1.5,216,E-D,R0_FROZEN_B2,NA,0,0,0.0004334144412281132,0.04334144412281132,0.03242188904584791,0.00019338065839672486,0.0006012866800474357,0.16834843131370325,0.17394183095955348,,,,,
TEST,M2-MACHINE_m1p5_s216_ED,M2_MACHINE,1.5,216,E-D,R1_ORACLE_RECENTERED,NA,0,0,9.627756030638184e-06,0.0009627756030638184,0.0011284609998612112,2.3002800365104136e-05,3.038647081950982e-05,0.002646814862801331,0.008937250700987567,,,,,
TEST,M2-MACHINE_m1p5_s216_ED,M2_MACHINE,1.5,216,E-D,R2A_ONLINE_OFFSET_ONLY,ALWAYS_RECENTER,60,1,0.0004140959006617026,0.04140959006617026,0.03149195975518631,0.00017934528884786818,0.0005811847830634178,0.147000138430747,0.19487373109428113,-11.183668757003405,0.07773775481887181,1.0,1.0,1.0
TEST,M2-MACHINE_m1p5_s216_ED,M2_MACHINE,1.5,216,E-D,R2A_ONLINE_OFFSET_ONLY,ADAPTIVE_RECENTER,60,1,0.0004334144412281132,0.04334144412281132,0.03242188904584791,0.00019338065839672486,0.0006012866800474357,0.16834843131370325,0.17394183095955348,-5.5801947456129035,0.0005582844543091433,1.0,1.0,1.0
TEST,M2-MACHINE_m1p5_s217_EA,M2_MACHINE,1.5,217,E-A,R0_FROZEN_B2,NA,0,0,0.0007662767881150167,0.07662767881150168,0.05664628179054164,0.00037820379109295343,0.0010639276349140429,0.29148841117856356,0.3223735271590071,,,,,
TEST,M2-MACHINE_m1p5_s217_EA,M2_MACHINE,1.5,217,E-A,R1_ORACLE_RECENTERED,NA,0,0,4.9263222252139184e-05,0.004926322225213918,0.006578843409345623,0.00013377009024906022,0.00017690097043192773,0.011484581562898466,0.050084378528487905,,,,,
TEST,M2-MACHINE_m1p5_s217_EA,M2_MACHINE,1.5,217,E-A,R2A_ONLINE_OFFSET_ONLY,ALWAYS_RECENTER,60,1,0.0007267345532649493,0.07267345532649493,0.0562110098398419,0.00030640351924876504,0.0010329948628294426,0.25657546836175676,0.3629608834553233,-11.097667857604284,0.24973955361711264,1.0,1.0,1.0
TEST,M2-MACHINE_m1p5_s217_EA,M2_MACHINE,1.5,217,E-A,R2A_ONLINE_OFFSET_ONLY,ADAPTIVE_RECENTER,60,1,0.000773649963087348,0.07736499630873479,0.05902767025796972,0.0003830898564102435,0.0011055079187728182,0.29041936132278123,0.3560159512133694,-7.473358164427148,0.14057215493578573,0.9861751152073732,0.9985820630981921,0.9996455157745481
TEST,M2-MACHINE_m1p5_s218_EB,M2_MACHINE,1.5,218,E-B,R0_FROZEN_B2,NA,0,0,2.3540367969669913e-06,0.00023540367969669912,0.00043686742557475357,7.4582562493067075e-06,1.0706055917703909e-05,0.0004130831245923139,0.002851317946094773,,,,,
TEST,M2-MACHINE_m1p5_s218_EB,M2_MACHINE,1.5,218,E-B,R1_ORACLE_RECENTERED,NA,0,0,2.3540367969669913e-06,0.00023540367969669912,0.00043686742557475357,7.4582562493067075e-06,1.0706055917703909e-05,0.0004130831245923139,0.002851317946094773,,,,,
TEST,M2-MACHINE_m1p5_s218_EB,M2_MACHINE,1.5,218,E-B,R2A_ONLINE_OFFSET_ONLY,ALWAYS_RECENTER,60,1,3.5106726728467354e-05,0.003510672672846735,0.0030875893044475,5.78618980571522e-05,7.94519481040783e-05,0.012780374225868616,0.019989093090327783,-11.221938948443619,0.0011973719384436642,1.0,1.0,1.0
TEST,M2-MACHINE_m1p5_s218_EB,M2_MACHINE,1.5,218,E-B,R2A_ONLINE_OFFSET_ONLY,ADAPTIVE_RECENTER,60,1,2.3540367969669913e-06,0.00023540367969669912,0.00043686742557475357,7.4582562493067075e-06,1.0706055917703909e-05,0.0004130831245923139,0.002851317946094773,-5.580473762539779,2.506005591773071e-07,1.0,1.0,1.0
TEST,M2-MACHINE_m1p5_s219_EC,M2_MACHINE,1.5,219,E-C,R0_FROZEN_B2,NA,0,0,5.5771220085824035e-06,0.0005577122008582403,0.00025027034688578363,7.183017549333564e-06,8.437524000835448e-06,0.0020393830877156074,0.002460259888957806,,,,,
TEST,M2-MACHINE_m1p5_s219_EC,M2_MACHINE,1.5,219,E-C,R1_ORACLE_RECENTERED,NA,0,0,8.640665955931437e-08,8.640665955931436e-06,1.678172153904433e-05,2.294244578258728e-07,3.737221902359683e-07,6.1899357400979e-05,0.00012347492938066194,,,,,
TEST,M2-MACHINE_m1p5_s219_EC,M2_MACHINE,1.5,219,E-C,R2A_ONLINE_OFFSET_ONLY,ALWAYS_RECENTER,60,1,5.516605008970299e-06,0.00055166050089703,0.00026350305417807696,7.096432471934299e-06,8.490535422453734e-06,0.0020135565644049318,0.0026208533888585402,-11.222530647919243,1.39729871942119e-05,1.0,1.0,1.0
TEST,M2-MACHINE_m1p5_s219_EC,M2_MACHINE,1.5,219,E-C,R2A_ONLINE_OFFSET_ONLY,ADAPTIVE_RECENTER,60,1,5.5771220085824035e-06,0.0005577122008582403,0.00025027034688578363,7.183017549333564e-06,8.437524000835448e-06,0.0020393830877156074,0.002460259888957806,-5.580473835115344,1.0544942894391688e-07,1.0,1.0,1.0
TEST,M2-MACHINE_m1p5_s220_ED,M2_MACHINE,1.5,220,E-D,R0_FROZEN_B2,NA,0,0,0.0004813816051126734,0.04813816051126734,0.03598651470315379,0.00021577647103807282,0.0006677473848397248,0.1866635807062942,0.19370523376689308,,,,,
TEST,M2-MACHINE_m1p5_s220_ED,M2_MACHINE,1.5,220,E-D,R1_ORACLE_RECENTERED,NA,0,0,1.1956197406460756e-05,0.0011956197406460757,0.0013834365970196289,2.9112900387570706e-05,3.7948311162390054e-05,0.003230563942377794,0.011108193212187149,,,,,
TEST,M2-MACHINE_m1p5_s220_ED,M2_MACHINE,1.5,220,E-D,R2A_ONLINE_OFFSET_ONLY,ALWAYS_RECENTER,60,1,0.00045982823325714593,0.04598282332571459,0.03498398677155392,0.0001983563688614783,0.0006453454398783084,0.16318132095680205,0.21675304089750524,-11.17454747492807,0.09598031896953867,1.0,1.0,1.0
TEST,M2-MACHINE_m1p5_s220_ED,M2_MACHINE,1.5,220,E-D,R2A_ONLINE_OFFSET_ONLY,ADAPTIVE_RECENTER,60,1,0.0004813816051126734,0.04813816051126734,0.03598651470315379,0.00021577647103807282,0.0006677473848397248,0.1866635807062942,0.19370523376689308,-5.580129518266761,0.0006887391465941599,1.0,1.0,1.0
TEST,M6-OPERATING-POINT_m0p0_s201_EA,M6_OPERATING_POINT,0.0,201,E-A,R0_FROZEN_B2,NA,0,0,0.0003843856459803053,0.03843856459803053,0.02867105098668304,0.00017478392124995224,0.0005329329542843438,0.14827465031483014,0.1562847974839115,,,,,
TEST,M6-OPERATING-POINT_m0p0_s201_EA,M6_OPERATING_POINT,0.0,201,E-A,R1_ORACLE_RECENTERED,NA,0,0,1.2173761852464172e-05,0.0012173761852464172,0.0016306113013118259,3.192526036899295e-05,4.291753885642596e-05,0.00281154282862447,0.012292937586539333,,,,,
TEST,M6-OPERATING-POINT_m0p0_s201_EA,M6_OPERATING_POINT,0.0,201,E-A,R2A_ONLINE_OFFSET_ONLY,ALWAYS_RECENTER,60,1,0.00036605089492085783,0.03660508949208578,0.02809549251858038,0.00016149529235973963,0.0005189735408239845,0.12907952292383384,0.17899712704958448,-11.191364095398603,0.0623470780284744,1.0,1.0,1.0
TEST,M6-OPERATING-POINT_m0p0_s201_EA,M6_OPERATING_POINT,0.0,201,E-A,R2A_ONLINE_OFFSET_ONLY,ADAPTIVE_RECENTER,60,1,0.0003843856459803053,0.03843856459803053,0.02867105098668304,0.00017478392124995224,0.0005329329542843438,0.14827465031483014,0.1562847974839115,-5.5802542373153425,0.0004393010494335435,1.0,1.0,1.0
TEST,M6-OPERATING-POINT_m0p0_s202_EB,M6_OPERATING_POINT,0.0,202,E-B,R0_FROZEN_B2,NA,0,0,6.390785224751082e-07,6.390785224751081e-05,0.00011715669512542303,2.012842114389511e-06,2.879909667536341e-06,0.00011621782708346853,0.0007833359067444004,,,,,
TEST,M6-OPERATING-POINT_m0p0_s202_EB,M6_OPERATING_POINT,0.0,202,E-B,R1_ORACLE_RECENTERED,NA,0,0,6.390785224751082e-07,6.390785224751081e-05,0.00011715669512542303,2.012842114389511e-06,2.879909667536341e-06,0.00011621782708346853,0.0007833359067444004,,,,,
TEST,M6-OPERATING-POINT_m0p0_s202_EB,M6_OPERATING_POINT,0.0,202,E-B,R2A_ONLINE_OFFSET_ONLY,ALWAYS_RECENTER,60,1,1.8300118783198817e-05,0.0018300118783198818,0.0016720638955169886,2.9128691020885996e-05,4.14397783192194e-05,0.00665319911471124,0.010435607207361808,-11.222377731032989,0.0003198067597013535,1.0,1.0,1.0
TEST,M6-OPERATING-POINT_m0p0_s202_EB,M6_OPERATING_POINT,0.0,202,E-B,R2A_ONLINE_OFFSET_ONLY,ADAPTIVE_RECENTER,60,1,6.390785224751082e-07,6.390785224751081e-05,0.00011715669512542303,2.012842114389511e-06,2.879909667536341e-06,0.00011621782708346853,0.0007833359067444004,-5.580473878731552,1.8217012840213936e-08,1.0,1.0,1.0
TEST,M6-OPERATING-POINT_m0p0_s203_EC,M6_OPERATING_POINT,0.0,203,E-C,R0_FROZEN_B2,NA,0,0,2.6986692433311425e-06,0.00026986692433311423,0.00012109466136215615,3.475675768011183e-06,4.082662492358969e-06,0.0009867763161826412,0.0011902837270980169,,,,,
TEST,M6-OPERATING-POINT_m0p0_s203_EC,M6_OPERATING_POINT,0.0,203,E-C,R1_ORACLE_RECENTERED,NA,0,0,4.206352229734741e-08,4.20635222973474e-06,8.120861153702387e-06,1.1207538427651669e-07,1.8149785679513048e-07,3.0298294305465984e-05,6.0125640811496935e-05,,,,,
TEST,M6-OPERATING-POINT_m0p0_s203_EC,M6_OPERATING_POINT,0.0,203,E-C,R2A_ONLINE_OFFSET_ONLY,ALWAYS_RECENTER,60,1,2.6701240970314035e-06,0.00026701240970314035,0.00012764631127285044,3.434136084120185e-06,4.110042980572054e-06,0.0009744090896314426,0.00126909526683367,-11.222535998491859,3.271841964199376e-06,1.0,1.0,1.0
TEST,M6-OPERATING-POINT_m0p0_s203_EC,M6_OPERATING_POINT,0.0,203,E-C,R2A_ONLINE_OFFSET_ONLY,ADAPTIVE_RECENTER,60,1,2.6986692433311425e-06,0.00026986692433311423,0.00012109466136215615,3.475675768011183e-06,4.082662492358969e-06,0.0009867763161826412,0.0011902837270980169,-5.580473875495431,2.468925605341523e-08,1.0,1.0,1.0
TEST,M6-OPERATING-POINT_m0p0_s204_ED,M6_OPERATING_POINT,0.0,204,E-D,R0_FROZEN_B2,NA,0,0,0.0002893037644237568,0.02893037644237568,0.021681750698853614,0.00012756503983872458,0.0004015661769669888,0.11288635025976977,0.11520810853999834,,,,,
TEST,M6-OPERATING-POINT_m0p0_s204_ED,M6_OPERATING_POINT,0.0,204,E-D,R1_ORACLE_RECENTERED,NA,0,0,4.252126764972092e-06,0.00042521267649720917,0.0005344874517103537,9.171406855086592e-06,1.313501956033919e-05,0.001363176351739716,0.0039659759424785475,,,,,
TEST,M6-OPERATING-POINT_m0p0_s204_ED,M6_OPERATING_POINT,0.0,204,E-D,R2A_ONLINE_OFFSET_ONLY,ALWAYS_RECENTER,60,1,0.0002765087263016243,0.02765087263016243,0.02100626082985022,0.0001214620320772483,0.000388266383452992,0.09804432932658212,0.12964910393183612,-11.205260349679854,0.03455456946597292,1.0,1.0,1.0
TEST,M6-OPERATING-POINT_m0p0_s204_ED,M6_OPERATING_POINT,0.0,204,E-D,R2A_ONLINE_OFFSET_ONLY,ADAPTIVE_RECENTER,60,1,0.0002893037644237568,0.02893037644237568,0.021681750698853614,0.00012756503983872458,0.0004015661769669888,0.11288635025976977,0.11520810853999834,-5.580349471436283,0.00024883280755178954,1.0,1.0,1.0
TEST,M6-OPERATING-POINT_m0p0_s205_EA,M6_OPERATING_POINT,0.0,205,E-A,R0_FROZEN_B2,NA,0,0,0.000479936170822202,0.0479936170822202,0.035718102466705204,0.00022235210980545652,0.0006654110191846001,0.18429341697478901,0.19689225904460836,,,,,
TEST,M6-OPERATING-POINT_m0p0_s205_EA,M6_OPERATING_POINT,0.0,205,E-A,R1_ORACLE_RECENTERED,NA,0,0,1.921318530643542e-05,0.001921318530643542,0.002551484280805955,5.14136403392612e-05,6.824869282121445e-05,0.004535616894106391,0.019454221140643182,,,,,
TEST,M6-OPERATING-POINT_m0p0_s205_EA,M6_OPERATING_POINT,0.0,205,E-A,R2A_ONLINE_OFFSET_ONLY,ALWAYS_RECENTER,60,1,0.00045662698033958703,0.045662698033958705,0.03511895838314661,0.0001985660793291018,0.0006476520788740922,0.16133358808898687,0.22457508992633357,-11.173817700828762,0.09743986716815603,1.0,1.0,1.0
TEST,M6-OPERATING-POINT_m0p0_s205_EA,M6_OPERATING_POINT,0.0,205,E-A,R2A_ONLINE_OFFSET_ONLY,ADAPTIVE_RECENTER,60,1,0.000558677149336326,0.0558677149336326,0.04094980907938407,0.0004335645202836962,0.0008414309943299384,0.19063650632245646,0.21492603406700456,-6.020304431930394,0.13760707933251087,0.9748316199929103,0.989365473236441,0.9943282523927686
TEST,M6-OPERATING-POINT_m0p0_s206_EB,M6_OPERATING_POINT,0.0,206,E-B,R0_FROZEN_B2,NA,0,0,9.727200485177069e-07,9.727200485177069e-05,0.00017921954414185223,3.0752082138661236e-06,4.402803380524576e-06,0.00017132182451666392,0.0011884479188790055,,,,,
TEST,M6-OPERATING-POINT_m0p0_s206_EB,M6_OPERATING_POINT,0.0,206,E-B,R1_ORACLE_RECENTERED,NA,0,0,9.727200485177069e-07,9.727200485177069e-05,0.00017921954414185223,3.0752082138661236e-06,4.402803380524576e-06,0.00017132182451666392,0.0011884479188790055,,,,,
TEST,M6-OPERATING-POINT_m0p0_s206_EB,M6_OPERATING_POINT,0.0,206,E-B,R2A_ONLINE_OFFSET_ONLY,ALWAYS_RECENTER,60,1,2.260088609797971e-05,0.002260088609797971,0.0020467989512686245,3.630193046492205e-05,5.1184708328938774e-05,0.008214917744356755,0.012902272912789304,-11.222292951310711,0.0004893662042600107,1.0,1.0,1.0
TEST,M6-OPERATING-POINT_m0p0_s206_EB,M6_OPERATING_POINT,0.0,206,E-B,R2A_ONLINE_OFFSET_ONLY,ADAPTIVE_RECENTER,60,1,9.727200485177069e-07,9.727200485177069e-05,0.00017921954414185223,3.0752082138661236e-06,4.402803380524576e-06,0.00017132182451666392,0.0011884479188790055,-5.580473866571874,4.253636895294486e-08,1.0,1.0,1.0
TEST,M6-OPERATING-POINT_m0p0_s207_EC,M6_OPERATING_POINT,0.0,207,E-C,R0_FROZEN_B2,NA,0,0,3.4182949347468455e-06,0.00034182949347468455,0.0001533879075544179,4.402514975923462e-06,5.171376186358818e-06,0.0012499229788562316,0.0015077463972931256,,,,,
TEST,M6-OPERATING-POINT_m0p0_s207_EC,M6_OPERATING_POINT,0.0,207,E-C,R1_ORACLE_RECENTERED,NA,0,0,5.319474712706186e-08,5.319474712706186e-06,1.028698560355851e-05,1.4161430094926052e-07,2.2969029682597748e-07,3.821509358413102e-05,7.60400349587425e-05,,,,,
TEST,M6-OPERATING-POINT_m0p0_s207_EC,M6_OPERATING_POINT,0.0,207,E-C,R2A_ONLINE_OFFSET_ONLY,ALWAYS_RECENTER,60,1,3.3821633395886113e-06,0.0003382163339588611,0.00016168670756896904,4.349940841274272e-06,5.206094973896414e-06,0.0012342496758805633,0.0016075572066659462,-11.222535009640932,5.249543815939011e-06,1.0,1.0,1.0
TEST,M6-OPERATING-POINT_m0p0_s207_EC,M6_OPERATING_POINT,0.0,207,E-C,R2A_ONLINE_OFFSET_ONLY,ADAPTIVE_RECENTER,60,1,3.4182949347468455e-06,0.00034182949347468455,0.0001533879075544179,4.402514975923462e-06,5.171376186358818e-06,0.0012499229788562316,0.0015077463972931256,-5.580473868033844,3.961242951176011e-08,1.0,1.0,1.0
TEST,M6-OPERATING-POINT_m0p0_s208_ED,M6_OPERATING_POINT,0.0,208,E-D,R0_FROZEN_B2,NA,0,0,0.00033737119491212696,0.0337371194912127,0.025268194229015196,0.00014933213767338925,0.00046819296765604197,0.1314761055840596,0.13471081490243397,,,,,
TEST,M6-OPERATING-POINT_m0p0_s208_ED,M6_OPERATING_POINT,0.0,208,E-D,R1_ORACLE_RECENTERED,NA,0,0,5.824247664772838e-06,0.0005824247664772838,0.0007079056296197931,1.3199133759539943e-05,1.8147388638675475e-05,0.0017250643819056426,0.005416563859152583,,,,,
TEST,M6-OPERATING-POINT_m0p0_s208_ED,M6_OPERATING_POINT,0.0,208,E-D,R2A_ONLINE_OFFSET_ONLY,ALWAYS_RECENTER,60,1,0.00032238931138067826,0.032238931138067826,0.024502121930747807,0.00014094804639056048,0.0004526441381389663,0.11438672475589352,0.1514105200570257,-11.199020746588074,0.0470337756495307,1.0,1.0,1.0
TEST,M6-OPERATING-POINT_m0p0_s208_ED,M6_OPERATING_POINT,0.0,208,E-D,R2A_ONLINE_OFFSET_ONLY,ADAPTIVE_RECENTER,60,1,0.00033737119491212696,0.0337371194912127,0.025268194229015196,0.00014933213767338925,0.00046819296765604197,0.1314761055840596,0.13471081490243397,-5.580304728470907,0.0003383187383040661,1.0,1.0,1.0
TEST,M6-OPERATING-POINT_m0p0_s209_EA,M6_OPERATING_POINT,0.0,209,E-A,R0_FROZEN_B2,NA,0,0,0.0005753898812955717,0.05753898812955717,0.042723835896002066,0.00027215185726437135,0.0007979680571454194,0.22021732458237078,0.2381485698726826,,,,,
TEST,M6-OPERATING-POINT_m0p0_s209_EA,M6_OPERATING_POINT,0.0,209,E-A,R1_ORACLE_RECENTERED,NA,0,0,2.7868799162859012e-05,0.0027868799162859012,0.003692285715285778,7.536393406321283e-05,9.94935761878497e-05,0.0065480448699578,0.028284193481580563,,,,,
TEST,M6-OPERATING-POINT_m0p0_s209_EA,M6_OPERATING_POINT,0.0,209,E-A,R2A_ONLINE_OFFSET_ONLY,ALWAYS_RECENTER,60,1,0.0005468759285334693,0.054687592853346935,0.04214613845131656,0.000234880197446369,0.000776157391189355,0.19295366314529638,0.27051566622787093,-11.152350961435328,0.14037334595502482,1.0,1.0,1.0
TEST,M6-OPERATING-POINT_m0p0_s209_EA,M6_OPERATING_POINT,0.0,209,E-A,R2A_ONLINE_OFFSET_ONLY,ADAPTIVE_RECENTER,60,1,0.0006216486185927413,0.06216486185927413,0.0460385974680936,0.00037897751944342915,0.0008940184000375915,0.22390179567676424,0.259878347437876,-6.792814564460049,0.11361621920384463,0.9836937256292095,0.9961006735200284,0.9985820630981921
TEST,M6-OPERATING-POINT_m0p0_s210_EB,M6_OPERATING_POINT,0.0,210,E-B,R0_FROZEN_B2,NA,0,0,1.3781407984511422e-06,0.0001378140798451142,0.0002543135690239445,4.3648875747234936e-06,6.248441325549278e-06,0.00024298610832157458,0.001678220697630715,,,,,
TEST,M6-OPERATING-POINT_m0p0_s210_EB,M6_OPERATING_POINT,0.0,210,E-B,R1_ORACLE_RECENTERED,NA,0,0,1.3781407984511422e-06,0.0001378140798451142,0.0002543135690239445,4.3648875747234936e-06,6.248441325549278e-06,0.00024298610832157458,0.001678220697630715,,,,,
TEST,M6-OPERATING-POINT_m0p0_s210_EB,M6_OPERATING_POINT,0.0,210,E-B,R2A_ONLINE_OFFSET_ONLY,ALWAYS_RECENTER,60,1,2.6901672168002484e-05,0.002690167216800248,0.0024146190719261844,4.360178720944555e-05,6.093841750667698e-05,0.009775210818349369,0.015376558585295286,-11.222189861675906,0.000695545473868466,1.0,1.0,1.0
TEST,M6-OPERATING-POINT_m0p0_s210_EB,M6_OPERATING_POINT,0.0,210,E-B,R2A_ONLINE_OFFSET_ONLY,ADAPTIVE_RECENTER,60,1,1.3781407984511422e-06,0.0001378140798451142,0.0002543135690239445,4.3648875747234936e-06,6.248441325549278e-06,0.00024298610832157458,0.001678220697630715,-5.580473845034927,8.561026469163703e-08,1.0,1.0,1.0
TEST,M6-OPERATING-POINT_m0p0_s211_EC,M6_OPERATING_POINT,0.0,211,E-C,R0_FROZEN_B2,NA,0,0,4.1379125285230415e-06,0.00041379125285230414,0.00018568173425163932,5.329351032860663e-06,6.260091664315296e-06,0.0015130728823533242,0.0018252316652381294,,,,,
TEST,M6-OPERATING-POINT_m0p0_s211_EC,M6_OPERATING_POINT,0.0,211,E-C,R1_ORACLE_RECENTERED,NA,0,0,6.429043289258604e-08,6.429043289258604e-06,1.2453392629457916e-05,1.7100735379796666e-07,2.777970053063478e-07,4.6096094790537745e-05,9.190451002532485e-05,,,,,
TEST,M6-OPERATING-POINT_m0p0_s211_EC,M6_OPERATING_POINT,0.0,211,E-C,R2A_ONLINE_OFFSET_ONLY,ALWAYS_RECENTER,60,1,4.094205212584537e-06,0.0004094205212584537,0.0001957276959026617,5.265760438176083e-06,6.302164177647565e-06,0.001494089329028541,0.0019460345095479881,-11.22253378810002,7.692625643576772e-06,1.0,1.0,1.0
TEST,M6-OPERATING-POINT_m0p0_s211_EC,M6_OPERATING_POINT,0.0,211,E-C,R2A_ONLINE_OFFSET_ONLY,ADAPTIVE_RECENTER,60,1,4.1379125285230415e-06,0.00041379125285230414,0.00018568173425163932,5.329351032860663e-06,6.260091664315296e-06,0.0015130728823533242,0.0018252316652381294,-5.580473858816627,5.80468637740338e-08,1.0,1.0,1.0
TEST,M6-OPERATING-POINT_m0p0_s212_ED,M6_OPERATING_POINT,0.0,212,E-D,R0_FROZEN_B2,NA,0,0,0.00038540195726037785,0.038540195726037785,0.028847015686405797,0.00017130136002382575,0.0005347555993679594,0.14986629634939813,0.15430289385454343,,,,,
TEST,M6-OPERATING-POINT_m0p0_s212_ED,M6_OPERATING_POINT,0.0,212,E-D,R1_ORACLE_RECENTERED,NA,0,0,7.659122846814824e-06,0.0007659122846814824,0.0009088968387893574,1.796461253903945e-05,2.4050813101582584e-05,0.002194211951471069,0.0071190649468543775,,,,,
TEST,M6-OPERATING-POINT_m0p0_s212_ED,M6_OPERATING_POINT,0.0,212,E-D,R2A_ONLINE_OFFSET_ONLY,ALWAYS_RECENTER,60,1,0.0003682138170246526,0.03682138170246526,0.02799658726699789,0.0001602563138106561,0.0005169412269018151,0.13065672450856095,0.17321834304780837,-11.191820371224138,0.06143452637740586,1.0,1.0,1.0
TEST,M6-OPERATING-POINT_m0p0_s212_ED,M6_OPERATING_POINT,0.0,212,E-D,R2A_ONLINE_OFFSET_ONLY,ADAPTIVE_RECENTER,60,1,0.00038540195726037785,0.038540195726037785,0.028847015686405797,0.00017130136002382575,0.0005347555993679594,0.14986629634939813,0.15430289385454343,-5.580253158760048,0.0004414581600202962,1.0,1.0,1.0
TEST,M6-OPERATING-POINT_m0p0_s213_EA,M6_OPERATING_POINT,0.0,213,E-A,R0_FROZEN_B2,NA,0,0,0.0006708143438279742,0.06708143438279741,0.04969252686330731,0.0003244435905132625,0.0009307945884523216,0.2559003255771959,0.28006798699111646,,,,,
TEST,M6-OPERATING-POINT_m0p0_s213_EA,M6_OPERATING_POINT,0.0,213,E-A,R1_ORACLE_RECENTERED,NA,0,0,3.813887752223567e-05,0.003813887752223567,0.005058236135531301,0.00010368959208783504,0.0001366428914447735,0.008931455264354403,0.038780528057058374,,,,,
TEST,M6-OPERATING-POINT_m0p0_s213_EA,M6_OPERATING_POINT,0.0,213,E-A,R2A_ONLINE_OFFSET_ONLY,ALWAYS_RECENTER,60,1,0.0006368329111499888,0.06368329111499889,0.049179295272982614,0.0002707287397104084,0.0009046163355668556,0.22439934989584592,0.3168331740595054,-11.126946366949188,0.19118253492730272,1.0,1.0,1.0
TEST,M6-OPERATING-POINT_m0p0_s213_EA,M6_OPERATING_POINT,0.0,213,E-A,R2A_ONLINE_OFFSET_ONLY,ADAPTIVE_RECENTER,60,1,0.000693282774834751,0.0693282774834751,0.05228499577051386,0.0003696431124879858,0.000990471774995653,0.2559003255771959,0.30837079581262705,-7.231862271516547,0.11958053410856662,0.9854661467564694,0.9985820630981921,0.9996455157745481
TEST,M6-OPERATING-POINT_m0p0_s214_EB,M6_OPERATING_POINT,0.0,214,E-B,R0_FROZEN_B2,NA,0,0,1.855714072793538e-06,0.0001855714072793538,0.0003423728057439612,5.883204951618087e-06,8.416927207061174e-06,0.00033210823306266976,0.002252786869746215,,,,,
TEST,M6-OPERATING-POINT_m0p0_s214_EB,M6_OPERATING_POINT,0.0,214,E-B,R1_ORACLE_RECENTERED,NA,0,0,1.855714072793538e-06,0.0001855714072793538,0.0003423728057439612,5.883204951618087e-06,8.416927207061174e-06,0.00033210823306266976,0.002252786869746215,,,,,
TEST,M6-OPERATING-POINT_m0p0_s214_EB,M6_OPERATING_POINT,0.0,214,E-B,R2A_ONLINE_OFFSET_ONLY,ALWAYS_RECENTER,60,1,3.12034252131549e-05,0.0031203425213154902,0.0027756255511010943,5.10305583904156e-05,7.070615149281737e-05,0.011362668206746081,0.017860061959885324,-11.222068274677858,0.0009387194699644059,1.0,1.0,1.0
TEST,M6-OPERATING-POINT_m0p0_s214_EB,M6_OPERATING_POINT,0.0,214,E-B,R2A_ONLINE_OFFSET_ONLY,ADAPTIVE_RECENTER,60,1,1.855714072793538e-06,0.0001855714072793538,0.0003423728057439612,5.883204951618087e-06,8.416927207061174e-06,0.00033210823306266976,0.002252786869746215,-5.580473810213417,1.5525328436166008e-07,1.0,1.0,1.0
TEST,M6-OPERATING-POINT_m0p0_s215_EC,M6_OPERATING_POINT,0.0,215,E-C,R0_FROZEN_B2,NA,0,0,4.857521942115623e-06,0.0004857521942115623,0.00021797612850381784,6.256183873921492e-06,7.348808752245943e-06,0.001776224811268981,0.002142739602717054,,,,,
TEST,M6-OPERATING-POINT_m0p0_s215_EC,M6_OPERATING_POINT,0.0,215,E-C,R1_ORACLE_RECENTERED,NA,0,0,7.535065573679929e-08,7.535065573679929e-06,1.462004321757972e-05,2.0025436975555787e-07,3.258175515733516e-07,5.40049605440494e-05,0.00010771872347544081,,,,,
TEST,M6-OPERATING-POINT_m0p0_s215_EC,M6_OPERATING_POINT,0.0,215,E-C,R2A_ONLINE_OFFSET_ONLY,ALWAYS_RECENTER,60,1,4.806249725382204e-06,0.0004806249725382204,0.00022976928828629344,6.181594820020712e-06,7.3982506612983864e-06,0.0017539281461303854,0.002284527291783453,-11.222532333861757,1.0601102168821516e-05,1.0,1.0,1.0
TEST,M6-OPERATING-POINT_m0p0_s215_EC,M6_OPERATING_POINT,0.0,215,E-C,R2A_ONLINE_OFFSET_ONLY,ADAPTIVE_RECENTER,60,1,4.857521942115623e-06,0.0004857521942115623,0.00021797612850381784,6.256183873921492e-06,7.348808752245943e-06,0.001776224811268981,0.002142739602717054,-5.580473847843795,7.999252779550739e-08,1.0,1.0,1.0
TEST,M6-OPERATING-POINT_m0p0_s216_ED,M6_OPERATING_POINT,0.0,216,E-D,R0_FROZEN_B2,NA,0,0,0.00043339845665039777,0.043339845665039775,0.03241828543187305,0.00019349269705761367,0.0006012622721825637,0.16833860716245974,0.17398548775472517,,,,,
TEST,M6-OPERATING-POINT_m0p0_s216_ED,M6_OPERATING_POINT,0.0,216,E-D,R1_ORACLE_RECENTERED,NA,0,0,9.756791938096434e-06,0.0009756791938096435,0.001137922896211606,2.346012719389667e-05,3.0841964399630174e-05,0.002681365339137706,0.009073422288268828,,,,,
TEST,M6-OPERATING-POINT_m0p0_s216_ED,M6_OPERATING_POINT,0.0,216,E-D,R2A_ONLINE_OFFSET_ONLY,ALWAYS_RECENTER,60,1,0.0004139831294450835,0.041398312944508346,0.031489695287801385,0.00017940163391171765,0.0005811631287135714,0.1468429317737496,0.1950735273364623,-11.183658702557825,0.07775786371003074,1.0,1.0,1.0
TEST,M6-OPERATING-POINT_m0p0_s216_ED,M6_OPERATING_POINT,0.0,216,E-D,R2A_ONLINE_OFFSET_ONLY,ADAPTIVE_RECENTER,60,1,0.00043339845665039777,0.043339845665039775,0.03241828543187305,0.00019349269705761367,0.0006012622721825637,0.16833860716245974,0.17398548775472517,-5.580194762630652,0.0005582504188132913,1.0,1.0,1.0
TEST,M6-OPERATING-POINT_m0p0_s217_EA,M6_OPERATING_POINT,0.0,217,E-A,R0_FROZEN_B2,NA,0,0,0.0007662790402258206,0.07662790402258206,0.05662890171618006,0.000379443519331958,0.001064080323420122,0.29132452971437256,0.3226633470858986,,,,,
TEST,M6-OPERATING-POINT_m0p0_s217_EA,M6_OPERATING_POINT,0.0,217,E-A,R1_ORACLE_RECENTERED,NA,0,0,5.0022083990083765e-05,0.005002208399008377,0.006654381789199301,0.00013630379509951834,0.00017968801227570137,0.01168683152151714,0.05094112596232611,,,,,
TEST,M6-OPERATING-POINT_m0p0_s217_EA,M6_OPERATING_POINT,0.0,217,E-A,R2A_ONLINE_OFFSET_ONLY,ALWAYS_RECENTER,60,1,0.0007265463046208501,0.07265463046208502,0.05622087594449374,0.00030640240458572777,0.001033155673214968,0.25642645920479984,0.3635412308999727,-11.097581917654507,0.24991143351666673,1.0,1.0,1.0
TEST,M6-OPERATING-POINT_m0p0_s217_EA,M6_OPERATING_POINT,0.0,217,E-A,R2A_ONLINE_OFFSET_ONLY,ADAPTIVE_RECENTER,60,1,0.000774246711164138,0.0774246711164138,0.05907467010037667,0.0003848953810036468,0.0011069186384432379,0.29042681555416083,0.35655426817671065,-7.4727135524169235,0.14186137895623227,0.9858206309819213,0.9985820630981921,0.9996455157745481
TEST,M6-OPERATING-POINT_m0p0_s218_EB,M6_OPERATING_POINT,0.0,218,E-B,R0_FROZEN_B2,NA,0,0,2.405663106547451e-06,0.0002405663106547451,0.00044333071979860546,7.631482902412573e-06,1.0908362996813117e-05,0.00043314948649513473,0.00291225132477692,,,,,
TEST,M6-OPERATING-POINT_m0p0_s218_EB,M6_OPERATING_POINT,0.0,218,E-B,R1_ORACLE_RECENTERED,NA,0,0,2.405663106547451e-06,0.0002405663106547451,0.00044333071979860546,7.631482902412573e-06,1.0908362996813117e-05,0.00043314948649513473,0.00291225132477692,,,,,
TEST,M6-OPERATING-POINT_m0p0_s218_EB,M6_OPERATING_POINT,0.0,218,E-B,R2A_ONLINE_OFFSET_ONLY,ALWAYS_RECENTER,60,1,3.550709118261769e-05,0.003550709118261769,0.003129921227240515,5.859050306682324e-05,8.04931526780446e-05,0.012933413575449474,0.02035437438640627,-11.221927991058026,0.001219286709628146,1.0,1.0,1.0
TEST,M6-OPERATING-POINT_m0p0_s218_EB,M6_OPERATING_POINT,0.0,218,E-B,R2A_ONLINE_OFFSET_ONLY,ADAPTIVE_RECENTER,60,1,2.405663106547451e-06,0.0002405663106547451,0.00044333071979860546,7.631482902412573e-06,1.0908362996813117e-05,0.00043314948649513473,0.00291225132477692,-5.580473757515937,2.606482434441382e-07,1.0,1.0,1.0
TEST,M6-OPERATING-POINT_m0p0_s219_EC,M6_OPERATING_POINT,0.0,219,E-C,R0_FROZEN_B2,NA,0,0,5.577123257904518e-06,0.0005577123257904518,0.00025027110210349833,7.183013644748997e-06,8.437527682580627e-06,0.0020393803674039037,0.002460270120967089,,,,,
TEST,M6-OPERATING-POINT_m0p0_s219_EC,M6_OPERATING_POINT,0.0,219,E-C,R1_ORACLE_RECENTERED,NA,0,0,8.637569683277392e-08,8.637569683277391e-06,1.678687447717207e-05,2.2935576545563745e-07,3.7375153534569e-07,6.186074891422403e-05,0.00012348262893062243,,,,,
TEST,M6-OPERATING-POINT_m0p0_s219_EC,M6_OPERATING_POINT,0.0,219,E-C,R2A_ONLINE_OFFSET_ONLY,ALWAYS_RECENTER,60,1,5.518296883649751e-06,0.0005518296883649751,0.00026381148309788887,7.0974440956917815e-06,8.494354500480337e-06,0.002013766485613614,0.0026230354433597358,-11.222530646918816,1.397498804949117e-05,1.0,1.0,1.0
TEST,M6-OPERATING-POINT_m0p0_s219_EC,M6_OPERATING_POINT,0.0,219,E-C,R2A_ONLINE_OFFSET_ONLY,ADAPTIVE_RECENTER,60,1,5.577123257904518e-06,0.0005577123257904518,0.00025027110210349833,7.183013644748997e-06,8.437527682580627e-06,0.0020393803674039037,0.002460270120967089,-5.58047383511536,1.0544939757611899e-07,1.0,1.0,1.0
TEST,M6-OPERATING-POINT_m0p0_s220_ED,M6_OPERATING_POINT,0.0,220,E-D,R0_FROZEN_B2,NA,0,0,0.0004813631426908849,0.04813631426908849,0.03598208119137318,0.00021592539897338163,0.0006677211914855641,0.18666358609863765,0.19375970297238204,,,,,
TEST,M6-OPERATING-POINT_m0p0_s220_ED,M6_OPERATING_POINT,0.0,220,E-D,R1_ORACLE_RECENTERED,NA,0,0,1.2117196222136397e-05,0.0012117196222136398,0.0013953846757962527,2.9679509604894516e-05,3.8518412498416676e-05,0.0032548125795771707,0.011279458087438852,,,,,
TEST,M6-OPERATING-POINT_m0p0_s220_ED,M6_OPERATING_POINT,0.0,220,E-D,R2A_ONLINE_OFFSET_ONLY,ALWAYS_RECENTER,60,1,0.00045969815553971845,0.045969815553971845,0.03498148744855053,0.00019839889609074243,0.0006453153285188847,0.1631514263384644,0.21697701347388404,-11.174535114711444,0.09600503940279359,1.0,1.0,1.0
TEST,M6-OPERATING-POINT_m0p0_s220_ED,M6_OPERATING_POINT,0.0,220,E-D,R2A_ONLINE_OFFSET_ONLY,ADAPTIVE_RECENTER,60,1,0.0004813631426908849,0.04813631426908849,0.03598208119137318,0.00021592539897338163,0.0006677211914855641,0.18666358609863765,0.19375970297238204,-5.580129535181891,0.0006887053163364622,1.0,1.0,1.0
TEST,M6-OPERATING-POINT_m0p5_s201_EA,M6_OPERATING_POINT,0.5,201,E-A,R0_FROZEN_B2,NA,0,0,0.0007477636000289044,0.07477636000289044,0.05583916053117176,0.00034757034067745186,0.0010400840638522806,0.2886283839455519,0.2993941511255544,,,,,
TEST,M6-OPERATING-POINT_m0p5_s201_EA,M6_OPERATING_POINT,0.5,201,E-A,R1_ORACLE_RECENTERED,NA,0,0,1.7504100506650603e-05,0.0017504100506650602,0.0019175734373292578,4.199782885946554e-05,5.387851926958401e-05,0.004454928111724076,0.015179619131742131,,,,,
TEST,M6-OPERATING-POINT_m0p5_s201_EA,M6_OPERATING_POINT,0.5,201,E-A,R2A_ONLINE_OFFSET_ONLY,ALWAYS_RECENTER,60,1,0.000717823359874562,0.0717823359874562,0.05386438097867876,0.00032623319281705593,0.0009998599496235635,0.24580275891327347,0.33141580352235456,-11.108812200610952,0.2274508676037747,1.0,1.0,1.0
TEST,M6-OPERATING-POINT_m0p5_s201_EA,M6_OPERATING_POINT,0.5,201,E-A,R2A_ONLINE_OFFSET_ONLY,ADAPTIVE_RECENTER,60,1,0.000802536378481268,0.0802536378481268,0.05905432350914517,0.00048412243011153463,0.0011455134182867018,0.2929425835553928,0.3127385826916178,-5.772433240766446,0.12500440176561448,0.9748316199929103,0.9929103154909606,0.9950372208436724
TEST,M6-OPERATING-POINT_m0p5_s202_EB,M6_OPERATING_POINT,0.5,202,E-B,R0_FROZEN_B2,NA,0,0,0.0003587399566441238,0.03587399566441238,0.026884460279802326,0.00016986942226477936,0.0005016379427543375,0.1368361165336485,0.14443589395250253,,,,,
TEST,M6-OPERATING-POINT_m0p5_s202_EB,M6_OPERATING_POINT,0.5,202,E-B,R1_ORACLE_RECENTERED,NA,0,0,1.0835664928577666e-06,0.00010835664928577666,6.73044779785487e-05,1.840210967538089e-06,2.1915281585994003e-06,0.00032326111424822013,0.0005764548569771243,,,,,
TEST,M6-OPERATING-POINT_m0p5_s202_EB,M6_OPERATING_POINT,0.5,202,E-B,R2A_ONLINE_OFFSET_ONLY,ALWAYS_RECENTER,60,1,0.0003592042286250712,0.03592042286250712,0.026258284462853054,0.00018544082777545575,0.0004967027596815523,0.13019030843380922,0.14453261129880549,-11.195727939108775,0.05361939060813115,1.0,1.0,1.0
TEST,M6-OPERATING-POINT_m0p5_s202_EB,M6_OPERATING_POINT,0.5,202,E-B,R2A_ONLINE_OFFSET_ONLY,ADAPTIVE_RECENTER,60,1,0.0003587399566441238,0.03587399566441238,0.026884460279802326,0.00016986942226477936,0.0005016379427543375,0.1368361165336485,0.14443589395250253,-5.580284225278981,0.0003793251221550034,1.0,1.0,1.0
TEST,M6-OPERATING-POINT_m0p5_s203_EC,M6_OPERATING_POINT,0.5,203,E-C,R0_FROZEN_B2,NA,0,0,0.000358611677447669,0.0358611677447669,0.0268446502331462,0.00017116919238508726,0.0005014121557996693,0.1371366652501054,0.14414295144374087,,,,,
TEST,M6-OPERATING-POINT_m0p5_s203_EC,M6_OPERATING_POINT,0.5,203,E-C,R1_ORACLE_RECENTERED,NA,0,0,6.586795737671902e-08,6.586795737671902e-06,8.22594127663194e-06,1.545263737406192e-07,2.116625793495499e-07,3.393806913901615e-05,6.857012737459948e-05,,,,,
TEST,M6-OPERATING-POINT_m0p5_s203_EC,M6_OPERATING_POINT,0.5,203,E-C,R2A_ONLINE_OFFSET_ONLY,ALWAYS_RECENTER,60,1,0.0003528405966804925,0.03528405966804925,0.02591771222661291,0.00017846664154693988,0.0004885311203576238,0.12561875403433267,0.14924981041282392,-11.196403966151001,0.05226733652368024,1.0,1.0,1.0
TEST,M6-OPERATING-POINT_m0p5_s203_EC,M6_OPERATING_POINT,0.5,203,E-C,R2A_ONLINE_OFFSET_ONLY,ADAPTIVE_RECENTER,60,1,0.000358611677447669,0.0358611677447669,0.0268446502331462,0.00017116919238508726,0.0005014121557996693,0.1371366652501054,0.14414295144374087,-5.580284039907996,0.00037969586412653654,1.0,1.0,1.0
TEST,M6-OPERATING-POINT_m0p5_s204_ED,M6_OPERATING_POINT,0.5,204,E-D,R0_FROZEN_B2,NA,0,0,0.000651650032165173,0.0651650032165173,0.04881096779127871,0.00029968926270027886,0.000907849019683183,0.2526054305567973,0.25905450092509635,,,,,
TEST,M6-OPERATING-POINT_m0p5_s204_ED,M6_OPERATING_POINT,0.5,204,E-D,R1_ORACLE_RECENTERED,NA,0,0,7.3848181318955e-06,0.00073848181318955,0.0006716652305510248,1.5216793918505307e-05,1.9274455614496013e-05,0.0022760894012353924,0.0054799463690432355,,,,,
TEST,M6-OPERATING-POINT_m0p5_s204_ED,M6_OPERATING_POINT,0.5,204,E-D,R2A_ONLINE_OFFSET_ONLY,ALWAYS_RECENTER,60,1,0.0006304817819696361,0.06304817819696361,0.04695339932645608,0.00029187358912516743,0.000874086674779925,0.21572161973959994,0.2811272364593398,-11.136663112027424,0.17174904477083472,1.0,1.0,1.0
TEST,M6-OPERATING-POINT_m0p5_s204_ED,M6_OPERATING_POINT,0.5,204,E-D,R2A_ONLINE_OFFSET_ONLY,ADAPTIVE_RECENTER,60,1,0.000651650032165173,0.0651650032165173,0.04881096779127871,0.00029968926270027886,0.000907849019683183,0.2526054305567973,0.25905450092509635,-5.579845361051407,0.001257053577302918,1.0,1.0,1.0
TEST,M6-OPERATING-POINT_m0p5_s205_EA,M6_OPERATING_POINT,0.5,205,E-A,R0_FROZEN_B2,NA,0,0,0.0008444508563184016,0.08444508563184015,0.06294793800861068,0.00039569444009036344,0.0011737561264364956,0.32495942577077386,0.34094243645501227,,,,,
TEST,M6-OPERATING-POINT_m0p5_s205_EA,M6_OPERATING_POINT,0.5,205,E-A,R1_ORACLE_RECENTERED,NA,0,0,2.5957151493553083e-05,0.0025957151493553082,0.002931153807291572,6.416086818374727e-05,8.232736019861932e-05,0.006531835986301539,0.023198961455517038,,,,,
TEST,M6-OPERATING-POINT_m0p5_s205_EA,M6_OPERATING_POINT,0.5,205,E-A,R2A_ONLINE_OFFSET_ONLY,ALWAYS_RECENTER,60,1,0.0008088511970550262,0.08088511970550262,0.06089720424245937,0.0003630131310151597,0.0011284942157544493,0.27775539952593914,0.3778562020098941,-11.076818096775234,0.2914390752752129,1.0,1.0,1.0
TEST,M6-OPERATING-POINT_m0p5_s205_EA,M6_OPERATING_POINT,0.5,205,E-A,R2A_ONLINE_OFFSET_ONLY,ADAPTIVE_RECENTER,60,1,0.0008789530586263008,0.08789530586263007,0.06531374162741033,0.0004637810515534182,0.001237897766664503,0.32495942577077386,0.36036551732519145,-6.589338856175765,0.1409236014268145,0.9776674937965261,0.9953917050691244,0.9964551577454803
TEST,M6-OPERATING-POINT_m0p5_s206_EB,M6_OPERATING_POINT,0.5,206,E-B,R0_FROZEN_B2,NA,0,0,0.00035867616355748515,0.03586761635574851,0.02687565107197676,0.00016986771843272299,0.0005014924880008883,0.13689806049836423,0.1442862278571264,,,,,
TEST,M6-OPERATING-POINT_m0p5_s206_EB,M6_OPERATING_POINT,0.5,206,E-B,R1_ORACLE_RECENTERED,NA,0,0,1.4049389159937227e-06,0.00014049389159937227,0.00011079345914248452,2.429391108977685e-06,3.1173929703840093e-06,0.00041951973202886963,0.0006812161851852962,,,,,
TEST,M6-OPERATING-POINT_m0p5_s206_EB,M6_OPERATING_POINT,0.5,206,E-B,R2A_ONLINE_OFFSET_ONLY,ALWAYS_RECENTER,60,1,0.0003608127070544926,0.03608127070544926,0.026341809987663015,0.00018798124305866184,0.000499025450157503,0.12925341228127907,0.14348226475437476,-11.195519932964698,0.05403540289628414,1.0,1.0,1.0
TEST,M6-OPERATING-POINT_m0p5_s206_EB,M6_OPERATING_POINT,0.5,206,E-B,R2A_ONLINE_OFFSET_ONLY,ADAPTIVE_RECENTER,60,1,0.00035867616355748515,0.03586761635574851,0.02687565107197676,0.00016986771843272299,0.0005014924880008883,0.13689806049836423,0.1442862278571264,-5.5802843540396285,0.00037906760086010903,1.0,1.0,1.0
TEST,M6-OPERATING-POINT_m0p5_s207_EC,M6_OPERATING_POINT,0.5,207,E-C,R0_FROZEN_B2,NA,0,0,0.00035857466389999386,0.035857466389999385,0.026833935049987583,0.00017148928010921947,0.0005013438042763841,0.1371972081756029,0.14406030090184202,,,,,
TEST,M6-OPERATING-POINT_m0p5_s207_EC,M6_OPERATING_POINT,0.5,207,E-C,R1_ORACLE_RECENTERED,NA,0,0,8.335138274765675e-08,8.335138274765675e-06,1.0419967535586024e-05,1.9535138928269894e-07,2.678322871634188e-07,4.2863956445817755e-05,8.672821088511354e-05,,,,,
TEST,M6-OPERATING-POINT_m0p5_s207_EC,M6_OPERATING_POINT,0.5,207,E-C,R2A_ONLINE_OFFSET_ONLY,ALWAYS_RECENTER,60,1,0.0003528630647333626,0.035286306473336256,0.025910881878274446,0.000178884926180173,0.0004885720821174769,0.12568899370618652,0.14924171114513968,-11.196400726698496,0.05227381542868938,1.0,1.0,1.0
TEST,M6-OPERATING-POINT_m0p5_s207_EC,M6_OPERATING_POINT,0.5,207,E-C,R2A_ONLINE_OFFSET_ONLY,ADAPTIVE_RECENTER,60,1,0.00035857466389999386,0.035857466389999385,0.026833935049987583,0.00017148928010921947,0.0005013438042763841,0.1371972081756029,0.14406030090184202,-5.5802840149920305,0.0003797456960562729,1.0,1.0,1.0
TEST,M6-OPERATING-POINT_m0p5_s208_ED,M6_OPERATING_POINT,0.5,208,E-D,R0_FROZEN_B2,NA,0,0,0.0007003439320957449,0.07003439320957448,0.05243785391401128,0.0003218601794175005,0.0009752673553539028,0.2721124663136518,0.2777434900131534,,,,,
TEST,M6-OPERATING-POINT_m0p5_s208_ED,M6_OPERATING_POINT,0.5,208,E-D,R1_ORACLE_RECENTERED,NA,0,0,9.523672473689191e-06,0.0009523672473689192,0.0008752411382527473,2.030257480022316e-05,2.549112168964199e-05,0.0028557671443110695,0.007254976490119904,,,,,
TEST,M6-OPERATING-POINT_m0p5_s208_ED,M6_OPERATING_POINT,0.5,208,E-D,R2A_ONLINE_OFFSET_ONLY,ALWAYS_RECENTER,60,1,0.0006767776240415765,0.06767776240415765,0.05046987994737119,0.0003110652939547966,0.0009386586220650609,0.23102602378261253,0.30327817584671785,-11.123232079953697,0.19861110891828798,1.0,1.0,1.0
TEST,M6-OPERATING-POINT_m0p5_s208_ED,M6_OPERATING_POINT,0.5,208,E-D,R2A_ONLINE_OFFSET_ONLY,ADAPTIVE_RECENTER,60,1,0.0007003439320957449,0.07003439320957448,0.05243785391401128,0.0003218601794175005,0.0009752673553539028,0.2721124663136518,0.2777434900131534,-5.5797478111878736,0.001452153304371398,1.0,1.0,1.0
TEST,M6-OPERATING-POINT_m0p5_s209_EA,M6_OPERATING_POINT,0.5,209,E-A,R0_FROZEN_B2,NA,0,0,0.0009410003966888854,0.09410003966888854,0.07001050009766124,0.00044599722974997366,0.0013073996904833193,0.35992781316655376,0.3831630843523435,,,,,
TEST,M6-OPERATING-POINT_m0p5_s209_EA,M6_OPERATING_POINT,0.5,209,E-A,R1_ORACLE_RECENTERED,NA,0,0,3.6062502879246763e-05,0.0036062502879246764,0.004172951600627066,9.087727502229383e-05,0.00011684274946204659,0.008982712906720102,0.03292803405864292,,,,,
TEST,M6-OPERATING-POINT_m0p5_s209_EA,M6_OPERATING_POINT,0.5,209,E-A,R2A_ONLINE_OFFSET_ONLY,ALWAYS_RECENTER,60,1,0.0008996405409494237,0.08996405409494236,0.06794021411731903,0.0003994056512408287,0.0012571806976741952,0.3102244525057185,0.42467958252886395,-11.040761688973134,0.3635518908794112,0.978021978021978,1.0,1.0
TEST,M6-OPERATING-POINT_m0p5_s209_EA,M6_OPERATING_POINT,0.5,209,E-A,R2A_ONLINE_OFFSET_ONLY,ADAPTIVE_RECENTER,60,1,0.0009467092364341475,0.09467092364341476,0.07132169605615656,0.0004536143483123493,0.0013322693100115465,0.354623331720068,0.41017551645916733,-7.2091977090458235,0.16490965905001484,0.9819213045019497,0.9964551577454803,0.999291031549096
TEST,M6-OPERATING-POINT_m0p5_s210_EB,M6_OPERATING_POINT,0.5,210,E-B,R0_FROZEN_B2,NA,0,0,0.0003585910173926844,0.03585910173926844,0.02686367899410025,0.00016988033873601932,0.0005012992862887853,0.13694782038683545,0.1440836228076774,,,,,
TEST,M6-OPERATING-POINT_m0p5_s210_EB,M6_OPERATING_POINT,0.5,210,E-B,R1_ORACLE_RECENTERED,NA,0,0,1.7696239779761729e-06,0.0001769623977976173,0.00016849875174551423,3.2224202928204854e-06,4.3803057920311505e-06,0.0005346701669590273,0.0009686152287259011,,,,,
TEST,M6-OPERATING-POINT_m0p5_s210_EB,M6_OPERATING_POINT,0.5,210,E-B,R2A_ONLINE_OFFSET_ONLY,ALWAYS_RECENTER,60,1,0.00036245678956203076,0.03624567895620308,0.02642825872934802,0.0001907369044481811,0.0005014845722494422,0.12884426324417722,0.14245971926929354,-11.195293879278333,0.054487510269012725,1.0,1.0,1.0
TEST,M6-OPERATING-POINT_m0p5_s210_EB,M6_OPERATING_POINT,0.5,210,E-B,R2A_ONLINE_OFFSET_ONLY,ADAPTIVE_RECENTER,60,1,0.0003585910173926844,0.03585910173926844,0.02686367899410025,0.00016988033873601932,0.0005012992862887853,0.13694782038683545,0.1440836228076774,-5.5802845187819,0.00037873811631794024,1.0,1.0,1.0
TEST,M6-OPERATING-POINT_m0p5_s211_EC,M6_OPERATING_POINT,0.5,211,E-C,R0_FROZEN_B2,NA,0,0,0.0003585395490976582,0.03585395490976582,0.026823254563075993,0.00017181393914844642,0.000501277868070208,0.13725871422173497,0.14397941133136974,,,,,
TEST,M6-OPERATING-POINT_m0p5_s211_EC,M6_OPERATING_POINT,0.5,211,E-C,R1_ORACLE_RECENTERED,NA,0,0,1.0080063537816448e-07,1.0080063537816449e-05,1.2614193192164362e-05,2.3601590285010667e-07,3.238875079081885e-07,5.167018183508226e-05,0.00010483282473202971,,,,,
TEST,M6-OPERATING-POINT_m0p5_s211_EC,M6_OPERATING_POINT,0.5,211,E-C,R2A_ONLINE_OFFSET_ONLY,ALWAYS_RECENTER,60,1,0.0003528873911471117,0.03528873911471117,0.025904095659659912,0.00017930701978748697,0.0004886155591816399,0.12575921590310257,0.14923439170782424,-11.196397248531689,0.052280771762301344,1.0,1.0,1.0
TEST,M6-OPERATING-POINT_m0p5_s211_EC,M6_OPERATING_POINT,0.5,211,E-C,R2A_ONLINE_OFFSET_ONLY,ADAPTIVE_RECENTER,60,1,0.0003585395490976582,0.03585395490976582,0.026823254563075993,0.00017181393914844642,0.000501277868070208,0.13725871422173497,0.14397941133136974,-5.580283988282662,0.00037979911479449406,1.0,1.0,1.0
TEST,M6-OPERATING-POINT_m0p5_s212_ED,M6_OPERATING_POINT,0.5,212,E-D,R0_FROZEN_B2,NA,0,0,0.0007490030820131911,0.07490030820131911,0.05605675982127977,0.0003442378419928292,0.0010426191475565822,0.2917027123873806,0.29711308299721323,,,,,
TEST,M6-OPERATING-POINT_m0p5_s212_ED,M6_OPERATING_POINT,0.5,212,E-D,R1_ORACLE_RECENTERED,NA,0,0,1.1930146857975124e-05,0.0011930146857975124,0.001107662103037565,2.6137914676329812e-05,3.261411521943888e-05,0.003506142238543089,0.009287279220344157,,,,,
TEST,M6-OPERATING-POINT_m0p5_s212_ED,M6_OPERATING_POINT,0.5,212,E-D,R2A_ONLINE_OFFSET_ONLY,ALWAYS_RECENTER,60,1,0.0007230483710461463,0.07230483710461463,0.053987569339845644,0.00033018883924297706,0.0010032313700829363,0.24793669717747238,0.3254800813382284,-11.10880770981649,0.22745984919270024,1.0,1.0,1.0
TEST,M6-OPERATING-POINT_m0p5_s212_ED,M6_OPERATING_POINT,0.5,212,E-D,R2A_ONLINE_OFFSET_ONLY,ADAPTIVE_RECENTER,60,1,0.0007490030820131911,0.07490030820131911,0.05605675982127977,0.0003442378419928292,0.0010426191475565822,0.2917027123873806,0.29711308299721323,-5.579643302751401,0.0016611701773161076,1.0,1.0,1.0
TEST,M6-OPERATING-POINT_m0p5_s213_EA,M6_OPERATING_POINT,0.5,213,E-A,R0_FROZEN_B2,NA,0,0,0.001037472507895728,0.10374725078957281,0.07703093193616742,0.0004987709013888262,0.0014412042458329657,0.395524124395508,0.4260711384784755,,,,,
TEST,M6-OPERATING-POINT_m0p5_s213_EA,M6_OPERATING_POINT,0.5,213,E-A,R1_ORACLE_RECENTERED,NA,0,0,4.7821217479266666e-05,0.004782121747926667,0.005648464379903907,0.0001220590979949292,0.00015741985730040667,0.01163073262379745,0.04436663044920529,,,,,
TEST,M6-OPERATING-POINT_m0p5_s213_EA,M6_OPERATING_POINT,0.5,213,E-A,R2A_ONLINE_OFFSET_ONLY,ALWAYS_RECENTER,60,1,0.0009901748217793435,0.09901748217793435,0.07499318857433343,0.0004355664152657341,0.0013859619406062387,0.3427184149087271,0.471898976736666,-11.000622205112133,0.4438308586014133,0.9680964197093229,1.0,1.0
TEST,M6-OPERATING-POINT_m0p5_s213_EA,M6_OPERATING_POINT,0.5,213,E-A,R2A_ONLINE_OFFSET_ONLY,ADAPTIVE_RECENTER,60,1,0.001031127013088152,0.10311270130881521,0.0781651528289709,0.0004795066723852997,0.0014539230722547276,0.39003122824401826,0.4589458118723485,-7.441204884562578,0.2048787146649247,0.9744771357674583,0.9964551577454803,0.999291031549096
TEST,M6-OPERATING-POINT_m0p5_s214_EB,M6_OPERATING_POINT,0.5,214,E-B,R0_FROZEN_B2,NA,0,0,0.0003584849840711731,0.035848498407117305,0.02684864031727023,0.0001699100475390311,0.0005010608839895003,0.13701167302954315,0.14382912362673952,,,,,
TEST,M6-OPERATING-POINT_m0p5_s214_EB,M6_OPERATING_POINT,0.5,214,E-B,R1_ORACLE_RECENTERED,NA,0,0,2.1796178649670697e-06,0.00021796178649670698,0.0002398373600021175,4.245311568564345e-06,5.986168864756543e-06,0.0006516562835277722,0.001412012187948183,,,,,
TEST,M6-OPERATING-POINT_m0p5_s214_EB,M6_OPERATING_POINT,0.5,214,E-B,R2A_ONLINE_OFFSET_ONLY,ALWAYS_RECENTER,60,1,0.00036413657140402694,0.03641365714040269,0.026517321440778775,0.0001937119755715493,0.000504078718934309,0.12882456325641922,0.14146595370404172,-11.19504961195025,0.05497604492518032,1.0,1.0,1.0
TEST,M6-OPERATING-POINT_m0p5_s214_EB,M6_OPERATING_POINT,0.5,214,E-B,R2A_ONLINE_OFFSET_ONLY,ADAPTIVE_RECENTER,60,1,0.0003584849840711731,0.035848498407117305,0.02684864031727023,0.0001699100475390311,0.0005010608839895003,0.13701167302954315,0.14382912362673952,-5.580284716641302,0.00037834239751452845,1.0,1.0,1.0
TEST,M6-OPERATING-POINT_m0p5_s215_EC,M6_OPERATING_POINT,0.5,215,E-C,R0_FROZEN_B2,NA,0,0,0.00035850633944963287,0.03585063394496329,0.02681260881184508,0.00017214314357440107,0.0005012143480721872,0.13732118068987112,0.143900300349316,,,,,
TEST,M6-OPERATING-POINT_m0p5_s215_EC,M6_OPERATING_POINT,0.5,215,E-C,R1_ORACLE_RECENTERED,NA,0,0,1.1821575517529773e-07,1.1821575517529774e-05,1.480854475317686e-05,2.7651967381503116e-07,3.79827350247439e-07,6.047428998211472e-05,0.00012288342442195988,,,,,
TEST,M6-OPERATING-POINT_m0p5_s215_EC,M6_OPERATING_POINT,0.5,215,E-C,R2A_ONLINE_OFFSET_ONLY,ALWAYS_RECENTER,60,1,0.0003529135826281819,0.03529135826281819,0.02589735359968509,0.00017973289564206327,0.0004886615508173511,0.12582941789207583,0.14922785276617392,-11.196393531641277,0.05228820554312851,1.0,1.0,1.0
TEST,M6-OPERATING-POINT_m0p5_s215_EC,M6_OPERATING_POINT,0.5,215,E-C,R2A_ONLINE_OFFSET_ONLY,ADAPTIVE_RECENTER,60,1,0.00035850633944963287,0.03585063394496329,0.02681260881184508,0.00017214314357440107,0.0005012143480721872,0.13732118068987112,0.143900300349316,-5.580283959779909,0.00037985612029801653,1.0,1.0,1.0
TEST,M6-OPERATING-POINT_m0p5_s216_ED,M6_OPERATING_POINT,0.5,216,E-D,R0_FROZEN_B2,NA,0,0,0.0007976287460853906,0.07976287460853906,0.059667709851244546,0.0003668414645783743,0.0011099112010049413,0.31086920192471656,0.3172202173238112,,,,,
TEST,M6-OPERATING-POINT_m0p5_s216_ED,M6_OPERATING_POINT,0.5,216,E-D,R1_ORACLE_RECENTERED,NA,0,0,1.460483161711676e-05,0.001460483161711676,0.0013694227300378274,3.271914037671914e-05,4.0645319295382365e-05,0.004191669697489535,0.011577536828443862,,,,,
TEST,M6-OPERATING-POINT_m0p5_s216_ED,M6_OPERATING_POINT,0.5,216,E-D,R2A_ONLINE_OFFSET_ONLY,ALWAYS_RECENTER,60,1,0.0007692894241149521,0.07692894241149521,0.05750598021723909,0.00034923800537375394,0.0010677940772932145,0.26336600229525514,0.3477335638684267,-11.093389305379334,0.25829665806701324,1.0,1.0,1.0
TEST,M6-OPERATING-POINT_m0p5_s216_ED,M6_OPERATING_POINT,0.5,216,E-D,R2A_ONLINE_OFFSET_ONLY,ADAPTIVE_RECENTER,60,1,0.0007976287460853906,0.07976287460853906,0.059667709851244546,0.0003668414645783743,0.0011099112010049413,0.31086920192471656,0.3172202173238112,-5.579531830434326,0.0018841148114663473,1.0,1.0,1.0
TEST,M6-OPERATING-POINT_m0p5_s217_EA,M6_OPERATING_POINT,0.5,217,E-A,R0_FROZEN_B2,NA,0,0,0.0011339333487293054,0.11339333487293053,0.08401387123438837,0.0005542659871823646,0.0015753622508544929,0.4315034739029825,0.46968012919881597,,,,,
TEST,M6-OPERATING-POINT_m0p5_s217_EA,M6_OPERATING_POINT,0.5,217,E-A,R1_ORACLE_RECENTERED,NA,0,0,6.123350561185017e-05,0.006123350561185017,0.007362955550704491,0.0001576166721899076,0.0002040520151327943,0.014888725373782111,0.05751381600985014,,,,,
TEST,M6-OPERATING-POINT_m0p5_s217_EA,M6_OPERATING_POINT,0.5,217,E-A,R2A_ONLINE_OFFSET_ONLY,ALWAYS_RECENTER,60,1,0.0010804516802817728,0.10804516802817728,0.08205698496207257,0.00047169555771580876,0.0015149113958097332,0.3744049112134777,0.51952736108596,-10.956374153354641,0.5323269621163957,0.9663239985820631,1.0,1.0
TEST,M6-OPERATING-POINT_m0p5_s217_EA,M6_OPERATING_POINT,0.5,217,E-A,R2A_ONLINE_OFFSET_ONLY,ADAPTIVE_RECENTER,60,1,0.0011272525134854135,0.11272525134854135,0.0855552588869223,0.0005263953113580524,0.0015918608686278756,0.425966897623933,0.5057911090382224,-7.41868065950477,0.24992716478054175,0.9645515774548032,0.9961006735200284,0.9968096419709322
TEST,M6-OPERATING-POINT_m0p5_s218_EB,M6_OPERATING_POINT,0.5,218,E-B,R0_FROZEN_B2,NA,0,0,0.0003583586662853199,0.03583586662853199,0.02683064919314984,0.00016996053188809268,0.0005007804445935393,0.1371179159336282,0.1435240719980172,,,,,
TEST,M6-OPERATING-POINT_m0p5_s218_EB,M6_OPERATING_POINT,0.5,218,E-B,R1_ORACLE_RECENTERED,NA,0,0,2.637918832017206e-06,0.0002637918832017206,0.0003244954259976359,5.507015784823384e-06,7.931537911674842e-06,0.0007821370449585738,0.00194138770411539,,,,,
TEST,M6-OPERATING-POINT_m0p5_s218_EB,M6_OPERATING_POINT,0.5,218,E-B,R2A_ONLINE_OFFSET_ONLY,ALWAYS_RECENTER,60,1,0.00036585225601827516,0.03658522560182752,0.02660870352466895,0.00019691021305888971,0.0005068068075240203,0.1294020433386497,0.14075628465422077,-11.194786953119998,0.05550136258568289,1.0,1.0,1.0
TEST,M6-OPERATING-POINT_m0p5_s218_EB,M6_OPERATING_POINT,0.5,218,E-B,R2A_ONLINE_OFFSET_ONLY,ADAPTIVE_RECENTER,60,1,0.0003583586662853199,0.03583586662853199,0.02683064919314984,0.00016996053188809268,0.0005007804445935393,0.1371179159336282,0.1435240719980172,-5.580284944071074,0.000377887537970398,1.0,1.0,1.0
TEST,M6-OPERATING-POINT_m0p5_s219_EC,M6_OPERATING_POINT,0.5,219,E-C,R0_FROZEN_B2,NA,0,0,0.00035847503782351545,0.03584750378235155,0.026801997844540133,0.00017247686720614142,0.0005011532452566798,0.13738396201614575,0.14382297463683386,,,,,
TEST,M6-OPERATING-POINT_m0p5_s219_EC,M6_OPERATING_POINT,0.5,219,E-C,R1_ORACLE_RECENTERED,NA,0,0,1.355969392253616e-07,1.3559693922536159e-05,1.7003121710699942e-05,3.1686328830286326e-07,4.356536087236865e-07,6.91914615705651e-05,0.0001408807338726366,,,,,
TEST,M6-OPERATING-POINT_m0p5_s219_EC,M6_OPERATING_POINT,0.5,219,E-C,R2A_ONLINE_OFFSET_ONLY,ALWAYS_RECENTER,60,1,0.0003529416423555394,0.03529416423555394,0.02589065574539545,0.00018016252726795604,0.0004887100566430787,0.12589959807683945,0.149222094806752,-11.196389576021764,0.05229611678215014,1.0,1.0,1.0
TEST,M6-OPERATING-POINT_m0p5_s219_EC,M6_OPERATING_POINT,0.5,219,E-C,R2A_ONLINE_OFFSET_ONLY,ADAPTIVE_RECENTER,60,1,0.00035847503782351545,0.03584750378235155,0.026801997844540133,0.00017247686720614142,0.0005011532452566798,0.13738396201614575,0.14382297463683386,-5.580283929483824,0.00037991671247039957,1.0,1.0,1.0
TEST,M6-OPERATING-POINT_m0p5_s220_ED,M6_OPERATING_POINT,0.5,220,E-D,R0_FROZEN_B2,NA,0,0,0.0008462224972658149,0.08462224972658149,0.06327074780906389,0.0003896901118404862,0.0011771507594509744,0.3287884101540393,0.3374233604170613,,,,,
TEST,M6-OPERATING-POINT_m0p5_s220_ED,M6_OPERATING_POINT,0.5,220,E-D,R1_ORACLE_RECENTERED,NA,0,0,1.7548098933817107e-05,0.0017548098933817108,0.001660961832717185,4.0042129122942394e-05,4.9585648192553994e-05,0.004945985143587745,0.014126165752104352,,,,,
TEST,M6-OPERATING-POINT_m0p5_s220_ED,M6_OPERATING_POINT,0.5,220,E-D,R2A_ONLINE_OFFSET_ONLY,ALWAYS_RECENTER,60,1,0.0008154974197085626,0.08154974197085627,0.061024750617914486,0.0003682113490953998,0.0011323397309053963,0.27881390831970615,0.3700393149826468,-11.076976058394216,0.2911231520372453,1.0,1.0,1.0
TEST,M6-OPERATING-POINT_m0p5_s220_ED,M6_OPERATING_POINT,0.5,220,E-D,R2A_ONLINE_OFFSET_ONLY,ADAPTIVE_RECENTER,60,1,0.000896849939488284,0.0896849939488284,0.06608709977029795,0.0005087217164501164,0.0012680434175683895,0.33109406287013576,0.3506768488742741,-5.772286761814589,0.12529735966932676,0.9748316199929103,0.9929103154909606,0.9950372208436724
TEST,M6-OPERATING-POINT_m1p0_s201_EA,M6_OPERATING_POINT,1.0,201,E-A,R0_FROZEN_B2,NA,0,0,0.0011114260107583243,0.11114260107583243,0.0830167287521974,0.0005218502865011995,0.001547850357255952,0.4305065399704034,0.4427014387387734,,,,,
TEST,M6-OPERATING-POINT_m1p0_s201_EA,M6_OPERATING_POINT,1.0,201,E-A,R1_ORACLE_RECENTERED,NA,0,0,2.3156980537375006e-05,0.0023156980537375007,0.0022252847342000065,5.2800382208634814e-05,6.575411516119633e-05,0.006128529599650653,0.018161006188248348,,,,,
TEST,M6-OPERATING-POINT_m1p0_s201_EA,M6_OPERATING_POINT,1.0,201,E-A,R2A_ONLINE_OFFSET_ONLY,ALWAYS_RECENTER,60,1,0.00107389560813259,0.107389560813259,0.07998313220694608,0.0005003923038882391,0.0014897047330955154,0.3621111150410824,0.4840474565014968,-10.972280625260124,0.5005140183054342,0.9680964197093229,1.0,1.0
TEST,M6-OPERATING-POINT_m1p0_s201_EA,M6_OPERATING_POINT,1.0,201,E-A,R2A_ONLINE_OFFSET_ONLY,ADAPTIVE_RECENTER,60,1,0.001100804336183745,0.11008043361837451,0.08286197122889816,0.0005030872209777742,0.0015392292194167003,0.4151206300402043,0.46668037236106036,-7.44361662067453,0.20005524244102058,0.9790854306983339,0.9996455157745481,0.9996455157745481
TEST,M6-OPERATING-POINT_m1p0_s202_EB,M6_OPERATING_POINT,1.0,202,E-B,R0_FROZEN_B2,NA,0,0,0.0007175060240722222,0.07175060240722222,0.05378264284806597,0.00033985895284595135,0.0010034720959331226,0.27355512492314765,0.28903653493216047,,,,,
TEST,M6-OPERATING-POINT_m1p0_s202_EB,M6_OPERATING_POINT,1.0,202,E-B,R1_ORACLE_RECENTERED,NA,0,0,2.1093598302484715e-06,0.00021093598302484714,9.257957545220628e-05,3.933028317005679e-06,4.265594775655842e-06,0.0006344823688488261,0.0013292626600949799,,,,,
TEST,M6-OPERATING-POINT_m1p0_s202_EB,M6_OPERATING_POINT,1.0,202,E-B,R2A_ONLINE_OFFSET_ONLY,ALWAYS_RECENTER,60,1,0.0007117523876726201,0.071175238767262,0.05218600055946763,0.0003616176331141787,0.0009844566536766279,0.2565070533912192,0.2937196053219177,-11.116866732660993,0.21134180350369194,1.0,1.0,1.0
TEST,M6-OPERATING-POINT_m1p0_s202_EB,M6_OPERATING_POINT,1.0,202,E-B,R2A_ONLINE_OFFSET_ONLY,ADAPTIVE_RECENTER,60,1,0.0007180210270921427,0.07180210270921426,0.05375999746122939,0.00034163802052367153,0.0010036952476625918,0.273354011663801,0.28847393520100284,-6.451999155888524,0.0355346302125856,1.0,1.0,1.0
TEST,M6-OPERATING-POINT_m1p0_s203_EC,M6_OPERATING_POINT,1.0,203,E-C,R0_FROZEN_B2,NA,0,0,0.0007172397860735385,0.07172397860735384,0.053716161639093644,0.0003414565550413704,0.0010028953393576433,0.27418862219262513,0.2883406953330054,,,,,
TEST,M6-OPERATING-POINT_m1p0_s203_EC,M6_OPERATING_POINT,1.0,203,E-C,R1_ORACLE_RECENTERED,NA,0,0,9.518446923109561e-08,9.518446923109561e-06,8.542614506562386e-06,2.077666597146663e-07,2.5645249627006354e-07,3.7658713348911236e-05,7.87514952627322e-05,,,,,
TEST,M6-OPERATING-POINT_m1p0_s203_EC,M6_OPERATING_POINT,1.0,203,E-C,R2A_ONLINE_OFFSET_ONLY,ALWAYS_RECENTER,60,1,0.0007055160196467931,0.07055160196467931,0.05185813292795564,0.0003555029019234386,0.00097681413923066,0.25081853253134334,0.29861290714934463,-11.11804123130905,0.20899280620758082,1.0,1.0,1.0
TEST,M6-OPERATING-POINT_m1p0_s203_EC,M6_OPERATING_POINT,1.0,203,E-C,R2A_ONLINE_OFFSET_ONLY,ADAPTIVE_RECENTER,60,1,0.0007149678369787574,0.07149678369787574,0.0537789626506287,0.0003357248350567011,0.0010020832794505395,0.27408974831692645,0.2850783966244276,-6.265101385282053,0.028860657092270772,1.0,1.0,1.0
TEST,M6-OPERATING-POINT_m1p0_s204_ED,M6_OPERATING_POINT,1.0,204,E-D,R0_FROZEN_B2,NA,0,0,0.00101419307242658,0.10141930724265799,0.07594113206488641,0.0004726926545967062,0.0014144238197597238,0.39230648546382174,0.40400433387247126,,,,,
TEST,M6-OPERATING-POINT_m1p0_s204_ED,M6_OPERATING_POINT,1.0,204,E-D,R1_ORACLE_RECENTERED,NA,0,0,1.0714006144142137e-05,0.0010714006144142136,0.0008273184289573225,2.1712883039736864e-05,2.6157670591545608e-05,0.0032822484785654904,0.007116410154104174,,,,,
TEST,M6-OPERATING-POINT_m1p0_s204_ED,M6_OPERATING_POINT,1.0,204,E-D,R2A_ONLINE_OFFSET_ONLY,ALWAYS_RECENTER,60,1,0.0009863113526100773,0.09863113526100774,0.07310036237479874,0.0004680179022562459,0.0013652092568700424,0.33637574769880474,0.43279547394759477,-11.014546940184562,0.4159813884565554,0.9680964197093229,1.0,1.0
TEST,M6-OPERATING-POINT_m1p0_s204_ED,M6_OPERATING_POINT,1.0,204,E-D,R2A_ONLINE_OFFSET_ONLY,ADAPTIVE_RECENTER,60,1,0.0010052718700458904,0.10052718700458904,0.07550748691329819,0.00046002255378905425,0.0014031073494414797,0.37880993986455286,0.4164707302699588,-7.463954028424867,0.1593804269403447,0.9840482098546615,1.0,1.0
TEST,M6-OPERATING-POINT_m1p0_s205_EA,M6_OPERATING_POINT,1.0,205,E-A,R0_FROZEN_B2,NA,0,0,0.0012093174683429169,0.12093174683429168,0.09019228006391448,0.0005709532191838567,0.001682935803361854,0.46505057125687055,0.4852095836746957,,,,,
TEST,M6-OPERATING-POINT_m1p0_s205_EA,M6_OPERATING_POINT,1.0,205,E-A,R1_ORACLE_RECENTERED,NA,0,0,3.309962693888317e-05,0.003309962693888317,0.0033348159878178268,7.775607136197162e-05,9.743613202590644e-05,0.008651133432559178,0.02705378130576508,,,,,
TEST,M6-OPERATING-POINT_m1p0_s205_EA,M6_OPERATING_POINT,1.0,205,E-A,R2A_ONLINE_OFFSET_ONLY,ALWAYS_RECENTER,60,1,0.0011657012389177496,0.11657012389177496,0.08704469772941431,0.0005366967414838423,0.0016185509607924648,0.39476852032550014,0.5313521135335613,-10.925391035442713,0.594293197940254,0.967387451258419,1.0,1.0
TEST,M6-OPERATING-POINT_m1p0_s205_EA,M6_OPERATING_POINT,1.0,205,E-A,R2A_ONLINE_OFFSET_ONLY,ADAPTIVE_RECENTER,60,1,0.0011978257807868536,0.11978257807868536,0.09025634387077833,0.0005472151736328966,0.0016763294766093356,0.45185358567628026,0.513188988437546,-7.422299307090332,0.2426898696094169,0.9730591988656505,0.9971641261963843,0.9996455157745481
TEST,M6-OPERATING-POINT_m1p0_s206_EB,M6_OPERATING_POINT,1.0,206,E-B,R0_FROZEN_B2,NA,0,0,0.0007174726739212941,0.07174726739212942,0.05377986506905672,0.0003397860492908776,0.0010034043829407313,0.27353527116396137,0.2889805383914276,,,,,
TEST,M6-OPERATING-POINT_m1p0_s206_EB,M6_OPERATING_POINT,1.0,206,E-B,R1_ORACLE_RECENTERED,NA,0,0,2.542769957694586e-06,0.0002542769957694586,0.00011183590920551199,4.674564123116902e-06,5.08231431462878e-06,0.0007606933727370582,0.0015838247278481378,,,,,
TEST,M6-OPERATING-POINT_m1p0_s206_EB,M6_OPERATING_POINT,1.0,206,E-B,R2A_ONLINE_OFFSET_ONLY,ALWAYS_RECENTER,60,1,0.0007132606095152094,0.07132606095152094,0.05225976044097764,0.00036364507023588406,0.000986418353042543,0.25829748559497295,0.2926164164170804,-11.116540080704377,0.2119951074169259,1.0,1.0,1.0
TEST,M6-OPERATING-POINT_m1p0_s206_EB,M6_OPERATING_POINT,1.0,206,E-B,R2A_ONLINE_OFFSET_ONLY,ADAPTIVE_RECENTER,60,1,0.0007196584185909692,0.07196584185909692,0.0537653426322189,0.0003451316064544954,0.00100496793800302,0.2718920749730493,0.28912435865701247,-6.57591745882078,0.041122945253788415,1.0,1.0,1.0
TEST,M6-OPERATING-POINT_m1p0_s207_EC,M6_OPERATING_POINT,1.0,207,E-C,R0_FROZEN_B2,NA,0,0,0.0007171987315132073,0.07171987315132072,0.05370534893685259,0.0003417685943268491,0.0010028217208789077,0.27423487272771097,0.28825620176838324,,,,,
TEST,M6-OPERATING-POINT_m1p0_s207_EC,M6_OPERATING_POINT,1.0,207,E-C,R1_ORACLE_RECENTERED,NA,0,0,1.204818118594294e-07,1.2048181185942938e-05,1.0820849911827846e-05,2.627816561685158e-07,3.245262657655487e-07,4.7701771961678056e-05,9.961892275852509e-05,,,,,
TEST,M6-OPERATING-POINT_m1p0_s207_EC,M6_OPERATING_POINT,1.0,207,E-C,R2A_ONLINE_OFFSET_ONLY,ALWAYS_RECENTER,60,1,0.0007055354157610292,0.07055354157610293,0.05185117591702632,0.0003559200035699096,0.0009768514079865405,0.250892237999921,0.29860240441476704,-11.118035973780442,0.2090033212647948,1.0,1.0,1.0
TEST,M6-OPERATING-POINT_m1p0_s207_EC,M6_OPERATING_POINT,1.0,207,E-C,R2A_ONLINE_OFFSET_ONLY,ADAPTIVE_RECENTER,60,1,0.0007149135911690512,0.07149135911690511,0.05376660688654639,0.00033605517928383965,0.001001987111407015,0.2741396379064875,0.28501845634123785,-6.265115444349269,0.028832538957841297,1.0,1.0,1.0
TEST,M6-OPERATING-POINT_m1p0_s208_ED,M6_OPERATING_POINT,1.0,208,E-D,R0_FROZEN_B2,NA,0,0,0.0010635271094265434,0.10635271094265435,0.07960903186539242,0.0004953417978126665,0.0014826659740389562,0.4122738622065744,0.42279654337885947,,,,,
TEST,M6-OPERATING-POINT_m1p0_s208_ED,M6_OPERATING_POINT,1.0,208,E-D,R1_ORACLE_RECENTERED,NA,0,0,1.3438439146236281e-05,0.001343843914623628,0.001062336989193442,2.7916905515186835e-05,3.361604052758798e-05,0.004027141897957201,0.009212784856936908,,,,,
TEST,M6-OPERATING-POINT_m1p0_s208_ED,M6_OPERATING_POINT,1.0,208,E-D,R2A_ONLINE_OFFSET_ONLY,ALWAYS_RECENTER,60,1,0.0010331026043708,0.10331026043708001,0.07664634652618087,0.00048703495343298817,0.0014301622356549804,0.3516892595890708,0.45533994288712887,-10.993706914364806,0.457661440096068,0.9680964197093229,1.0,1.0
TEST,M6-OPERATING-POINT_m1p0_s208_ED,M6_OPERATING_POINT,1.0,208,E-D,R2A_ONLINE_OFFSET_ONLY,ADAPTIVE_RECENTER,60,1,0.0010538849733218295,0.10538849733218296,0.07919557812899347,0.00048105707264356506,0.001471172216135729,0.39734491477744865,0.4386335390802988,-7.455318914188089,0.17665065541390293,0.9826302729528535,0.9996455157745481,1.0
TEST,M6-OPERATING-POINT_m1p0_s209_EA,M6_OPERATING_POINT,1.0,209,E-A,R0_FROZEN_B2,NA,0,0,0.0013070442318366784,0.13070442318366784,0.09731742493248925,0.0006222075216097971,0.001817915292698836,0.5004166616991836,0.528414313759686,,,,,
TEST,M6-OPERATING-POINT_m1p0_s209_EA,M6_OPERATING_POINT,1.0,209,E-A,R1_ORACLE_RECENTERED,NA,0,0,4.4729926987981925e-05,0.004472992698798192,0.004680941417249903,0.0001073415862550471,0.00013532972076995517,0.011463806337370349,0.03770112185247797,,,,,
TEST,M6-OPERATING-POINT_m1p0_s209_EA,M6_OPERATING_POINT,1.0,209,E-A,R2A_ONLINE_OFFSET_ONLY,ALWAYS_RECENTER,60,1,0.0012572969968811167,0.12572969968811168,0.09411589835152316,0.0005728229135222351,0.0017475119535539944,0.42724384482942096,0.5790600700174985,-10.87429248906615,0.6964902906933801,0.8876285005317264,1.0,1.0
TEST,M6-OPERATING-POINT_m1p0_s209_EA,M6_OPERATING_POINT,1.0,209,E-A,R2A_ONLINE_OFFSET_ONLY,ADAPTIVE_RECENTER,60,1,0.00129481587304754,0.129481587304754,0.09765673814612999,0.0005920708578622718,0.0018137546292730329,0.4886288835336913,0.5601193449788774,-7.398579624366368,0.2901292350573414,0.9574618929457639,0.9968096419709322,0.9971641261963843
TEST,M6-OPERATING-POINT_m1p0_s210_EB,M6_OPERATING_POINT,1.0,210,E-B,R0_FROZEN_B2,NA,0,0,0.0007174173688660182,0.07174173688660182,0.05377377520231351,0.0003397244055612915,0.0010032854328904121,0.2735717945432062,0.28887015590075743,,,,,
TEST,M6-OPERATING-POINT_m1p0_s210_EB,M6_OPERATING_POINT,1.0,210,E-B,R1_ORACLE_RECENTERED,NA,0,0,3.020194194869391e-06,0.0003020194194869391,0.00014278431361174646,5.425195480388816e-06,5.990479015689896e-06,0.0008979644839655793,0.0018218759806408454,,,,,
TEST,M6-OPERATING-POINT_m1p0_s210_EB,M6_OPERATING_POINT,1.0,210,E-B,R2A_ONLINE_OFFSET_ONLY,ALWAYS_RECENTER,60,1,0.0007147788419598388,0.07147788419598387,0.05233425421361659,0.0003657672218756024,0.0009884293622669468,0.25961952611163364,0.2915358612615329,-11.116195581068201,0.21268410668927945,1.0,1.0,1.0
TEST,M6-OPERATING-POINT_m1p0_s210_EB,M6_OPERATING_POINT,1.0,210,E-B,R2A_ONLINE_OFFSET_ONLY,ADAPTIVE_RECENTER,60,1,0.0007213473204603126,0.07213473204603126,0.05377818600235279,0.00034876128544576,0.0010064247001374275,0.2719340770928047,0.2898589371642379,-6.637581087420548,0.044439138937248414,1.0,1.0,1.0
TEST,M6-OPERATING-POINT_m1p0_s211_EC,M6_OPERATING_POINT,1.0,211,E-C,R0_FROZEN_B2,NA,0,0,0.0007171586483898356,0.07171586483898357,0.05369455350948988,0.0003420830329191353,0.0010027493394908474,0.2742927078438169,0.2881726018308214,,,,,
TEST,M6-OPERATING-POINT_m1p0_s211_EC,M6_OPERATING_POINT,1.0,211,E-C,R1_ORACLE_RECENTERED,NA,0,0,1.4574340462709874e-07,1.4574340462709874e-05,1.3099185185062249e-05,3.176329907414109e-07,3.924686028975201e-07,5.77434661048042e-05,0.00012043044117027986,,,,,
TEST,M6-OPERATING-POINT_m1p0_s211_EC,M6_OPERATING_POINT,1.0,211,E-C,R2A_ONLINE_OFFSET_ONLY,ALWAYS_RECENTER,60,1,0.0007055557624093166,0.07055557624093166,0.051844241503221276,0.0003563390794981782,0.0009768899652578275,0.25096591682528585,0.2985922994269308,-11.118030471428652,0.20901432596837652,1.0,1.0,1.0
TEST,M6-OPERATING-POINT_m1p0_s211_EC,M6_OPERATING_POINT,1.0,211,E-C,R2A_ONLINE_OFFSET_ONLY,ADAPTIVE_RECENTER,60,1,0.0007148608608439725,0.07148608608439724,0.053754283838594985,0.00033638856163967256,0.0010018926632654813,0.2741966706083126,0.2849594293076677,-6.2651292627507615,0.02880490215485594,1.0,1.0,1.0
TEST,M6-OPERATING-POINT_m1p0_s212_ED,M6_OPERATING_POINT,1.0,212,E-D,R0_FROZEN_B2,NA,0,0,0.0011128251065645749,0.11128251065645749,0.08326844661176147,0.0005182053800243295,0.0015508368775011465,0.4322878759347394,0.44147406922041665,,,,,
TEST,M6-OPERATING-POINT_m1p0_s212_ED,M6_OPERATING_POINT,1.0,212,E-D,R1_ORACLE_RECENTERED,NA,0,0,1.643746572693241e-05,0.001643746572693241,0.001327514893159327,3.488181042113714e-05,4.2001937337515406e-05,0.0049202246887561,0.011575070620597448,,,,,
TEST,M6-OPERATING-POINT_m1p0_s212_ED,M6_OPERATING_POINT,1.0,212,E-D,R2A_ONLINE_OFFSET_ONLY,ALWAYS_RECENTER,60,1,0.0010798723843038346,0.10798723843038346,0.08019354627713655,0.000506013665861874,0.001495127319199575,0.36668741569059254,0.4779390032263819,-10.971840086013186,0.5013950967993066,0.9680964197093229,1.0,1.0
TEST,M6-OPERATING-POINT_m1p0_s212_ED,M6_OPERATING_POINT,1.0,212,E-D,R2A_ONLINE_OFFSET_ONLY,ADAPTIVE_RECENTER,60,1,0.0011025224836800989,0.11025224836800988,0.0828844473520275,0.0005022383697620093,0.0015392969463314747,0.416023803529067,0.46085413127717684,-7.4461737307809965,0.1949410222280865,0.9801488833746899,0.9996455157745481,1.0
TEST,M6-OPERATING-POINT_m1p0_s213_EA,M6_OPERATING_POINT,1.0,213,E-A,R0_FROZEN_B2,NA,0,0,0.001404661141347881,0.1404661141347881,0.10439609862810659,0.0006759129179555411,0.0019529738822185146,0.5356894165326219,0.5723311041433436,,,,,
TEST,M6-OPERATING-POINT_m1p0_s213_EA,M6_OPERATING_POINT,1.0,213,E-A,R1_ORACLE_RECENTERED,NA,0,0,5.805110752484522e-05,0.005805110752484522,0.006269460692688305,0.00014147227811912405,0.00017943708454799703,0.015092353764691454,0.050103335921140184,,,,,
TEST,M6-OPERATING-POINT_m1p0_s213_EA,M6_OPERATING_POINT,1.0,213,E-A,R2A_ONLINE_OFFSET_ONLY,ALWAYS_RECENTER,60,1,0.0013486690319344193,0.13486690319344194,0.10119679306360986,0.0006088952406076242,0.0018766241457952948,0.46071537093924275,0.6271838835900281,-10.818960743352317,0.8071537821210469,0.8341013824884793,1.0,1.0
TEST,M6-OPERATING-POINT_m1p0_s213_EA,M6_OPERATING_POINT,1.0,213,E-A,R2A_ONLINE_OFFSET_ONLY,ADAPTIVE_RECENTER,60,1,0.0013917151152407293,0.13917151152407292,0.10506209065651081,0.0006376452994183955,0.0019514824807053504,0.5254399925072133,0.6074832727521599,-7.372438635633926,0.3424112125222262,0.8872740163062743,0.9957461892945764,0.9968096419709322
TEST,M6-OPERATING-POINT_m1p0_s214_EB,M6_OPERATING_POINT,1.0,214,E-B,R0_FROZEN_B2,NA,0,0,0.0007173402318408016,0.07173402318408016,0.05376441747834178,0.0003396742215196061,0.001003116045014132,0.2735962769985739,0.2887057031429637,,,,,
TEST,M6-OPERATING-POINT_m1p0_s214_EB,M6_OPERATING_POINT,1.0,214,E-B,R1_ORACLE_RECENTERED,NA,0,0,3.538208226371239e-06,0.0003538208226371239,0.0001887907896872598,6.231332121648515e-06,7.073864658779203e-06,0.0010507573186826964,0.002046960785379989,,,,,
TEST,M6-OPERATING-POINT_m1p0_s214_EB,M6_OPERATING_POINT,1.0,214,E-B,R2A_ONLINE_OFFSET_ONLY,ALWAYS_RECENTER,60,1,0.0007163073224560646,0.07163073224560645,0.05240933457052691,0.00036798866764587123,0.0009904893480875679,0.2605421159501691,0.29047817837341744,-11.115833088789591,0.21340909124649718,1.0,1.0,1.0
TEST,M6-OPERATING-POINT_m1p0_s214_EB,M6_OPERATING_POINT,1.0,214,E-B,R2A_ONLINE_OFFSET_ONLY,ADAPTIVE_RECENTER,60,1,0.0007231125940884641,0.07231125940884642,0.05379750785458392,0.0003526543484767508,0.0010080937388231416,0.27074975728923995,0.29062847662112296,-6.699143081162608,0.047911450789507024,1.0,1.0,1.0
TEST,M6-OPERATING-POINT_m1p0_s215_EC,M6_OPERATING_POINT,1.0,215,E-C,R0_FROZEN_B2,NA,0,0,0.0007171195393889424,0.07171195393889424,0.05368377536955387,0.00034239986414758526,0.0010026781954721173,0.274351040200004,0.2880899032026197,,,,,
TEST,M6-OPERATING-POINT_m1p0_s215_EC,M6_OPERATING_POINT,1.0,215,E-C,R1_ORACLE_RECENTERED,NA,0,0,1.7096915022759899e-07,1.7096915022759897e-05,1.537759833359981e-05,3.7232055466993825e-07,4.6027929740498046e-07,6.76338357148863e-05,0.00014118582722543157,,,,,
TEST,M6-OPERATING-POINT_m1p0_s215_EC,M6_OPERATING_POINT,1.0,215,E-C,R2A_ONLINE_OFFSET_ONLY,ALWAYS_RECENTER,60,1,0.0007055770623638248,0.07055770623638248,0.05183732969440952,0.00035676012281868536,0.0009769298108934944,0.2510395778401721,0.29858259236399726,-11.118024724243323,0.2090258203390306,1.0,1.0,1.0
TEST,M6-OPERATING-POINT_m1p0_s215_EC,M6_OPERATING_POINT,1.0,215,E-C,R2A_ONLINE_OFFSET_ONLY,ADAPTIVE_RECENTER,60,1,0.000714809658402082,0.0714809658402082,0.0537419935466244,0.0003367249731501948,0.0010017999358140027,0.2742541573853414,0.2849013232314888,-6.265142840453876,0.02877774674862328,1.0,1.0,1.0
TEST,M6-OPERATING-POINT_m1p0_s216_ED,M6_OPERATING_POINT,1.0,216,E-D,R0_FROZEN_B2,NA,0,0,0.001162088366295601,0.1162088366295601,0.08691940366458223,0.0005413022645045855,0.0016189432747692487,0.4524163717432372,0.46065040337170415,,,,,
TEST,M6-OPERATING-POINT_m1p0_s216_ED,M6_OPERATING_POINT,1.0,216,E-D,R1_ORACLE_RECENTERED,NA,0,0,1.9711941290262713e-05,0.0019711941290262713,0.0016233832165508638,4.260632022746231e-05,5.1319544399437715e-05,0.0057921414073786575,0.014203912032852217,,,,,
TEST,M6-OPERATING-POINT_m1p0_s216_ED,M6_OPERATING_POINT,1.0,216,E-D,R2A_ONLINE_OFFSET_ONLY,ALWAYS_RECENTER,60,1,0.0011266172326425418,0.11266172326425418,0.0837416027172672,0.0005249498950173404,0.0015600963858975363,0.3814551321347057,0.5005932787733215,-10.948945567932485,0.5471841329607089,0.9680964197093229,1.0,1.0
TEST,M6-OPERATING-POINT_m1p0_s216_ED,M6_OPERATING_POINT,1.0,216,E-D,R2A_ONLINE_OFFSET_ONLY,ADAPTIVE_RECENTER,60,1,0.0011511884516507784,0.11511884516507784,0.08657364395358898,0.0005235444207356185,0.001607466317232935,0.4345795508399055,0.48313299465441656,-7.4365179583894605,0.21425256701115922,0.9776674937965261,0.9996455157745481,0.9996455157745481
TEST,M6-OPERATING-POINT_m1p0_s217_EA,M6_OPERATING_POINT,1.0,217,E-A,R0_FROZEN_B2,NA,0,0,0.0015022295481370458,0.1502229548137046,0.11143284284996503,0.0007323346929709324,0.002088302371298138,0.5706537018242187,0.6169739458350629,,,,,
TEST,M6-OPERATING-POINT_m1p0_s217_EA,M6_OPERATING_POINT,1.0,217,E-A,R1_ORACLE_RECENTERED,NA,0,0,7.306485344778523e-05,0.007306485344778522,0.008105873258306135,0.0001800585338009756,0.00022975536231605687,0.01863148683423709,0.06425984970135502,,,,,
TEST,M6-OPERATING-POINT_m1p0_s217_EA,M6_OPERATING_POINT,1.0,217,E-A,R2A_ONLINE_OFFSET_ONLY,ALWAYS_RECENTER,60,1,0.0014398136341296653,0.14398136341296652,0.10828827059966184,0.0006450797078453582,0.0020059507174404385,0.4933090194731953,0.6757361911402331,-10.759366598955655,0.9263420709143723,0.6965615030131159,1.0,1.0
TEST,M6-OPERATING-POINT_m1p0_s217_EA,M6_OPERATING_POINT,1.0,217,E-A,R2A_ONLINE_OFFSET_ONLY,ADAPTIVE_RECENTER,60,1,0.0014884839768991773,0.14884839768991773,0.11247242623194316,0.0006839978918047061,0.0020895320564772012,0.5613310144635473,0.6552930263524253,-7.343852502520443,0.39958347874919664,0.8716767103863878,0.9943282523927686,0.9961006735200284
TEST,M6-OPERATING-POINT_m1p0_s218_EB,M6_OPERATING_POINT,1.0,218,E-B,R0_FROZEN_B2,NA,0,0,0.000717241444563703,0.07172414445637029,0.053751845283303866,0.00033963614227051653,0.0010028973228323375,0.27368681151512086,0.2884876186845047,,,,,
TEST,M6-OPERATING-POINT_m1p0_s218_EB,M6_OPERATING_POINT,1.0,218,E-B,R1_ORACLE_RECENTERED,NA,0,0,4.098232844769876e-06,0.0004098232844769876,0.0002504309802232189,7.139239054664117e-06,8.401833579852787e-06,0.0012334020190487196,0.002263022602616422,,,,,
TEST,M6-OPERATING-POINT_m1p0_s218_EB,M6_OPERATING_POINT,1.0,218,E-B,R2A_ONLINE_OFFSET_ONLY,ALWAYS_RECENTER,60,1,0.000717846353804949,0.0717846353804949,0.05248486094680303,0.00037031409295192356,0.0009925981782705306,0.2610366353390797,0.2894436232038475,-11.115452447224884,0.2141703743759109,1.0,1.0,1.0
TEST,M6-OPERATING-POINT_m1p0_s218_EB,M6_OPERATING_POINT,1.0,218,E-B,R2A_ONLINE_OFFSET_ONLY,ADAPTIVE_RECENTER,60,1,0.0007249211912569669,0.07249211912569668,0.05382380060112937,0.00035670409555212004,0.0010099474169542374,0.2695565873538118,0.2914588278797424,-6.82270727552604,0.05383079707186677,1.0,1.0,1.0
TEST,M6-OPERATING-POINT_m1p0_s219_EC,M6_OPERATING_POINT,1.0,219,E-C,R0_FROZEN_B2,NA,0,0,0.0007170814067381218,0.07170814067381218,0.05367301452562029,0.0003427190812687403,0.0010026082890163192,0.27440986852807736,0.28800811215842037,,,,,
TEST,M6-OPERATING-POINT_m1p0_s219_EC,M6_OPERATING_POINT,1.0,219,E-C,R1_ORACLE_RECENTERED,NA,0,0,1.9615924572670622e-07,1.9615924572670623e-05,1.765614625102644e-05,4.2684453394822306e-07,5.279591942400774e-07,7.743692596574343e-05,0.00016188536360646003,,,,,
TEST,M6-OPERATING-POINT_m1p0_s219_EC,M6_OPERATING_POINT,1.0,219,E-C,R2A_ONLINE_OFFSET_ONLY,ALWAYS_RECENTER,60,1,0.0007055993178984486,0.07055993178984486,0.051830440498459154,0.0003571831266709988,0.0009769709447495889,0.25111321209022464,0.29857328345429146,-11.11801873222051,0.2090378043846646,1.0,1.0,1.0
TEST,M6-OPERATING-POINT_m1p0_s219_EC,M6_OPERATING_POINT,1.0,219,E-C,R2A_ONLINE_OFFSET_ONLY,ADAPTIVE_RECENTER,60,1,0.0007147599939024598,0.07147599939024599,0.05372973602776681,0.00033706440468860086,0.0010017089294203252,0.2743121047778808,0.2848441443241949,-6.265156177430471,0.028751072795436365,1.0,1.0,1.0
TEST,M6-OPERATING-POINT_m1p0_s220_ED,M6_OPERATING_POINT,1.0,220,E-D,R0_FROZEN_B2,NA,0,0,0.0012113184181311188,0.12113184181311187,0.09056194726630579,0.0005646513022265787,0.0016869923146045187,0.47214269012069543,0.48128993604164516,,,,,
TEST,M6-OPERATING-POINT_m1p0_s220_ED,M6_OPERATING_POINT,1.0,220,E-D,R1_ORACLE_RECENTERED,NA,0,0,2.3262492825170283e-05,0.0023262492825170283,0.0019504180841629587,5.108797877797498e-05,6.15715684913784e-05,0.006684077996473878,0.017099748765657483,,,,,
TEST,M6-OPERATING-POINT_m1p0_s220_ED,M6_OPERATING_POINT,1.0,220,E-D,R2A_ONLINE_OFFSET_ONLY,ALWAYS_RECENTER,60,1,0.0011733344096129885,0.11733344096129886,0.08729022618385596,0.0005438425756885472,0.001625063626868266,0.39691876448897623,0.5233034540825963,-10.925022353448698,0.5950305619282816,0.967387451258419,1.0,1.0
TEST,M6-OPERATING-POINT_m1p0_s220_ED,M6_OPERATING_POINT,1.0,220,E-D,R2A_ONLINE_OFFSET_ONLY,ADAPTIVE_RECENTER,60,1,0.00119985663625297,0.119985663625297,0.09026280126633708,0.0005449591542312816,0.0016756685912856463,0.4531011601648646,0.505470710567773,-7.426350958893252,0.23458656600357386,0.9748316199929103,0.9971641261963843,0.9996455157745481
TEST,M6-OPERATING-POINT_m1p5_s201_EA,M6_OPERATING_POINT,1.5,201,E-A,R0_FROZEN_B2,NA,0,0,0.001475057598968732,0.1475057598968732,0.11018329301480023,0.0006968400290086168,0.0020556149203380483,0.5720805488891764,0.5861991151826756,,,,,
TEST,M6-OPERATING-POINT_m1p5_s201_EA,M6_OPERATING_POINT,1.5,201,E-A,R1_ORACLE_RECENTERED,NA,0,0,2.901616878236662e-05,0.0029016168782366623,0.002550628483522425,6.410868726328857e-05,7.829151162083379e-05,0.007802603619455687,0.021228210312764877,,,,,
TEST,M6-OPERATING-POINT_m1p5_s201_EA,M6_OPERATING_POINT,1.5,201,E-A,R2A_ONLINE_OFFSET_ONLY,ALWAYS_RECENTER,60,1,0.0014306803616698407,0.14306803616698407,0.10619031253948519,0.0006768463384388005,0.0019817799191045897,0.47997593373982794,0.6368201293650115,-10.781785667897562,0.8815039330305565,0.7447713576745835,1.0,1.0
TEST,M6-OPERATING-POINT_m1p5_s201_EA,M6_OPERATING_POINT,1.5,201,E-A,R2A_ONLINE_OFFSET_ONLY,ADAPTIVE_RECENTER,60,1,0.0014614272690890487,0.14614272690890487,0.10980244649053826,0.0006703876159377184,0.0020405850058934,0.5490325225029975,0.6126401631567043,-7.372435229133818,0.34241802552244377,0.8925912796880539,0.9968096419709322,0.9971641261963843
TEST,M6-OPERATING-POINT_m1p5_s202_EB,M6_OPERATING_POINT,1.5,202,E-B,R0_FROZEN_B2,NA,0,0,0.0010761433024752633,0.10761433024752633,0.08066777546857802,0.0005101314291647848,0.0015051132649567035,0.4103153222840503,0.4333748926957247,,,,,
TEST,M6-OPERATING-POINT_m1p5_s202_EB,M6_OPERATING_POINT,1.5,202,E-B,R1_ORACLE_RECENTERED,NA,0,0,3.319056236304331e-06,0.0003319056236304331,0.0001614764104296452,6.338678123158511e-06,6.9585540988654295e-06,0.0010063524623760227,0.002103761672311156,,,,,
TEST,M6-OPERATING-POINT_m1p5_s202_EB,M6_OPERATING_POINT,1.5,202,E-B,R2A_ONLINE_OFFSET_ONLY,ALWAYS_RECENTER,60,1,0.001064375329697146,0.10643753296971462,0.07812833989498923,0.0005385890548523737,0.0014726587597133926,0.3828163936059092,0.44300653563403797,-10.985817642432353,0.47343998396097225,0.9680964197093229,1.0,1.0
TEST,M6-OPERATING-POINT_m1p5_s202_EB,M6_OPERATING_POINT,1.5,202,E-B,R2A_ONLINE_OFFSET_ONLY,ADAPTIVE_RECENTER,60,1,0.001076895198602923,0.1076895198602923,0.08030443394352148,0.000517010761402472,0.0015014008554720582,0.41009719998581107,0.42344826696717247,-7.456224891703921,0.17483870038223856,0.9865295994328253,1.0,1.0
TEST,M6-OPERATING-POINT_m1p5_s203_EC,M6_OPERATING_POINT,1.5,203,E-C,R0_FROZEN_B2,NA,0,0,0.0010757433522175523,0.10757433522175523,0.08057429081228075,0.0005120515982696752,0.001504190115274673,0.41135389455698596,0.43227888187380975,,,,,
TEST,M6-OPERATING-POINT_m1p5_s203_EC,M6_OPERATING_POINT,1.5,203,E-C,R1_ORACLE_RECENTERED,NA,0,0,1.2647652070759675e-07,1.2647652070759675e-05,9.072912695911116e-06,2.6674440740354494e-07,3.109763267313413e-07,4.2209049890737424e-05,9.047314929388743e-05,,,,,
TEST,M6-OPERATING-POINT_m1p5_s203_EC,M6_OPERATING_POINT,1.5,203,E-C,R2A_ONLINE_OFFSET_ONLY,ALWAYS_RECENTER,60,1,0.0010581053073350877,0.10581053073350877,0.07779586515970563,0.00053264641350701,0.0014649956500070063,0.3758480847496719,0.4480601458664078,-10.987470867566701,0.4701335336922777,0.9680964197093229,1.0,1.0
TEST,M6-OPERATING-POINT_m1p5_s203_EC,M6_OPERATING_POINT,1.5,203,E-C,R2A_ONLINE_OFFSET_ONLY,ADAPTIVE_RECENTER,60,1,0.0010722957143246468,0.10722957143246467,0.08010194833748654,0.0005105140535502082,0.0014958239775702698,0.40564061015073183,0.42727827363405885,-7.4568551953810704,0.17357809302794033,0.9865295994328253,1.0,1.0
TEST,M6-OPERATING-POINT_m1p5_s204_ED,M6_OPERATING_POINT,1.5,204,E-D,R0_FROZEN_B2,NA,0,0,0.001376668440487967,0.1376668440487967,0.10305826719799122,0.0006461841906096379,0.0019208900734347166,0.5321027800281352,0.548689123888777,,,,,
TEST,M6-OPERATING-POINT_m1p5_s204_ED,M6_OPERATING_POINT,1.5,204,E-D,R1_ORACLE_RECENTERED,NA,0,0,1.417627111475162e-05,0.001417627111475162,0.0009968297069648097,2.8499096569174975e-05,3.349012170557399e-05,0.004271993855864086,0.008835612838203109,,,,,
TEST,M6-OPERATING-POINT_m1p5_s204_ED,M6_OPERATING_POINT,1.5,204,E-D,R2A_ONLINE_OFFSET_ONLY,ALWAYS_RECENTER,60,1,0.0013423864555696472,0.13423864555696471,0.099286127140841,0.0006453122468713182,0.0018573332558975628,0.4585882261782569,0.5845856000083857,-10.838930457565985,0.7672143536937095,0.9035802906770649,1.0,1.0
TEST,M6-OPERATING-POINT_m1p5_s204_ED,M6_OPERATING_POINT,1.5,204,E-D,R2A_ONLINE_OFFSET_ONLY,ADAPTIVE_RECENTER,60,1,0.0013657442238142927,0.13657442238142928,0.10244853819369532,0.0006294864313563177,0.0019052446342502645,0.5135387804967376,0.5613950881900426,-7.3986490529222655,0.28999037794554916,0.9507266926621766,0.9975186104218362,0.9996455157745481
TEST,M6-OPERATING-POINT_m1p5_s205_EA,M6_OPERATING_POINT,1.5,205,E-A,R0_FROZEN_B2,NA,0,0,0.0015741890762467864,0.15741890762467864,0.11742750517366426,0.000747127377817002,0.0021922140071394132,0.6064536831568241,0.6296830369757007,,,,,
TEST,M6-OPERATING-POINT_m1p5_s205_EA,M6_OPERATING_POINT,1.5,205,E-A,R1_ORACLE_RECENTERED,NA,0,0,4.0507160276438094e-05,0.004050716027643809,0.003759758377591285,9.198251901424892e-05,0.00011334436826858385,0.01076195391450468,0.031013416925480722,,,,,
TEST,M6-OPERATING-POINT_m1p5_s205_EA,M6_OPERATING_POINT,1.5,205,E-A,R2A_ONLINE_OFFSET_ONLY,ALWAYS_RECENTER,60,1,0.0015234535981183787,0.1523453598118379,0.11330231757655575,0.0007130120943255282,0.002111321777180949,0.5122396408549642,0.6849996066998402,-10.719550811719303,1.0059736453870753,0.6884083658277207,1.0,1.0
TEST,M6-OPERATING-POINT_m1p5_s205_EA,M6_OPERATING_POINT,1.5,205,E-A,R2A_ONLINE_OFFSET_ONLY,ADAPTIVE_RECENTER,60,1,0.001559195227896431,0.1559195227896431,0.11723811452438306,0.000713676190413386,0.0021780517274515203,0.5860220966260538,0.6600582937903628,-7.345151664732741,0.3969851543245964,0.8784119106699751,0.9964551577454803,0.9968096419709322
TEST,M6-OPERATING-POINT_m1p5_s206_EB,M6_OPERATING_POINT,1.5,206,E-B,R0_FROZEN_B2,NA,0,0,0.0010761409720348764,0.10761409720348764,0.08067122467984722,0.0005099879871520407,0.0015051265124465868,0.41019428545932024,0.4334141316033329,,,,,
TEST,M6-OPERATING-POINT_m1p5_s206_EB,M6_OPERATING_POINT,1.5,206,E-B,R1_ORACLE_RECENTERED,NA,0,0,3.991274703655415e-06,0.00039912747036554154,0.000182101948521703,7.557985887664042e-06,8.224607110471079e-06,0.001216747745174833,0.002534597743454937,,,,,
TEST,M6-OPERATING-POINT_m1p5_s206_EB,M6_OPERATING_POINT,1.5,206,E-B,R2A_ONLINE_OFFSET_ONLY,ALWAYS_RECENTER,60,1,0.00106586684213337,0.10658668421333699,0.07820083633924786,0.0005404720034015445,0.0014745461426512727,0.3829320392328992,0.4418622208798579,-10.985377049945717,0.47432116893424503,0.9680964197093229,1.0,1.0
TEST,M6-OPERATING-POINT_m1p5_s206_EB,M6_OPERATING_POINT,1.5,206,E-B,R2A_ONLINE_OFFSET_ONLY,ADAPTIVE_RECENTER,60,1,0.0010780708111957603,0.10780708111957603,0.08034529761785829,0.0005191690082026878,0.001502820427562227,0.4086142812973855,0.42493648308959475,-7.455962908102867,0.1753626675843476,0.9868840836582772,1.0,1.0
TEST,M6-OPERATING-POINT_m1p5_s207_EC,M6_OPERATING_POINT,1.5,207,E-C,R0_FROZEN_B2,NA,0,0,0.001075700884529988,0.10757008845299881,0.08056343690123928,0.0005123616436098509,0.0015041145913709674,0.4114092385416578,0.4321950625993733,,,,,
TEST,M6-OPERATING-POINT_m1p5_s207_EC,M6_OPERATING_POINT,1.5,207,E-C,R1_ORACLE_RECENTERED,NA,0,0,1.6011585385170494e-07,1.6011585385170492e-05,1.1492315374240846e-05,3.3748361914928593e-07,3.935659730782934e-07,5.3461914442905534e-05,0.00011446183885510036,,,,,
TEST,M6-OPERATING-POINT_m1p5_s207_EC,M6_OPERATING_POINT,1.5,207,E-C,R2A_ONLINE_OFFSET_ONLY,ALWAYS_RECENTER,60,1,0.0010581242062667482,0.10581242062667481,0.07778884602660482,0.0005330676185490681,0.0014650327411098443,0.37592536495966156,0.4480482842255124,-10.987463842153863,0.4701475845179541,0.9680964197093229,1.0,1.0
TEST,M6-OPERATING-POINT_m1p5_s207_EC,M6_OPERATING_POINT,1.5,207,E-C,R2A_ONLINE_OFFSET_ONLY,ADAPTIVE_RECENTER,60,1,0.0010722707175514904,0.10722707175514903,0.08009169672053718,0.0005108604777673545,0.0014957708309671113,0.4055504743400927,0.42729540413444744,-7.456856973887773,0.17357453601453554,0.9865295994328253,1.0,1.0
TEST,M6-OPERATING-POINT_m1p5_s208_ED,M6_OPERATING_POINT,1.5,208,E-D,R0_FROZEN_B2,NA,0,0,0.001426653639302809,0.1426653639302809,0.10676733967700501,0.0006693545960293144,0.0019899745203035744,0.5526024094407217,0.5675866881645919,,,,,
TEST,M6-OPERATING-POINT_m1p5_s208_ED,M6_OPERATING_POINT,1.5,208,E-D,R1_ORACLE_RECENTERED,NA,0,0,1.750835014898487e-05,0.0017508350148984868,0.0012649121169825757,3.5877828942821586e-05,4.225071628010698e-05,0.005262585934109438,0.011259581510852318,,,,,
TEST,M6-OPERATING-POINT_m1p5_s208_ED,M6_OPERATING_POINT,1.5,208,E-D,R2A_ONLINE_OFFSET_ONLY,ALWAYS_RECENTER,60,1,0.001389731075985264,0.1389731075985264,0.10286896093855417,0.0006643180277476711,0.0019228518775657474,0.47306887498703676,0.6075296420691287,-10.810463050311098,0.8241491682034833,0.8436724565756824,1.0,1.0
TEST,M6-OPERATING-POINT_m1p5_s208_ED,M6_OPERATING_POINT,1.5,208,E-D,R2A_ONLINE_OFFSET_ONLY,ADAPTIVE_RECENTER,60,1,0.00141483954316775,0.141483954316775,0.10617153623158944,0.0006503117638445548,0.0019737972288289946,0.5322914530653111,0.5839702374140385,-7.387099064199104,0.31309035539187186,0.9287486706841546,0.9971641261963843,0.9996455157745481
TEST,M6-OPERATING-POINT_m1p5_s209_EA,M6_OPERATING_POINT,1.5,209,E-A,R0_FROZEN_B2,NA,0,0,0.0016731359197025637,0.1673135919702564,0.12461769517700609,0.0007995772462576503,0.0023286536497554204,0.6416372539240447,0.6738887643103888,,,,,
TEST,M6-OPERATING-POINT_m1p5_s209_EA,M6_OPERATING_POINT,1.5,209,E-A,R1_ORACLE_RECENTERED,NA,0,0,5.3721629658803195e-05,0.00537216296588032,0.005213869770533902,0.00012455069465324033,0.00015474332098034969,0.01411618137795286,0.04259972479601663,,,,,
TEST,M6-OPERATING-POINT_m1p5_s209_EA,M6_OPERATING_POINT,1.5,209,E-A,R2A_ONLINE_OFFSET_ONLY,ALWAYS_RECENTER,60,1,0.001616017983850792,0.1616017983850792,0.12042065986109025,0.0007491019741907052,0.0022409580783969377,0.5446547309166613,0.7336018096635758,-10.652955512042386,1.1391642447409045,0.652605459057072,0.9996455157745481,1.0
TEST,M6-OPERATING-POINT_m1p5_s209_EA,M6_OPERATING_POINT,1.5,209,E-A,R2A_ONLINE_OFFSET_ONLY,ADAPTIVE_RECENTER,60,1,0.0016569398671249101,0.16569398671249103,0.12467695776238172,0.0007578569885984197,0.002315851680235677,0.6229197216571905,0.7079195458795625,-7.3153693706454,0.45654974249927965,0.8727401630627437,0.9946827366182205,0.9964551577454803
TEST,M6-OPERATING-POINT_m1p5_s210_EB,M6_OPERATING_POINT,1.5,210,E-B,R0_FROZEN_B2,NA,0,0,0.0010761166053647859,0.10761166053647858,0.08067129663333385,0.0005098567893756634,0.0015050878202351758,0.4101977674927322,0.4333986444039041,,,,,
TEST,M6-OPERATING-POINT_m1p5_s210_EB,M6_OPERATING_POINT,1.5,210,E-B,R1_ORACLE_RECENTERED,NA,0,0,4.631828997277872e-06,0.0004631828997277872,0.0002028605667712565,8.714348165746008e-06,9.435689268984947e-06,0.001386898366746633,0.0029439185519116824,,,,,
TEST,M6-OPERATING-POINT_m1p5_s210_EB,M6_OPERATING_POINT,1.5,210,E-B,R2A_ONLINE_OFFSET_ONLY,ALWAYS_RECENTER,60,1,0.0010673589831131204,0.10673589831131204,0.07827329896914154,0.0005424051071964946,0.0014764526830660315,0.38468248333442495,0.4407393119921412,-10.984918747671431,0.4752377734828183,0.9680964197093229,1.0,1.0
TEST,M6-OPERATING-POINT_m1p5_s210_EB,M6_OPERATING_POINT,1.5,210,E-B,R2A_ONLINE_OFFSET_ONLY,ADAPTIVE_RECENTER,60,1,0.0010792925646445582,0.10792925646445582,0.0803868494960041,0.000521455731505678,0.0015042985132938248,0.4068557227203921,0.4263961421893475,-7.455656603921571,0.1759752759469376,0.9868840836582772,1.0,1.0
TEST,M6-OPERATING-POINT_m1p5_s211_EC,M6_OPERATING_POINT,1.5,211,E-C,R0_FROZEN_B2,NA,0,0,0.0010756590845820858,0.10756590845820857,0.0805525944376121,0.000512673354276952,0.001504039912635955,0.41146492247693434,0.43211186291161435,,,,,
TEST,M6-OPERATING-POINT_m1p5_s211_EC,M6_OPERATING_POINT,1.5,211,E-C,R1_ORACLE_RECENTERED,NA,0,0,1.9371837203546756e-07,1.9371837203546755e-05,1.3911700967647787e-05,4.080578315704544e-07,4.760139640208958e-07,6.471258383058238e-05,0.00013839266138273256,,,,,
TEST,M6-OPERATING-POINT_m1p5_s211_EC,M6_OPERATING_POINT,1.5,211,E-C,R2A_ONLINE_OFFSET_ONLY,ALWAYS_RECENTER,60,1,0.0010581437585865832,0.10581437585865831,0.07778184232263807,0.000533490173334639,0.0014650707116537123,0.376002615220831,0.44803669336036117,-10.987456565720796,0.4701621373840884,0.9680964197093229,1.0,1.0
TEST,M6-OPERATING-POINT_m1p5_s211_EC,M6_OPERATING_POINT,1.5,211,E-C,R2A_ONLINE_OFFSET_ONLY,ADAPTIVE_RECENTER,60,1,0.0010722464836155628,0.10722464836155628,0.08008146273151558,0.0005112085948576801,0.0014957186602258122,0.40546064030611373,0.4273128063630124,-7.456858603312116,0.1735712771658495,0.9865295994328253,1.0,1.0
TEST,M6-OPERATING-POINT_m1p5_s212_ED,M6_OPERATING_POINT,1.5,212,E-D,R0_FROZEN_B2,NA,0,0,0.001476600811470463,0.14766008114704632,0.11046740188796084,0.0006927503704620899,0.002058983305533747,0.5730703554130131,0.5863637959392131,,,,,
TEST,M6-OPERATING-POINT_m1p5_s212_ED,M6_OPERATING_POINT,1.5,212,E-D,R1_ORACLE_RECENTERED,NA,0,0,2.1122716554001822e-05,0.0021122716554001822,0.001564476218636658,4.402915475646356e-05,5.196039152817821e-05,0.006226255307397965,0.013958924230620472,,,,,
TEST,M6-OPERATING-POINT_m1p5_s212_ED,M6_OPERATING_POINT,1.5,212,E-D,R2A_ONLINE_OFFSET_ONLY,ALWAYS_RECENTER,60,1,0.0014370521887478657,0.14370521887478657,0.1064524193938163,0.000683293832262792,0.0019883755799719517,0.488116271038696,0.6305315480130916,-10.780934449427933,0.883206369969814,0.750088621056363,1.0,1.0
TEST,M6-OPERATING-POINT_m1p5_s212_ED,M6_OPERATING_POINT,1.5,212,E-D,R2A_ONLINE_OFFSET_ONLY,ADAPTIVE_RECENTER,60,1,0.0014639543244382843,0.14639543244382844,0.10989472100915883,0.0006712918072285588,0.0020424034152979526,0.5507563503437451,0.6066067850205705,-7.375019296760901,0.3372498902682769,0.8950726692662176,0.9971641261963843,0.9985820630981921
TEST,M6-OPERATING-POINT_m1p5_s213_EA,M6_OPERATING_POINT,1.5,213,E-A,R0_FROZEN_B2,NA,0,0,0.0017719495309502372,0.17719495309502373,0.13175768663943366,0.0008544870753269238,0.0024651142278143893,0.6771395886824818,0.7188320018923855,,,,,
TEST,M6-OPERATING-POINT_m1p5_s213_EA,M6_OPERATING_POINT,1.5,213,E-A,R1_ORACLE_RECENTERED,NA,0,0,6.866450921372695e-05,0.006866450921372695,0.0069191091397776865,0.0001617339873521594,0.00020250025459722063,0.017970185594856466,0.05598750230263522,,,,,
TEST,M6-OPERATING-POINT_m1p5_s213_EA,M6_OPERATING_POINT,1.5,213,E-A,R2A_ONLINE_OFFSET_ONLY,ALWAYS_RECENTER,60,1,0.001708366432746164,0.1708366432746164,0.1275460445516462,0.0007852399774228306,0.0023707361835019905,0.5773253738161349,0.7826393431439576,-10.58197184150755,1.2811315858105814,0.6380716058135413,0.9680964197093229,1.0
TEST,M6-OPERATING-POINT_m1p5_s213_EA,M6_OPERATING_POINT,1.5,213,E-A,R2A_ONLINE_OFFSET_ONLY,ADAPTIVE_RECENTER,60,1,0.0017546155414129082,0.1754615541412908,0.132118653599073,0.0008029416708450893,0.0024539804729287024,0.6597441899323773,0.7562356637279365,-7.283065989530384,0.521156504729311,0.869904289259128,0.9822757887274016,0.9957461892945764
TEST,M6-OPERATING-POINT_m1p5_s214_EB,M6_OPERATING_POINT,1.5,214,E-B,R0_FROZEN_B2,NA,0,0,0.0010760702182666887,0.10760702182666887,0.08066801781151406,0.0005097372056887004,0.0015049974087689845,0.41014545713764566,0.43332852224282237,,,,,
TEST,M6-OPERATING-POINT_m1p5_s214_EB,M6_OPERATING_POINT,1.5,214,E-B,R1_ORACLE_RECENTERED,NA,0,0,5.262159763669494e-06,0.0005262159763669494,0.00022856203945119012,9.832839329891535e-06,1.0645056033903141e-05,0.001567930888393813,0.0033334690224740503,,,,,
TEST,M6-OPERATING-POINT_m1p5_s214_EB,M6_OPERATING_POINT,1.5,214,E-B,R2A_ONLINE_OFFSET_ONLY,ALWAYS_RECENTER,60,1,0.0010688519540221853,0.10688519540221852,0.07834562972022044,0.0005443914996491612,0.0014783780621443715,0.38638068083292415,0.439637894186703,-10.98444261162722,0.4761900455712395,0.9680964197093229,1.0,1.0
TEST,M6-OPERATING-POINT_m1p5_s214_EB,M6_OPERATING_POINT,1.5,214,E-B,R2A_ONLINE_OFFSET_ONLY,ADAPTIVE_RECENTER,60,1,0.001080562437025645,0.1080562437025645,0.08042900656613554,0.0005238728548038026,0.0015058348556115518,0.40400279716262427,0.42782819840616265,-7.455305814980583,0.17667685382891563,0.9868840836582772,1.0,1.0
TEST,M6-OPERATING-POINT_m1p5_s215_EC,M6_OPERATING_POINT,1.5,215,E-C,R0_FROZEN_B2,NA,0,0,0.001075617953359993,0.1075617953359993,0.08054176342267111,0.0005129867271751698,0.0015039660791164157,0.41152094855558446,0.43202928554382525,,,,,
TEST,M6-OPERATING-POINT_m1p5_s215_EC,M6_OPERATING_POINT,1.5,215,E-C,R1_ORACLE_RECENTERED,NA,0,0,2.2728385700811052e-07,2.2728385700811052e-05,1.6331056382010934e-05,4.784668194422275e-07,5.583200535830947e-07,7.592505833424088e-05,0.00016226528262193503,,,,,
TEST,M6-OPERATING-POINT_m1p5_s215_EC,M6_OPERATING_POINT,1.5,215,E-C,R2A_ONLINE_OFFSET_ONLY,ALWAYS_RECENTER,60,1,0.0010581639653267111,0.10581639653267111,0.07777485403972544,0.0005339140745973018,0.0014651095613436662,0.37607984538265965,0.44802537341840476,-10.987449038259015,0.47017719230764937,0.9680964197093229,1.0,1.0
TEST,M6-OPERATING-POINT_m1p5_s215_EC,M6_OPERATING_POINT,1.5,215,E-C,R2A_ONLINE_OFFSET_ONLY,ADAPTIVE_RECENTER,60,1,0.0010722230143554927,0.10722230143554927,0.08007124638036793,0.0005115584015546301,0.0014956674655640019,0.40537110397288206,0.4273304804358285,-7.456860083615704,0.17356831655867191,0.9865295994328253,1.0,1.0
TEST,M6-OPERATING-POINT_m1p5_s216_ED,M6_OPERATING_POINT,1.5,216,E-D,R0_FROZEN_B2,NA,0,0,0.0015265113794451072,0.1526511379445107,0.11415848667957719,0.0007163901441083652,0.0021279232508142434,0.5936577183229442,0.6050243408880506,,,,,
TEST,M6-OPERATING-POINT_m1p5_s216_ED,M6_OPERATING_POINT,1.5,216,E-D,R1_ORACLE_RECENTERED,NA,0,0,2.5020278195264315e-05,0.0025020278195264315,0.0018960944558714496,5.29531833546483e-05,6.262495185839704e-05,0.0072365668279831446,0.016934154464883847,,,,,
TEST,M6-OPERATING-POINT_m1p5_s216_ED,M6_OPERATING_POINT,1.5,216,E-D,R2A_ONLINE_OFFSET_ONLY,ALWAYS_RECENTER,60,1,0.001484347389613534,0.1484347389613534,0.1100362691008737,0.0007022385807116826,0.002053899476945223,0.502687702352819,0.6535920113880825,-10.750343560404163,0.9443881480173538,0.706487061325771,1.0,1.0
TEST,M6-OPERATING-POINT_m1p5_s216_ED,M6_OPERATING_POINT,1.5,216,E-D,R2A_ONLINE_OFFSET_ONLY,ADAPTIVE_RECENTER,60,1,0.0015130807841392225,0.15130807841392224,0.11361778324759832,0.0006924123503239069,0.002111052762196011,0.5688814431220119,0.6293052943513645,-7.362409044755502,0.3624703942790771,0.890818858560794,0.9968096419709322,0.9971641261963843
TEST,M6-OPERATING-POINT_m1p5_s217_EA,M6_OPERATING_POINT,1.5,217,E-A,R0_FROZEN_B2,NA,0,0,0.0018706876772221724,0.18706876772221726,0.13885194521382793,0.0009121255330941524,0.0026017836349216932,0.7114583636817838,0.764527014193729,,,,,
TEST,M6-OPERATING-POINT_m1p5_s217_EA,M6_OPERATING_POINT,1.5,217,E-A,R1_ORACLE_RECENTERED,NA,0,0,8.533875694985419e-05,0.008533875694985418,0.008881244750114918,0.00020344470250080015,0.0002566182441667346,0.021893094080882778,0.07117626232575888,,,,,
TEST,M6-OPERATING-POINT_m1p5_s217_EA,M6_OPERATING_POINT,1.5,217,E-A,R2A_ONLINE_OFFSET_ONLY,ALWAYS_RECENTER,60,1,0.0018005001088219146,0.18005001088219147,0.13467978185522772,0.0008215839901198671,0.002500724164100238,0.6102345599067625,0.8321248454101563,-10.506566672817224,1.431941923191233,0.6242467210209146,0.9680964197093229,1.0
TEST,M6-OPERATING-POINT_m1p5_s217_EA,M6_OPERATING_POINT,1.5,217,E-A,R2A_ONLINE_OFFSET_ONLY,ADAPTIVE_RECENTER,60,1,0.0018522086843967402,0.18522086843967403,0.13956367267793474,0.0008489927290927096,0.0025924646809101417,0.6963217625727612,0.8050187391691249,-7.248214021831166,0.5908604401277496,0.8688408365827721,0.9794399149237859,0.9918468628146048
TEST,M6-OPERATING-POINT_m1p5_s218_EB,M6_OPERATING_POINT,1.5,218,E-B,R0_FROZEN_B2,NA,0,0,0.001076001863660957,0.1076001863660957,0.08066142096700324,0.0005096288896751728,0.0015048556996729069,0.4101079279065903,0.43320393308273475,,,,,
TEST,M6-OPERATING-POINT_m1p5_s218_EB,M6_OPERATING_POINT,1.5,218,E-B,R1_ORACLE_RECENTERED,NA,0,0,5.937525277287438e-06,0.0005937525277287438,0.00026392376257747523,1.0941382560780693e-05,1.1910159471773084e-05,0.001772221167767958,0.003705199577895432,,,,,
TEST,M6-OPERATING-POINT_m1p5_s218_EB,M6_OPERATING_POINT,1.5,218,E-B,R2A_ONLINE_OFFSET_ONLY,ALWAYS_RECENTER,60,1,0.0010703459907056335,0.10703459907056335,0.07841773494360817,0.0005464344466836634,0.0014803220991331729,0.3883430963705181,0.4385580610877273,-10.983948506154684,0.4771782565163124,0.9680964197093229,1.0,1.0
TEST,M6-OPERATING-POINT_m1p5_s218_EB,M6_OPERATING_POINT,1.5,218,E-B,R2A_ONLINE_OFFSET_ONLY,ADAPTIVE_RECENTER,60,1,0.001081882794098748,0.10818827940987481,0.08047168992642446,0.0005264223739889001,0.0015074293275683778,0.4013048545548861,0.4292336442423066,-7.454910365462948,0.1774677528641855,0.9868840836582772,1.0,1.0
TEST,M6-OPERATING-POINT_m1p5_s219_EC,M6_OPERATING_POINT,1.5,219,E-C,R0_FROZEN_B2,NA,0,0,0.0010755774917671971,0.10755774917671972,0.08053094386753279,0.0005133017591575723,0.0015038930910084066,0.41157731503682693,0.43194733299384186,,,,,
TEST,M6-OPERATING-POINT_m1p5_s219_EC,M6_OPERATING_POINT,1.5,219,E-C,R1_ORACLE_RECENTERED,NA,0,0,2.6081261719964877e-07,2.6081261719964877e-05,1.8750411809135507e-05,5.487110055775299e-07,6.404849419007442e-07,8.6993941903061e-05,0.00018608014980594495,,,,,
TEST,M6-OPERATING-POINT_m1p5_s219_EC,M6_OPERATING_POINT,1.5,219,E-C,R2A_ONLINE_OFFSET_ONLY,ALWAYS_RECENTER,60,1,0.0010581848274201166,0.10581848274201165,0.07776788119796046,0.0005343393193399661,0.0014651492904462961,0.3761570503475326,0.4480143244331601,-10.98744125976258,0.47019274930052074,0.9680964197093229,1.0,1.0
TEST,M6-OPERATING-POINT_m1p5_s219_EC,M6_OPERATING_POINT,1.5,219,E-C,R2A_ONLINE_OFFSET_ONLY,ADAPTIVE_RECENTER,60,1,0.0010722003112651336,0.10722003112651336,0.08006104766253434,0.0005119098941516987,0.001495617246809416,0.4052818718969913,0.42734842630841813,-7.456861414826509,0.17356565413705982,0.9865295994328253,1.0,1.0
TEST,M6-OPERATING-POINT_m1p5_s220_ED,M6_OPERATING_POINT,1.5,220,E-D,R0_FROZEN_B2,NA,0,0,0.0015763869426653999,0.15763869426653998,0.11784064241514854,0.0007402925780283497,0.0021968015500163037,0.614297976330864,0.6253558511361719,,,,,
TEST,M6-OPERATING-POINT_m1p5_s220_ED,M6_OPERATING_POINT,1.5,220,E-D,R1_ORACLE_RECENTERED,NA,0,0,2.9201748367379128e-05,0.0029201748367379127,0.0022602831632378305,6.264860808754683e-05,7.424852787942225e-05,0.008412326077646413,0.020185639507149588,,,,,
TEST,M6-OPERATING-POINT_m1p5_s220_ED,M6_OPERATING_POINT,1.5,220,E-D,R2A_ONLINE_OFFSET_ONLY,ALWAYS_RECENTER,60,1,0.0015316147295003956,0.15316147295003957,0.11362031609870346,0.0007211532871962108,0.002119420119735786,0.5181400065310958,0.6767117669553447,-10.718689161488609,1.0076969458484615,0.6905352711804325,1.0,1.0
TEST,M6-OPERATING-POINT_m1p5_s220_ED,M6_OPERATING_POINT,1.5,220,E-D,R2A_ONLINE_OFFSET_ONLY,ADAPTIVE_RECENTER,60,1,0.0015622128160907149,0.15622128160907148,0.11734046240402782,0.0007136628583900213,0.0021797369823752417,0.5875496907423987,0.6520663945593963,-7.349267476676609,0.3887535304368644,0.881247784473591,0.9968096419709322,0.9971641261963843
TEST,M7-COUPLED_m0p0_s201_EA,M7_COUPLED,0.0,201,E-A,R0_FROZEN_B2,NA,0,0,0.0003843856459803053,0.03843856459803053,0.02867105098668304,0.00017478392124995224,0.0005329329542843438,0.14827465031483014,0.1562847974839115,,,,,
TEST,M7-COUPLED_m0p0_s201_EA,M7_COUPLED,0.0,201,E-A,R1_ORACLE_RECENTERED,NA,0,0,1.2173761852464172e-05,0.0012173761852464172,0.0016306113013118259,3.192526036899295e-05,4.291753885642596e-05,0.00281154282862447,0.012292937586539333,,,,,
TEST,M7-COUPLED_m0p0_s201_EA,M7_COUPLED,0.0,201,E-A,R2A_ONLINE_OFFSET_ONLY,ALWAYS_RECENTER,60,1,0.00036605089492085783,0.03660508949208578,0.02809549251858038,0.00016149529235973963,0.0005189735408239845,0.12907952292383384,0.17899712704958448,-11.191364095398603,0.0623470780284744,1.0,1.0,1.0
TEST,M7-COUPLED_m0p0_s201_EA,M7_COUPLED,0.0,201,E-A,R2A_ONLINE_OFFSET_ONLY,ADAPTIVE_RECENTER,60,1,0.0003843856459803053,0.03843856459803053,0.02867105098668304,0.00017478392124995224,0.0005329329542843438,0.14827465031483014,0.1562847974839115,-5.5802542373153425,0.0004393010494335435,1.0,1.0,1.0
TEST,M7-COUPLED_m0p0_s202_EB,M7_COUPLED,0.0,202,E-B,R0_FROZEN_B2,NA,0,0,6.390785224751082e-07,6.390785224751081e-05,0.00011715669512542303,2.012842114389511e-06,2.879909667536341e-06,0.00011621782708346853,0.0007833359067444004,,,,,
TEST,M7-COUPLED_m0p0_s202_EB,M7_COUPLED,0.0,202,E-B,R1_ORACLE_RECENTERED,NA,0,0,6.390785224751082e-07,6.390785224751081e-05,0.00011715669512542303,2.012842114389511e-06,2.879909667536341e-06,0.00011621782708346853,0.0007833359067444004,,,,,
TEST,M7-COUPLED_m0p0_s202_EB,M7_COUPLED,0.0,202,E-B,R2A_ONLINE_OFFSET_ONLY,ALWAYS_RECENTER,60,1,1.8300118783198817e-05,0.0018300118783198818,0.0016720638955169886,2.9128691020885996e-05,4.14397783192194e-05,0.00665319911471124,0.010435607207361808,-11.222377731032989,0.0003198067597013535,1.0,1.0,1.0
TEST,M7-COUPLED_m0p0_s202_EB,M7_COUPLED,0.0,202,E-B,R2A_ONLINE_OFFSET_ONLY,ADAPTIVE_RECENTER,60,1,6.390785224751082e-07,6.390785224751081e-05,0.00011715669512542303,2.012842114389511e-06,2.879909667536341e-06,0.00011621782708346853,0.0007833359067444004,-5.580473878731552,1.8217012840213936e-08,1.0,1.0,1.0
TEST,M7-COUPLED_m0p0_s203_EC,M7_COUPLED,0.0,203,E-C,R0_FROZEN_B2,NA,0,0,2.6986692433311425e-06,0.00026986692433311423,0.00012109466136215615,3.475675768011183e-06,4.082662492358969e-06,0.0009867763161826412,0.0011902837270980169,,,,,
TEST,M7-COUPLED_m0p0_s203_EC,M7_COUPLED,0.0,203,E-C,R1_ORACLE_RECENTERED,NA,0,0,4.206352229734741e-08,4.20635222973474e-06,8.120861153702387e-06,1.1207538427651669e-07,1.8149785679513048e-07,3.0298294305465984e-05,6.0125640811496935e-05,,,,,
TEST,M7-COUPLED_m0p0_s203_EC,M7_COUPLED,0.0,203,E-C,R2A_ONLINE_OFFSET_ONLY,ALWAYS_RECENTER,60,1,2.6701240970314035e-06,0.00026701240970314035,0.00012764631127285044,3.434136084120185e-06,4.110042980572054e-06,0.0009744090896314426,0.00126909526683367,-11.222535998491859,3.271841964199376e-06,1.0,1.0,1.0
TEST,M7-COUPLED_m0p0_s203_EC,M7_COUPLED,0.0,203,E-C,R2A_ONLINE_OFFSET_ONLY,ADAPTIVE_RECENTER,60,1,2.6986692433311425e-06,0.00026986692433311423,0.00012109466136215615,3.475675768011183e-06,4.082662492358969e-06,0.0009867763161826412,0.0011902837270980169,-5.580473875495431,2.468925605341523e-08,1.0,1.0,1.0
TEST,M7-COUPLED_m0p0_s204_ED,M7_COUPLED,0.0,204,E-D,R0_FROZEN_B2,NA,0,0,0.0002893037644237568,0.02893037644237568,0.021681750698853614,0.00012756503983872458,0.0004015661769669888,0.11288635025976977,0.11520810853999834,,,,,
TEST,M7-COUPLED_m0p0_s204_ED,M7_COUPLED,0.0,204,E-D,R1_ORACLE_RECENTERED,NA,0,0,4.252126764972092e-06,0.00042521267649720917,0.0005344874517103537,9.171406855086592e-06,1.313501956033919e-05,0.001363176351739716,0.0039659759424785475,,,,,
TEST,M7-COUPLED_m0p0_s204_ED,M7_COUPLED,0.0,204,E-D,R2A_ONLINE_OFFSET_ONLY,ALWAYS_RECENTER,60,1,0.0002765087263016243,0.02765087263016243,0.02100626082985022,0.0001214620320772483,0.000388266383452992,0.09804432932658212,0.12964910393183612,-11.205260349679854,0.03455456946597292,1.0,1.0,1.0
TEST,M7-COUPLED_m0p0_s204_ED,M7_COUPLED,0.0,204,E-D,R2A_ONLINE_OFFSET_ONLY,ADAPTIVE_RECENTER,60,1,0.0002893037644237568,0.02893037644237568,0.021681750698853614,0.00012756503983872458,0.0004015661769669888,0.11288635025976977,0.11520810853999834,-5.580349471436283,0.00024883280755178954,1.0,1.0,1.0
TEST,M7-COUPLED_m0p0_s205_EA,M7_COUPLED,0.0,205,E-A,R0_FROZEN_B2,NA,0,0,0.000479936170822202,0.0479936170822202,0.035718102466705204,0.00022235210980545652,0.0006654110191846001,0.18429341697478901,0.19689225904460836,,,,,
TEST,M7-COUPLED_m0p0_s205_EA,M7_COUPLED,0.0,205,E-A,R1_ORACLE_RECENTERED,NA,0,0,1.921318530643542e-05,0.001921318530643542,0.002551484280805955,5.14136403392612e-05,6.824869282121445e-05,0.004535616894106391,0.019454221140643182,,,,,
TEST,M7-COUPLED_m0p0_s205_EA,M7_COUPLED,0.0,205,E-A,R2A_ONLINE_OFFSET_ONLY,ALWAYS_RECENTER,60,1,0.00045662698033958703,0.045662698033958705,0.03511895838314661,0.0001985660793291018,0.0006476520788740922,0.16133358808898687,0.22457508992633357,-11.173817700828762,0.09743986716815603,1.0,1.0,1.0
TEST,M7-COUPLED_m0p0_s205_EA,M7_COUPLED,0.0,205,E-A,R2A_ONLINE_OFFSET_ONLY,ADAPTIVE_RECENTER,60,1,0.000558677149336326,0.0558677149336326,0.04094980907938407,0.0004335645202836962,0.0008414309943299384,0.19063650632245646,0.21492603406700456,-6.020304431930394,0.13760707933251087,0.9748316199929103,0.989365473236441,0.9943282523927686
TEST,M7-COUPLED_m0p0_s206_EB,M7_COUPLED,0.0,206,E-B,R0_FROZEN_B2,NA,0,0,9.727200485177069e-07,9.727200485177069e-05,0.00017921954414185223,3.0752082138661236e-06,4.402803380524576e-06,0.00017132182451666392,0.0011884479188790055,,,,,
TEST,M7-COUPLED_m0p0_s206_EB,M7_COUPLED,0.0,206,E-B,R1_ORACLE_RECENTERED,NA,0,0,9.727200485177069e-07,9.727200485177069e-05,0.00017921954414185223,3.0752082138661236e-06,4.402803380524576e-06,0.00017132182451666392,0.0011884479188790055,,,,,
TEST,M7-COUPLED_m0p0_s206_EB,M7_COUPLED,0.0,206,E-B,R2A_ONLINE_OFFSET_ONLY,ALWAYS_RECENTER,60,1,2.260088609797971e-05,0.002260088609797971,0.0020467989512686245,3.630193046492205e-05,5.1184708328938774e-05,0.008214917744356755,0.012902272912789304,-11.222292951310711,0.0004893662042600107,1.0,1.0,1.0
TEST,M7-COUPLED_m0p0_s206_EB,M7_COUPLED,0.0,206,E-B,R2A_ONLINE_OFFSET_ONLY,ADAPTIVE_RECENTER,60,1,9.727200485177069e-07,9.727200485177069e-05,0.00017921954414185223,3.0752082138661236e-06,4.402803380524576e-06,0.00017132182451666392,0.0011884479188790055,-5.580473866571874,4.253636895294486e-08,1.0,1.0,1.0
TEST,M7-COUPLED_m0p0_s207_EC,M7_COUPLED,0.0,207,E-C,R0_FROZEN_B2,NA,0,0,3.4182949347468455e-06,0.00034182949347468455,0.0001533879075544179,4.402514975923462e-06,5.171376186358818e-06,0.0012499229788562316,0.0015077463972931256,,,,,
TEST,M7-COUPLED_m0p0_s207_EC,M7_COUPLED,0.0,207,E-C,R1_ORACLE_RECENTERED,NA,0,0,5.319474712706186e-08,5.319474712706186e-06,1.028698560355851e-05,1.4161430094926052e-07,2.2969029682597748e-07,3.821509358413102e-05,7.60400349587425e-05,,,,,
TEST,M7-COUPLED_m0p0_s207_EC,M7_COUPLED,0.0,207,E-C,R2A_ONLINE_OFFSET_ONLY,ALWAYS_RECENTER,60,1,3.3821633395886113e-06,0.0003382163339588611,0.00016168670756896904,4.349940841274272e-06,5.206094973896414e-06,0.0012342496758805633,0.0016075572066659462,-11.222535009640932,5.249543815939011e-06,1.0,1.0,1.0
TEST,M7-COUPLED_m0p0_s207_EC,M7_COUPLED,0.0,207,E-C,R2A_ONLINE_OFFSET_ONLY,ADAPTIVE_RECENTER,60,1,3.4182949347468455e-06,0.00034182949347468455,0.0001533879075544179,4.402514975923462e-06,5.171376186358818e-06,0.0012499229788562316,0.0015077463972931256,-5.580473868033844,3.961242951176011e-08,1.0,1.0,1.0
TEST,M7-COUPLED_m0p0_s208_ED,M7_COUPLED,0.0,208,E-D,R0_FROZEN_B2,NA,0,0,0.00033737119491212696,0.0337371194912127,0.025268194229015196,0.00014933213767338925,0.00046819296765604197,0.1314761055840596,0.13471081490243397,,,,,
TEST,M7-COUPLED_m0p0_s208_ED,M7_COUPLED,0.0,208,E-D,R1_ORACLE_RECENTERED,NA,0,0,5.824247664772838e-06,0.0005824247664772838,0.0007079056296197931,1.3199133759539943e-05,1.8147388638675475e-05,0.0017250643819056426,0.005416563859152583,,,,,
TEST,M7-COUPLED_m0p0_s208_ED,M7_COUPLED,0.0,208,E-D,R2A_ONLINE_OFFSET_ONLY,ALWAYS_RECENTER,60,1,0.00032238931138067826,0.032238931138067826,0.024502121930747807,0.00014094804639056048,0.0004526441381389663,0.11438672475589352,0.1514105200570257,-11.199020746588074,0.0470337756495307,1.0,1.0,1.0
TEST,M7-COUPLED_m0p0_s208_ED,M7_COUPLED,0.0,208,E-D,R2A_ONLINE_OFFSET_ONLY,ADAPTIVE_RECENTER,60,1,0.00033737119491212696,0.0337371194912127,0.025268194229015196,0.00014933213767338925,0.00046819296765604197,0.1314761055840596,0.13471081490243397,-5.580304728470907,0.0003383187383040661,1.0,1.0,1.0
TEST,M7-COUPLED_m0p0_s209_EA,M7_COUPLED,0.0,209,E-A,R0_FROZEN_B2,NA,0,0,0.0005753898812955717,0.05753898812955717,0.042723835896002066,0.00027215185726437135,0.0007979680571454194,0.22021732458237078,0.2381485698726826,,,,,
TEST,M7-COUPLED_m0p0_s209_EA,M7_COUPLED,0.0,209,E-A,R1_ORACLE_RECENTERED,NA,0,0,2.7868799162859012e-05,0.0027868799162859012,0.003692285715285778,7.536393406321283e-05,9.94935761878497e-05,0.0065480448699578,0.028284193481580563,,,,,
TEST,M7-COUPLED_m0p0_s209_EA,M7_COUPLED,0.0,209,E-A,R2A_ONLINE_OFFSET_ONLY,ALWAYS_RECENTER,60,1,0.0005468759285334693,0.054687592853346935,0.04214613845131656,0.000234880197446369,0.000776157391189355,0.19295366314529638,0.27051566622787093,-11.152350961435328,0.14037334595502482,1.0,1.0,1.0
TEST,M7-COUPLED_m0p0_s209_EA,M7_COUPLED,0.0,209,E-A,R2A_ONLINE_OFFSET_ONLY,ADAPTIVE_RECENTER,60,1,0.0006216486185927413,0.06216486185927413,0.0460385974680936,0.00037897751944342915,0.0008940184000375915,0.22390179567676424,0.259878347437876,-6.792814564460049,0.11361621920384463,0.9836937256292095,0.9961006735200284,0.9985820630981921
TEST,M7-COUPLED_m0p0_s210_EB,M7_COUPLED,0.0,210,E-B,R0_FROZEN_B2,NA,0,0,1.3781407984511422e-06,0.0001378140798451142,0.0002543135690239445,4.3648875747234936e-06,6.248441325549278e-06,0.00024298610832157458,0.001678220697630715,,,,,
TEST,M7-COUPLED_m0p0_s210_EB,M7_COUPLED,0.0,210,E-B,R1_ORACLE_RECENTERED,NA,0,0,1.3781407984511422e-06,0.0001378140798451142,0.0002543135690239445,4.3648875747234936e-06,6.248441325549278e-06,0.00024298610832157458,0.001678220697630715,,,,,
TEST,M7-COUPLED_m0p0_s210_EB,M7_COUPLED,0.0,210,E-B,R2A_ONLINE_OFFSET_ONLY,ALWAYS_RECENTER,60,1,2.6901672168002484e-05,0.002690167216800248,0.0024146190719261844,4.360178720944555e-05,6.093841750667698e-05,0.009775210818349369,0.015376558585295286,-11.222189861675906,0.000695545473868466,1.0,1.0,1.0
TEST,M7-COUPLED_m0p0_s210_EB,M7_COUPLED,0.0,210,E-B,R2A_ONLINE_OFFSET_ONLY,ADAPTIVE_RECENTER,60,1,1.3781407984511422e-06,0.0001378140798451142,0.0002543135690239445,4.3648875747234936e-06,6.248441325549278e-06,0.00024298610832157458,0.001678220697630715,-5.580473845034927,8.561026469163703e-08,1.0,1.0,1.0
TEST,M7-COUPLED_m0p0_s211_EC,M7_COUPLED,0.0,211,E-C,R0_FROZEN_B2,NA,0,0,4.1379125285230415e-06,0.00041379125285230414,0.00018568173425163932,5.329351032860663e-06,6.260091664315296e-06,0.0015130728823533242,0.0018252316652381294,,,,,
TEST,M7-COUPLED_m0p0_s211_EC,M7_COUPLED,0.0,211,E-C,R1_ORACLE_RECENTERED,NA,0,0,6.429043289258604e-08,6.429043289258604e-06,1.2453392629457916e-05,1.7100735379796666e-07,2.777970053063478e-07,4.6096094790537745e-05,9.190451002532485e-05,,,,,
TEST,M7-COUPLED_m0p0_s211_EC,M7_COUPLED,0.0,211,E-C,R2A_ONLINE_OFFSET_ONLY,ALWAYS_RECENTER,60,1,4.094205212584537e-06,0.0004094205212584537,0.0001957276959026617,5.265760438176083e-06,6.302164177647565e-06,0.001494089329028541,0.0019460345095479881,-11.22253378810002,7.692625643576772e-06,1.0,1.0,1.0
TEST,M7-COUPLED_m0p0_s211_EC,M7_COUPLED,0.0,211,E-C,R2A_ONLINE_OFFSET_ONLY,ADAPTIVE_RECENTER,60,1,4.1379125285230415e-06,0.00041379125285230414,0.00018568173425163932,5.329351032860663e-06,6.260091664315296e-06,0.0015130728823533242,0.0018252316652381294,-5.580473858816627,5.80468637740338e-08,1.0,1.0,1.0
TEST,M7-COUPLED_m0p0_s212_ED,M7_COUPLED,0.0,212,E-D,R0_FROZEN_B2,NA,0,0,0.00038540195726037785,0.038540195726037785,0.028847015686405797,0.00017130136002382575,0.0005347555993679594,0.14986629634939813,0.15430289385454343,,,,,
TEST,M7-COUPLED_m0p0_s212_ED,M7_COUPLED,0.0,212,E-D,R1_ORACLE_RECENTERED,NA,0,0,7.659122846814824e-06,0.0007659122846814824,0.0009088968387893574,1.796461253903945e-05,2.4050813101582584e-05,0.002194211951471069,0.0071190649468543775,,,,,
TEST,M7-COUPLED_m0p0_s212_ED,M7_COUPLED,0.0,212,E-D,R2A_ONLINE_OFFSET_ONLY,ALWAYS_RECENTER,60,1,0.0003682138170246526,0.03682138170246526,0.02799658726699789,0.0001602563138106561,0.0005169412269018151,0.13065672450856095,0.17321834304780837,-11.191820371224138,0.06143452637740586,1.0,1.0,1.0
TEST,M7-COUPLED_m0p0_s212_ED,M7_COUPLED,0.0,212,E-D,R2A_ONLINE_OFFSET_ONLY,ADAPTIVE_RECENTER,60,1,0.00038540195726037785,0.038540195726037785,0.028847015686405797,0.00017130136002382575,0.0005347555993679594,0.14986629634939813,0.15430289385454343,-5.580253158760048,0.0004414581600202962,1.0,1.0,1.0
TEST,M7-COUPLED_m0p0_s213_EA,M7_COUPLED,0.0,213,E-A,R0_FROZEN_B2,NA,0,0,0.0006708143438279742,0.06708143438279741,0.04969252686330731,0.0003244435905132625,0.0009307945884523216,0.2559003255771959,0.28006798699111646,,,,,
TEST,M7-COUPLED_m0p0_s213_EA,M7_COUPLED,0.0,213,E-A,R1_ORACLE_RECENTERED,NA,0,0,3.813887752223567e-05,0.003813887752223567,0.005058236135531301,0.00010368959208783504,0.0001366428914447735,0.008931455264354403,0.038780528057058374,,,,,
TEST,M7-COUPLED_m0p0_s213_EA,M7_COUPLED,0.0,213,E-A,R2A_ONLINE_OFFSET_ONLY,ALWAYS_RECENTER,60,1,0.0006368329111499888,0.06368329111499889,0.049179295272982614,0.0002707287397104084,0.0009046163355668556,0.22439934989584592,0.3168331740595054,-11.126946366949188,0.19118253492730272,1.0,1.0,1.0
TEST,M7-COUPLED_m0p0_s213_EA,M7_COUPLED,0.0,213,E-A,R2A_ONLINE_OFFSET_ONLY,ADAPTIVE_RECENTER,60,1,0.000693282774834751,0.0693282774834751,0.05228499577051386,0.0003696431124879858,0.000990471774995653,0.2559003255771959,0.30837079581262705,-7.231862271516547,0.11958053410856662,0.9854661467564694,0.9985820630981921,0.9996455157745481
TEST,M7-COUPLED_m0p0_s214_EB,M7_COUPLED,0.0,214,E-B,R0_FROZEN_B2,NA,0,0,1.855714072793538e-06,0.0001855714072793538,0.0003423728057439612,5.883204951618087e-06,8.416927207061174e-06,0.00033210823306266976,0.002252786869746215,,,,,
TEST,M7-COUPLED_m0p0_s214_EB,M7_COUPLED,0.0,214,E-B,R1_ORACLE_RECENTERED,NA,0,0,1.855714072793538e-06,0.0001855714072793538,0.0003423728057439612,5.883204951618087e-06,8.416927207061174e-06,0.00033210823306266976,0.002252786869746215,,,,,
TEST,M7-COUPLED_m0p0_s214_EB,M7_COUPLED,0.0,214,E-B,R2A_ONLINE_OFFSET_ONLY,ALWAYS_RECENTER,60,1,3.12034252131549e-05,0.0031203425213154902,0.0027756255511010943,5.10305583904156e-05,7.070615149281737e-05,0.011362668206746081,0.017860061959885324,-11.222068274677858,0.0009387194699644059,1.0,1.0,1.0
TEST,M7-COUPLED_m0p0_s214_EB,M7_COUPLED,0.0,214,E-B,R2A_ONLINE_OFFSET_ONLY,ADAPTIVE_RECENTER,60,1,1.855714072793538e-06,0.0001855714072793538,0.0003423728057439612,5.883204951618087e-06,8.416927207061174e-06,0.00033210823306266976,0.002252786869746215,-5.580473810213417,1.5525328436166008e-07,1.0,1.0,1.0
TEST,M7-COUPLED_m0p0_s215_EC,M7_COUPLED,0.0,215,E-C,R0_FROZEN_B2,NA,0,0,4.857521942115623e-06,0.0004857521942115623,0.00021797612850381784,6.256183873921492e-06,7.348808752245943e-06,0.001776224811268981,0.002142739602717054,,,,,
TEST,M7-COUPLED_m0p0_s215_EC,M7_COUPLED,0.0,215,E-C,R1_ORACLE_RECENTERED,NA,0,0,7.535065573679929e-08,7.535065573679929e-06,1.462004321757972e-05,2.0025436975555787e-07,3.258175515733516e-07,5.40049605440494e-05,0.00010771872347544081,,,,,
TEST,M7-COUPLED_m0p0_s215_EC,M7_COUPLED,0.0,215,E-C,R2A_ONLINE_OFFSET_ONLY,ALWAYS_RECENTER,60,1,4.806249725382204e-06,0.0004806249725382204,0.00022976928828629344,6.181594820020712e-06,7.3982506612983864e-06,0.0017539281461303854,0.002284527291783453,-11.222532333861757,1.0601102168821516e-05,1.0,1.0,1.0
TEST,M7-COUPLED_m0p0_s215_EC,M7_COUPLED,0.0,215,E-C,R2A_ONLINE_OFFSET_ONLY,ADAPTIVE_RECENTER,60,1,4.857521942115623e-06,0.0004857521942115623,0.00021797612850381784,6.256183873921492e-06,7.348808752245943e-06,0.001776224811268981,0.002142739602717054,-5.580473847843795,7.999252779550739e-08,1.0,1.0,1.0
TEST,M7-COUPLED_m0p0_s216_ED,M7_COUPLED,0.0,216,E-D,R0_FROZEN_B2,NA,0,0,0.00043339845665039777,0.043339845665039775,0.03241828543187305,0.00019349269705761367,0.0006012622721825637,0.16833860716245974,0.17398548775472517,,,,,
TEST,M7-COUPLED_m0p0_s216_ED,M7_COUPLED,0.0,216,E-D,R1_ORACLE_RECENTERED,NA,0,0,9.756791938096434e-06,0.0009756791938096435,0.001137922896211606,2.346012719389667e-05,3.0841964399630174e-05,0.002681365339137706,0.009073422288268828,,,,,
TEST,M7-COUPLED_m0p0_s216_ED,M7_COUPLED,0.0,216,E-D,R2A_ONLINE_OFFSET_ONLY,ALWAYS_RECENTER,60,1,0.0004139831294450835,0.041398312944508346,0.031489695287801385,0.00017940163391171765,0.0005811631287135714,0.1468429317737496,0.1950735273364623,-11.183658702557825,0.07775786371003074,1.0,1.0,1.0
TEST,M7-COUPLED_m0p0_s216_ED,M7_COUPLED,0.0,216,E-D,R2A_ONLINE_OFFSET_ONLY,ADAPTIVE_RECENTER,60,1,0.00043339845665039777,0.043339845665039775,0.03241828543187305,0.00019349269705761367,0.0006012622721825637,0.16833860716245974,0.17398548775472517,-5.580194762630652,0.0005582504188132913,1.0,1.0,1.0
TEST,M7-COUPLED_m0p0_s217_EA,M7_COUPLED,0.0,217,E-A,R0_FROZEN_B2,NA,0,0,0.0007662790402258206,0.07662790402258206,0.05662890171618006,0.000379443519331958,0.001064080323420122,0.29132452971437256,0.3226633470858986,,,,,
TEST,M7-COUPLED_m0p0_s217_EA,M7_COUPLED,0.0,217,E-A,R1_ORACLE_RECENTERED,NA,0,0,5.0022083990083765e-05,0.005002208399008377,0.006654381789199301,0.00013630379509951834,0.00017968801227570137,0.01168683152151714,0.05094112596232611,,,,,
TEST,M7-COUPLED_m0p0_s217_EA,M7_COUPLED,0.0,217,E-A,R2A_ONLINE_OFFSET_ONLY,ALWAYS_RECENTER,60,1,0.0007265463046208501,0.07265463046208502,0.05622087594449374,0.00030640240458572777,0.001033155673214968,0.25642645920479984,0.3635412308999727,-11.097581917654507,0.24991143351666673,1.0,1.0,1.0
TEST,M7-COUPLED_m0p0_s217_EA,M7_COUPLED,0.0,217,E-A,R2A_ONLINE_OFFSET_ONLY,ADAPTIVE_RECENTER,60,1,0.000774246711164138,0.0774246711164138,0.05907467010037667,0.0003848953810036468,0.0011069186384432379,0.29042681555416083,0.35655426817671065,-7.4727135524169235,0.14186137895623227,0.9858206309819213,0.9985820630981921,0.9996455157745481
TEST,M7-COUPLED_m0p0_s218_EB,M7_COUPLED,0.0,218,E-B,R0_FROZEN_B2,NA,0,0,2.405663106547451e-06,0.0002405663106547451,0.00044333071979860546,7.631482902412573e-06,1.0908362996813117e-05,0.00043314948649513473,0.00291225132477692,,,,,
TEST,M7-COUPLED_m0p0_s218_EB,M7_COUPLED,0.0,218,E-B,R1_ORACLE_RECENTERED,NA,0,0,2.405663106547451e-06,0.0002405663106547451,0.00044333071979860546,7.631482902412573e-06,1.0908362996813117e-05,0.00043314948649513473,0.00291225132477692,,,,,
TEST,M7-COUPLED_m0p0_s218_EB,M7_COUPLED,0.0,218,E-B,R2A_ONLINE_OFFSET_ONLY,ALWAYS_RECENTER,60,1,3.550709118261769e-05,0.003550709118261769,0.003129921227240515,5.859050306682324e-05,8.04931526780446e-05,0.012933413575449474,0.02035437438640627,-11.221927991058026,0.001219286709628146,1.0,1.0,1.0
TEST,M7-COUPLED_m0p0_s218_EB,M7_COUPLED,0.0,218,E-B,R2A_ONLINE_OFFSET_ONLY,ADAPTIVE_RECENTER,60,1,2.405663106547451e-06,0.0002405663106547451,0.00044333071979860546,7.631482902412573e-06,1.0908362996813117e-05,0.00043314948649513473,0.00291225132477692,-5.580473757515937,2.606482434441382e-07,1.0,1.0,1.0
TEST,M7-COUPLED_m0p0_s219_EC,M7_COUPLED,0.0,219,E-C,R0_FROZEN_B2,NA,0,0,5.577123257904518e-06,0.0005577123257904518,0.00025027110210349833,7.183013644748997e-06,8.437527682580627e-06,0.0020393803674039037,0.002460270120967089,,,,,
TEST,M7-COUPLED_m0p0_s219_EC,M7_COUPLED,0.0,219,E-C,R1_ORACLE_RECENTERED,NA,0,0,8.637569683277392e-08,8.637569683277391e-06,1.678687447717207e-05,2.2935576545563745e-07,3.7375153534569e-07,6.186074891422403e-05,0.00012348262893062243,,,,,
TEST,M7-COUPLED_m0p0_s219_EC,M7_COUPLED,0.0,219,E-C,R2A_ONLINE_OFFSET_ONLY,ALWAYS_RECENTER,60,1,5.518296883649751e-06,0.0005518296883649751,0.00026381148309788887,7.0974440956917815e-06,8.494354500480337e-06,0.002013766485613614,0.0026230354433597358,-11.222530646918816,1.397498804949117e-05,1.0,1.0,1.0
TEST,M7-COUPLED_m0p0_s219_EC,M7_COUPLED,0.0,219,E-C,R2A_ONLINE_OFFSET_ONLY,ADAPTIVE_RECENTER,60,1,5.577123257904518e-06,0.0005577123257904518,0.00025027110210349833,7.183013644748997e-06,8.437527682580627e-06,0.0020393803674039037,0.002460270120967089,-5.58047383511536,1.0544939757611899e-07,1.0,1.0,1.0
TEST,M7-COUPLED_m0p0_s220_ED,M7_COUPLED,0.0,220,E-D,R0_FROZEN_B2,NA,0,0,0.0004813631426908849,0.04813631426908849,0.03598208119137318,0.00021592539897338163,0.0006677211914855641,0.18666358609863765,0.19375970297238204,,,,,
TEST,M7-COUPLED_m0p0_s220_ED,M7_COUPLED,0.0,220,E-D,R1_ORACLE_RECENTERED,NA,0,0,1.2117196222136397e-05,0.0012117196222136398,0.0013953846757962527,2.9679509604894516e-05,3.8518412498416676e-05,0.0032548125795771707,0.011279458087438852,,,,,
TEST,M7-COUPLED_m0p0_s220_ED,M7_COUPLED,0.0,220,E-D,R2A_ONLINE_OFFSET_ONLY,ALWAYS_RECENTER,60,1,0.00045969815553971845,0.045969815553971845,0.03498148744855053,0.00019839889609074243,0.0006453153285188847,0.1631514263384644,0.21697701347388404,-11.174535114711444,0.09600503940279359,1.0,1.0,1.0
TEST,M7-COUPLED_m0p0_s220_ED,M7_COUPLED,0.0,220,E-D,R2A_ONLINE_OFFSET_ONLY,ADAPTIVE_RECENTER,60,1,0.0004813631426908849,0.04813631426908849,0.03598208119137318,0.00021592539897338163,0.0006677211914855641,0.18666358609863765,0.19375970297238204,-5.580129535181891,0.0006887053163364622,1.0,1.0,1.0
TEST,M7-COUPLED_m0p5_s201_EA,M7_COUPLED,0.5,201,E-A,R0_FROZEN_B2,NA,0,0,0.00039526282727677205,0.039526282727677206,0.028751834902675657,0.0002049579546585999,0.0005450069739020077,0.1481843679836274,0.1523987643256706,,,,,
TEST,M7-COUPLED_m0p5_s201_EA,M7_COUPLED,0.5,201,E-A,R1_ORACLE_RECENTERED,NA,0,0,1.2386808617424494e-05,0.0012386808617424493,0.0016170584660593302,3.2039000794742435e-05,4.2846496529164514e-05,0.003027271202601646,0.012256309996163756,,,,,
TEST,M7-COUPLED_m0p5_s201_EA,M7_COUPLED,0.5,201,E-A,R2A_ONLINE_OFFSET_ONLY,ALWAYS_RECENTER,60,1,0.00037398940608254083,0.037398940608254085,0.02818072409985933,0.00018008700923517073,0.0005266058865383104,0.1294968048012027,0.17624937968641227,-11.189362156762165,0.06635095530135017,1.0,1.0,1.0
TEST,M7-COUPLED_m0p5_s201_EA,M7_COUPLED,0.5,201,E-A,R2A_ONLINE_OFFSET_ONLY,ADAPTIVE_RECENTER,60,1,0.00039526282727677205,0.039526282727677206,0.028751834902675657,0.0002049579546585999,0.0005450069739020077,0.1481843679836274,0.1523987643256706,-5.58025097257158,0.00044583053695697425,1.0,1.0,1.0
TEST,M7-COUPLED_m0p5_s202_EB,M7_COUPLED,0.5,202,E-B,R0_FROZEN_B2,NA,0,0,4.5120163233789334e-05,0.004512016323378934,0.0012748073797313607,6.545337467608539e-05,6.922575889752933e-05,0.014986546344303048,0.021364665882497108,,,,,
TEST,M7-COUPLED_m0p5_s202_EB,M7_COUPLED,0.5,202,E-B,R1_ORACLE_RECENTERED,NA,0,0,7.662470155478674e-07,7.662470155478675e-05,0.0001200134360113918,2.0429802067188677e-06,2.9374111548759355e-06,0.00014953229125615715,0.0008317159730181431,,,,,
TEST,M7-COUPLED_m0p5_s202_EB,M7_COUPLED,0.5,202,E-B,R2A_ONLINE_OFFSET_ONLY,ALWAYS_RECENTER,60,1,5.5567152814277235e-05,0.005556715281427723,0.0020074868772600872,8.039444983818726e-05,8.78254131751458e-05,0.02016183882747888,0.02587305872506031,-11.221202313536741,0.0026706417521969762,1.0,1.0,1.0
TEST,M7-COUPLED_m0p5_s202_EB,M7_COUPLED,0.5,202,E-B,R2A_ONLINE_OFFSET_ONLY,ADAPTIVE_RECENTER,60,1,4.5120163233789334e-05,0.004512016323378934,0.0012748073797313607,6.545337467608539e-05,6.922575889752933e-05,0.014986546344303048,0.021364665882497108,-5.580470616003538,6.543673041715274e-06,1.0,1.0,1.0
TEST,M7-COUPLED_m0p5_s203_EC,M7_COUPLED,0.5,203,E-C,R0_FROZEN_B2,NA,0,0,4.240569107917108e-05,0.004240569107917108,0.0011747241146193338,6.305191565829946e-05,6.638707362248299e-05,0.014644567468916533,0.0213528874930814,,,,,
TEST,M7-COUPLED_m0p5_s203_EC,M7_COUPLED,0.5,203,E-C,R1_ORACLE_RECENTERED,NA,0,0,4.227495221446958e-08,4.227495221446958e-06,8.08328417025345e-06,1.1078454270058897e-07,1.8018807732674086e-07,2.9940567727705387e-05,5.906035547262239e-05,,,,,
TEST,M7-COUPLED_m0p5_s203_EC,M7_COUPLED,0.5,203,E-C,R2A_ONLINE_OFFSET_ONLY,ALWAYS_RECENTER,60,1,4.25324030457888e-05,0.00425324030457888,0.0011756339608585702,6.324599082028256e-05,6.657560207597166e-05,0.014689001178621344,0.02143456525122272,-11.22163488784585,0.00180549313397833,1.0,1.0,1.0
TEST,M7-COUPLED_m0p5_s203_EC,M7_COUPLED,0.5,203,E-C,R2A_ONLINE_OFFSET_ONLY,ADAPTIVE_RECENTER,60,1,4.240569107917108e-05,0.004240569107917108,0.0011747241146193338,6.305191565829946e-05,6.638707362248299e-05,0.014644567468916533,0.0213528874930814,-5.580470941085542,5.89350903380454e-06,1.0,1.0,1.0
TEST,M7-COUPLED_m0p5_s204_ED,M7_COUPLED,0.5,204,E-D,R0_FROZEN_B2,NA,0,0,0.00030089022706676497,0.030089022706676495,0.021774027892353033,0.00016134372810182172,0.00041514321058603747,0.11052807522438936,0.1157668552298391,,,,,
TEST,M7-COUPLED_m0p5_s204_ED,M7_COUPLED,0.5,204,E-D,R1_ORACLE_RECENTERED,NA,0,0,4.356713229179036e-06,0.0004356713229179036,0.0005271415708616126,9.260299393473933e-06,1.3108052484088233e-05,0.0014851873735266148,0.003960672690770957,,,,,
TEST,M7-COUPLED_m0p5_s204_ED,M7_COUPLED,0.5,204,E-D,R2A_ONLINE_OFFSET_ONLY,ALWAYS_RECENTER,60,1,0.00028620517728821513,0.02862051772882151,0.021100413846145038,0.00014677393238280578,0.00039858400986640804,0.09874928468599146,0.12709470164166675,-11.203355538678304,0.038364191469074424,1.0,1.0,1.0
TEST,M7-COUPLED_m0p5_s204_ED,M7_COUPLED,0.5,204,E-D,R2A_ONLINE_OFFSET_ONLY,ADAPTIVE_RECENTER,60,1,0.00030089022706676497,0.030089022706676495,0.021774027892353033,0.00016134372810182172,0.00041514321058603747,0.11052807522438936,0.1157668552298391,-5.580346201045723,0.0002553735886728017,1.0,1.0,1.0
TEST,M7-COUPLED_m0p5_s205_EA,M7_COUPLED,0.5,205,E-A,R0_FROZEN_B2,NA,0,0,0.0004903763563020601,0.04903763563020601,0.03579162070001513,0.0002502987416205532,0.0006765828557470707,0.18450364318759882,0.19281551924303356,,,,,
TEST,M7-COUPLED_m0p5_s205_EA,M7_COUPLED,0.5,205,E-A,R1_ORACLE_RECENTERED,NA,0,0,1.9469054247193447e-05,0.0019469054247193448,0.00253498244150367,5.1543462208988454e-05,6.81596998791214e-05,0.0049424545685621095,0.019399586432970316,,,,,
TEST,M7-COUPLED_m0p5_s205_EA,M7_COUPLED,0.5,205,E-A,R2A_ONLINE_OFFSET_ONLY,ALWAYS_RECENTER,60,1,0.0004640506417610289,0.04640506417610289,0.035195745650258396,0.0002151820534600494,0.0006543593458500642,0.161407535524339,0.2216637628533108,-11.171560634440029,0.10195399994562283,1.0,1.0,1.0
TEST,M7-COUPLED_m0p5_s205_EA,M7_COUPLED,0.5,205,E-A,R2A_ONLINE_OFFSET_ONLY,ADAPTIVE_RECENTER,60,1,0.0005666364186432072,0.05666364186432071,0.04105821084028866,0.0004365388859442624,0.0008447198827955489,0.1886716497117444,0.2109083622571741,-6.021874167848365,0.13446760749656944,0.9751861042183623,0.989365473236441,0.9946827366182205
TEST,M7-COUPLED_m0p5_s206_EB,M7_COUPLED,0.5,206,E-B,R0_FROZEN_B2,NA,0,0,4.527725628915135e-05,0.004527725628915135,0.0012812613885257338,6.552103584547776e-05,6.932658489632226e-05,0.01498670360761853,0.02136965551622898,,,,,
TEST,M7-COUPLED_m0p5_s206_EB,M7_COUPLED,0.5,206,E-B,R1_ORACLE_RECENTERED,NA,0,0,1.1195479191378738e-06,0.00011195479191378737,0.00018254099194940196,3.106295018892728e-06,4.4668397700818744e-06,0.0001963036205089781,0.001248505592021637,,,,,
TEST,M7-COUPLED_m0p5_s206_EB,M7_COUPLED,0.5,206,E-B,R2A_ONLINE_OFFSET_ONLY,ALWAYS_RECENTER,60,1,5.900331230194354e-05,0.005900331230194354,0.0023076530526931704,8.517163458509392e-05,9.437008423012094e-05,0.021460193214751466,0.026954057444135395,-11.221063796954365,0.0029476749169503,1.0,1.0,1.0
TEST,M7-COUPLED_m0p5_s206_EB,M7_COUPLED,0.5,206,E-B,R2A_ONLINE_OFFSET_ONLY,ADAPTIVE_RECENTER,60,1,4.527725628915135e-05,0.004527725628915135,0.0012812613885257338,6.552103584547776e-05,6.932658489632226e-05,0.01498670360761853,0.02136965551622898,-5.580470596869227,6.581941663443051e-06,1.0,1.0,1.0
TEST,M7-COUPLED_m0p5_s207_EC,M7_COUPLED,0.5,207,E-C,R0_FROZEN_B2,NA,0,0,4.1783146624647383e-05,0.004178314662464738,0.001150356716290738,6.249241299182536e-05,6.572188003686835e-05,0.01457292648720985,0.02136793458773272,,,,,
TEST,M7-COUPLED_m0p5_s207_EC,M7_COUPLED,0.5,207,E-C,R1_ORACLE_RECENTERED,NA,0,0,5.3449996472163353e-08,5.344999647216335e-06,1.0239355229201387e-05,1.399747396677433e-07,2.2802896985010268e-07,3.785936780453236e-05,7.469150407322291e-05,,,,,
TEST,M7-COUPLED_m0p5_s207_EC,M7_COUPLED,0.5,207,E-C,R2A_ONLINE_OFFSET_ONLY,ALWAYS_RECENTER,60,1,4.194368317679727e-05,0.004194368317679727,0.0011511656466306139,6.274343110274854e-05,6.596398026108016e-05,0.014638677719854479,0.02147219114003791,-11.221646589063244,0.0017820906991900815,1.0,1.0,1.0
TEST,M7-COUPLED_m0p5_s207_EC,M7_COUPLED,0.5,207,E-C,R2A_ONLINE_OFFSET_ONLY,ADAPTIVE_RECENTER,60,1,4.1783146624647383e-05,0.004178314662464738,0.001150356716290738,6.249241299182536e-05,6.572188003686835e-05,0.01457292648720985,0.02136793458773272,-5.580471014002516,5.747675085572546e-06,1.0,1.0,1.0
TEST,M7-COUPLED_m0p5_s208_ED,M7_COUPLED,0.5,208,E-D,R0_FROZEN_B2,NA,0,0,0.0003485832951983368,0.03485832951983368,0.025354754468593154,0.00018156768326277393,0.00048097009033692446,0.12948560401173623,0.13423092182276744,,,,,
TEST,M7-COUPLED_m0p5_s208_ED,M7_COUPLED,0.5,208,E-D,R1_ORACLE_RECENTERED,NA,0,0,5.941041212507126e-06,0.0005941041212507126,0.000698743208244914,1.3300561566079518e-05,1.811438333606277e-05,0.0018695273071041598,0.005408978994475172,,,,,
TEST,M7-COUPLED_m0p5_s208_ED,M7_COUPLED,0.5,208,E-D,R2A_ONLINE_OFFSET_ONLY,ALWAYS_RECENTER,60,1,0.00033167561270316606,0.03316756127031661,0.024589957821575577,0.00016455043354247974,0.000462117063283758,0.11483788262480125,0.14873867777228045,-11.196959145678818,0.05115697746804549,1.0,1.0,1.0
TEST,M7-COUPLED_m0p5_s208_ED,M7_COUPLED,0.5,208,E-D,R2A_ONLINE_OFFSET_ONLY,ADAPTIVE_RECENTER,60,1,0.0003485832951983368,0.03485832951983368,0.025354754468593154,0.00018156768326277393,0.00048097009033692446,0.12948560401173623,0.13423092182276744,-5.58030145187149,0.0003448719371379898,1.0,1.0,1.0
TEST,M7-COUPLED_m0p5_s209_EA,M7_COUPLED,0.5,209,E-A,R0_FROZEN_B2,NA,0,0,0.000585520527301218,0.0585520527301218,0.04279170001172027,0.00029834158566052505,0.0008085076794613137,0.2204843456669337,0.23392303071120482,,,,,
TEST,M7-COUPLED_m0p5_s209_EA,M7_COUPLED,0.5,209,E-A,R1_ORACLE_RECENTERED,NA,0,0,2.8166593543027886e-05,0.0028166593543027885,0.0036733424818684635,7.550720629761778e-05,9.938905240375566e-05,0.007004174889521834,0.02821143968153143,,,,,
TEST,M7-COUPLED_m0p5_s209_EA,M7_COUPLED,0.5,209,E-A,R2A_ONLINE_OFFSET_ONLY,ALWAYS_RECENTER,60,1,0.0005539306235202363,0.05539306235202363,0.04221630683469186,0.00025014231270628385,0.0007822318349160183,0.1931584924196144,0.2674743231670082,-11.14984185986117,0.14539154910334337,1.0,1.0,1.0
TEST,M7-COUPLED_m0p5_s209_EA,M7_COUPLED,0.5,209,E-A,R2A_ONLINE_OFFSET_ONLY,ADAPTIVE_RECENTER,60,1,0.0006273926154064472,0.06273926154064471,0.04614300528998877,0.0003831449425136008,0.000897593053242305,0.2238377158871042,0.2560622347322545,-6.794118340367579,0.1110086673887866,0.9844026940801134,0.9961006735200284,0.9985820630981921
TEST,M7-COUPLED_m0p5_s210_EB,M7_COUPLED,0.5,210,E-B,R0_FROZEN_B2,NA,0,0,4.546683469422753e-05,0.0045466834694227526,0.0012929321531487403,6.561276500188514e-05,6.948020027342872e-05,0.015021516189079407,0.021370887223632225,,,,,
TEST,M7-COUPLED_m0p5_s210_EB,M7_COUPLED,0.5,210,E-B,R1_ORACLE_RECENTERED,NA,0,0,1.5422257120253465e-06,0.00015422257120253465,0.00025811081282375165,4.396373407460136e-06,6.31875622173648e-06,0.0002512112781615251,0.0017498178090013226,,,,,
TEST,M7-COUPLED_m0p5_s210_EB,M7_COUPLED,0.5,210,E-B,R2A_ONLINE_OFFSET_ONLY,ALWAYS_RECENTER,60,1,6.257400207324754e-05,0.006257400207324754,0.0026200792270081315,9.032952424084638e-05,0.00010143219156216422,0.022329747240186347,0.02803596655334954,-11.220906821839257,0.0032616251471663926,1.0,1.0,1.0
TEST,M7-COUPLED_m0p5_s210_EB,M7_COUPLED,0.5,210,E-B,R2A_ONLINE_OFFSET_ONLY,ADAPTIVE_RECENTER,60,1,4.546683469422753e-05,0.0045466834694227526,0.0012929321531487403,6.561276500188514e-05,6.948020027342872e-05,0.015021516189079407,0.021370887223632225,-5.580470568085276,6.639509566152642e-06,1.0,1.0,1.0
TEST,M7-COUPLED_m0p5_s211_EC,M7_COUPLED,0.5,211,E-C,R0_FROZEN_B2,NA,0,0,4.116289090157126e-05,0.004116289090157126,0.0011263872603543299,6.194171198108612e-05,6.50680874352506e-05,0.014502451703826531,0.02138356394242334,,,,,
TEST,M7-COUPLED_m0p5_s211_EC,M7_COUPLED,0.5,211,E-C,R1_ORACLE_RECENTERED,NA,0,0,6.458406765102211e-08,6.45840676510221e-06,1.2395656099331991e-05,1.690171387536219e-07,2.7578262243727873e-07,4.570879705626927e-05,9.027302241776078e-05,,,,,
TEST,M7-COUPLED_m0p5_s211_EC,M7_COUPLED,0.5,211,E-C,R2A_ONLINE_OFFSET_ONLY,ALWAYS_RECENTER,60,1,4.135688392219967e-05,0.004135688392219967,0.0011271927239976983,6.22502794282793e-05,6.536500040755964e-05,0.014572238040511304,0.021510456022302248,-11.221658057765444,0.0017591532947893451,1.0,1.0,1.0
TEST,M7-COUPLED_m0p5_s211_EC,M7_COUPLED,0.5,211,E-C,R2A_ONLINE_OFFSET_ONLY,ADAPTIVE_RECENTER,60,1,4.116289090157126e-05,0.004116289090157126,0.0011263872603543299,6.194171198108612e-05,6.50680874352506e-05,0.014502451703826531,0.02138356394242334,-5.580471085165257,5.6053496019315645e-06,1.0,1.0,1.0
TEST,M7-COUPLED_m0p5_s212_ED,M7_COUPLED,0.5,212,E-D,R0_FROZEN_B2,NA,0,0,0.00039632040848333556,0.039632040848333557,0.028929124038804037,0.00020227749709624153,0.0005469234741251657,0.14812890054863878,0.15261655033704746,,,,,
TEST,M7-COUPLED_m0p5_s212_ED,M7_COUPLED,0.5,212,E-D,R1_ORACLE_RECENTERED,NA,0,0,7.789043343027331e-06,0.000778904334302733,0.0008980025391793131,1.807853356483076e-05,2.4012649770343084e-05,0.0023420520152236325,0.007108287435996073,,,,,
TEST,M7-COUPLED_m0p5_s212_ED,M7_COUPLED,0.5,212,E-D,R2A_ONLINE_OFFSET_ONLY,ALWAYS_RECENTER,60,1,0.000377179933155169,0.0377179933155169,0.028079446479016706,0.00018251924144192596,0.0005257728524344326,0.1311798413446665,0.17045220708769276,-11.189602696047487,0.06586987673070306,1.0,1.0,1.0
TEST,M7-COUPLED_m0p5_s212_ED,M7_COUPLED,0.5,212,E-D,R2A_ONLINE_OFFSET_ONLY,ADAPTIVE_RECENTER,60,1,0.00039632040848333556,0.039632040848333557,0.028929124038804037,0.00020227749709624153,0.0005469234741251657,0.14812890054863878,0.15261655033704746,-5.580249875982585,0.0004480237149451356,1.0,1.0,1.0
TEST,M7-COUPLED_m0p5_s213_EA,M7_COUPLED,0.5,213,E-A,R0_FROZEN_B2,NA,0,0,0.0006807136778085014,0.06807136778085014,0.0497555846799335,0.0003491684921319501,0.0009408557015180918,0.25646817324946364,0.27571948487731646,,,,,
TEST,M7-COUPLED_m0p5_s213_EA,M7_COUPLED,0.5,213,E-A,R1_ORACLE_RECENTERED,NA,0,0,3.847811688359915e-05,0.0038478116883599147,0.005037347627965233,0.00010384341135482461,0.0001365251640252257,0.00927256875969956,0.03868966602514963,,,,,
TEST,M7-COUPLED_m0p5_s213_EA,M7_COUPLED,0.5,213,E-A,R2A_ONLINE_OFFSET_ONLY,ALWAYS_RECENTER,60,1,0.0006436089889942294,0.06436089889942294,0.04924387126098118,0.0002850073882526625,0.0009102265186828963,0.22514871766145542,0.31368213014474483,-11.124188230271576,0.19669880828252825,1.0,1.0,1.0
TEST,M7-COUPLED_m0p5_s213_EA,M7_COUPLED,0.5,213,E-A,R2A_ONLINE_OFFSET_ONLY,ADAPTIVE_RECENTER,60,1,0.0006986936848369243,0.06986936848369242,0.052379657718049664,0.000375424731501777,0.0009943363650461309,0.2558906007358626,0.3047125333944756,-7.232888651712048,0.11752777371756121,0.9861751152073732,0.9985820630981921,0.9996455157745481
TEST,M7-COUPLED_m0p5_s214_EB,M7_COUPLED,0.5,214,E-B,R0_FROZEN_B2,NA,0,0,4.569077435103475e-05,0.0045690774351034745,0.001311929962238627,6.574185873482746e-05,6.971197277845772e-05,0.015053015460739094,0.02136835740794964,,,,,
TEST,M7-COUPLED_m0p5_s214_EB,M7_COUPLED,0.5,214,E-B,R1_ORACLE_RECENTERED,NA,0,0,2.0351016980105555e-06,0.00020351016980105555,0.0003466574335174419,5.914555325093117e-06,8.493277974470099e-06,0.00032032139890063197,0.002335733125700497,,,,,
TEST,M7-COUPLED_m0p5_s214_EB,M7_COUPLED,0.5,214,E-B,R2A_ONLINE_OFFSET_ONLY,ALWAYS_RECENTER,60,1,6.624502861520519e-05,0.006624502861520519,0.0029383690206435083,9.58366688818985e-05,0.00010891683250622696,0.023173344753758707,0.029118568672916643,-11.220731200934084,0.003612866957512456,1.0,1.0,1.0
TEST,M7-COUPLED_m0p5_s214_EB,M7_COUPLED,0.5,214,E-B,R2A_ONLINE_OFFSET_ONLY,ADAPTIVE_RECENTER,60,1,4.569077435103475e-05,0.0045690774351034745,0.001311929962238627,6.574185873482746e-05,6.971197277845772e-05,0.015053015460739094,0.02136835740794964,-5.580470525733935,6.72421224806179e-06,1.0,1.0,1.0
TEST,M7-COUPLED_m0p5_s215_EC,M7_COUPLED,0.5,215,E-C,R0_FROZEN_B2,NA,0,0,4.0545066534144275e-05,0.004054506653414428,0.0011028416791313924,6.14000493338178e-05,6.442604267078953e-05,0.014432165607022802,0.021399774284084593,,,,,
TEST,M7-COUPLED_m0p5_s215_EC,M7_COUPLED,0.5,215,E-C,R1_ORACLE_RECENTERED,NA,0,0,7.567682926548426e-08,7.567682926548426e-06,1.4551968538033439e-05,1.9791095411100067e-07,3.234457381961732e-07,5.361752057491161e-05,0.00010580369220277325,,,,,
TEST,M7-COUPLED_m0p5_s215_EC,M7_COUPLED,0.5,215,E-C,R2A_ONLINE_OFFSET_ONLY,ALWAYS_RECENTER,60,1,4.077208716088551e-05,0.004077208716088551,0.0011037474639333732,6.176676184992621e-05,6.477901378408017e-05,0.014504850647033385,0.021549356326181685,-11.22166929394445,0.0017366809367822726,1.0,1.0,1.0
TEST,M7-COUPLED_m0p5_s215_EC,M7_COUPLED,0.5,215,E-C,R2A_ONLINE_OFFSET_ONLY,ADAPTIVE_RECENTER,60,1,4.0545066534144275e-05,0.004054506653414428,0.0011028416791313924,6.14000493338178e-05,6.442604267078953e-05,0.014432165607022802,0.021399774284084593,-5.580471154573775,5.466532567366583e-06,1.0,1.0,1.0
TEST,M7-COUPLED_m0p5_s216_ED,M7_COUPLED,0.5,216,E-D,R0_FROZEN_B2,NA,0,0,0.0004440794333351339,0.04440794333351339,0.03249677533960422,0.00022341523671972472,0.0006129495779372086,0.16696572484855773,0.17092359772568952,,,,,
TEST,M7-COUPLED_m0p5_s216_ED,M7_COUPLED,0.5,216,E-D,R1_ORACLE_RECENTERED,NA,0,0,9.900059655356006e-06,0.0009900059655356007,0.001125388358235019,2.3586525169548034e-05,3.079943754274839e-05,0.0028612501019293444,0.00905894872693188,,,,,
TEST,M7-COUPLED_m0p5_s216_ED,M7_COUPLED,0.5,216,E-D,R2A_ONLINE_OFFSET_ONLY,ALWAYS_RECENTER,60,1,0.0004226916454995317,0.04226916454995317,0.03156846921839596,0.00020059090316658845,0.000589490665903605,0.14740910250668743,0.19222859358808844,-11.181285662279798,0.0825039442660821,1.0,1.0,1.0
TEST,M7-COUPLED_m0p5_s216_ED,M7_COUPLED,0.5,216,E-D,R2A_ONLINE_OFFSET_ONLY,ADAPTIVE_RECENTER,60,1,0.0004440794333351339,0.04440794333351339,0.03249677533960422,0.00022341523671972472,0.0006129495779372086,0.16696572484855773,0.17092359772568952,-5.580191473753803,0.000564828172511425,1.0,1.0,1.0
TEST,M7-COUPLED_m0p5_s217_EA,M7_COUPLED,0.5,217,E-A,R0_FROZEN_B2,NA,0,0,0.0007759987706823723,0.07759987706823723,0.056687629022703384,0.00040289996482926213,0.001073757810596398,0.2919678669635631,0.31820959998110965,,,,,
TEST,M7-COUPLED_m0p5_s217_EA,M7_COUPLED,0.5,217,E-A,R1_ORACLE_RECENTERED,NA,0,0,5.040238883982731e-05,0.005040238883982731,0.006632036347220555,0.00013646503320396974,0.00017955937173415768,0.012107808044647232,0.05083218336858586,,,,,
TEST,M7-COUPLED_m0p5_s217_EA,M7_COUPLED,0.5,217,E-A,R2A_ONLINE_OFFSET_ONLY,ALWAYS_RECENTER,60,1,0.0007331060848907548,0.07331060848907547,0.056280492524116425,0.0003199326069015385,0.0010384077328009335,0.2563948797441162,0.36029418847142575,-11.094577652152983,0.25591996451971216,1.0,1.0,1.0
TEST,M7-COUPLED_m0p5_s217_EA,M7_COUPLED,0.5,217,E-A,R2A_ONLINE_OFFSET_ONLY,ADAPTIVE_RECENTER,60,1,0.0007794951550857563,0.07794951550857562,0.05916131261099282,0.00039137426793066815,0.00111077296212073,0.2908597208425306,0.3529405974469981,-7.473604451877173,0.1400795800357347,0.9861751152073732,0.9985820630981921,0.9996455157745481
TEST,M7-COUPLED_m0p5_s218_EB,M7_COUPLED,0.5,218,E-B,R0_FROZEN_B2,NA,0,0,4.595132417814141e-05,0.004595132417814141,0.0013405056273682174,6.592393938074572e-05,7.005118942442655e-05,0.015080708444441896,0.021362063482014693,,,,,
TEST,M7-COUPLED_m0p5_s218_EB,M7_COUPLED,0.5,218,E-B,R1_ORACLE_RECENTERED,NA,0,0,2.5988454974772524e-06,0.00025988454974772526,0.000448114712381519,7.662170757987323e-06,1.0990514082684094e-05,0.0004034911779571505,0.0030063204894320702,,,,,
TEST,M7-COUPLED_m0p5_s218_EB,M7_COUPLED,0.5,218,E-B,R2A_ONLINE_OFFSET_ONLY,ALWAYS_RECENTER,60,1,6.999471829748016e-05,0.006999471829748016,0.0032586485247169308,0.00010166573817098489,0.00011674984566997245,0.024107399199561237,0.030201701685822594,-11.220536735203703,0.004001798418274231,1.0,1.0,1.0
TEST,M7-COUPLED_m0p5_s218_EB,M7_COUPLED,0.5,218,E-B,R2A_ONLINE_OFFSET_ONLY,ADAPTIVE_RECENTER,60,1,4.595132417814141e-05,0.004595132417814141,0.0013405056273682174,6.592393938074572e-05,7.005118942442655e-05,0.015080708444441896,0.021362063482014693,-5.5804704652148684,6.845250380671598e-06,1.0,1.0,1.0
TEST,M7-COUPLED_m0p5_s219_EC,M7_COUPLED,0.5,219,E-C,R0_FROZEN_B2,NA,0,0,3.9929828483848335e-05,0.003992982848384834,0.0010797478449677653,6.086766616897861e-05,6.37961009652701e-05,0.014362070950829019,0.021416564310518065,,,,,
TEST,M7-COUPLED_m0p5_s219_EC,M7_COUPLED,0.5,219,E-C,R1_ORACLE_RECENTERED,NA,0,0,8.672933647766598e-08,8.672933647766598e-06,1.6708546726644107e-05,2.2665769996709421e-07,3.710230025082786e-07,6.145651903395841e-05,0.00012128508570835358,,,,,
TEST,M7-COUPLED_m0p5_s219_EC,M7_COUPLED,0.5,219,E-C,R2A_ONLINE_OFFSET_ONLY,ALWAYS_RECENTER,60,1,4.018938678119004e-05,0.004018938678119004,0.001080864347533801,6.12931069579425e-05,6.42063774112338e-05,0.014436960561980142,0.021588888457344742,-11.221680297593409,0.0017146736388655276,1.0,1.0,1.0
TEST,M7-COUPLED_m0p5_s219_EC,M7_COUPLED,0.5,219,E-C,R2A_ONLINE_OFFSET_ONLY,ADAPTIVE_RECENTER,60,1,3.9929828483848335e-05,0.003992982848384834,0.0010797478449677653,6.086766616897861e-05,6.37961009652701e-05,0.014362070950829019,0.021416564310518065,-5.58047122222809,5.331223937186815e-06,1.0,1.0,1.0
TEST,M7-COUPLED_m0p5_s220_ED,M7_COUPLED,0.5,220,E-D,R0_FROZEN_B2,NA,0,0,0.000491847584645223,0.0491847584645223,0.0360575268365452,0.0002449476679244034,0.0006790187367812883,0.18599796015454262,0.18982895817344314,,,,,
TEST,M7-COUPLED_m0p5_s220_ED,M7_COUPLED,0.5,220,E-D,R1_ORACLE_RECENTERED,NA,0,0,1.2272672826062889e-05,0.0012272672826062888,0.0013813036005081894,2.9818364127273674e-05,3.84722596050374e-05,0.003467591144800804,0.011261032076256434,,,,,
TEST,M7-COUPLED_m0p5_s220_ED,M7_COUPLED,0.5,220,E-D,R2A_ONLINE_OFFSET_ONLY,ALWAYS_RECENTER,60,1,0.00046819466339321255,0.046819466339321256,0.03505679753697412,0.000218710921044524,0.0006532356368922615,0.16341924331820654,0.21406420823427474,-11.172007411897493,0.1010604450306962,1.0,1.0,1.0
TEST,M7-COUPLED_m0p5_s220_ED,M7_COUPLED,0.5,220,E-D,R2A_ONLINE_OFFSET_ONLY,ADAPTIVE_RECENTER,60,1,0.000491847584645223,0.0491847584645223,0.0360575268365452,0.0002449476679244034,0.0006790187367812883,0.18599796015454262,0.18982895817344314,-5.580126240326528,0.0006952950270611808,1.0,1.0,1.0
TEST,M7-COUPLED_m1p0_s201_EA,M7_COUPLED,1.0,201,E-A,R0_FROZEN_B2,NA,0,0,0.0004096866434895353,0.04096866434895353,0.028884231066389272,0.00024862404086721616,0.0005650944253504489,0.146550470831102,0.15316248179099182,,,,,
TEST,M7-COUPLED_m1p0_s201_EA,M7_COUPLED,1.0,201,E-A,R1_ORACLE_RECENTERED,NA,0,0,1.2635456468698913e-05,0.0012635456468698912,0.0016056695644562397,3.215266199826184e-05,4.280298706518591e-05,0.0033680773610797027,0.012222985619265991,,,,,
TEST,M7-COUPLED_m1p0_s201_EA,M7_COUPLED,1.0,201,E-A,R2A_ONLINE_OFFSET_ONLY,ALWAYS_RECENTER,60,1,0.0003861414711769446,0.03861414711769446,0.028318843787761176,0.00021708821880600879,0.0005427524713715885,0.13090045463989028,0.17437340882360508,-11.185508001372748,0.07405926608018744,1.0,1.0,1.0
TEST,M7-COUPLED_m1p0_s201_EA,M7_COUPLED,1.0,201,E-A,R2A_ONLINE_OFFSET_ONLY,ADAPTIVE_RECENTER,60,1,0.0004096866434895353,0.04096866434895353,0.028884231066389272,0.00024862404086721616,0.0005650944253504489,0.146550470831102,0.15316248179099182,-5.580241411753058,0.0004649521740009784,1.0,1.0,1.0
TEST,M7-COUPLED_m1p0_s202_EB,M7_COUPLED,1.0,202,E-B,R0_FROZEN_B2,NA,0,0,9.002216101635311e-05,0.009002216101635312,0.0025418621776000894,0.00013091246717947838,0.0001384135158627877,0.03002085069564949,0.04274706441246896,,,,,
TEST,M7-COUPLED_m1p0_s202_EB,M7_COUPLED,1.0,202,E-B,R1_ORACLE_RECENTERED,NA,0,0,9.490723695690735e-07,9.490723695690735e-05,0.00012467041287007476,2.1094195051030877e-06,3.0436394322243696e-06,0.00026968828716936215,0.0008850373743363321,,,,,
TEST,M7-COUPLED_m1p0_s202_EB,M7_COUPLED,1.0,202,E-B,R2A_ONLINE_OFFSET_ONLY,ALWAYS_RECENTER,60,1,9.820044249432642e-05,0.009820044249432641,0.0029146341537857334,0.00014368762791833629,0.00015260323325020893,0.03129844772290587,0.04723407845671691,-11.218114838443421,0.008845591938836437,1.0,1.0,1.0
TEST,M7-COUPLED_m1p0_s202_EB,M7_COUPLED,1.0,202,E-B,R2A_ONLINE_OFFSET_ONLY,ADAPTIVE_RECENTER,60,1,9.002216101635311e-05,0.009002216101635312,0.0025418621776000894,0.00013091246717947838,0.0001384135158627877,0.03002085069564949,0.04274706441246896,-5.580460831195509,2.611328909859162e-05,1.0,1.0,1.0
TEST,M7-COUPLED_m1p0_s203_EC,M7_COUPLED,1.0,203,E-C,R0_FROZEN_B2,NA,0,0,8.715807773661121e-05,0.00871580777366112,0.002441967275870542,0.0001282526249266437,0.00013532822253405942,0.029611351801480914,0.04265281351212805,,,,,
TEST,M7-COUPLED_m1p0_s203_EC,M7_COUPLED,1.0,203,E-C,R1_ORACLE_RECENTERED,NA,0,0,4.3546221351695735e-08,4.354622135169574e-06,8.064321561613231e-06,1.0973885958415755e-07,1.7929450116053864e-07,2.912740374778864e-05,5.804816982883889e-05,,,,,
TEST,M7-COUPLED_m1p0_s203_EC,M7_COUPLED,1.0,203,E-C,R2A_ONLINE_OFFSET_ONLY,ALWAYS_RECENTER,60,1,8.728267054863562e-05,0.008728267054863561,0.002444624994531126,0.00012843032503932614,0.00013551066417191406,0.02960893670839815,0.042731714350780575,-11.218836138293508,0.007402992238665894,1.0,1.0,1.0
TEST,M7-COUPLED_m1p0_s203_EC,M7_COUPLED,1.0,203,E-C,R2A_ONLINE_OFFSET_ONLY,ADAPTIVE_RECENTER,60,1,8.715807773661121e-05,0.00871580777366112,0.002441967275870542,0.0001282526249266437,0.00013532822253405942,0.029611351801480914,0.04265281351212805,-5.580461534196462,2.4707287194075686e-05,1.0,1.0,1.0
TEST,M7-COUPLED_m1p0_s204_ED,M7_COUPLED,1.0,204,E-D,R0_FROZEN_B2,NA,0,0,0.0003168896661001761,0.03168896661001761,0.02193549807757775,0.00021029550749782593,0.00043911207826766987,0.10892952649807162,0.11906480482472578,,,,,
TEST,M7-COUPLED_m1p0_s204_ED,M7_COUPLED,1.0,204,E-D,R1_ORACLE_RECENTERED,NA,0,0,4.496221890167835e-06,0.0004496221890167835,0.0005227740394663559,9.353640824721795e-06,1.312387304456716e-05,0.001596012612996642,0.003959159764789448,,,,,
TEST,M7-COUPLED_m1p0_s204_ED,M7_COUPLED,1.0,204,E-D,R2A_ONLINE_OFFSET_ONLY,ALWAYS_RECENTER,60,1,0.0003008107219030082,0.030081072190300824,0.021266371004014323,0.00019173230079035287,0.00041997160671971716,0.10054981265172726,0.12577983169909643,-11.199576903446271,0.04592146193313792,1.0,1.0,1.0
TEST,M7-COUPLED_m1p0_s204_ED,M7_COUPLED,1.0,204,E-D,R2A_ONLINE_OFFSET_ONLY,ADAPTIVE_RECENTER,60,1,0.0003168896661001761,0.03168896661001761,0.02193549807757775,0.00021029550749782593,0.00043911207826766987,0.10892952649807162,0.11906480482472578,-5.580336556350858,0.0002746629784023393,1.0,1.0,1.0
TEST,M7-COUPLED_m1p0_s205_EA,M7_COUPLED,1.0,205,E-A,R0_FROZEN_B2,NA,0,0,0.0005038141639102608,0.05038141639102608,0.035905964795998876,0.00029011285280360023,0.000694250916015323,0.1843535621350756,0.1895094636007517,,,,,
TEST,M7-COUPLED_m1p0_s205_EA,M7_COUPLED,1.0,205,E-A,R1_ORACLE_RECENTERED,NA,0,0,1.976018319647027e-05,0.001976018319647027,0.0025203577995503356,5.166894569386467e-05,6.809122914702835e-05,0.0052667713085042134,0.019346770887572105,,,,,
TEST,M7-COUPLED_m1p0_s205_EA,M7_COUPLED,1.0,205,E-A,R2A_ONLINE_OFFSET_ONLY,ALWAYS_RECENTER,60,1,0.0004750674866974231,0.04750674866974231,0.03531416950444332,0.0002479593394351888,0.0006679432561929654,0.16230664181045112,0.21943354985940042,-11.167462757040957,0.11014975474376462,1.0,1.0,1.0
TEST,M7-COUPLED_m1p0_s205_EA,M7_COUPLED,1.0,205,E-A,R2A_ONLINE_OFFSET_ONLY,ADAPTIVE_RECENTER,60,1,0.0005774598485301989,0.05774598485301989,0.041201091165494225,0.00044881630500653684,0.0008533904394165986,0.18747070673443966,0.2076174969454545,-6.023277015023834,0.13166191314563044,0.9755405884438143,0.9900744416873449,0.9946827366182205
TEST,M7-COUPLED_m1p0_s206_EB,M7_COUPLED,1.0,206,E-B,R0_FROZEN_B2,NA,0,0,9.020571074859146e-05,0.009020571074859146,0.002545055973448343,0.00013101773407202545,0.00013853134676647158,0.030034595473776692,0.04277104735497923,,,,,
TEST,M7-COUPLED_m1p0_s206_EB,M7_COUPLED,1.0,206,E-B,R1_ORACLE_RECENTERED,NA,0,0,1.3383084013925933e-06,0.00013383084013925933,0.00018769865188558116,3.1740565319691825e-06,4.580352017285867e-06,0.00033987758217992237,0.0013141159128994926,,,,,
TEST,M7-COUPLED_m1p0_s206_EB,M7_COUPLED,1.0,206,E-B,R2A_ONLINE_OFFSET_ONLY,ALWAYS_RECENTER,60,1,0.00010102380069903519,0.01010238006990352,0.0031132886327579047,0.00014755801711269586,0.000157432014971907,0.03322339389762823,0.048327568551871605,-11.21791917553748,0.009236917750716587,1.0,1.0,1.0
TEST,M7-COUPLED_m1p0_s206_EB,M7_COUPLED,1.0,206,E-B,R2A_ONLINE_OFFSET_ONLY,ADAPTIVE_RECENTER,60,1,9.020571074859146e-05,0.009020571074859146,0.002545055973448343,0.00013101773407202545,0.00013853134676647158,0.030034595473776692,0.04277104735497923,-5.580460793280648,2.6189118822426463e-05,1.0,1.0,1.0
TEST,M7-COUPLED_m1p0_s207_EC,M7_COUPLED,1.0,207,E-C,R0_FROZEN_B2,NA,0,0,8.653150069580708e-05,0.008653150069580708,0.0024168277741495204,0.00012767564489424163,0.0001346403258410852,0.02952642852045451,0.04266665708610168,,,,,
TEST,M7-COUPLED_m1p0_s207_EC,M7_COUPLED,1.0,207,E-C,R1_ORACLE_RECENTERED,NA,0,0,5.505132939822633e-08,5.505132939822633e-06,1.021512606945591e-05,1.386461617651351e-07,2.268926973426313e-07,3.6810875018603807e-05,7.340981011652058e-05,,,,,
TEST,M7-COUPLED_m1p0_s207_EC,M7_COUPLED,1.0,207,E-C,R2A_ONLINE_OFFSET_ONLY,ALWAYS_RECENTER,60,1,8.669035737439989e-05,0.00866903573743999,0.002419188975605978,0.0001279089059647043,0.00013487362277873972,0.029530063369162328,0.042767981983113997,-11.218860514767432,0.007354239290817681,1.0,1.0,1.0
TEST,M7-COUPLED_m1p0_s207_EC,M7_COUPLED,1.0,207,E-C,R2A_ONLINE_OFFSET_ONLY,ADAPTIVE_RECENTER,60,1,8.653150069580708e-05,0.008653150069580708,0.0024168277741495204,0.00012767564489424163,0.0001346403258410852,0.02952642852045451,0.04266665708610168,-5.580461687390613,2.4400898890431663e-05,1.0,1.0,1.0
TEST,M7-COUPLED_m1p0_s208_ED,M7_COUPLED,1.0,208,E-D,R0_FROZEN_B2,NA,0,0,0.00036374094425430174,0.03637409442543017,0.025500318819998258,0.00022815418579740643,0.0005028178617640954,0.12765095942147445,0.1373547186217093,,,,,
TEST,M7-COUPLED_m1p0_s208_ED,M7_COUPLED,1.0,208,E-D,R1_ORACLE_RECENTERED,NA,0,0,6.094564933374635e-06,0.0006094564933374635,0.0006925579328651616,1.3405176651666085e-05,1.8121957148794144e-05,0.002026861180635853,0.005405166348761006,,,,,
TEST,M7-COUPLED_m1p0_s208_ED,M7_COUPLED,1.0,208,E-D,R2A_ONLINE_OFFSET_ONLY,ALWAYS_RECENTER,60,1,0.0003453380347262332,0.034533803472623324,0.02473899956993155,0.00020664894981986602,0.000481233053142158,0.11657768631487071,0.14711787960304332,-11.19302768723243,0.05901989436081871,1.0,1.0,1.0
TEST,M7-COUPLED_m1p0_s208_ED,M7_COUPLED,1.0,208,E-D,R2A_ONLINE_OFFSET_ONLY,ADAPTIVE_RECENTER,60,1,0.00036374094425430174,0.03637409442543017,0.025500318819998258,0.00022815418579740643,0.0005028178617640954,0.12765095942147445,0.1373547186217093,-5.580291817053646,0.00036414157282716993,1.0,1.0,1.0
TEST,M7-COUPLED_m1p0_s209_EA,M7_COUPLED,1.0,209,E-A,R0_FROZEN_B2,NA,0,0,0.0005982538221544409,0.05982538221544409,0.04289318445905361,0.0003349842005968338,0.0008244921536614705,0.2212812626269817,0.23031802314704602,,,,,
TEST,M7-COUPLED_m1p0_s209_EA,M7_COUPLED,1.0,209,E-A,R1_ORACLE_RECENTERED,NA,0,0,2.8499261434022118e-05,0.002849926143402212,0.0036559415253879647,7.564109360748478e-05,9.9297097673776e-05,0.007509758643805343,0.0281384846794854,,,,,
TEST,M7-COUPLED_m1p0_s209_EA,M7_COUPLED,1.0,209,E-A,R2A_ONLINE_OFFSET_ONLY,ALWAYS_RECENTER,60,1,0.0005641466538587776,0.05641466538587776,0.04232055420396261,0.00027971379917371306,0.0007940558600963579,0.19414630296931268,0.2649875135062867,-11.14550339903392,0.15406847075783833,1.0,1.0,1.0
TEST,M7-COUPLED_m1p0_s209_EA,M7_COUPLED,1.0,209,E-A,R2A_ONLINE_OFFSET_ONLY,ADAPTIVE_RECENTER,60,1,0.000636175427094114,0.0636175427094114,0.04627785286878747,0.0003977974596667629,0.0009062189191394479,0.22273336864658713,0.2528236074171527,-6.794997067843985,0.10925121243597434,0.9847571783055654,0.9961006735200284,0.9989365473236441
TEST,M7-COUPLED_m1p0_s210_EB,M7_COUPLED,1.0,210,E-B,R0_FROZEN_B2,NA,0,0,9.041938134738239e-05,0.009041938134738239,0.0025507863600272994,0.00013113117964582213,0.00013867132474453865,0.030011120177055095,0.0427912826074589,,,,,
TEST,M7-COUPLED_m1p0_s210_EB,M7_COUPLED,1.0,210,E-B,R1_ORACLE_RECENTERED,NA,0,0,1.7942673239287825e-06,0.00017942673239287825,0.0002637665031620098,4.464627951259729e-06,6.43892342705639e-06,0.00041058214801444504,0.0018275626999915374,,,,,
TEST,M7-COUPLED_m1p0_s210_EB,M7_COUPLED,1.0,210,E-B,R2A_ONLINE_OFFSET_ONLY,ALWAYS_RECENTER,60,1,0.00010404306364498751,0.010404306364498751,0.0033363465886039074,0.00015170768374043244,0.0001627011671779664,0.03491582529608792,0.049421713282207805,-11.21770490386212,0.009665461101437251,1.0,1.0,1.0
TEST,M7-COUPLED_m1p0_s210_EB,M7_COUPLED,1.0,210,E-B,R2A_ONLINE_OFFSET_ONLY,ADAPTIVE_RECENTER,60,1,9.041938134738239e-05,0.009041938134738239,0.0025507863600272994,0.00013113117964582213,0.00013867132474453865,0.030011120177055095,0.0427912826074589,-5.5804607454279385,2.6284824240197167e-05,1.0,1.0,1.0
TEST,M7-COUPLED_m1p0_s211_EC,M7_COUPLED,1.0,211,E-C,R0_FROZEN_B2,NA,0,0,8.590593410117359e-05,0.008590593410117359,0.0023918592242031804,0.0001271027912942925,0.0001339577294529754,0.029439278586896614,0.042680791805185,,,,,
TEST,M7-COUPLED_m1p0_s211_EC,M7_COUPLED,1.0,211,E-C,R1_ORACLE_RECENTERED,NA,0,0,6.651154522477057e-08,6.6511545224770565e-06,1.2366097665225377e-05,1.6740392942520558e-07,2.744021396450735e-07,4.4460461394979695e-05,8.872200522825737e-05,,,,,
TEST,M7-COUPLED_m1p0_s211_EC,M7_COUPLED,1.0,211,E-C,R2A_ONLINE_OFFSET_ONLY,ALWAYS_RECENTER,60,1,8.609893916399465e-05,0.008609893916399465,0.0023939651916371164,0.00012739192760209794,0.00013424249185723319,0.029466503497855612,0.04280457285107426,-11.218884658899755,0.0073059510261711934,1.0,1.0,1.0
TEST,M7-COUPLED_m1p0_s211_EC,M7_COUPLED,1.0,211,E-C,R2A_ONLINE_OFFSET_ONLY,ADAPTIVE_RECENTER,60,1,8.590593410117359e-05,0.008590593410117359,0.0023918592242031804,0.0001271027912942925,0.0001339577294529754,0.029439278586896614,0.042680791805185,-5.580461838831922,2.409801627431558e-05,1.0,1.0,1.0
TEST,M7-COUPLED_m1p0_s212_ED,M7_COUPLED,1.0,212,E-D,R0_FROZEN_B2,NA,0,0,0.0004108161890823759,0.04108161890823759,0.029062557435554887,0.00024677173594861554,0.0005671261657082474,0.14649177143501205,0.1556035832743043,,,,,
TEST,M7-COUPLED_m1p0_s212_ED,M7_COUPLED,1.0,212,E-D,R1_ORACLE_RECENTERED,NA,0,0,7.956474832656551e-06,0.0007956474832656552,0.0008900506737549264,1.8194319833019344e-05,2.401271880578815e-05,0.0024742704237739376,0.007101139217969829,,,,,
TEST,M7-COUPLED_m1p0_s212_ED,M7_COUPLED,1.0,212,E-D,R2A_ONLINE_OFFSET_ONLY,ALWAYS_RECENTER,60,1,0.00039010991195985705,0.03901099119598571,0.02821551471510034,0.0002221447020684361,0.0005431323204409876,0.1327001891985842,0.1685963712850387,-11.185519132771226,0.07403700328322714,1.0,1.0,1.0
TEST,M7-COUPLED_m1p0_s212_ED,M7_COUPLED,1.0,212,E-D,R2A_ONLINE_OFFSET_ONLY,ADAPTIVE_RECENTER,60,1,0.0004108161890823759,0.04108161890823759,0.029062557435554887,0.00024677173594861554,0.0005671261657082474,0.14649177143501205,0.1556035832743043,-5.580240251022044,0.00046727363603087357,1.0,1.0,1.0
TEST,M7-COUPLED_m1p0_s213_EA,M7_COUPLED,1.0,213,E-A,R0_FROZEN_B2,NA,0,0,0.0006929117179868231,0.06929117179868231,0.04984711586017072,0.00038314105972635704,0.0009555913037073887,0.25699779245656423,0.2718856135307455,,,,,
TEST,M7-COUPLED_m1p0_s213_EA,M7_COUPLED,1.0,213,E-A,R1_ORACLE_RECENTERED,NA,0,0,3.885147024244509e-05,0.0038851470242445094,0.005017619174584469,0.00010398200903295736,0.00013641102068942654,0.009857315025326606,0.0385961642098207,,,,,
TEST,M7-COUPLED_m1p0_s213_EA,M7_COUPLED,1.0,213,E-A,R2A_ONLINE_OFFSET_ONLY,ALWAYS_RECENTER,60,1,0.0006532233636786511,0.06532233636786511,0.049337090550465534,0.00031207545616599846,0.000920764798661278,0.2260378310049375,0.3109953407581508,-11.119612245951851,0.2058507769219773,1.0,1.0,1.0
TEST,M7-COUPLED_m1p0_s213_EA,M7_COUPLED,1.0,213,E-A,R2A_ONLINE_OFFSET_ONLY,ADAPTIVE_RECENTER,60,1,0.0007068495412406003,0.07068495412406002,0.05250076472387199,0.00039176575815961476,0.0010027357940701207,0.25658756843611047,0.3015279782437229,-7.233349512857685,0.1166060514262901,0.9861751152073732,0.9989365473236441,0.9996455157745481
TEST,M7-COUPLED_m1p0_s214_EB,M7_COUPLED,1.0,214,E-B,R0_FROZEN_B2,NA,0,0,9.06642878787431e-05,0.00906642878787431,0.0025602021229242777,0.00013125943953699415,0.00013884632173280138,0.030033253349008797,0.0428077637680459,,,,,
TEST,M7-COUPLED_m1p0_s214_EB,M7_COUPLED,1.0,214,E-B,R1_ORACLE_RECENTERED,NA,0,0,2.3177965688257774e-06,0.00023177965688257773,0.00035281378939217765,5.982601527204024e-06,8.61962589991188e-06,0.0004835443258164667,0.002425444369368887,,,,,
TEST,M7-COUPLED_m1p0_s214_EB,M7_COUPLED,1.0,214,E-B,R2A_ONLINE_OFFSET_ONLY,ALWAYS_RECENTER,60,1,0.00010721436818671036,0.010721436818671036,0.0035772097733056465,0.00015613269118485218,0.0001683730105470926,0.03738242034771312,0.05051638535245138,-11.217471836286704,0.010131596252275563,1.0,1.0,1.0
TEST,M7-COUPLED_m1p0_s214_EB,M7_COUPLED,1.0,214,E-B,R2A_ONLINE_OFFSET_ONLY,ADAPTIVE_RECENTER,60,1,9.06642878787431e-05,0.00906642878787431,0.0025602021229242777,0.00013125943953699415,0.00013884632173280138,0.030033253349008797,0.0428077637680459,-5.580460683710503,2.64082591117562e-05,1.0,1.0,1.0
TEST,M7-COUPLED_m1p0_s215_EC,M7_COUPLED,1.0,215,E-C,R0_FROZEN_B2,NA,0,0,8.528140697954457e-05,0.008528140697954458,0.002367067059594836,0.00012653412013273848,0.00013328051487942948,0.029345800038727377,0.042695217388581154,,,,,
TEST,M7-COUPLED_m1p0_s215_EC,M7_COUPLED,1.0,215,E-C,R1_ORACLE_RECENTERED,NA,0,0,7.792692874696057e-08,7.792692874696056e-06,1.4517188164265553e-05,1.9601204964206758e-07,3.218223162995632e-07,5.207226863467338e-05,0.00010398444854807685,,,,,
TEST,M7-COUPLED_m1p0_s215_EC,M7_COUPLED,1.0,215,E-C,R2A_ONLINE_OFFSET_ONLY,ALWAYS_RECENTER,60,1,8.550842855339574e-05,0.008550842855339575,0.0023689604470780432,0.0001268794446057472,0.0001336173556296074,0.02941815936102409,0.042841486097580525,-11.218908570681965,0.007258127461752792,1.0,1.0,1.0
TEST,M7-COUPLED_m1p0_s215_EC,M7_COUPLED,1.0,215,E-C,R2A_ONLINE_OFFSET_ONLY,ADAPTIVE_RECENTER,60,1,8.528140697954457e-05,0.008528140697954458,0.002367067059594836,0.00012653412013273848,0.00013328051487942948,0.029345800038727377,0.042695217388581154,-5.58046198852039,2.37986393382976e-05,1.0,1.0,1.0
TEST,M7-COUPLED_m1p0_s216_ED,M7_COUPLED,1.0,216,E-D,R0_FROZEN_B2,NA,0,0,0.00045803874994644253,0.04580387499464425,0.032620599826153535,0.00026605384443049274,0.0006318403921157126,0.16529449380089756,0.17379868302315726,,,,,
TEST,M7-COUPLED_m1p0_s216_ED,M7_COUPLED,1.0,216,E-D,R1_ORACLE_RECENTERED,NA,0,0,1.0080220808824824e-05,0.0010080220808824825,0.0011157398935973607,2.3713374643616712e-05,3.0792706410777997e-05,0.00300496540029411,0.009047828277445978,,,,,
TEST,M7-COUPLED_m1p0_s216_ED,M7_COUPLED,1.0,216,E-D,R2A_ONLINE_OFFSET_ONLY,ALWAYS_RECENTER,60,1,0.00043503040863868315,0.04350304086386832,0.03169420642530437,0.00023807493868414968,0.0006054534596102217,0.1480577602627313,0.19018491744225757,-11.177050706493175,0.09097385583933418,1.0,1.0,1.0
TEST,M7-COUPLED_m1p0_s216_ED,M7_COUPLED,1.0,216,E-D,R2A_ONLINE_OFFSET_ONLY,ADAPTIVE_RECENTER,60,1,0.00045803874994644253,0.04580387499464425,0.032620599826153535,0.00026605384443049274,0.0006318403921157126,0.16529449380089756,0.17379868302315726,-5.580181858687003,0.0005840583061115536,1.0,1.0,1.0
TEST,M7-COUPLED_m1p0_s217_EA,M7_COUPLED,1.0,217,E-A,R0_FROZEN_B2,NA,0,0,0.0007877716613576473,0.07877716613576473,0.05677097216622567,0.0004345796535994412,0.0010875210365397846,0.2927169289510906,0.3141917935735606,,,,,
TEST,M7-COUPLED_m1p0_s217_EA,M7_COUPLED,1.0,217,E-A,R1_ORACLE_RECENTERED,NA,0,0,5.081562183463326e-05,0.005081562183463326,0.006610420183765019,0.00013660443977220094,0.00017942424944516992,0.012501034541481187,0.05071779542992687,,,,,
TEST,M7-COUPLED_m1p0_s217_EA,M7_COUPLED,1.0,217,E-A,R2A_ONLINE_OFFSET_ONLY,ALWAYS_RECENTER,60,1,0.0007422474818126886,0.07422474818126887,0.05636464427327842,0.0003449906813940886,0.0010479627721913154,0.2570082683223908,0.35744362964465454,-11.089767126386755,0.2655410160521687,0.9836937256292095,1.0,1.0
TEST,M7-COUPLED_m1p0_s217_EA,M7_COUPLED,1.0,217,E-A,R2A_ONLINE_OFFSET_ONLY,ADAPTIVE_RECENTER,60,1,0.0007872049828812534,0.07872049828812534,0.059270839916573274,0.0004079109777861167,0.0011186628879727468,0.2910769792145719,0.34972735497895946,-7.473852811784471,0.13958286022114014,0.9861751152073732,0.999291031549096,0.9996455157745481
TEST,M7-COUPLED_m1p0_s218_EB,M7_COUPLED,1.0,218,E-B,R0_FROZEN_B2,NA,0,0,9.094157065301973e-05,0.009094157065301974,0.0025746100945263036,0.00013141035908250092,0.00013907137097721411,0.030096613196399148,0.0428204851065609,,,,,
TEST,M7-COUPLED_m1p0_s218_EB,M7_COUPLED,1.0,218,E-B,R1_ORACLE_RECENTERED,NA,0,0,2.9096097167438196e-06,0.00029096097167438195,0.00045477685020727275,7.729366959701956e-06,1.1122639335553184e-05,0.0005596001246955991,0.0031078203834775733,,,,,
TEST,M7-COUPLED_m1p0_s218_EB,M7_COUPLED,1.0,218,E-B,R2A_ONLINE_OFFSET_ONLY,ALWAYS_RECENTER,60,1,0.0001105074074476493,0.01105074074476493,0.003830695095658337,0.00016082882061625928,0.0001744129690737385,0.03960427316951258,0.051611480669201716,-11.217219773913847,0.010635720997986965,1.0,1.0,1.0
TEST,M7-COUPLED_m1p0_s218_EB,M7_COUPLED,1.0,218,E-B,R2A_ONLINE_OFFSET_ONLY,ADAPTIVE_RECENTER,60,1,9.094157065301973e-05,0.009094157065301974,0.0025746100945263036,0.00013141035908250092,0.00013907137097721411,0.030096613196399148,0.0428204851065609,-5.5804606035206605,2.6568638797433302e-05,1.0,1.0,1.0
TEST,M7-COUPLED_m1p0_s219_EC,M7_COUPLED,1.0,219,E-C,R0_FROZEN_B2,NA,0,0,8.465794952663276e-05,0.008465794952663277,0.0023424569084987247,0.00012596968797670227,0.00013260876463082772,0.029271047916567206,0.04270993353978957,,,,,
TEST,M7-COUPLED_m1p0_s219_EC,M7_COUPLED,1.0,219,E-C,R1_ORACLE_RECENTERED,NA,0,0,8.92975532111417e-08,8.92975532111417e-06,1.6668430542608086e-05,2.244708643768059e-07,3.69154121489448e-07,5.9583392905635865e-05,0.00011919732536466154,,,,,
TEST,M7-COUPLED_m1p0_s219_EC,M7_COUPLED,1.0,219,E-C,R2A_ONLINE_OFFSET_ONLY,ALWAYS_RECENTER,60,1,8.491883967042881e-05,0.008491883967042882,0.002344181780666989,0.0001263715119609452,0.00013299829904524587,0.029367109635870785,0.04287872083429057,-11.218932250108367,0.00721076860894705,1.0,1.0,1.0
TEST,M7-COUPLED_m1p0_s219_EC,M7_COUPLED,1.0,219,E-C,R2A_ONLINE_OFFSET_ONLY,ADAPTIVE_RECENTER,60,1,8.465794952663276e-05,0.008465794952663277,0.0023424569084987247,0.00012596968797670227,0.00013260876463082772,0.029271047916567206,0.04270993353978957,-5.580462136456034,2.3502768049607352e-05,1.0,1.0,1.0
TEST,M7-COUPLED_m1p0_s220_ED,M7_COUPLED,1.0,220,E-D,R0_FROZEN_B2,NA,0,0,0.0005053615773907318,0.050536157739073176,0.03617350633088677,0.0002859326651852705,0.0006968391426743463,0.18418985888154843,0.1919341414273891,,,,,
TEST,M7-COUPLED_m1p0_s220_ED,M7_COUPLED,1.0,220,E-D,R1_ORACLE_RECENTERED,NA,0,0,1.2465219239065441e-05,0.0012465219239065442,0.0013700371764937018,2.995614904957964e-05,3.845938066741881e-05,0.0035852889350103303,0.011245559412186107,,,,,
TEST,M7-COUPLED_m1p0_s220_ED,M7_COUPLED,1.0,220,E-D,R2A_ONLINE_OFFSET_ONLY,ALWAYS_RECENTER,60,1,0.00048004414749147693,0.04800441474914769,0.03517405914992529,0.00025433333457363847,0.0006680621094630757,0.16431126176344973,0.21186571178147923,-11.167621769775229,0.10983172927522411,1.0,1.0,1.0
TEST,M7-COUPLED_m1p0_s220_ED,M7_COUPLED,1.0,220,E-D,R2A_ONLINE_OFFSET_ONLY,ADAPTIVE_RECENTER,60,1,0.0005053615773907318,0.050536157739073176,0.03617350633088677,0.0002859326651852705,0.0006968391426743463,0.18418985888154843,0.1919341414273891,-5.580116635243584,0.0007145051929484374,1.0,1.0,1.0
TEST,M7-COUPLED_m1p5_s201_EA,M7_COUPLED,1.5,201,E-A,R0_FROZEN_B2,NA,0,0,0.00042688973898685886,0.04268897389868589,0.029067432352664558,0.00029994911260650543,0.000592380703678904,0.14548581871122782,0.1569033086621135,,,,,
TEST,M7-COUPLED_m1p5_s201_EA,M7_COUPLED,1.5,201,E-A,R1_ORACLE_RECENTERED,NA,0,0,1.2914773069842762e-05,0.0012914773069842762,0.0015964550447675418,3.22671388997617e-05,4.2787350930145913e-05,0.0036574346452779285,0.01219286849556401,,,,,
TEST,M7-COUPLED_m1p5_s201_EA,M7_COUPLED,1.5,201,E-A,R2A_ONLINE_OFFSET_ONLY,ALWAYS_RECENTER,60,1,0.0004016026655217857,0.040160266552178574,0.02850898117994227,0.00026489939505169337,0.0005666873352017695,0.13320054198984638,0.173395359710003,-11.179800962356712,0.0854733441122536,1.0,1.0,1.0
TEST,M7-COUPLED_m1p5_s201_EA,M7_COUPLED,1.5,201,E-A,R2A_ONLINE_OFFSET_ONLY,ADAPTIVE_RECENTER,60,1,0.00042688973898685886,0.04268897389868589,0.029067432352664558,0.00029994911260650543,0.000592380703678904,0.14548581871122782,0.1569033086621135,-5.5802255538437135,0.0004966679926901904,1.0,1.0,1.0
TEST,M7-COUPLED_m1p5_s202_EB,M7_COUPLED,1.5,202,E-B,R0_FROZEN_B2,NA,0,0,0.0001349341775147894,0.01349341775147894,0.0038098873563125997,0.00019638484234234594,0.0002076200827987702,0.0450408096746407,0.06412959112350437,,,,,
TEST,M7-COUPLED_m1p5_s202_EB,M7_COUPLED,1.5,202,E-B,R1_ORACLE_RECENTERED,NA,0,0,1.1423575608078865e-06,0.00011423575608078866,0.00013087680212565378,2.2091538474222632e-06,3.1931716729977632e-06,0.0003668346278209543,0.0009395550062918225,,,,,
TEST,M7-COUPLED_m1p5_s202_EB,M7_COUPLED,1.5,202,E-B,R2A_ONLINE_OFFSET_ONLY,ALWAYS_RECENTER,60,1,0.0001421339293475511,0.01421339293475511,0.004023076737330191,0.00020832180837345327,0.00022009076715883447,0.04576480956675503,0.06860371353195038,-11.213115092037466,0.018845084750747008,1.0,1.0,1.0
TEST,M7-COUPLED_m1p5_s202_EB,M7_COUPLED,1.5,202,E-B,R2A_ONLINE_OFFSET_ONLY,ADAPTIVE_RECENTER,60,1,0.0001349341775147894,0.01349341775147894,0.0038098873563125997,0.00019638484234234594,0.0002076200827987702,0.0450408096746407,0.06412959112350437,-5.580444523627691,5.8728424735615295e-05,1.0,1.0,1.0
TEST,M7-COUPLED_m1p5_s203_EC,M7_COUPLED,1.5,203,E-C,R0_FROZEN_B2,NA,0,0,0.0001319143638590451,0.013191436385904509,0.003709203055506571,0.00019347562326790406,0.00020429309987144667,0.044569333769247606,0.06395428806281121,,,,,
TEST,M7-COUPLED_m1p5_s203_EC,M7_COUPLED,1.5,203,E-C,R1_ORACLE_RECENTERED,NA,0,0,4.5477038404140704e-08,4.54770384041407e-06,8.063763590211032e-06,1.0894314059623286e-07,1.788171700161811e-07,2.8487647853968314e-05,5.709071929569985e-05,,,,,
TEST,M7-COUPLED_m1p5_s203_EC,M7_COUPLED,1.5,203,E-C,R2A_ONLINE_OFFSET_ONLY,ALWAYS_RECENTER,60,1,0.00013203639708373222,0.013203639708373223,0.0037138077204710352,0.00019363840475525627,0.00020447232344415533,0.0445686559820187,0.06403054689024808,-11.214139465530996,0.016796337763690206,1.0,1.0,1.0
TEST,M7-COUPLED_m1p5_s203_EC,M7_COUPLED,1.5,203,E-C,R2A_ONLINE_OFFSET_ONLY,ADAPTIVE_RECENTER,60,1,0.0001319143638590451,0.013191436385904509,0.003709203055506571,0.00019347562326790406,0.00020429309987144667,0.044569333769247606,0.06395428806281121,-5.580445654126811,5.646742649581881e-05,1.0,1.0,1.0
TEST,M7-COUPLED_m1p5_s204_ED,M7_COUPLED,1.5,204,E-D,R0_FROZEN_B2,NA,0,0,0.0003363266456134786,0.033632664561347864,0.022164521658309726,0.0002661792916802206,0.00047189182268006106,0.10928717412593501,0.12315246005821315,,,,,
TEST,M7-COUPLED_m1p5_s204_ED,M7_COUPLED,1.5,204,E-D,R1_ORACLE_RECENTERED,NA,0,0,4.663055488448929e-06,0.0004663055488448929,0.0005214290954573159,9.45163261242097e-06,1.3182188746154841e-05,0.0017061763907147433,0.003961084345808423,,,,,
TEST,M7-COUPLED_m1p5_s204_ED,M7_COUPLED,1.5,204,E-D,R2A_ONLINE_OFFSET_ONLY,ALWAYS_RECENTER,60,1,0.00031931327076094887,0.03193132707609489,0.021502331125190455,0.0002457872854954751,0.0004508573275440977,0.10798882709495906,0.12574036040603456,-11.193923960092679,0.057227348640324534,1.0,1.0,1.0
TEST,M7-COUPLED_m1p5_s204_ED,M7_COUPLED,1.5,204,E-D,R2A_ONLINE_OFFSET_ONLY,ADAPTIVE_RECENTER,60,1,0.0003363266456134786,0.033632664561347864,0.022164521658309726,0.0002661792916802206,0.00047189182268006106,0.10928717412593501,0.12315246005821315,-5.580320536427563,0.0003067028249901102,1.0,1.0,1.0
TEST,M7-COUPLED_m1p5_s205_EA,M7_COUPLED,1.5,205,E-A,R0_FROZEN_B2,NA,0,0,0.0005196159359295649,0.05196159359295649,0.03606066157844183,0.00033762456944514687,0.0007179359220114603,0.18264419641164284,0.19190351463826485,,,,,
TEST,M7-COUPLED_m1p5_s205_EA,M7_COUPLED,1.5,205,E-A,R1_ORACLE_RECENTERED,NA,0,0,2.008006283588126e-05,0.002008006283588126,0.0025075948171170486,5.179153992211136e-05,6.804386528113235e-05,0.005528663240978425,0.019295907842566656,,,,,
TEST,M7-COUPLED_m1p5_s205_EA,M7_COUPLED,1.5,205,E-A,R2A_ONLINE_OFFSET_ONLY,ALWAYS_RECENTER,60,1,0.0004888471846867861,0.04888471846867861,0.035473732229631606,0.00029150232637867714,0.0006879981035848345,0.1651530808612217,0.21790397174409962,-11.161523278966396,0.1220287108928899,1.0,1.0,1.0
TEST,M7-COUPLED_m1p5_s205_EA,M7_COUPLED,1.5,205,E-A,R2A_ONLINE_OFFSET_ONLY,ADAPTIVE_RECENTER,60,1,0.0005841068644953114,0.058410686449531145,0.04093715279804747,0.0004498976048397761,0.0008500345946767213,0.18703108560198276,0.20498943682529183,-6.15710818391733,0.11793875673148888,0.9808578518255937,0.9936192839418646,0.9953917050691244
TEST,M7-COUPLED_m1p5_s206_EB,M7_COUPLED,1.5,206,E-B,R0_FROZEN_B2,NA,0,0,0.00013514916268821028,0.013514916268821028,0.0038121973368265335,0.00019654146712297875,0.0002077815480358623,0.04508121273259861,0.06417256352560656,,,,,
TEST,M7-COUPLED_m1p5_s206_EB,M7_COUPLED,1.5,206,E-B,R1_ORACLE_RECENTERED,NA,0,0,1.571984592402783e-06,0.0001571984592402783,0.00019446787443802249,3.276554262782702e-06,4.739018245964413e-06,0.0004753357580794679,0.0013810296149726925,,,,,
TEST,M7-COUPLED_m1p5_s206_EB,M7_COUPLED,1.5,206,E-B,R2A_ONLINE_OFFSET_ONLY,ALWAYS_RECENTER,60,1,0.00014454666250585295,0.014454666250585295,0.0041575845603213845,0.00021183992375786067,0.0002241798372970418,0.04627973703520423,0.06971240912850346,-11.212858889548668,0.019357489728345844,1.0,1.0,1.0
TEST,M7-COUPLED_m1p5_s206_EB,M7_COUPLED,1.5,206,E-B,R2A_ONLINE_OFFSET_ONLY,ADAPTIVE_RECENTER,60,1,0.00013514916268821028,0.013514916268821028,0.0038121973368265335,0.00019654146712297875,0.0002077815480358623,0.04508121273259861,0.06417256352560656,-5.580444455131892,5.886541633278625e-05,1.0,1.0,1.0
TEST,M7-COUPLED_m1p5_s207_EC,M7_COUPLED,1.5,207,E-C,R0_FROZEN_B2,NA,0,0,0.00013128679787643684,0.013128679787643684,0.0036838264196286585,0.00019289336313913177,0.00020359825323960234,0.04449553541431959,0.06396775873747448,,,,,
TEST,M7-COUPLED_m1p5_s207_EC,M7_COUPLED,1.5,207,E-C,R1_ORACLE_RECENTERED,NA,0,0,5.749472028538766e-08,5.749472028538766e-06,1.0214289517165803e-05,1.376351819899375e-07,2.2628540599498205e-07,3.594688584117906e-05,7.219772453150666e-05,,,,,
TEST,M7-COUPLED_m1p5_s207_EC,M7_COUPLED,1.5,207,E-C,R2A_ONLINE_OFFSET_ONLY,ALWAYS_RECENTER,60,1,0.00013144309371377507,0.013144309371377507,0.003688071077020867,0.0001931111852859537,0.0002038273656365917,0.04449053173199388,0.06406636512717451,-11.214176502714745,0.01672226339619006,1.0,1.0,1.0
TEST,M7-COUPLED_m1p5_s207_EC,M7_COUPLED,1.5,207,E-C,R2A_ONLINE_OFFSET_ONLY,ADAPTIVE_RECENTER,60,1,0.00013128679787643684,0.013128679787643684,0.0036838264196286585,0.00019289336313913177,0.00020359825323960234,0.04449553541431959,0.06396775873747448,-5.580445887496381,5.600068735684028e-05,1.0,1.0,1.0
TEST,M7-COUPLED_m1p5_s208_ED,M7_COUPLED,1.5,208,E-D,R0_FROZEN_B2,NA,0,0,0.00038198165287774057,0.03819816528777406,0.02570377626409802,0.0002820710012780789,0.0005326212193192184,0.12714910619743852,0.14119864186724868,,,,,
TEST,M7-COUPLED_m1p5_s208_ED,M7_COUPLED,1.5,208,E-D,R1_ORACLE_RECENTERED,NA,0,0,6.276539102200784e-06,0.0006276539102200784,0.0006893921408475273,1.3513367222043824e-05,1.8169956335814405e-05,0.0021467071313144544,0.005404834577376144,,,,,
TEST,M7-COUPLED_m1p5_s208_ED,M7_COUPLED,1.5,208,E-D,R2A_ONLINE_OFFSET_ONLY,ALWAYS_RECENTER,60,1,0.0003625099018401617,0.03625099018401617,0.024948031346405306,0.00025835958421955587,0.0005089075175260992,0.119051508644051,0.14657876063871828,-11.187225849740416,0.07062356934484913,1.0,1.0,1.0
TEST,M7-COUPLED_m1p5_s208_ED,M7_COUPLED,1.5,208,E-D,R2A_ONLINE_OFFSET_ONLY,ADAPTIVE_RECENTER,60,1,0.00038198165287774057,0.03819816528777406,0.02570377626409802,0.0002820710012780789,0.0005326212193192184,0.12714910619743852,0.14119864186724868,-5.580275823043047,0.00039612959402260167,1.0,1.0,1.0
TEST,M7-COUPLED_m1p5_s209_EA,M7_COUPLED,1.5,209,E-A,R0_FROZEN_B2,NA,0,0,0.0006130552072142954,0.061305520721429536,0.043027976073701596,0.00037906334255853813,0.0008456130642593681,0.22046559876311556,0.227362792000806,,,,,
TEST,M7-COUPLED_m1p5_s209_EA,M7_COUPLED,1.5,209,E-A,R1_ORACLE_RECENTERED,NA,0,0,2.8859291933071432e-05,0.002885929193307143,0.00364004432413319,7.576770410663707e-05,9.921862464023958e-05,0.007791027663709648,0.028065664929101494,,,,,
TEST,M7-COUPLED_m1p5_s209_EA,M7_COUPLED,1.5,209,E-A,R2A_ONLINE_OFFSET_ONLY,ALWAYS_RECENTER,60,1,0.0005767706280019358,0.05767706280019358,0.04245856245738973,0.00031965398997660946,0.000811379721287445,0.1956703375711747,0.2630702798313241,-11.1393346534533,0.1664059619190827,1.0,1.0,1.0
TEST,M7-COUPLED_m1p5_s209_EA,M7_COUPLED,1.5,209,E-A,R2A_ONLINE_OFFSET_ONLY,ADAPTIVE_RECENTER,60,1,0.0006432192449758889,0.06432192449758889,0.04624565786393559,0.0004135740216389984,0.0009128258002409691,0.22106359256882022,0.25069273043911655,-6.860747278998327,0.10420054019034311,0.9854661467564694,0.9964551577454803,0.9989365473236441
TEST,M7-COUPLED_m1p5_s210_EB,M7_COUPLED,1.5,210,E-B,R0_FROZEN_B2,NA,0,0,0.0001353930509072298,0.013539305090722981,0.003816128325795873,0.00019670099695186555,0.0002079549484018574,0.04510734952164802,0.06421180314109937,,,,,
TEST,M7-COUPLED_m1p5_s210_EB,M7_COUPLED,1.5,210,E-B,R1_ORACLE_RECENTERED,NA,0,0,2.0667065935937728e-06,0.0002066706593593773,0.0002710646496833189,4.5684130553692104e-06,6.6052379966129495e-06,0.0005868357670964319,0.0019067069035680587,,,,,
TEST,M7-COUPLED_m1p5_s210_EB,M7_COUPLED,1.5,210,E-B,R2A_ONLINE_OFFSET_ONLY,ALWAYS_RECENTER,60,1,0.00014716443914086856,0.014716443914086856,0.00431554604522639,0.0002155673898575022,0.0002286096570474318,0.0469910250345257,0.07082147015544682,-11.21258392634664,0.019907416132396938,1.0,1.0,1.0
TEST,M7-COUPLED_m1p5_s210_EB,M7_COUPLED,1.5,210,E-B,R2A_ONLINE_OFFSET_ONLY,ADAPTIVE_RECENTER,60,1,0.0001353930509072298,0.013539305090722981,0.003816128325795873,0.00019670099695186555,0.0002079549484018574,0.04510734952164802,0.06421180314109937,-5.580444376395137,5.902288984234553e-05,1.0,1.0,1.0
TEST,M7-COUPLED_m1p5_s211_EC,M7_COUPLED,1.5,211,E-C,R0_FROZEN_B2,NA,0,0,0.0001306598850959672,0.01306598850959672,0.003658557987317285,0.00019231379415529857,0.00020290685329583862,0.04440818601692028,0.06398142286736339,,,,,
TEST,M7-COUPLED_m1p5_s211_EC,M7_COUPLED,1.5,211,E-C,R1_ORACLE_RECENTERED,NA,0,0,6.946638986968874e-08,6.946638986968874e-06,1.2364878585464092e-05,1.661761643461961e-07,2.7366294024055365e-07,4.344849431637791e-05,8.725533949495113e-05,,,,,
TEST,M7-COUPLED_m1p5_s211_EC,M7_COUPLED,1.5,211,E-C,R2A_ONLINE_OFFSET_ONLY,ALWAYS_RECENTER,60,1,0.00013085038132182433,0.013085038132182434,0.0036624684353649397,0.00019258686856526142,0.00020318625742845407,0.044404421091775934,0.06410239944395335,-11.214213307729349,0.01664865336698403,1.0,1.0,1.0
TEST,M7-COUPLED_m1p5_s211_EC,M7_COUPLED,1.5,211,E-C,R2A_ONLINE_OFFSET_ONLY,ADAPTIVE_RECENTER,60,1,0.0001306598850959672,0.01306598850959672,0.003658557987317285,0.00019231379415529857,0.00020290685329583862,0.04440818601692028,0.06398142286736339,-5.580446119114486,5.553745114745688e-05,1.0,1.0,1.0
TEST,M7-COUPLED_m1p5_s212_ED,M7_COUPLED,1.5,212,E-D,R0_FROZEN_B2,NA,0,0,0.0004281166894595468,0.04281166894595468,0.029246518799873777,0.00029880759695030874,0.0005945452295239421,0.145472256997658,0.1592600655021467,,,,,
TEST,M7-COUPLED_m1p5_s212_ED,M7_COUPLED,1.5,212,E-D,R1_ORACLE_RECENTERED,NA,0,0,8.152049217116469e-06,0.0008152049217116469,0.0008850766070611689,1.8312542744472846e-05,2.4050978275906275e-05,0.002646456006759763,0.007097418798637941,,,,,
TEST,M7-COUPLED_m1p5_s212_ED,M7_COUPLED,1.5,212,E-D,R2A_ONLINE_OFFSET_ONLY,ALWAYS_RECENTER,60,1,0.0004062061989482192,0.04062061989482192,0.028403923373336852,0.00027164270043168205,0.0005682395952559926,0.13470010431591817,0.1676772161282692,-11.179569120983613,0.0859370268584548,1.0,1.0,1.0
TEST,M7-COUPLED_m1p5_s212_ED,M7_COUPLED,1.5,212,E-D,R2A_ONLINE_OFFSET_ONLY,ADAPTIVE_RECENTER,60,1,0.0004281166894595468,0.04281166894595468,0.029246518799873777,0.00029880759695030874,0.0005945452295239421,0.145472256997658,0.1592600655021467,-5.580224282849597,0.0004992099809223377,1.0,1.0,1.0
TEST,M7-COUPLED_m1p5_s213_EA,M7_COUPLED,1.5,213,E-A,R0_FROZEN_B2,NA,0,0,0.0007069566727893043,0.07069566727893044,0.04996689338830009,0.0004241482280985265,0.0009747898618619604,0.2585096079165441,0.26858854503228446,,,,,
TEST,M7-COUPLED_m1p5_s213_EA,M7_COUPLED,1.5,213,E-A,R1_ORACLE_RECENTERED,NA,0,0,3.9250777874477354e-05,0.003925077787447735,0.004998991999573196,0.00010410825822833798,0.00013630178825463512,0.01042613305411479,0.03850055980807725,,,,,
TEST,M7-COUPLED_m1p5_s213_EA,M7_COUPLED,1.5,213,E-A,R2A_ONLINE_OFFSET_ONLY,ALWAYS_RECENTER,60,1,0.0006649860667833753,0.06649860667833753,0.04945873319313568,0.000348976033307258,0.0009360663800138174,0.22676126781228365,0.30878476669638555,-11.113217338211705,0.21864059240227116,0.9829847571783056,1.0,1.0
TEST,M7-COUPLED_m1p5_s213_EA,M7_COUPLED,1.5,213,E-A,R2A_ONLINE_OFFSET_ONLY,ADAPTIVE_RECENTER,60,1,0.0007133104718676332,0.07133104718676332,0.05249123825792879,0.000410484564079175,0.0010101343913458678,0.2571631068863192,0.29953117957442205,-7.29765066063061,0.11408364848413326,0.9872385678837292,0.999291031549096,0.9996455157745481
TEST,M7-COUPLED_m1p5_s214_EB,M7_COUPLED,1.5,214,E-B,R0_FROZEN_B2,NA,0,0,0.00013566694797570051,0.01356669479757005,0.0038224647395306345,0.00019686782681325635,0.00020814890006758924,0.045097710541343254,0.06424730271161413,,,,,
TEST,M7-COUPLED_m1p5_s214_EB,M7_COUPLED,1.5,214,E-B,R1_ORACLE_RECENTERED,NA,0,0,2.627341278195091e-06,0.0002627341278195091,0.0003606238487840393,6.086599920711817e-06,8.792600587450176e-06,0.0006988226846903958,0.0025166465578151755,,,,,
TEST,M7-COUPLED_m1p5_s214_EB,M7_COUPLED,1.5,214,E-B,R2A_ONLINE_OFFSET_ONLY,ALWAYS_RECENTER,60,1,0.00014995670733270692,0.014995670733270692,0.004492873178892777,0.00021950651309435147,0.00023336344395947256,0.04850094871176462,0.071930823262066,-11.212290015412863,0.020495237999956756,1.0,1.0,1.0
TEST,M7-COUPLED_m1p5_s214_EB,M7_COUPLED,1.5,214,E-B,R2A_ONLINE_OFFSET_ONLY,ADAPTIVE_RECENTER,60,1,0.00013566694797570051,0.01356669479757005,0.0038224647395306345,0.00019686782681325635,0.00020814890006758924,0.045097710541343254,0.06424730271161413,-5.5804442834831045,5.920871390952174e-05,1.0,1.0,1.0
TEST,M7-COUPLED_m1p5_s215_EC,M7_COUPLED,1.5,215,E-C,R0_FROZEN_B2,NA,0,0,0.00013003363766505302,0.013003363766505302,0.0036334000455413053,0.00019173694071141094,0.00020221893553526676,0.04431828735437192,0.06399528033796716,,,,,
TEST,M7-COUPLED_m1p5_s215_EC,M7_COUPLED,1.5,215,E-C,R1_ORACLE_RECENTERED,NA,0,0,8.139226979198421e-08,8.139226979198421e-06,1.4515615349187967e-05,1.94566507419708e-07,3.2095143662647853e-07,5.086813531735243e-05,0.00010226398441890974,,,,,
TEST,M7-COUPLED_m1p5_s215_EC,M7_COUPLED,1.5,215,E-C,R2A_ONLINE_OFFSET_ONLY,ALWAYS_RECENTER,60,1,0.00013025826422242935,0.013025826422242934,0.0036370026537542993,0.00019206547863064458,0.00020254903576857745,0.0443230719090857,0.06413864947336573,-11.214249880566557,0.016575507692566264,1.0,1.0,1.0
TEST,M7-COUPLED_m1p5_s215_EC,M7_COUPLED,1.5,215,E-C,R2A_ONLINE_OFFSET_ONLY,ADAPTIVE_RECENTER,60,1,0.00013003363766505302,0.013003363766505302,0.0036334000455413053,0.00019173694071141094,0.00020221893553526676,0.04431828735437192,0.06399528033796716,-5.580446348981125,5.5077717865902276e-05,1.0,1.0,1.0
TEST,M7-COUPLED_m1p5_s216_ED,M7_COUPLED,1.5,216,E-D,R0_FROZEN_B2,NA,0,0,0.00047457689622516796,0.0474576896225168,0.03278916132625877,0.00031630976353886595,0.0006573140638908699,0.16413695654000326,0.17730674539193275,,,,,
TEST,M7-COUPLED_m1p5_s216_ED,M7_COUPLED,1.5,216,E-D,R1_ORACLE_RECENTERED,NA,0,0,1.028884554384373e-05,0.001028884554384373,0.0011090034644278607,2.3841438131239345e-05,3.082183682366972e-05,0.0031436470422364277,0.00903996175578427,,,,,
TEST,M7-COUPLED_m1p5_s216_ED,M7_COUPLED,1.5,216,E-D,R2A_ONLINE_OFFSET_ONLY,ALWAYS_RECENTER,60,1,0.000450246817970336,0.0450246817970336,0.03186625871758678,0.0002855113317654674,0.0006284710394428289,0.15057492204976716,0.18896529995928213,-11.170953234587031,0.10316879965161706,1.0,1.0,1.0
TEST,M7-COUPLED_m1p5_s216_ED,M7_COUPLED,1.5,216,E-D,R2A_ONLINE_OFFSET_ONLY,ADAPTIVE_RECENTER,60,1,0.00047457689622516796,0.0474576896225168,0.03278916132625877,0.00031630976353886595,0.0006573140638908699,0.16413695654000326,0.17730674539193275,-5.580165916342496,0.0006159429951256518,1.0,1.0,1.0
TEST,M7-COUPLED_m1p5_s217_EA,M7_COUPLED,1.5,217,E-A,R0_FROZEN_B2,NA,0,0,0.0008012205189890802,0.08012205189890802,0.056878753793031256,0.000472836276096234,0.0011052179580770306,0.2940438470430689,0.31062726434963417,,,,,
TEST,M7-COUPLED_m1p5_s217_EA,M7_COUPLED,1.5,217,E-A,R1_ORACLE_RECENTERED,NA,0,0,5.125321915996856e-05,0.005125321915996856,0.006589456289204982,0.0001367257641254803,0.00017928447227447716,0.01310895410309462,0.05059871272481117,,,,,
TEST,M7-COUPLED_m1p5_s217_EA,M7_COUPLED,1.5,217,E-A,R2A_ONLINE_OFFSET_ONLY,ALWAYS_RECENTER,60,1,0.0007533420247390806,0.07533420247390807,0.056473169486660445,0.0003793054855561918,0.0010617062899543216,0.258561430227178,0.35499934046921033,-11.083149098238735,0.2787770723482099,0.9680964197093229,1.0,1.0
TEST,M7-COUPLED_m1p5_s217_EA,M7_COUPLED,1.5,217,E-A,R2A_ONLINE_OFFSET_ONLY,ADAPTIVE_RECENTER,60,1,0.0007969046822336387,0.07969046822336387,0.05940306427714431,0.00043336257021066413,0.0011305056994126285,0.2899678706470994,0.34692614612244227,-7.473457189322864,0.14037410514435225,0.9776674937965261,0.999291031549096,0.9996455157745481
TEST,M7-COUPLED_m1p5_s218_EB,M7_COUPLED,1.5,218,E-B,R0_FROZEN_B2,NA,0,0,0.00013597175795141233,0.013597175795141234,0.0038321083771919034,0.00019704715890359753,0.00020837347876849607,0.045080125231776444,0.06427905544017004,,,,,
TEST,M7-COUPLED_m1p5_s218_EB,M7_COUPLED,1.5,218,E-B,R1_ORACLE_RECENTERED,NA,0,0,3.254587058188663e-06,0.0003254587058188663,0.0004630901579910976,7.832701698405036e-06,1.1301529270512346e-05,0.0007969125160684489,0.003210903026662758,,,,,
TEST,M7-COUPLED_m1p5_s218_EB,M7_COUPLED,1.5,218,E-B,R2A_ONLINE_OFFSET_ONLY,ALWAYS_RECENTER,60,1,0.00015289371669293745,0.015289371669293745,0.004685881827915844,0.00022365935116410007,0.00023842524380020906,0.050714555896476624,0.0730404054528435,-11.211976958014398,0.021121352796884322,1.0,1.0,1.0
TEST,M7-COUPLED_m1p5_s218_EB,M7_COUPLED,1.5,218,E-B,R2A_ONLINE_OFFSET_ONLY,ADAPTIVE_RECENTER,60,1,0.00013597175795141233,0.013597175795141234,0.0038321083771919034,0.00019704715890359753,0.00020837347876849607,0.045080125231776444,0.06427905544017004,-5.580444171782763,5.943211459030949e-05,1.0,1.0,1.0
TEST,M7-COUPLED_m1p5_s219_EC,M7_COUPLED,1.5,219,E-C,R0_FROZEN_B2,NA,0,0,0.00012940806810755895,0.012940806810755894,0.0036083549263266437,0.0001911628272875501,0.00020153453561999932,0.04422872258526685,0.06400933102045302,,,,,
TEST,M7-COUPLED_m1p5_s219_EC,M7_COUPLED,1.5,219,E-C,R1_ORACLE_RECENTERED,NA,0,0,9.327279696014627e-08,9.327279696014627e-06,1.6666417683894246e-05,2.2280634928034928e-07,3.68150068920414e-07,5.824779920852302e-05,0.00011722343108218659,,,,,
TEST,M7-COUPLED_m1p5_s219_EC,M7_COUPLED,1.5,219,E-C,R2A_ONLINE_OFFSET_ONLY,ALWAYS_RECENTER,60,1,0.00012966674727540872,0.012966674727540872,0.00361167665179574,0.00019154703951799798,0.00020191573770381985,0.04424917217061629,0.06417511482254527,-11.214286221219169,0.016502826387341994,1.0,1.0,1.0
TEST,M7-COUPLED_m1p5_s219_EC,M7_COUPLED,1.5,219,E-C,R2A_ONLINE_OFFSET_ONLY,ADAPTIVE_RECENTER,60,1,0.00012940806810755895,0.012940806810755894,0.0036083549263266437,0.0001911628272875501,0.00020153453561999932,0.04422872258526685,0.06400933102045302,-5.580446577096339,5.462148743962095e-05,1.0,1.0,1.0
TEST,M7-COUPLED_m1p5_s220_ED,M7_COUPLED,1.5,220,E-D,R0_FROZEN_B2,NA,0,0,0.0005212666868090684,0.052126668680906846,0.036329555720943596,0.0003345143809572557,0.0007206988968069193,0.18269283438354889,0.19532182055367267,,,,,
TEST,M7-COUPLED_m1p5_s220_ED,M7_COUPLED,1.5,220,E-D,R1_ORACLE_RECENTERED,NA,0,0,1.2686536596331186e-05,0.0012686536596331185,0.0013616015320876667,3.0093826154849977e-05,3.847995772183871e-05,0.0037854255467610763,0.01123304731438475,,,,,
TEST,M7-COUPLED_m1p5_s220_ED,M7_COUPLED,1.5,220,E-D,R2A_ONLINE_OFFSET_ONLY,ALWAYS_RECENTER,60,1,0.0004945477762615961,0.049454777626159616,0.03533277167411835,0.0002998635074622154,0.0006893503805685161,0.16662495438256353,0.21040133746593037,-11.16137754622977,0.12232017636614068,1.0,1.0,1.0
TEST,M7-COUPLED_m1p5_s220_ED,M7_COUPLED,1.5,220,E-D,R2A_ONLINE_OFFSET_ONLY,ADAPTIVE_RECENTER,60,1,0.0005212666868090684,0.052126668680906846,0.036329555720943596,0.0003345143809572557,0.0007206988968069193,0.18269283438354889,0.19532182055367267,-5.580100718780381,0.0007463381193571192,1.0,1.0,1.0
