architecture,model_seed,split,subset_name,pmu_count,pmu_buses,subset_predeclared_without_test_selection,detection_precision,detection_recall,detection_f1,event_macro_f1_all_labels,event_weighted_f1_all_labels,event_macro_f1_abnormal,event_weighted_f1_abnormal,normal_minutes,false_positive_samples,false_positive_fraction,false_alarm_episodes,false_alarm_episodes_per_min,event_scenarios,detected_event_scenarios,scenario_detection_rate,delay_mean_s,delay_median_s,delay_p95_s,physical_n,physical_top1,physical_top3,physical_prediction_coverage,physical_electrical_distance_conditional,physical_electrical_distance_penalized,integrity_n,integrity_top1,integrity_top3,integrity_prediction_coverage,integrity_electrical_distance_conditional,integrity_electrical_distance_penalized,scenario_physical_top1,fitted_classifiers,fitted_trees,fitted_nodes,depth_mean,depth_max,serialized_bytes,inference_seconds_mean,inference_seconds_p50,inference_seconds_p95
typed,11,validation,official_8,8,"[2, 5, 6, 10, 19, 22, 29, 39]",True,0.9811179192197074,0.9490746340873352,0.9648303000491883,0.7667920505766551,0.9258222564478505,0.7454675700413371,0.8530829962707175,7.1509094444444425,151,0.011695453489272712,26,3.6359011678157187,137,129,0.9416058394160584,0.03030775193798455,0.00010000000000021103,0.1534333333333328,7915,0.517877447883765,0.641566645609602,0.9418825015792799,0.015494050987558322,0.021749872388978714,2212,0.8462929475587704,0.8512658227848101,0.8594032549728752,0.0008362896384094477,0.01803108713290255,0.6611570247933884,12,360,170634,13.547222222222222,14,27260499,0.3203382000065176,0.3203382000065176,0.3203382000065176
typed,11,test,official_8,8,"[2, 5, 6, 10, 19, 22, 29, 39]",True,0.9791510611735331,0.9487117454941333,0.9636910978681575,0.7797543173722125,0.9370310751243146,0.7607629768403956,0.8838976676038136,7.1509094444444425,167,0.012934706839129425,27,3.7757435204240153,137,129,0.9416058394160584,0.03237416020671839,0.00010000000000021103,0.13343333333333307,7915,0.5144662034112445,0.650157927984839,0.9415034744156665,0.015776873660190496,0.022056949753132084,2212,0.8607594936708861,0.8630198915009042,0.8679927667269439,0.0003925372036058436,0.01659542720871167,0.6446280991735537,12,360,170634,13.547222222222222,14,27260499,0.33121180000307504,0.33121180000307504,0.33121180000307504
typed,29,validation,official_8,8,"[2, 5, 6, 10, 19, 22, 29, 39]",True,0.9809535665380307,0.9531873714769565,0.9668711656441717,0.7809411625711999,0.9300527092271891,0.7618861325019005,0.8621753861752182,7.1509094444444425,153,0.011850360158004803,28,3.9155858730323123,137,129,0.9416058394160584,0.024879069767441926,0.00010000000000021103,0.13343333333333307,7915,0.5145925457991156,0.6447252053063803,0.9516108654453569,0.015292776782161602,0.02051116756403851,2212,0.8539783001808319,0.8621157323688969,0.8639240506329114,0.0004543332448990468,0.017148218439011757,0.628099173553719,12,360,181236,13.522222222222222,14,28798139,0.30904710000322666,0.30904710000322666,0.30904710000322666
typed,29,test,official_8,8,"[2, 5, 6, 10, 19, 22, 29, 39]",True,0.9814330218068535,0.9527035200193541,0.9668548981095016,0.8017639302712197,0.9445016997695012,0.78462009509918,0.8989106184169314,7.1509094444444425,149,0.011540546820540624,27,3.7757435204240153,137,129,0.9416058394160584,0.025395865633075,0.00010000000000021103,0.13343333333333307,7915,0.48111181301326594,0.6451042324699937,0.9516108654453569,0.016824427276253575,0.021968702816281178,2212,0.879746835443038,0.8811030741410488,0.8815551537070524,7.628070311153687e-05,0.014651949180830928,0.5867768595041323,12,360,181236,13.522222222222222,14,28798139,0.32117419999849517,0.32117419999849517,0.32117419999849517
typed,47,validation,official_8,8,"[2, 5, 6, 10, 19, 22, 29, 39]",True,0.9804190571214767,0.9508890770533446,0.9654283082591342,0.7640955709726204,0.9240884830348832,0.7423669137766367,0.8484910860212609,7.1509094444444425,157,0.01216017349546898,33,4.614797636073797,137,129,0.9416058394160584,0.026174935400516866,0.00010000000000021103,0.13343333333333307,7915,0.5075173720783323,0.6288060644346178,0.9385975994946304,0.015564138860168338,0.022169246603261836,2212,0.8535262206148282,0.8594032549728752,0.8639240506329114,0.0008344405263357692,0.017476602261265635,0.6694214876033058,12,360,175892,13.48611111111111,14,28195063,0.37869769999815617,0.37869769999815617,0.37869769999815617
typed,47,test,official_8,8,"[2, 5, 6, 10, 19, 22, 29, 39]",True,0.981275745849457,0.9508890770533446,0.965843469713724,0.7918295911675747,0.9404536971425447,0.7738558944019276,0.889589795192122,7.1509094444444425,150,0.011618000154906669,32,4.4749552834654995,137,129,0.9416058394160584,0.028239793281653804,0.00010000000000021103,0.13343333333333307,7915,0.4914718888186987,0.641566645609602,0.9365761212886924,0.016074482021882976,0.02286467392895525,2212,0.8707052441229657,0.8779385171790235,0.8788426763110307,0.00047512723358061323,0.015336266467710004,0.6115702479338843,12,360,175892,13.48611111111111,14,28195063,0.31302810000488535,0.31302810000488535,0.31302810000488535
typed,11,validation,leave_BUS2_out,7,"[5, 6, 10, 19, 22, 29, 39]",True,0.980783722682743,0.9445990081045119,0.96235134635529,0.7303321544655617,0.909424739152709,0.7045003639438141,0.8134685375367708,7.1509094444444425,153,0.011850360158004803,36,5.034324693898688,137,128,0.9343065693430657,0.037575000000000025,0.00010000000000021103,0.1884333333333326,7915,0.4984207201516109,0.6279216677195198,0.9431459254579911,0.015401914411257305,0.02152697803503258,2212,0.6993670886075949,0.7056962025316456,0.7106690777576854,0.0007024775107398795,0.036125985768671404,0.6198347107438017,12,360,181406,13.591666666666667,14,28656545,0.30363670000224374,0.30363670000224374,0.30363670000224374
typed,11,test,leave_BUS2_out,7,"[5, 6, 10, 19, 22, 29, 39]",True,0.9826021180030258,0.9427845651385025,0.9622816223223656,0.7558912843098387,0.9261904693128872,0.7331254057405046,0.8554916762561355,7.1509094444444425,138,0.010688560142514136,40,5.593694104331875,137,128,0.9343065693430657,0.03471276041666671,0.00010000000000021103,0.13343333333333307,7915,0.4515476942514213,0.6178142766898295,0.9399873657612129,0.016809935003599733,0.023190780914998037,2212,0.7138336347197106,0.7160940325497287,0.7210669077757685,0.00046345446527312577,0.03468060183237013,0.5537190082644629,12,360,181406,13.591666666666667,14,28656545,0.3145798999903491,0.3145798999903491,0.3145798999903491
typed,29,validation,leave_BUS2_out,7,"[5, 6, 10, 19, 22, 29, 39]",True,0.9837059492231907,0.9420587879520987,0.9624320316361838,0.7332395194169872,0.9100432294613752,0.7071677796445991,0.8134486773800733,7.1509094444444425,129,0.009991480133219734,34,4.754639988682094,137,128,0.9343065693430657,0.033671875000000046,0.00010000000000021103,0.16676666666666629,7915,0.4972836386607707,0.6188250157927985,0.9409981048641819,0.015731624314397324,0.022068625721496017,2212,0.6998191681735986,0.7043399638336347,0.7138336347197106,0.0008452438449755523,0.03584045255838334,0.6363636363636364,12,360,183520,13.641666666666667,14,29084181,0.3290696000040043,0.3290696000040043,0.3290696000040043
typed,29,test,leave_BUS2_out,7,"[5, 6, 10, 19, 22, 29, 39]",True,0.9825250094972775,0.9385508648844805,0.9600346448898788,0.740243216057072,0.9219355492605814,0.7152526306904262,0.8466915426833183,7.1509094444444425,138,0.010688560142514136,26,3.6359011678157187,137,128,0.9343065693430657,0.03418958333333337,0.00010000000000021103,0.13343333333333307,7915,0.45293746051800376,0.6224889450410612,0.9407454200884396,0.01675541245741041,0.023058888920498052,2212,0.6980108499095841,0.701627486437613,0.7056962025316456,0.0003896449839667881,0.036514062590682454,0.5289256198347108,12,360,183520,13.641666666666667,14,29084181,0.32859440000902396,0.32859440000902396,0.32859440000902396
typed,47,validation,leave_BUS2_out,7,"[5, 6, 10, 19, 22, 29, 39]",True,0.9733698357391737,0.9461715253417201,0.9595779917806538,0.7310171188594587,0.90840365215502,0.7071164826806515,0.8173200130422978,7.1509094444444425,214,0.016575013554333513,38,5.314009399115281,137,128,0.9343065693430657,0.028984375000000062,0.00010000000000021103,0.13343333333333307,7915,0.4957675300063171,0.6188250157927985,0.9464308275426405,0.015911125790694595,0.021655018817338303,2212,0.7034358047016275,0.7088607594936709,0.7160940325497287,0.000781188612871729,0.03551815953936722,0.6363636363636364,12,360,185230,13.647222222222222,14,28973436,0.315337099993485,0.315337099993485,0.315337099993485
typed,47,test,leave_BUS2_out,7,"[5, 6, 10, 19, 22, 29, 39]",True,0.9745604190048635,0.9453247852909157,0.9597200049121946,0.7577898226556649,0.9246942007347012,0.7375022920839015,0.8583241990388685,7.1509094444444425,204,0.015800480210673068,38,5.314009399115281,137,128,0.9343065693430657,0.029762500000000053,0.00010000000000021103,0.13343333333333307,7915,0.4722678458622868,0.6208464939987366,0.9437776373973468,0.016597338744180595,0.02258713652515983,2212,0.7147377938517179,0.7174502712477396,0.722875226039783,0.00046724943809231556,0.0344615159678539,0.5702479338842975,12,360,185230,13.647222222222222,14,28973436,0.3049763000017265,0.3049763000017265,0.3049763000017265
typed,11,validation,leave_BUS5_out,7,"[2, 6, 10, 19, 22, 29, 39]",True,0.9858066151311621,0.9409701221724931,0.9628666914222057,0.740483711113669,0.9129603840592944,0.7149465702270505,0.8194219616886295,7.1509094444444425,112,0.008674773448996979,31,4.3351129308572025,137,128,0.9343065693430657,0.03315885416666673,0.00010000000000021103,0.16676666666666629,7915,0.4915982312065698,0.6284270372710045,0.9315224257738471,0.016369860490946495,0.023680876744952548,2212,0.7237793851717902,0.7310126582278481,0.7337251356238698,0.000630918581870753,0.033250670369577885,0.6446280991735537,12,360,179648,13.636111111111111,14,28490147,0.32577630000014324,0.32577630000014324,0.32577630000014324
typed,11,test,leave_BUS5_out,7,"[2, 6, 10, 19, 22, 29, 39]",True,0.9864109728219457,0.9395185677996855,0.9623939037234372,0.7567433888432626,0.926278192310278,0.7340694364036638,0.8536468214423439,7.1509094444444425,107,0.008287506777166756,25,3.4960588152074217,137,128,0.9343065693430657,0.03445781250000005,0.00010000000000021103,0.15509999999999938,7915,0.4843967150979154,0.6341124447252053,0.931396083385976,0.016697856584733595,0.023999859981949992,2212,0.7138336347197106,0.720614828209765,0.7233273056057866,0.0006359702328655507,0.034528100752278884,0.5950413223140496,12,360,179648,13.636111111111111,14,28490147,0.30574239999987185,0.30574239999987185,0.30574239999987185
typed,29,validation,leave_BUS5_out,7,"[2, 6, 10, 19, 22, 29, 39]",True,0.9793981770508178,0.948832708358534,0.96387318751536,0.7441309668753306,0.9158477326458088,0.7206765665673465,0.8292375511654103,7.1509094444444425,165,0.012779800170397336,31,4.3351129308572025,137,128,0.9343065693430657,0.028461197916666726,0.00010000000000021103,0.13343333333333307,7915,0.49943145925457993,0.631838281743525,0.9350600126342388,0.015583577792313546,0.02256796435824402,2212,0.7350813743218807,0.7427667269439421,0.7481916817359855,0.0008441162870373274,0.03163797249570792,0.6528925619834711,12,360,182494,13.566666666666666,14,28902271,0.38900649998686276,0.38900649998686276,0.38900649998686276
typed,29,test,leave_BUS5_out,7,"[2, 6, 10, 19, 22, 29, 39]",True,0.9793621013133208,0.9471392282569251,0.9629811831263068,0.7675720056493955,0.9285598821107087,0.7476662412805641,0.8627263361411247,7.1509094444444425,165,0.012779800170397336,31,4.3351129308572025,137,128,0.9343065693430657,0.028718489583333385,0.00010000000000021103,0.13343333333333307,7915,0.487934301958307,0.6342387871130765,0.9365761212886924,0.015659722335260473,0.022476219910391428,2212,0.7246835443037974,0.7296564195298373,0.7377938517179023,0.0008848000940199085,0.03293954835046365,0.6611570247933884,12,360,182494,13.566666666666666,14,28902271,0.3017422999982955,0.3017422999982955,0.3017422999982955
typed,47,validation,leave_BUS5_out,7,"[2, 6, 10, 19, 22, 29, 39]",True,0.9787446861715429,0.9468973025281239,0.962557639102367,0.7426752657486413,0.9136288850775383,0.7193238886313851,0.8251458658260411,7.1509094444444425,170,0.013167066842227558,34,4.754639988682094,137,128,0.9343065693430657,0.030284114583333386,0.00010000000000021103,0.15509999999999938,7915,0.4826279216677195,0.6210991787744788,0.938218572331017,0.01650288247394467,0.023090765566383023,2212,0.7197106690777577,0.726491862567812,0.7341772151898734,0.0009981600281955,0.03346490908996037,0.6033057851239669,12,360,176940,13.602777777777778,14,27615337,0.3299074999958975,0.3299074999958975,0.3299074999958975
typed,47,test,leave_BUS5_out,7,"[2, 6, 10, 19, 22, 29, 39]",True,0.9811865044525273,0.9462924882061208,0.9634236453201971,0.7560022453995763,0.9256595770713212,0.734175318899563,0.8539279892759671,7.1509094444444425,150,0.011618000154906669,29,4.055428225640609,137,128,0.9343065693430657,0.03184505208333338,0.00010000000000021103,0.13343333333333307,7915,0.4817435249526216,0.6319646241313961,0.9389766266582439,0.017072413136044347,0.0235447086248802,2212,0.7174502712477396,0.7188065099457505,0.7255877034358047,0.000551357872566674,0.03418981057291566,0.6198347107438017,12,360,176940,13.602777777777778,14,27615337,0.3186472999950638,0.3186472999950638,0.3186472999950638
typed,11,validation,leave_BUS6_out,7,"[2, 5, 10, 19, 22, 29, 39]",True,0.9866751269035533,0.9404862707148905,0.9630271877128879,0.7445942968726404,0.9212353894085735,0.7192683389817787,0.8400153812372291,7.1509094444444425,105,0.008132600108434668,32,4.4749552834654995,137,128,0.9343065693430657,0.03419739583333339,0.00010000000000021103,0.16676666666666629,7915,0.49235628553379657,0.6477574226152875,0.9385975994946304,0.01571438794320309,0.02231027003192452,2212,0.7789330922242315,0.7816455696202531,0.7834538878842676,0.00021158166893702843,0.02683016521672884,0.6198347107438017,12,360,182140,13.65,14,29022618,0.31271969999943394,0.31271969999943394,0.31271969999943394
typed,11,test,leave_BUS6_out,7,"[2, 5, 10, 19, 22, 29, 39]",True,0.9848812095032398,0.937704124833676,0.9607138431032346,0.7593134133054583,0.931123410834996,0.7364286741319332,0.8683666079905648,7.1509094444444425,119,0.009216946789559291,25,3.4960588152074217,137,128,0.9343065693430657,0.03523671875000005,0.00010000000000021103,0.16676666666666629,7915,0.480227416298168,0.6320909665192672,0.9367024636765635,0.015682853709901492,0.02248430844557735,2212,0.8006329113924051,0.8128390596745028,0.8150994575045208,0.000852336110811317,0.02346246292044486,0.6528925619834711,12,360,182140,13.65,14,29022618,0.30708499999309424,0.30708499999309424,0.30708499999309424
typed,29,validation,leave_BUS6_out,7,"[2, 5, 10, 19, 22, 29, 39]",True,0.9784100836141271,0.9483488569009314,0.9631449631449631,0.7476635937337428,0.9187326076029042,0.7248874200301293,0.8378771768920766,7.1509094444444425,173,0.013399426845325692,32,4.4749552834654995,137,128,0.9343065693430657,0.028979687500000052,0.00010000000000021103,0.13343333333333307,7915,0.4891977258370183,0.6363866077068857,0.948831332912192,0.016117727157847025,0.021593657235117317,2212,0.7766726943942134,0.7843580470162749,0.7870705244122965,0.00064902548494484,0.026729895105337957,0.628099173553719,12,360,184562,13.577777777777778,14,29281345,0.33609189999697264,0.33609189999697264,0.33609189999697264
typed,29,test,leave_BUS6_out,7,"[2, 5, 10, 19, 22, 29, 39]",True,0.9799724621354362,0.9470182653925245,0.9632135826771654,0.7554567181230917,0.9311744352394979,0.732461173541351,0.8688842692747084,7.1509094444444425,160,0.012392533498567114,24,3.3562164625991247,137,128,0.9343065693430657,0.029759375000000046,0.00010000000000021103,0.13343333333333307,7915,0.49463044851547694,0.6567277321541377,0.9489576753000631,0.015554894098441104,0.02104603166847584,2212,0.7893309222423146,0.8019891500904159,0.8087703435804702,0.001124707219074342,0.024456689366246044,0.628099173553719,12,360,184562,13.577777777777778,14,29281345,0.30742510000709444,0.30742510000709444,0.30742510000709444
typed,47,validation,leave_BUS6_out,7,"[2, 5, 10, 19, 22, 29, 39]",True,0.9879685916919959,0.9436313051893069,0.9652910969498236,0.7538153848031311,0.9223821390515762,0.7295819840168479,0.8402415445459364,7.1509094444444425,95,0.007358066764774224,30,4.195270578248906,137,128,0.9343065693430657,0.034195052083333385,0.00010000000000021103,0.16676666666666629,7915,0.49273531269741,0.6265319014529375,0.9404927353126974,0.015816507717475795,0.022202736330083184,2212,0.7789330922242315,0.7811934900542495,0.7870705244122965,0.0005175815366787405,0.026626439448045335,0.6446280991735537,12,360,178376,13.608333333333333,14,27640037,0.3415850000019418,0.3415850000019418,0.3415850000019418
typed,47,test,leave_BUS6_out,7,"[2, 5, 10, 19, 22, 29, 39]",True,0.9871843674660576,0.9410910850368936,0.9635868218974486,0.7592952605196799,0.9341087738641383,0.7362983659399673,0.8722428107159698,7.1509094444444425,101,0.00782278677097049,23,3.216374109990828,137,128,0.9343065693430657,0.03237135416666672,0.00010000000000021103,0.13343333333333307,7915,0.46595072646873026,0.6355022109917877,0.9413771320277953,0.017928268251112597,0.02409578730224486,2212,0.7974683544303798,0.8037974683544303,0.8074141048824593,0.0006454092159221298,0.024235172448748107,0.5785123966942148,12,360,178376,13.608333333333333,14,27640037,0.3077860000048531,0.3077860000048531,0.3077860000048531
typed,11,validation,leave_BUS10_out,7,"[2, 5, 6, 19, 22, 29, 39]",True,0.9843355229914098,0.9425426394097012,0.9629858493480813,0.7564767330513266,0.9217879996761511,0.733308627217524,0.8427041187447487,7.1509094444444425,124,0.009604213461389512,30,4.195270578248906,137,128,0.9343065693430657,0.036016406250000035,0.00010000000000021103,0.1884333333333326,7915,0.48313329121920406,0.6293114339861023,0.9339229311433986,0.015621195662008152,0.02272539125577992,2212,0.7753164556962026,0.7875226039783002,0.7902350813743219,0.0009724923530639983,0.026597896198636506,0.6446280991735537,12,360,180680,13.613888888888889,14,29202597,0.32200439998996444,0.32200439998996444,0.32200439998996444
typed,11,test,leave_BUS10_out,7,"[2, 5, 6, 19, 22, 29, 39]",True,0.9834867011218958,0.9437522680537075,0.9632098765432099,0.7545900653541698,0.9311784204188577,0.7313306644354048,0.86703182763082,7.1509094444444425,131,0.010146386801951825,31,4.3351129308572025,137,128,0.9343065693430657,0.03627838541666671,0.00010000000000021103,0.16676666666666629,7915,0.45243209096651926,0.625142135186355,0.9340492735312698,0.016711202690735588,0.02372992798112632,2212,0.7753164556962026,0.7965641952983725,0.7974683544303798,0.001313572914392935,0.025986262537243118,0.5785123966942148,12,360,180680,13.613888888888889,14,29202597,0.31867270001384895,0.31867270001384895,0.31867270001384895
typed,29,validation,leave_BUS10_out,7,"[2, 5, 6, 19, 22, 29, 39]",True,0.9838285069575028,0.9493165598161365,0.9662644668800788,0.7486495313527697,0.9216308342330534,0.7249617646746548,0.8396213263794672,7.1509094444444425,129,0.009991480133219734,35,4.894482341290391,137,128,0.9343065693430657,0.02793880208333339,0.00010000000000021103,0.13343333333333307,7915,0.48654453569172457,0.6245104232469993,0.944914718888187,0.01678443380938465,0.02264278342850965,2212,0.7762206148282098,0.7852622061482821,0.7879746835443038,0.0006874876716592349,0.02664945554229937,0.5950413223140496,12,360,182024,13.566666666666666,14,28520773,0.32778229999530595,0.32778229999530595,0.32778229999530595
typed,29,test,leave_BUS10_out,7,"[2, 5, 6, 19, 22, 29, 39]",True,0.9824319237043544,0.9470182653925245,0.96440009854644,0.7567753666554526,0.9324032542367396,0.7347759106538059,0.8696566861715868,7.1509094444444425,140,0.010843466811246224,33,4.614797636073797,137,128,0.9343065693430657,0.029239322916666716,0.00010000000000021103,0.13343333333333307,7915,0.47302590018951357,0.6325963360707517,0.9451674036639293,0.01685788376482593,0.022685332768802826,2212,0.7766726943942134,0.788878842676311,0.7915913200723327,0.0009378315006148053,0.026404777478310562,0.6115702479338843,12,360,182024,13.566666666666666,14,28520773,0.3048715000040829,0.3048715000040829,0.3048715000040829
typed,47,validation,leave_BUS10_out,7,"[2, 5, 6, 19, 22, 29, 39]",True,0.9828170073999749,0.9478650054433289,0.9650246305418719,0.7613459160391793,0.9245258289054119,0.7392023789814273,0.848702907690243,7.1509094444444425,137,0.01061110680814809,25,3.4960588152074217,137,128,0.9343065693430657,0.02846354166666673,0.00010000000000021103,0.13343333333333307,7915,0.4945041061276058,0.6381554011370815,0.940113708149084,0.015843679945306173,0.022268957929314402,2212,0.7839059674502713,0.7952079566003617,0.8015370705244123,0.001148396196302623,0.025358210563332838,0.6528925619834711,12,360,177714,13.588888888888889,14,28013139,0.2954385000048205,0.2954385000048205,0.2954385000048205
typed,47,test,leave_BUS10_out,7,"[2, 5, 6, 19, 22, 29, 39]",True,0.9806775407779172,0.9454457481553163,0.9627394223070764,0.7596559344808151,0.9330029670249423,0.7387134632219089,0.8736240386724524,7.1509094444444425,154,0.011927813492370846,28,3.9155858730323123,137,128,0.9343065693430657,0.029247135416666733,0.00010000000000021103,0.13343333333333307,7915,0.47416298168035376,0.6298168035375868,0.9406190777005685,0.01645726575368463,0.022791886691342193,2212,0.7879746835443038,0.7893309222423146,0.7979204339963833,0.0006842300738291186,0.02542902405685977,0.5950413223140496,12,360,177714,13.588888888888889,14,28013139,0.3143466999899829,0.3143466999899829,0.3143466999899829
typed,11,validation,leave_BUS19_out,7,"[2, 5, 6, 10, 22, 29, 39]",True,0.9827197595792637,0.9493165598161365,0.9657294038023749,0.754417813779227,0.9204701422675386,0.731374260067051,0.8377024926540798,7.1509094444444425,138,0.010688560142514136,29,4.055428225640609,137,128,0.9343065693430657,0.026118229166666736,0.00010000000000021103,0.13343333333333307,7915,0.47820593809222994,0.6233733417561592,0.9393556538218573,0.017072875546792456,0.02350494239993246,2212,0.777124773960217,0.7870705244122965,0.7933996383363472,0.001173929215201425,0.026371125987981952,0.5867768595041323,12,360,188140,13.597222222222221,14,30067478,0.3364385000022594,0.3364385000022594,0.3364385000022594
typed,11,test,leave_BUS19_out,7,"[2, 5, 6, 10, 22, 29, 39]",True,0.9821831869510665,0.9468973025281239,0.9642175278684486,0.7701890899578512,0.934247521681126,0.7496520358993817,0.8746723272963355,7.1509094444444425,142,0.010998373479978313,30,4.195270578248906,137,128,0.9343065693430657,0.030546875000000057,0.00010000000000021103,0.13343333333333307,7915,0.4780795957043588,0.6279216677195198,0.9370814908401769,0.017900296287441282,0.024521505568124498,2212,0.794755877034358,0.7997287522603979,0.8001808318264014,0.0003525597846610764,0.024886840444249297,0.5537190082644629,12,360,188140,13.597222222222221,14,30067478,0.33161350000591483,0.33161350000591483,0.33161350000591483
typed,29,validation,leave_BUS19_out,7,"[2, 5, 6, 10, 22, 29, 39]",True,0.9793017456359102,0.9500423370025403,0.9644501749861853,0.7567413711046477,0.9200053899034477,0.7349204961121454,0.8394976287647663,7.1509094444444425,166,0.01285725350476338,27,3.7757435204240153,137,128,0.9343065693430657,0.026375520833333395,0.00010000000000021103,0.13343333333333307,7915,0.4981680353758686,0.6355022109917877,0.9465571699305116,0.017116296790167504,0.02278223515036604,2212,0.7707956600361664,0.777124773960217,0.7852622061482821,0.0009354496266567438,0.027176306743639345,0.5950413223140496,12,360,182378,13.572222222222223,14,29387413,0.31140590000723023,0.31140590000723023,0.31140590000723023
typed,29,test,leave_BUS19_out,7,"[2, 5, 6, 10, 22, 29, 39]",True,0.9803307441743924,0.946534413934922,0.9631361929964921,0.7704694632979501,0.9337228896746714,0.750799736608804,0.8752932310551882,7.1509094444444425,157,0.01216017349546898,29,4.055428225640609,137,128,0.9343065693430657,0.030541406250000045,0.00010000000000021103,0.13343333333333307,7915,0.48945041061276057,0.6362602653190146,0.944914718888187,0.018004340796160492,0.023795491495988676,2212,0.7911392405063291,0.7956600361663653,0.8001808318264014,0.0006205819753609125,0.02510130666375143,0.5950413223140496,12,360,182378,13.572222222222223,14,29387413,0.2994985999976052,0.2994985999976052,0.2994985999976052
typed,47,validation,leave_BUS19_out,7,"[2, 5, 6, 10, 22, 29, 39]",True,0.9805,0.948832708358534,0.9644064670805926,0.7536061047230466,0.9189932468749834,0.7309017273226688,0.8363013499399269,7.1509094444444425,156,0.012082720161102935,28,3.9155858730323123,137,128,0.9343065693430657,0.026638281250000066,0.00010000000000021103,0.13343333333333307,7915,0.5008212255211624,0.6223626026531901,0.9360707517372079,0.016553677049001885,0.023367339493016566,2212,0.7956600361663653,0.8006329113924051,0.8056057866184448,0.0007290343631732616,0.024524041475532322,0.6115702479338843,12,360,181410,13.622222222222222,14,28583448,0.3151103999989573,0.3151103999989573,0.3151103999989573
typed,47,test,leave_BUS19_out,7,"[2, 5, 6, 10, 22, 29, 39]",True,0.9806128830519074,0.9483488569009314,0.9642110441520109,0.7695604927731112,0.932711506091173,0.7496568729160722,0.8715851254677921,7.1509094444444425,155,0.012005266826736891,29,4.055428225640609,137,128,0.9343065693430657,0.028460416666666724,0.00010000000000021103,0.13343333333333307,7915,0.4679722046746683,0.611623499684144,0.937207833228048,0.01816275379253305,0.02475418719682077,2212,0.794755877034358,0.8001808318264014,0.8051537070524413,0.0006641165936218882,0.02452710991856716,0.5785123966942148,12,360,181410,13.622222222222222,14,28583448,0.38310370000544935,0.38310370000544935,0.38310370000544935
typed,11,validation,leave_BUS22_out,7,"[2, 5, 6, 10, 19, 29, 39]",True,0.983939774153074,0.9485907826297326,0.9659419843567162,0.7493972482822748,0.9191545788837565,0.7254458744150777,0.8334874384358038,7.1509094444444425,128,0.009914026798853691,30,4.195270578248906,137,128,0.9343065693430657,0.028461979166666727,0.00010000000000021103,0.13343333333333307,7915,0.47176247631080226,0.6309538850284271,0.9499684144030323,0.017701009204576977,0.0229760378355517,2212,0.7671790235081374,0.7753164556962026,0.7780289330922242,0.0007377068709894871,0.027906359713940242,0.6115702479338843,12,360,186456,13.588888888888889,14,29714125,0.3348381999967387,0.3348381999967387,0.3348381999967387
typed,11,test,leave_BUS22_out,7,"[2, 5, 6, 10, 19, 29, 39]",True,0.9836949705255237,0.9487117454941333,0.9658866995073891,0.7649847854772225,0.9326333048190024,0.7433912127942326,0.868202739223737,7.1509094444444425,130,0.01006893346758578,33,4.614797636073797,137,128,0.9343065693430657,0.027421093750000066,0.00010000000000021103,0.13343333333333307,7915,0.46544535691724576,0.6219835754895767,0.9470625394819963,0.017660594760334703,0.02324414075489227,2212,0.8033453887884268,0.8074141048824593,0.8092224231464737,0.0004462876426030913,0.02385253868243425,0.6033057851239669,12,360,186456,13.588888888888889,14,29714125,0.3157251999946311,0.3157251999946311,0.3157251999946311
typed,29,validation,leave_BUS22_out,7,"[2, 5, 6, 10, 19, 29, 39]",True,0.9757583291894579,0.949437522680537,0.9624180001226167,0.7525436524810746,0.9187656979354017,0.7312937889526814,0.840018985649442,7.1509094444444425,195,0.01510340020137867,43,6.013221162156765,137,128,0.9343065693430657,0.028459635416666722,0.00010000000000021103,0.13343333333333307,7915,0.4684775742261529,0.6197094125078964,0.9490840176879343,0.017987280935060485,0.023340979215267506,2212,0.7721518987341772,0.7784810126582279,0.7839059674502713,0.0009328705354997124,0.027340016707850637,0.6033057851239669,12,360,178942,13.602777777777778,14,28658905,0.30317689999355935,0.30317689999355935,0.30317689999355935
typed,29,test,leave_BUS22_out,7,"[2, 5, 6, 10, 19, 29, 39]",True,0.9772274763563962,0.9499213741381396,0.963380972827087,0.777260470997367,0.9339059632648801,0.7591836481482594,0.8771805479250403,7.1509094444444425,183,0.014173960188986135,42,5.873378809548469,137,129,0.9416058394160584,0.026173385012919964,0.00010000000000021103,0.13343333333333307,7915,0.455085281111813,0.6073278584965256,0.9480732785849653,0.01815892473214174,0.023609987001652216,2212,0.8141952983725136,0.8164556962025317,0.8209764918625678,0.00042271943729876556,0.022391098443631092,0.5454545454545454,12,360,178942,13.602777777777778,14,28658905,0.3181042000069283,0.3181042000069283,0.3181042000069283
typed,47,validation,leave_BUS22_out,7,"[2, 5, 6, 10, 19, 29, 39]",True,0.9835365087344476,0.9466553767993227,0.9647435897435898,0.7544278594666698,0.9227977206461122,0.7308150855184742,0.8441214887233074,7.1509094444444425,131,0.010146386801951825,35,4.894482341290391,137,128,0.9343065693430657,0.02872161458333339,0.00010000000000021103,0.13343333333333307,7915,0.47492103600758057,0.6093493367024637,0.9495893872394188,0.018275058230156897,0.02356111103611097,2212,0.7834538878842676,0.788878842676311,0.7952079566003617,0.000910539768741538,0.025941132212588192,0.5867768595041323,12,360,176806,13.594444444444445,14,27821849,0.3206586000014795,0.3206586000014795,0.3206586000014795
typed,47,test,leave_BUS22_out,7,"[2, 5, 6, 10, 19, 29, 39]",True,0.9850333291409885,0.9473811539857264,0.9658404242200025,0.7719966938193742,0.9348223781370756,0.750331194856708,0.8731559154047682,7.1509094444444425,119,0.009216946789559291,30,4.195270578248906,137,128,0.9343065693430657,0.02898281250000006,0.00010000000000021103,0.13343333333333307,7915,0.4525584333543904,0.6184459886291851,0.9492103600758054,0.018118213275267504,0.023451976937943833,2212,0.8105786618444847,0.8146473779385172,0.8173598553345389,0.00041827335899750093,0.022831270034205525,0.5702479338842975,12,360,176806,13.594444444444445,14,27821849,0.32424890001129825,0.32424890001129825,0.32424890001129825
typed,11,validation,leave_BUS29_out,7,"[2, 5, 6, 10, 19, 22, 39]",True,0.974956607984131,0.9512519656465465,0.9629584277230148,0.7503702502183188,0.918145602498179,0.7286575478709549,0.838369262524267,7.1509094444444425,202,0.01564557354194098,34,4.754639988682094,137,128,0.9343065693430657,0.023771354166666737,0.00010000000000021103,0.12176666666666616,7915,0.46140240050536957,0.6194567277321541,0.9487049905243209,0.018264270396476937,0.02364361433298735,2212,0.788878842676311,0.7943037974683544,0.7970162748643761,0.0006253946823483401,0.025492846254204327,0.5785123966942148,12,360,185254,13.6,14,29994535,0.30940120000741445,0.30940120000741445,0.30940120000741445
typed,11,test,leave_BUS29_out,7,"[2, 5, 6, 10, 19, 22, 39]",True,0.9723770593335811,0.9495584855449377,0.9608323133414932,0.749869221303497,0.9291413376675836,0.729529800098306,0.8698903414298634,7.1509094444444425,223,0.017272093563627914,37,5.174167046506984,137,128,0.9343065693430657,0.026376302083333397,0.00010000000000021103,0.13343333333333307,7915,0.4461149715729627,0.6181933038534428,0.9468098547062539,0.018886809583843273,0.02443178480463415,2212,0.798372513562387,0.8028933092224232,0.8056057866184448,0.0005183029990158538,0.02435427506914512,0.5702479338842975,12,360,185254,13.6,14,29994535,0.3197832000005292,0.3197832000005292,0.3197832000005292
typed,29,validation,leave_BUS29_out,7,"[2, 5, 6, 10, 19, 22, 39]",True,0.9797348011008257,0.9473811539857264,0.9632863907508763,0.7505311340119647,0.9181069579357329,0.7274888045145431,0.8354377103944504,7.1509094444444425,162,0.012547440167299202,32,4.4749552834654995,137,128,0.9343065693430657,0.02741875000000006,0.00010000000000021103,0.13343333333333307,7915,0.463802905874921,0.6229943145925458,0.9470625394819963,0.018166234238263752,0.023723012962922105,2212,0.7640144665461122,0.7689873417721519,0.77124773960217,0.00039594262597294246,0.028472774390181282,0.5537190082644629,12,360,183312,13.597222222222221,14,29502270,0.3967084000032628,0.3967084000032628,0.3967084000032628
typed,29,test,leave_BUS29_out,7,"[2, 5, 6, 10, 19, 22, 39]",True,0.977977977977978,0.9454457481553163,0.961436742727105,0.7664153817965081,0.9308563927508599,0.7462792368330387,0.8707287960705808,7.1509094444444425,176,0.013631786848423824,26,3.6359011678157187,137,128,0.9343065693430657,0.029240104166666718,0.00010000000000021103,0.13343333333333307,7915,0.44333543903979783,0.6210991787744788,0.9450410612760581,0.01907373306486058,0.02479282864478787,2212,0.7897830018083183,0.7902350813743219,0.7938517179023508,0.00023094480039231115,0.025567400092359523,0.5702479338842975,12,360,183312,13.597222222222221,14,29502270,0.3229693000030238,0.3229693000030238,0.3229693000030238
typed,47,validation,leave_BUS29_out,7,"[2, 5, 6, 10, 19, 22, 39]",True,0.9815535198895721,0.9461715253417201,0.9635378171963538,0.7527746905251802,0.9194786579218212,0.729547914092753,0.8377529412442364,7.1509094444444425,147,0.011385640151808535,27,3.7757435204240153,137,128,0.9343065693430657,0.026900260416666735,0.00010000000000021103,0.12176666666666616,7915,0.4779532533164877,0.6207201516108655,0.9385975994946304,0.01773176469453828,0.024203775008004004,2212,0.7811934900542495,0.7875226039783002,0.7956600361663653,0.0009582040292845821,0.025923801588897993,0.628099173553719,12,360,185828,13.641666666666667,14,29421838,0.33503310001106,0.33503310001106,0.33503310001106
typed,47,test,leave_BUS29_out,7,"[2, 5, 6, 10, 19, 22, 39]",True,0.9813836477987421,0.9437522680537075,0.9622001603255843,0.7615018764468249,0.9302740460304607,0.7398516452457249,0.8667264248100385,7.1509094444444425,148,0.01146309348617458,28,3.9155858730323123,137,128,0.9343065693430657,0.03028645833333339,0.00010000000000021103,0.13343333333333307,7915,0.449273531269741,0.6165508528111181,0.9393556538218573,0.01888307128055094,0.0252053599969627,2212,0.8006329113924051,0.8028933092224232,0.8069620253164557,0.0003579029731110798,0.024058540859821148,0.5702479338842975,12,360,185828,13.641666666666667,14,29421838,0.315474400005769,0.315474400005769,0.315474400005769
typed,11,validation,leave_BUS39_out,7,"[2, 5, 6, 10, 19, 22, 29]",True,0.975540104296002,0.9504052255957421,0.9628086514306722,0.7465577521522806,0.9175432627287392,0.7237220190792355,0.8366584147783962,7.1509094444444425,197,0.015258306870110759,26,3.6359011678157187,137,128,0.9343065693430657,0.0263778645833334,0.00010000000000021103,0.13343333333333307,7915,0.4816171825647505,0.619330385344283,0.948831332912192,0.017416476313956045,0.022825951128026815,2212,0.7784810126582279,0.7848101265822784,0.7879746835443038,0.0006300605220309164,0.026604204402244144,0.628099173553719,12,360,184550,13.625,14,29317408,0.34234139999898616,0.34234139999898616,0.34234139999898616
typed,11,test,leave_BUS39_out,7,"[2, 5, 6, 10, 19, 22, 29]",True,0.9783285589737203,0.9501632998669408,0.9640402552773687,0.7450661110098855,0.9289927956256524,0.7217017406611094,0.8634356602143957,7.1509094444444425,174,0.013476880179691736,29,4.055428225640609,137,128,0.9343065693430657,0.027156770833333392,0.00010000000000021103,0.13343333333333307,7915,0.46114971572962726,0.6169298799747315,0.9519898926089703,0.018398959089927558,0.02342734660201467,2212,0.7848101265822784,0.7911392405063291,0.7929475587703436,0.0005755895912693352,0.02595181014184051,0.5867768595041323,12,360,184550,13.625,14,29317408,0.43136210000375286,0.43136210000375286,0.43136210000375286
typed,29,validation,leave_BUS39_out,7,"[2, 5, 6, 10, 19, 22, 29]",True,0.9749535027898326,0.9511310027821459,0.9628949301983836,0.7472480319809569,0.9161730992189002,0.7244655894089471,0.8333159659423974,7.1509094444444425,202,0.01564557354194098,24,3.3562164625991247,137,128,0.9343065693430657,0.02507109375000006,0.00010000000000021103,0.12176666666666616,7915,0.4890713834491472,0.6214782059380922,0.9508528111181301,0.01708801483320201,0.02229992495873218,2212,0.7811934900542495,0.786618444846293,0.7897830018083183,0.0005672033150581925,0.026333032969060564,0.6363636363636364,12,360,184378,13.569444444444445,14,29347254,0.33222729999397416,0.33222729999397416,0.33222729999397416
typed,29,test,leave_BUS39_out,7,"[2, 5, 6, 10, 19, 22, 29]",True,0.9770157783575599,0.9512519656465465,0.9639617553321893,0.7591061061783869,0.9290594509830105,0.7376819535176171,0.8643618393519943,7.1509094444444425,185,0.014328866857718225,33,4.614797636073797,137,128,0.9343065693430657,0.026112760416666724,0.00010000000000021103,0.13343333333333307,7915,0.4739102969046115,0.6275426405559065,0.9483259633607075,0.017069335284876738,0.02255017518894706,2212,0.7852622061482821,0.7879746835443038,0.7938517179023508,0.0006159016845214085,0.02587299877614374,0.6115702479338843,12,360,184378,13.569444444444445,14,29347254,0.34304310000152327,0.34304310000152327,0.34304310000152327
typed,47,validation,leave_BUS39_out,7,"[2, 5, 6, 10, 19, 22, 29]",True,0.9750434566674944,0.9499213741381396,0.9623184853869248,0.7530301212683781,0.9173217534162903,0.7308372249791439,0.8368082742033263,7.1509094444444425,201,0.015568120207574936,26,3.6359011678157187,137,128,0.9343065693430657,0.02351015625000007,0.00010000000000021103,0.10009999999999986,7915,0.501452937460518,0.6275426405559065,0.9475679090334808,0.01717425939844092,0.022730001431219383,2212,0.7839059674502713,0.7884267631103075,0.7933996383363472,0.0006458993878910536,0.0259521873139631,0.6694214876033058,12,360,178954,13.605555555555556,14,28072577,0.3089888999966206,0.3089888999966206,0.3089888999966206
typed,47,test,leave_BUS39_out,7,"[2, 5, 6, 10, 19, 22, 29]",True,0.977589641434263,0.9498004112737389,0.9634946929259464,0.7587715138098164,0.9303761051983463,0.737207999208413,0.8678564530815119,7.1509094444444425,180,0.013941600185888003,30,4.195270578248906,137,128,0.9343065693430657,0.024810677083333395,0.00010000000000021103,0.13343333333333307,7915,0.4674668351231838,0.6140240050536955,0.9445356917245736,0.01700763070972788,0.02289391061225184,2212,0.7933996383363472,0.7956600361663653,0.7988245931283906,0.00031073320066056336,0.02501995060722342,0.6198347107438017,12,360,178954,13.605555555555556,14,28072577,0.3159862000029534,0.3159862000029534,0.3159862000029534
typed,11,validation,fixed_6_00,6,"[2, 5, 6, 10, 19, 29]",True,0.9815981850264683,0.9420587879520987,0.9614221344361459,0.7308512734437311,0.9124980939067454,0.7046823047529627,0.8217243940380439,7.1509094444444425,146,0.011308186817442492,20,2.7968470521659374,137,127,0.927007299270073,0.029218110236220545,0.00010000000000021103,0.13343333333333307,7915,0.46102337334175614,0.6042956411876185,0.9476942514213519,0.018336589731011037,0.023818147875449284,2212,0.7061482820976492,0.7088607594936709,0.7115732368896925,0.00043741295249148557,0.03582667445966783,0.628099173553719,12,360,193088,13.675,14,30925890,0.4327899000054458,0.4327899000054458,0.4327899000054458
typed,11,test,fixed_6_00,6,"[2, 5, 6, 10, 19, 29]",True,0.9838056680161943,0.9406072335792911,0.9617216003957703,0.7301702856701614,0.9223795434515214,0.7037524779123658,0.8456129743342299,7.1509094444444425,128,0.009914026798853691,19,2.6570046995576404,137,127,0.927007299270073,0.03131627296587933,0.00010000000000021103,0.13343333333333307,7915,0.4169298799747315,0.5920404295641187,0.9470625394819963,0.01899130093344165,0.024504402722499305,2212,0.7255877034358047,0.7278481012658228,0.7305605786618445,0.00029186123777062646,0.03339063951395022,0.48760330578512395,12,360,193088,13.675,14,30925890,0.31454520000261255,0.31454520000261255,0.31454520000261255
typed,29,validation,fixed_6_00,6,"[2, 5, 6, 10, 19, 29]",True,0.9797941767068273,0.9443570823757107,0.961749307052664,0.7082755353602231,0.9055046823227121,0.6795405042400215,0.8044702041938269,7.1509094444444425,161,0.012469986832933157,26,3.6359011678157187,137,127,0.927007299270073,0.028167454068241546,0.00010000000000021103,0.13343333333333307,7915,0.4626658243840809,0.602905874921036,0.9456727732154138,0.019062298247539286,0.024716278318576663,2212,0.6993670886075949,0.705244122965642,0.7079566003616636,0.0007463726067407871,0.03648915698152686,0.5537190082644629,12,360,189154,13.605555555555556,14,30173125,0.3205302999995183,0.3205302999995183,0.3205302999995183
typed,29,test,fixed_6_00,6,"[2, 5, 6, 10, 19, 29]",True,0.982526712759271,0.9454457481553163,0.9636296387621748,0.7293704057894446,0.9216557726982879,0.7029315616872571,0.8427272303524425,7.1509094444444425,139,0.010766013476880179,23,3.216374109990828,137,127,0.927007299270073,0.027377690288713986,0.00010000000000021103,0.13343333333333307,7915,0.42691092861655083,0.5771320277953254,0.9475679090334808,0.018621297313190857,0.02410116812239115,2212,0.7197106690777577,0.7269439421338155,0.7310126582278481,0.0007263886752714697,0.03365274970823116,0.5371900826446281,12,360,189154,13.605555555555556,14,30173125,0.3367017999989912,0.3367017999989912,0.3367017999989912
typed,47,validation,fixed_6_00,6,"[2, 5, 6, 10, 19, 29]",True,0.9788326653306614,0.9453247852909157,0.9617869669558796,0.7282495377425232,0.9105166570417443,0.702062469095348,0.8177897596009361,7.1509094444444425,169,0.013089613507861513,28,3.9155858730323123,137,127,0.927007299270073,0.02973753280839901,0.00010000000000021103,0.13343333333333307,7915,0.47353126974099813,0.613518635502211,0.9531269740998105,0.018369605467088313,0.023280275483854865,2212,0.7084086799276673,0.7106690777576854,0.7147377938517179,0.00047685715286384687,0.035466583286957884,0.6115702479338843,12,360,183272,13.669444444444444,14,29131549,0.33670010000059847,0.33670010000059847,0.33670010000059847
typed,47,test,fixed_6_00,6,"[2, 5, 6, 10, 19, 29]",True,0.9799121155053359,0.9441151566469094,0.9616806308526368,0.7243573466387255,0.9202028043521403,0.6981260012265227,0.8421360236868205,7.1509094444444425,160,0.012392533498567114,26,3.6359011678157187,137,127,0.927007299270073,0.029736745406824205,0.00010000000000021103,0.13343333333333307,7915,0.4127605811749842,0.5901452937460518,0.9540113708149084,0.01972147219238891,0.024477317560358206,2212,0.7246835443037974,0.7273960216998192,0.7292043399638336,0.0003658861005093011,0.03361122335376298,0.5454545454545454,12,360,183272,13.669444444444444,14,29131549,0.3981098999938695,0.3981098999938695,0.3981098999938695
typed,11,validation,fixed_6_01,6,"[2, 5, 6, 10, 19, 22]",True,0.9775336994508238,0.9473811539857264,0.9622212666625715,0.7283101706289413,0.9114034462968355,0.7025007080681942,0.8203719898512795,7.1509094444444425,180,0.013941600185888003,27,3.7757435204240153,137,127,0.927007299270073,0.024483464566929205,0.00010000000000021103,0.10009999999999986,7915,0.4372710044219836,0.5936828806064435,0.9523689197725838,0.019823060877145752,0.024743919086605812,2212,0.7011754068716094,0.7034358047016275,0.7084086799276673,0.00046725952244844256,0.03623610146235571,0.5867768595041323,12,360,191582,13.616666666666667,14,31139400,0.3356469999998808,0.3356469999998808,0.3356469999998808
typed,11,test,fixed_6_01,6,"[2, 5, 6, 10, 19, 22]",True,0.9769913717644116,0.9450828595621145,0.9607722577471717,0.7241480857676412,0.9199912268840267,0.6983338472407787,0.8440068021949229,7.1509094444444425,184,0.01425141352335218,31,4.3351129308572025,137,127,0.927007299270073,0.025797375328084057,0.00010000000000021103,0.13343333333333307,7915,0.4198357548957675,0.6082122552116235,0.9514845230574858,0.02049406884721788,0.025473741505047214,2212,0.6975587703435805,0.7020795660036167,0.7093128390596745,0.0009285728734231822,0.03645240580723357,0.5041322314049587,12,360,191582,13.616666666666667,14,31139400,0.32684989999688696,0.32684989999688696,0.32684989999688696
typed,29,validation,fixed_6_01,6,"[2, 5, 6, 10, 19, 22]",True,0.9801507537688442,0.9437522680537075,0.9616071978800764,0.715296373025717,0.9089488440788482,0.6874326519714586,0.8132250411116829,7.1509094444444425,158,0.012237626829835025,24,3.3562164625991247,137,127,0.927007299270073,0.028422047244094546,0.00010000000000021103,0.13343333333333307,7915,0.44902084649399876,0.6032849020846494,0.9513581806696146,0.01948597370711215,0.024527649844160778,2212,0.7025316455696202,0.7056962025316456,0.7079566003616636,0.0004106639569929157,0.036251489827139355,0.6033057851239669,12,360,186272,13.713888888888889,14,29926289,0.3396690000081435,0.3396690000081435,0.3396690000081435
typed,29,test,fixed_6_01,6,"[2, 5, 6, 10, 19, 22]",True,0.9809679858835392,0.9414539736300955,0.9608048885871242,0.7291369404832599,0.9219244760631841,0.7030903926959521,0.846785487422268,7.1509094444444425,151,0.011695453489272712,23,3.216374109990828,137,127,0.927007299270073,0.03025774278215228,0.00010000000000021103,0.15676666666666594,7915,0.3978521794061908,0.6027795325331649,0.9502210991787745,0.021265037784171385,0.026336011431216166,2212,0.711121157323689,0.713381555153707,0.7151898734177216,0.00041032672738105337,0.03536355017037193,0.5454545454545454,12,360,186272,13.713888888888889,14,29926289,0.3360548999917228,0.3360548999917228,0.3360548999917228
typed,47,validation,fixed_6_01,6,"[2, 5, 6, 10, 19, 22]",True,0.977264209868832,0.9462924882061208,0.9615290068829891,0.7266411173378873,0.9102920094416307,0.7006847444342468,0.8183013142168092,7.1509094444444425,182,0.014096506854620092,27,3.7757435204240153,137,127,0.927007299270073,0.027108136482939693,0.00010000000000021103,0.13343333333333307,7915,0.45483259633607076,0.6179406190777006,0.9489576753000631,0.019191043820921613,0.02449658385616391,2212,0.7029837251356239,0.711121157323689,0.7147377938517179,0.0007700669171076552,0.03567615138698929,0.5867768595041323,12,360,185812,13.7,14,29786204,0.4239471000037156,0.4239471000037156,0.4239471000037156
typed,47,test,fixed_6_01,6,"[2, 5, 6, 10, 19, 22]",True,0.9771164186569964,0.945203822426515,0.9608952287260206,0.7473744998820492,0.9231032353914481,0.7243945856581304,0.8517882495036211,7.1509094444444425,183,0.014173960188986135,20,2.7968470521659374,137,127,0.927007299270073,0.028943832020997425,0.00010000000000021103,0.13343333333333307,7915,0.4127605811749842,0.6046746683512318,0.9485786481364498,0.02071284848703644,0.02597953284359399,2212,0.7056962025316456,0.7106690777576854,0.7129294755877035,0.0006229520084160292,0.03579254353573872,0.512396694214876,12,360,185812,13.7,14,29786204,0.3365140999958385,0.3365140999958385,0.3365140999958385
typed,11,validation,fixed_6_02,6,"[2, 5, 10, 19, 22, 29]",True,0.97980431510286,0.9448409338333131,0.9620050495720179,0.7233487387943203,0.9106733679686023,0.6969868700264519,0.8175068700549513,7.1509094444444425,161,0.012469986832933157,31,4.3351129308572025,137,127,0.927007299270073,0.027903412073490886,0.00010000000000021103,0.13343333333333307,7915,0.48717624763108025,0.6229943145925458,0.9512318382817435,0.017183787969010794,0.022350832735134246,2212,0.7029837251356239,0.7088607594936709,0.7115732368896925,0.0005863363129979591,0.0359326443373519,0.6198347107438017,12,360,185474,13.683333333333334,14,29571536,0.33119550000992604,0.33119550000992604,0.33119550000992604
typed,11,test,fixed_6_02,6,"[2, 5, 10, 19, 22, 29]",True,0.9817633002138095,0.94423611951131,0.9626341102478727,0.7242315622324678,0.9192100871236143,0.6973260664516979,0.8377850001401224,7.1509094444444425,145,0.011230733483076447,24,3.3562164625991247,137,128,0.9343065693430657,0.029504427083333392,0.00010000000000021103,0.13343333333333307,7915,0.4443461781427669,0.6104864181933038,0.9498420720151611,0.01828019197325373,0.02353949077599825,2212,0.7151898734177216,0.722875226039783,0.7273960216998192,0.0008447161646239841,0.03418152802847697,0.5702479338842975,12,360,185474,13.683333333333334,14,29571536,0.33301569998729974,0.33301569998729974,0.33301569998729974
typed,29,validation,fixed_6_02,6,"[2, 5, 10, 19, 22, 29]",True,0.9804682609240015,0.9472601911213258,0.9635781961363357,0.7194376840565387,0.9107449908203697,0.6919020768459176,0.8158602530172563,7.1509094444444425,156,0.012082720161102935,21,2.9366894047742345,137,127,0.927007299270073,0.026058267716535497,0.00010000000000021103,0.13343333333333307,7915,0.4832596336070752,0.6255211623499685,0.9545167403663929,0.016773298711795653,0.021610974582617036,2212,0.7002712477396021,0.705244122965642,0.7075045207956601,0.00040212393499144576,0.03630092887756337,0.6033057851239669,12,360,190866,13.697222222222223,14,30298938,0.3428270000003977,0.3428270000003977,0.3428270000003977
typed,29,test,fixed_6_02,6,"[2, 5, 10, 19, 22, 29]",True,0.9827889447236181,0.9462924882061208,0.964195476674678,0.7126769280022273,0.9208465431480615,0.6839516649143971,0.8400302410228575,7.1509094444444425,137,0.01061110680814809,21,2.9366894047742345,137,127,0.927007299270073,0.02789711286089245,0.00010000000000021103,0.12343333333333273,7915,0.4496525584333544,0.6157927984838913,0.9519898926089703,0.017982796327021017,0.02303116385804742,2212,0.7179023508137432,0.7197106690777577,0.722875226039783,0.0003153867495207861,0.03435173819252576,0.5785123966942148,12,360,190866,13.697222222222223,14,30298938,0.4124368999910075,0.4124368999910075,0.4124368999910075
typed,47,validation,fixed_6_02,6,"[2, 5, 10, 19, 22, 29]",True,0.9784542152073156,0.9448409338333131,0.9613538461538461,0.7251169953082927,0.9101883138153528,0.6987708286323346,0.8175533022571418,7.1509094444444425,172,0.013321973510959647,26,3.6359011678157187,137,127,0.927007299270073,0.02947664041994757,0.00010000000000021103,0.13343333333333307,7915,0.48894504106127606,0.6310802274162982,0.9518635502210991,0.016908413780437895,0.022021783450674456,2212,0.6952983725135624,0.7020795660036167,0.705244122965642,0.0004168479657369393,0.03658873799054895,0.6115702479338843,12,360,181664,13.713888888888889,14,28370910,0.32781199998862576,0.32781199998862576,0.32781199998862576
typed,47,test,fixed_6_02,6,"[2, 5, 10, 19, 22, 29]",True,0.9798640825572615,0.9418168622232974,0.9604638253253562,0.7233005101857092,0.918885475128523,0.6964293993764319,0.8398924930230455,7.1509094444444425,160,0.012392533498567114,21,2.9366894047742345,137,127,0.927007299270073,0.030261679790026304,0.00010000000000021103,0.13343333333333307,7915,0.42943777637397346,0.6051800379027164,0.9494630448515476,0.018768960328508475,0.024043301078916928,2212,0.7224231464737794,0.7278481012658228,0.7292043399638336,0.00036209889841581466,0.03360846170956009,0.5867768595041323,12,360,181664,13.713888888888889,14,28370910,0.30723929998930544,0.30723929998930544,0.30723929998930544
typed,11,validation,fixed_6_03,6,"[2, 5, 10, 22, 29, 39]",True,0.9873257287705957,0.9423007136809,0.9642879247385034,0.7288280560488005,0.9142566263733644,0.7016080020924983,0.8206053842554756,7.1509094444444425,100,0.007745333436604446,31,4.3351129308572025,137,127,0.927007299270073,0.0339385826771654,0.00010000000000021103,0.16676666666666629,7915,0.4825015792798484,0.6176879343019583,0.9402400505369551,0.01762601711906534,0.02393122728485879,2212,0.6984629294755877,0.7093128390596745,0.7120253164556962,0.0004365260729762015,0.03577057391707682,0.6198347107438017,12,360,184546,13.666666666666666,14,29083087,0.33202519999758806,0.33202519999758806,0.33202519999758806
typed,11,test,fixed_6_03,6,"[2, 5, 10, 22, 29, 39]",True,0.9874492900608519,0.9421797508164993,0.9642835035592696,0.7419958516589349,0.9250622192414856,0.7173330825330095,0.8482927786566733,7.1509094444444425,99,0.007667880102238401,36,5.034324693898688,137,127,0.927007299270073,0.031574803149606354,0.00010000000000021103,0.13343333333333307,7915,0.4726468730259002,0.6262792166771952,0.9427668982943778,0.01809044906705483,0.024102473270927585,2212,0.7215189873417721,0.7260397830018083,0.7292043399638336,0.0005512848510157588,0.03374641692725616,0.6033057851239669,12,360,184546,13.666666666666666,14,29083087,0.33410220000951085,0.33410220000951085,0.33410220000951085
typed,29,validation,fixed_6_03,6,"[2, 5, 10, 22, 29, 39]",True,0.9875539751079502,0.9406072335792911,0.963509076265411,0.7257102883295705,0.9131303247880848,0.6981495733415353,0.8183612378630011,7.1509094444444425,98,0.007590426767872357,28,3.9155858730323123,137,127,0.927007299270073,0.035778215223097154,0.00010000000000021103,0.13343333333333307,7915,0.4825015792798484,0.6342387871130765,0.9447883765003159,0.017471147705044463,0.023305019316805533,2212,0.6989150090415913,0.7043399638336347,0.7066003616636528,0.0005556675132660862,0.03652039285623774,0.5950413223140496,12,360,184324,13.713888888888889,14,29509967,0.3165004000038607,0.3165004000038607,0.3165004000038607
typed,29,test,fixed_6_03,6,"[2, 5, 10, 22, 29, 39]",True,0.9863065804488399,0.9409701221724931,0.9631051132846354,0.7448757221929261,0.928239784607954,0.7203880457727128,0.8580866341306481,7.1509094444444425,108,0.008364960111532802,28,3.9155858730323123,137,127,0.927007299270073,0.0339385826771654,0.00010000000000021103,0.13343333333333307,7915,0.4809854706253948,0.6403032217308907,0.9463044851547694,0.01785725248403772,0.02351019415344399,2212,0.7201627486437613,0.7246835443037974,0.7260397830018083,0.0004301973265104313,0.03404642564659515,0.628099173553719,12,360,184324,13.713888888888889,14,29509967,0.310634299996309,0.310634299996309,0.310634299996309
typed,47,validation,fixed_6_03,6,"[2, 5, 10, 22, 29, 39]",True,0.9864333713706098,0.9410910850368936,0.9632289216293178,0.7252163683341898,0.9114914894037481,0.6976250733378344,0.8149900794459481,7.1509094444444425,107,0.008287506777166756,33,4.614797636073797,137,127,0.927007299270073,0.03499160104986882,0.00010000000000021103,0.16676666666666629,7915,0.4939987365761213,0.6277953253316487,0.9416298168035376,0.017315290162063363,0.023492004722707755,2212,0.7002712477396021,0.7056962025316456,0.7070524412296564,0.0004894459518756489,0.03641815513814163,0.628099173553719,12,360,183690,13.66388888888889,14,28972248,0.3120687999908114,0.3120687999908114,0.3120687999908114
typed,47,test,fixed_6_03,6,"[2, 5, 10, 22, 29, 39]",True,0.9876543209876543,0.9386718277488811,0.9625403125775241,0.7449882847212767,0.925147697349682,0.7201692732783807,0.8499507297612675,7.1509094444444425,97,0.0075129734335063125,37,5.174167046506984,137,127,0.927007299270073,0.035516535433070914,0.00010000000000021103,0.13343333333333307,7915,0.47643714466203413,0.6274162981680353,0.9383449147188881,0.017709520739396845,0.024209536293112018,2212,0.7201627486437613,0.7242314647377939,0.7296564195298373,0.0007142151532982343,0.0338098824854875,0.5950413223140496,12,360,183690,13.66388888888889,14,28972248,0.30520529999921564,0.30520529999921564,0.30520529999921564
typed,11,validation,fixed_6_04,6,"[2, 5, 6, 10, 22, 39]",True,0.9821585626334967,0.9455667110197169,0.9635153457414027,0.7316555242361087,0.9129561248196375,0.7061163086037486,0.8207384760910842,7.1509094444444425,142,0.010998373479978313,34,4.754639988682094,137,127,0.927007299270073,0.026057480314960694,0.00010000000000021103,0.13343333333333307,7915,0.43108022741629815,0.608717624763108,0.9444093493367025,0.019427597037407474,0.02519275781965834,2212,0.6948462929475587,0.6984629294755877,0.7011754068716094,0.0005122161860650043,0.037154913071643945,0.5206611570247934,12,360,187850,13.66388888888889,14,30434375,0.31923229999665637,0.31923229999665637,0.31923229999665637
typed,11,test,fixed_6_04,6,"[2, 5, 6, 10, 22, 39]",True,0.9798843349258235,0.9427845651385025,0.9609765119289809,0.7332647750447107,0.9206659703664943,0.7086765501253991,0.8439895934867646,7.1509094444444425,160,0.012392533498567114,32,4.4749552834654995,137,127,0.927007299270073,0.028421259842519742,0.00010000000000021103,0.13343333333333307,7915,0.4192040429564119,0.5920404295641187,0.9404927353126974,0.02125302738703238,0.027315743584685744,2212,0.701627486437613,0.7066003616636528,0.711121157323689,0.0006439194257325173,0.03602899464383729,0.5041322314049587,12,360,187850,13.66388888888889,14,30434375,0.401551400005701,0.401551400005701,0.401551400005701
typed,29,validation,fixed_6_04,6,"[2, 5, 6, 10, 22, 39]",True,0.9834637717748044,0.9424216765453006,0.9625054049045648,0.7266229779995561,0.9101165231719518,0.6997224140554181,0.8136778495877178,7.1509094444444425,131,0.010146386801951825,31,4.3351129308572025,137,127,0.927007299270073,0.030000787401574865,0.00010000000000021103,0.15676666666666594,7915,0.4414403032217309,0.5948199620972836,0.9278584965255844,0.019029714543103614,0.026540024763233496,2212,0.6975587703435805,0.7066003616636528,0.7129294755877035,0.0010352765980506224,0.036086501889198826,0.5867768595041323,12,360,183024,13.683333333333334,14,29279540,0.31603570000152104,0.31603570000152104,0.31603570000152104
typed,29,test,fixed_6_04,6,"[2, 5, 6, 10, 22, 39]",True,0.983577564426478,0.9418168622232974,0.9622443304702466,0.7434490900133952,0.9242817154531681,0.7192865549219936,0.8501711814631228,7.1509094444444425,130,0.01006893346758578,30,4.195270578248906,137,127,0.927007299270073,0.032624671916010546,0.00010000000000021103,0.13343333333333307,7915,0.3921667719519899,0.5925457991156032,0.9292482627921668,0.021818397892120624,0.028986721937560075,2212,0.6966546112115732,0.703887884267631,0.7147377938517179,0.0016062836599666684,0.03627382709696221,0.5289256198347108,12,360,183024,13.683333333333334,14,29279540,0.3179724000074202,0.3179724000074202,0.3179724000074202
typed,47,validation,fixed_6_04,6,"[2, 5, 6, 10, 22, 39]",True,0.983858764186633,0.9437522680537075,0.9633882817805767,0.7257108513592807,0.9118163853418738,0.6987297041895169,0.8170394092648146,7.1509094444444425,128,0.009914026798853691,27,3.7757435204240153,137,127,0.927007299270073,0.02921181102362211,0.00010000000000021103,0.13343333333333307,7915,0.4337334175615919,0.5962097283638661,0.9428932406822489,0.02004464608951334,0.025931800857756104,2212,0.703887884267631,0.7047920433996383,0.7115732368896925,0.000547872043776323,0.03590527419279727,0.5619834710743802,12,360,180490,13.733333333333333,14,28545553,0.3140622000064468,0.3140622000064468,0.3140622000064468
typed,47,test,fixed_6_04,6,"[2, 5, 6, 10, 22, 39]",True,0.9842759320314481,0.9389137534776824,0.9610598650405497,0.7367435504720543,0.9225107877879406,0.7117076246595522,0.8463138540569027,7.1509094444444425,124,0.009604213461389512,30,4.195270578248906,137,127,0.927007299270073,0.03367690288713916,0.00010000000000021103,0.13343333333333307,7915,0.40846493998736577,0.6012634238787113,0.9403663929248263,0.021265879216546657,0.027340701022160782,2212,0.7034358047016275,0.7061482820976492,0.7142857142857143,0.0007277209431876794,0.035701222938624266,0.5206611570247934,12,360,180490,13.733333333333333,14,28545553,0.31191730000136886,0.31191730000136886,0.31191730000136886
typed,11,validation,fixed_6_05,6,"[2, 5, 19, 22, 29, 39]",True,0.9807377565151706,0.9423007136809,0.9611351017890192,0.730942233384065,0.9114948124443818,0.7054278372074461,0.8198891705246548,7.1509094444444425,153,0.011850360158004803,33,4.614797636073797,137,127,0.927007299270073,0.030263254593175914,0.00010000000000021103,0.13343333333333307,7915,0.49121920404295644,0.6320909665192672,0.9428932406822489,0.016550392745195475,0.02263709299816745,2212,0.6912296564195298,0.7047920433996383,0.7088607594936709,0.0005441460053756757,0.03623514770413923,0.6115702479338843,12,360,178332,13.666666666666666,14,27897918,0.3378688999946462,0.3378688999946462,0.3378688999946462
typed,11,test,fixed_6_05,6,"[2, 5, 19, 22, 29, 39]",True,0.979874213836478,0.9423007136809,0.9607202318554603,0.7304073351316602,0.9197767799222971,0.7053211240910671,0.8419604723908709,7.1509094444444425,160,0.012392533498567114,32,4.4749552834654995,137,127,0.927007299270073,0.0323622047244095,0.00010000000000021103,0.16676666666666629,7915,0.4410612760581175,0.5965887555274795,0.9417561591914088,0.017927211153677233,0.024054915573462607,2212,0.7215189873417721,0.7246835443037974,0.7255877034358047,0.0003059444023535596,0.03401174157667152,0.5537190082644629,12,360,178332,13.666666666666666,14,27897918,0.3058278000098653,0.3058278000098653,0.3058278000098653
typed,29,validation,fixed_6_05,6,"[2, 5, 19, 22, 29, 39]",True,0.9819831170467431,0.9427845651385025,0.9619846951370032,0.7360589937203476,0.9159532567156984,0.7116893576431547,0.8299032360533126,7.1509094444444425,143,0.011075826814344358,38,5.314009399115281,137,127,0.927007299270073,0.0318372703412074,0.00010000000000021103,0.15676666666666594,7915,0.48806064434617813,0.6240050536955148,0.9446620341124448,0.01545789441548698,0.021416525189730466,2212,0.703887884267631,0.711121157323689,0.7160940325497287,0.0004468033590755238,0.03527870825455113,0.5950413223140496,12,360,185948,13.71111111111111,14,29484038,0.31927079999877606,0.31927079999877606,0.31927079999877606
typed,29,test,fixed_6_05,6,"[2, 5, 19, 22, 29, 39]",True,0.9813766201082169,0.9433893794605056,0.9620081411126187,0.7307864491886813,0.9244240646435299,0.7062608210266863,0.8518558882800131,7.1509094444444425,148,0.01146309348617458,34,4.754639988682094,137,127,0.927007299270073,0.03052572178477696,0.00010000000000021103,0.13343333333333307,7915,0.45824384080859126,0.6255211623499685,0.9451674036639293,0.016737730082189463,0.022571767424544663,2212,0.7084086799276673,0.7233273056057866,0.7269439421338155,0.001118045726887874,0.034435508226434895,0.5785123966942148,12,360,185948,13.71111111111111,14,29484038,0.33812139999645296,0.33812139999645296,0.33812139999645296
typed,47,validation,fixed_6_05,6,"[2, 5, 19, 22, 29, 39]",True,0.9807353311508437,0.9421797508164993,0.9610710099327534,0.7189852790621517,0.9104519509835736,0.6926023173511063,0.8172886134124289,7.1509094444444425,153,0.011850360158004803,33,4.614797636073797,137,127,0.927007299270073,0.03052572178477696,0.00010000000000021103,0.15676666666666594,7915,0.4721415034744157,0.6243840808591282,0.9365761212886924,0.0164248403923321,0.023192811212611516,2212,0.7061482820976492,0.711121157323689,0.7151898734177216,0.00046678742421655883,0.0354039302889948,0.5785123966942148,12,360,181776,13.652777777777779,14,28221882,0.3877730999956839,0.3877730999956839,0.3877730999956839
typed,47,test,fixed_6_05,6,"[2, 5, 19, 22, 29, 39]",True,0.9791194968553459,0.9415749364944962,0.9599802676203983,0.7179139244927394,0.9179444496168575,0.6916108961686152,0.8382778218501625,7.1509094444444425,166,0.01285725350476338,26,3.6359011678157187,137,127,0.927007299270073,0.03157716535433077,0.00010000000000021103,0.13343333333333307,7915,0.4476310802274163,0.62122552116235,0.9379658875552748,0.016959763468433676,0.023546248661012577,2212,0.7147377938517179,0.7292043399638336,0.7323688969258589,0.0010060003846561185,0.033691513361688345,0.5371900826446281,12,360,181776,13.652777777777779,14,28221882,0.31220939999911934,0.31220939999911934,0.31220939999911934
typed,11,validation,fixed_6_06,6,"[2, 6, 19, 22, 29, 39]",True,0.9838343015913109,0.9423007136809,0.9626197096076614,0.72014739319063,0.9083652361248903,0.6932434686832964,0.808902737457659,7.1509094444444425,128,0.009914026798853691,29,4.055428225640609,137,127,0.927007299270073,0.02921496062992133,0.00010000000000021103,0.15676666666666594,7915,0.46923562855337964,0.6098547062539482,0.9404927353126974,0.017318198036133547,0.023615065165470215,2212,0.6401446654611211,0.6518987341772152,0.6622965641952984,0.0010500067340535667,0.04227852096610244,0.5867768595041323,12,360,176226,13.669444444444444,14,27578592,0.32932220000657253,0.32932220000657253,0.32932220000657253
typed,11,test,fixed_6_06,6,"[2, 6, 19, 22, 29, 39]",True,0.9809607867860295,0.9410910850368936,0.9606124212865786,0.7297278424083422,0.9181521943715785,0.7052696071543489,0.8373103993881456,7.1509094444444425,151,0.011695453489272712,30,4.195270578248906,137,127,0.927007299270073,0.031574803149606354,0.00010000000000021103,0.13343333333333307,7915,0.45710675931775113,0.5981048641819331,0.9406190777005685,0.0171743113716516,0.023466353479183518,2212,0.6279385171790235,0.6338155515370705,0.6424050632911392,0.0009071590678545436,0.044615208216929894,0.5867768595041323,12,360,176226,13.669444444444444,14,27578592,0.3325648000027286,0.3325648000027286,0.3325648000027286
typed,29,validation,fixed_6_06,6,"[2, 6, 19, 22, 29, 39]",True,0.9833501513622603,0.9430264908673037,0.962766285890707,0.7125138110536356,0.9073162380284379,0.6840310923196242,0.8063537061089038,7.1509094444444425,132,0.010223840136317868,31,4.3351129308572025,137,128,0.9343065693430657,0.034716666666666715,0.00010000000000021103,0.15509999999999938,7915,0.46064434617814276,0.6065698041692988,0.9384712571067593,0.017664216763655507,0.024153700110042597,2212,0.641500904159132,0.6537070524412296,0.6609403254972875,0.0011658362859754716,0.04252065375022961,0.5702479338842975,12,360,186546,13.619444444444444,14,29607569,0.31752419999975245,0.31752419999975245,0.31752419999975245
typed,29,test,fixed_6_06,6,"[2, 6, 19, 22, 29, 39]",True,0.9829631499242807,0.9421797508164993,0.9621394601939349,0.7243422472545724,0.9163944171710399,0.6978807668993675,0.8303836953806256,7.1509094444444425,135,0.010456200139416002,29,4.055428225640609,137,127,0.927007299270073,0.03236456692913392,0.00010000000000021103,0.13343333333333307,7915,0.4632975363234365,0.6092229943145926,0.9355653821857233,0.017030204564578634,0.023867025084470597,2212,0.6320072332730561,0.6360759493670886,0.6433092224231465,0.0006920329924606364,0.04436630223003828,0.5702479338842975,12,360,186546,13.619444444444444,14,29607569,0.39934449999418575,0.39934449999418575,0.39934449999418575
typed,47,validation,fixed_6_06,6,"[2, 6, 19, 22, 29, 39]",True,0.9874461070251078,0.9419378250876981,0.9641552652758002,0.714373014257403,0.9070201287731657,0.6855243099990392,0.8021851005988351,7.1509094444444425,99,0.007667880102238401,30,4.195270578248906,137,127,0.927007299270073,0.03236692913385832,0.00010000000000021103,0.16676666666666629,7915,0.4566013897662666,0.6027795325331649,0.9387239418825016,0.017133440688840467,0.02362879704520332,2212,0.6270343580470162,0.6433092224231465,0.6469258589511754,0.0011080961113882056,0.04419263259337793,0.5785123966942148,12,360,184226,13.652777777777779,14,28890264,0.32631919998675585,0.32631919998675585,0.32631919998675585
typed,47,test,fixed_6_06,6,"[2, 6, 19, 22, 29, 39]",True,0.9851879984808204,0.941333010765695,0.9627613509835458,0.7211516295538346,0.9169746192665843,0.6943401779458612,0.8301295593894221,7.1509094444444425,117,0.009062040120827201,29,4.055428225640609,137,127,0.927007299270073,0.03341601049868772,0.00010000000000021103,0.15676666666666594,7915,0.468603916614024,0.6180669614655717,0.9421351863550221,0.016765757172398837,0.022920792308937822,2212,0.6320072332730561,0.6365280289330922,0.6428571428571429,0.000759938800262073,0.04446530991703123,0.6198347107438017,12,360,184226,13.652777777777779,14,28890264,0.31313809999846853,0.31313809999846853,0.31313809999846853
typed,11,validation,fixed_6_07,6,"[2, 6, 10, 22, 29, 39]",True,0.9786405327302425,0.9421797508164993,0.9600640946628868,0.7220480086213306,0.906834536642951,0.695968022703769,0.8100297422746887,7.1509094444444425,170,0.013167066842227558,22,3.076531757382531,137,127,0.927007299270073,0.03446509186351711,0.00010000000000021103,0.13343333333333307,7915,0.4554643082754264,0.5982312065698042,0.9409981048641819,0.018608389412424882,0.024775656226879376,2212,0.6374321880650995,0.6487341772151899,0.653254972875226,0.0013734409829936948,0.04359364841347213,0.5371900826446281,12,360,181388,13.694444444444445,14,29093300,0.32079979999980424,0.32079979999980424,0.32079979999980424
typed,11,test,fixed_6_07,6,"[2, 6, 10, 22, 29, 39]",True,0.9798183652875883,0.9396395306640861,0.9593084285273232,0.7351069630060434,0.9175538658024093,0.7110159802357425,0.8375462830500436,7.1509094444444425,160,0.012392533498567114,28,3.9155858730323123,137,127,0.927007299270073,0.033676115485564345,0.00010000000000021103,0.15676666666666594,7915,0.45761212886923563,0.6003790271636134,0.9402400505369551,0.01942802567056602,0.025625547896389815,2212,0.6283905967450272,0.6329113924050633,0.6374321880650995,0.0007380319302286243,0.04511522482787042,0.5702479338842975,12,360,181388,13.694444444444445,14,29093300,0.3086588000005577,0.3086588000005577,0.3086588000005577
typed,29,validation,fixed_6_07,6,"[2, 6, 10, 22, 29, 39]",True,0.9871989860583017,0.9421797508164993,0.964164139382311,0.7202854686008201,0.909681000249931,0.6920577988624917,0.8091272717552404,7.1509094444444425,101,0.00782278677097049,29,4.055428225640609,137,127,0.927007299270073,0.032368503937007936,0.00010000000000021103,0.16676666666666629,7915,0.4534428300694883,0.5997473152242577,0.945925457991156,0.018570316910456842,0.024224603065248096,2212,0.6428571428571429,0.6455696202531646,0.6518987341772152,0.0007231279888749251,0.043334847904120136,0.5289256198347108,12,360,182492,13.727777777777778,14,28976922,0.39006040000822395,0.39006040000822395,0.39006040000822395
typed,29,test,fixed_6_07,6,"[2, 6, 10, 22, 29, 39]",True,0.9879180974182882,0.9396395306640861,0.9631742095474272,0.7266625635587881,0.9198622827579137,0.7000879617072042,0.83571487217562,7.1509094444444425,95,0.007358066764774224,25,3.4960588152074217,137,127,0.927007299270073,0.033941732283464615,0.00010000000000021103,0.13343333333333307,7915,0.4505369551484523,0.5991156032849021,0.9433986102337334,0.018572005588833557,0.02449041514127767,2212,0.6292947558770343,0.6329113924050633,0.6378842676311031,0.0005488712844135894,0.04493922906962358,0.5371900826446281,12,360,182492,13.727777777777778,14,28976922,0.29455129998677876,0.29455129998677876,0.29455129998677876
typed,47,validation,fixed_6_07,6,"[2, 6, 10, 22, 29, 39]",True,0.9908069458631257,0.9386718277488811,0.9640350332318778,0.7190780287742582,0.9108114695683031,0.6904061515556461,0.8102339165767097,7.1509094444444425,72,0.005576640074355201,20,2.7968470521659374,137,127,0.927007299270073,0.041556430446194254,0.00010000000000021103,0.16676666666666629,7915,0.46948831332912194,0.6114971572962729,0.9447883765003159,0.018195416051193288,0.023989299631714044,2212,0.6478300180831826,0.6500904159132007,0.6537070524412296,0.0004764700961499316,0.04295224631613021,0.5950413223140496,12,360,183314,13.669444444444444,14,28965021,0.3025824000069406,0.3025824000069406,0.3025824000069406
typed,47,test,fixed_6_07,6,"[2, 6, 10, 22, 29, 39]",True,0.9883972969526966,0.937704124833676,0.9623836126629423,0.7360537091189758,0.92187580329008,0.7100267631745494,0.8413328335194409,7.1509094444444425,91,0.007048253427310046,20,2.7968470521659374,137,127,0.927007299270073,0.03814514435695542,0.00010000000000021103,0.19009999999999916,7915,0.44990524320909664,0.5903979785217941,0.942008843967151,0.01949369602768754,0.025503973777767572,2212,0.6342676311030742,0.6369801084990958,0.641500904159132,0.000524095400354613,0.044479985926485194,0.5537190082644629,12,360,183314,13.669444444444444,14,28965021,0.30701059999410063,0.30701059999410063,0.30701059999410063
typed,11,validation,fixed_6_08,6,"[6, 10, 19, 22, 29, 39]",True,0.9843172255514472,0.9338333131728559,0.9584109248913718,0.6971702054492828,0.898530945360315,0.666920375634021,0.7872073614692661,7.1509094444444425,123,0.009526760127023469,32,4.4749552834654995,137,127,0.927007299270073,0.04496771653543308,0.00010000000000021103,0.2000999999999995,7915,0.48414403032217307,0.604801010739103,0.9432722678458623,0.01691290662098672,0.022938643830904198,2212,0.5443037974683544,0.5628390596745028,0.569620253164557,0.001468287160114997,0.05383116673076594,0.5785123966942148,12,360,184584,13.683333333333334,14,28936286,0.3162873999972362,0.3162873999972362,0.3162873999972362
typed,11,test,fixed_6_08,6,"[6, 10, 19, 22, 29, 39]",True,0.9829255861365953,0.9331075359864521,0.9573689109525287,0.7143256239433077,0.908516930037869,0.6866472650861266,0.8144572686824402,7.1509094444444425,134,0.010378746805049957,32,4.4749552834654995,137,127,0.927007299270073,0.04365459317585303,0.00010000000000021103,0.16676666666666629,7915,0.48288060644346176,0.6209728363866077,0.9431459254579911,0.01646999142842735,0.02253433052185183,2212,0.5605786618444847,0.5673598553345389,0.5723327305605787,0.0008147240149553005,0.053127093002748406,0.6115702479338843,12,360,184584,13.683333333333334,14,28936286,0.392314599987003,0.392314599987003,0.392314599987003
typed,29,validation,fixed_6_08,6,"[6, 10, 19, 22, 29, 39]",True,0.9786319382981413,0.9362525704608685,0.956973293768546,0.6943130394413937,0.8966568130064665,0.6647055680433764,0.7867040596923629,7.1509094444444425,169,0.013089613507861513,45,6.292905867373359,137,127,0.927007299270073,0.038407611548556465,0.00010000000000021103,0.16676666666666629,7915,0.4697409981048642,0.6030322173089071,0.9350600126342388,0.017033980820797264,0.023924178232382742,2212,0.5556057866184448,0.5768535262206148,0.5877034358047016,0.0017282429002963965,0.05178382262206422,0.5702479338842975,12,360,181710,13.713888888888889,14,28830880,0.31430129999353085,0.31430129999353085,0.31430129999353085
typed,29,test,fixed_6_08,6,"[6, 10, 19, 22, 29, 39]",True,0.9805689611379222,0.9339542760372566,0.9566941329533486,0.7063123897792519,0.9049845216173689,0.6783311837782866,0.8072360862560914,7.1509094444444425,153,0.011850360158004803,51,7.13195998302314,137,127,0.927007299270073,0.03840524934383205,0.00010000000000021103,0.15676666666666594,7915,0.4574857864813645,0.6039166140240051,0.9300063171193935,0.016775395248825303,0.024219894150130202,2212,0.5646473779385172,0.5736889692585895,0.5827305605786618,0.0011400101989482827,0.05204478199514667,0.5785123966942148,12,360,181710,13.713888888888889,14,28830880,0.3019154000066919,0.3019154000066919,0.3019154000066919
typed,47,validation,fixed_6_08,6,"[6, 10, 19, 22, 29, 39]",True,0.978299268231138,0.9379460505624774,0.9576977706416353,0.7013113769109293,0.8974144287518285,0.6728788783989322,0.7881808261939219,7.1509094444444425,172,0.013321973510959647,38,5.314009399115281,137,127,0.927007299270073,0.03892860892388455,0.00010000000000021103,0.16676666666666629,7915,0.4775742261528743,0.6075805432722678,0.9404927353126974,0.016277058123850562,0.022635880641523966,2212,0.5506329113924051,0.5750452079566004,0.5849909584086799,0.0021459264328087236,0.05235747673654544,0.5950413223140496,12,360,183846,13.680555555555555,14,29110325,0.3156001000024844,0.3156001000024844,0.3156001000024844
typed,47,test,fixed_6_08,6,"[6, 10, 19, 22, 29, 39]",True,0.9806231003039514,0.9366154590540704,0.9581142114706428,0.7164208817910381,0.9078494451155072,0.6899302423357896,0.8133169008683366,7.1509094444444425,153,0.011850360158004803,40,5.593694104331875,137,127,0.927007299270073,0.03813727034120736,0.00010000000000021103,0.16676666666666629,7915,0.4790903348073279,0.6137713202779532,0.9393556538218573,0.0162229939526463,0.022706601319392134,2212,0.560126582278481,0.5705244122965641,0.575497287522604,0.000893946897152402,0.05278559614544781,0.5950413223140496,12,360,183846,13.680555555555555,14,29110325,0.3065521999960765,0.3065521999960765,0.3065521999960765
typed,11,validation,fixed_6_09,6,"[2, 5, 10, 19, 29, 39]",True,0.9839118317709653,0.9395185677996855,0.9612028958604046,0.7215997330382764,0.9111055768591684,0.6942304971300859,0.8171409502522139,7.1509094444444425,127,0.009836573464487646,35,4.894482341290391,137,127,0.927007299270073,0.035779790026246774,0.00010000000000021103,0.15676666666666594,7915,0.48363866077068857,0.6234996841440303,0.9480732785849653,0.017836564224054052,0.023304365617863206,2212,0.6912296564195298,0.6984629294755877,0.7007233273056058,0.00023654934123208367,0.037017182127814886,0.5785123966942148,12,360,181560,13.688888888888888,14,28859023,0.38998690000153147,0.38998690000153147,0.38998690000153147
typed,11,test,fixed_6_09,6,"[2, 5, 10, 19, 29, 39]",True,0.9844264370726766,0.9404862707148905,0.9619548407052273,0.724623844325202,0.920351790304095,0.6976998696226497,0.8399098666599006,7.1509094444444425,123,0.009526760127023469,24,3.3562164625991247,137,127,0.927007299270073,0.03157952755905518,0.00010000000000021103,0.13343333333333307,7915,0.4452305748578648,0.6003790271636134,0.9474415666456096,0.018504058136697005,0.024003295361315544,2212,0.734629294755877,0.7382459312839059,0.740506329113924,0.0002600559081423796,0.03214532048271204,0.5619834710743802,12,360,181560,13.688888888888888,14,28859023,0.30476340001041535,0.30476340001041535,0.30476340001041535
typed,29,validation,fixed_6_09,6,"[2, 5, 10, 19, 29, 39]",True,0.9826823410441158,0.9403653078504899,0.9610582272221535,0.7335792615447816,0.9154072092087487,0.7083807226510426,0.8289384720794879,7.1509094444444425,137,0.01061110680814809,33,4.614797636073797,137,127,0.927007299270073,0.030267191601049938,0.00010000000000021103,0.13343333333333307,7915,0.4602653190145294,0.6118761844598863,0.9527479469361971,0.017319004977499733,0.02231902694631765,2212,0.6948462929475587,0.7002712477396021,0.701627486437613,0.0004133491550494891,0.03703011000027088,0.5454545454545454,12,360,185364,13.708333333333334,14,29417562,0.31444449999253266,0.31444449999253266,0.31444449999253266
typed,29,test,fixed_6_09,6,"[2, 5, 10, 19, 29, 39]",True,0.9851654621529099,0.9398814563928873,0.9619908381824935,0.7304747270000937,0.9230731830684751,0.7042587527764532,0.8464380576150224,7.1509094444444425,117,0.009062040120827201,37,5.174167046506984,137,127,0.927007299270073,0.03157716535433077,0.00010000000000021103,0.15676666666666594,7915,0.44990524320909664,0.6101073910296905,0.951737207833228,0.01811809372165524,0.023186501778070166,2212,0.7386980108499096,0.7414104882459313,0.7432188065099458,0.0002771455770533349,0.03182472639752903,0.5867768595041323,12,360,185364,13.708333333333334,14,29417562,0.32463660000939853,0.32463660000939853,0.32463660000939853
typed,47,validation,fixed_6_09,6,"[2, 5, 10, 19, 29, 39]",True,0.985904761904762,0.9391556792064836,0.9619625820840044,0.7242531090874204,0.912825816220004,0.6971012139705985,0.8198009908616043,7.1509094444444425,111,0.008597320114630935,29,4.055428225640609,137,127,0.927007299270073,0.033155905511811086,0.00010000000000021103,0.15676666666666594,7915,0.47706885660138976,0.6284270372710045,0.9495893872394188,0.017699019764101112,0.02301411102210272,2212,0.7034358047016275,0.7066003616636528,0.7093128390596745,0.0002661738372495504,0.035982557666294865,0.6033057851239669,12,360,182916,13.71111111111111,14,28312842,0.3175946999981534,0.3175946999981534,0.3175946999981534
typed,47,test,fixed_6_09,6,"[2, 5, 10, 19, 29, 39]",True,0.9861569723139446,0.9392766420708842,0.9621460876029986,0.72812678165658,0.9227068562501644,0.7021349449856438,0.8448161632091188,7.1509094444444425,109,0.008442413445898847,27,3.7757435204240153,137,127,0.927007299270073,0.035517322834645725,0.00010000000000021103,0.13343333333333307,7915,0.4399241945672773,0.6155401137081491,0.9490840176879343,0.018130498017690226,0.023476904259451287,2212,0.7414104882459313,0.7450271247739603,0.7463833634719711,0.0003539384447141851,0.03149325270768134,0.5537190082644629,12,360,182916,13.71111111111111,14,28312842,0.40467059999355115,0.40467059999355115,0.40467059999355115
typed,11,validation,fixed_4_00,4,"[2, 5, 29, 39]",True,0.9820198928844682,0.9315350187492439,0.9561114904711652,0.6620312155563439,0.8912455077461396,0.6280248044746555,0.7716624203898433,7.1509094444444425,141,0.01092092014561227,34,4.754639988682094,137,125,0.9124087591240876,0.04008560000000004,0.00010000000000021103,0.16676666666666629,7915,0.3746051800379027,0.5329121920404296,0.938218572331017,0.021299601756185945,0.02759113668324009,2212,0.529385171790235,0.5370705244122965,0.544755877034358,0.0015981762319710014,0.05692709092777182,0.47107438016528924,12,360,198146,13.758333333333333,14,31695946,0.3110935000004247,0.3110935000004247,0.3110935000004247
typed,11,test,fixed_4_00,4,"[2, 5, 29, 39]",True,0.9819315434533655,0.933470424579654,0.9570879325313159,0.6698320348467496,0.9029123638539198,0.637719318280817,0.8007335331912779,7.1509094444444425,142,0.010998373479978313,39,5.453851751723578,137,125,0.9124087591240876,0.03608880000000006,0.00010000000000021103,0.16676666666666629,7915,0.3768793430195831,0.5533796588755527,0.9393556538218573,0.021262012539466083,0.027440031918634727,2212,0.5492766726943942,0.5637432188065099,0.5700723327305606,0.0015392198256407718,0.05381660045610993,0.4462809917355372,12,360,198146,13.758333333333333,14,31695946,0.3086617999942973,0.3086617999942973,0.3086617999942973
typed,29,validation,fixed_4_00,4,"[2, 5, 29, 39]",True,0.979703158695928,0.9341962017660578,0.9564086687306501,0.6625152702898398,0.890935642015478,0.6291585643440829,0.7718151402591183,7.1509094444444425,160,0.012392533498567114,48,6.712432925198249,137,125,0.9124087591240876,0.03608960000000006,0.00010000000000021103,0.16009999999999955,7915,0.3839545167403664,0.5326595072646872,0.9428932406822489,0.021493334738745092,0.027297759592969824,2212,0.5325497287522604,0.5402350813743219,0.5443037974683544,0.001068572280457884,0.05669376979037284,0.512396694214876,12,360,202230,13.722222222222221,14,32206340,0.3222990999929607,0.3222990999929607,0.3222990999929607
typed,29,test,fixed_4_00,4,"[2, 5, 29, 39]",True,0.9787503162155325,0.9360106447320673,0.9569034811104928,0.6663377223564486,0.899500085350123,0.6338153806766877,0.793723795593913,7.1509094444444425,168,0.01301216017349547,39,5.453851751723578,137,125,0.9124087591240876,0.032620533333333396,0.00010000000000021103,0.16009999999999955,7915,0.37548957675300065,0.5431459254579911,0.9455464308275426,0.021492567569870457,0.027027359593119454,2212,0.5519891500904159,0.5700723327305606,0.5745931283905967,0.001883523159095544,0.05346472521009061,0.47107438016528924,12,360,202230,13.722222222222221,14,32206340,0.3001684000046225,0.3001684000046225,0.3001684000046225
typed,47,validation,fixed_4_00,4,"[2, 5, 29, 39]",True,0.9851746809333505,0.9243982097496068,0.95381927109336,0.6668849309952298,0.8929316444432503,0.6334472959577649,0.7763452004772249,7.1509094444444425,115,0.008907133452095112,33,4.614797636073797,137,125,0.9124087591240876,0.051557866666666674,0.00010000000000021103,0.2000999999999995,7915,0.36538218572331016,0.5260897030953885,0.934301958307012,0.021219280390613902,0.027914942136543518,2212,0.5230560578661845,0.5393309222423146,0.5433996383363472,0.0012215270353083479,0.05688725280421722,0.4628099173553719,12,360,198144,13.775,14,31449890,0.3278295999916736,0.3278295999916736,0.3278295999916736
typed,47,test,fixed_4_00,4,"[2, 5, 29, 39]",True,0.9846827133479212,0.9253659126648119,0.9541032676477925,0.6697749180564814,0.8994068182828344,0.6376752163404371,0.7929363401888954,7.1509094444444425,119,0.009216946789559291,36,5.034324693898688,137,126,0.9197080291970803,0.045857671957671986,0.00010000000000021103,0.16676666666666629,7915,0.35994946304485154,0.5219204042956412,0.9303853442830069,0.02110946517573075,0.028211936120275057,2212,0.5596745027124774,0.5700723327305606,0.5723327305605787,0.0009566731687130546,0.053208335149519344,0.4214876033057851,12,360,198144,13.775,14,31449890,0.2997917000029702,0.2997917000029702,0.2997917000029702
typed,11,validation,fixed_4_01,4,"[5, 19, 22, 29]",True,0.9704955238935822,0.9310511672916415,0.9503642424990739,0.6386612277360693,0.8749332404423238,0.6034680854584689,0.7411334954851335,7.1509094444444425,234,0.018124080241654402,34,4.754639988682094,137,125,0.9124087591240876,0.038481600000000026,0.00010000000000021103,0.19343333333333276,7915,0.425142135186355,0.5595704358812381,0.9427668982943778,0.018738841416857978,0.02471375611542931,2212,0.45479204339963836,0.4588607594936709,0.4624773960216998,0.0006797273028840205,0.06650219248929017,0.5371900826446281,12,360,200970,13.780555555555555,14,31723209,0.3229109999956563,0.3229109999956563,0.3229109999956563
typed,11,test,fixed_4_01,4,"[5, 19, 22, 29]",True,0.9710163270472092,0.9280270956816258,0.9490351311232064,0.6338541107605565,0.8835746807747749,0.5979681849714453,0.7641771289641233,7.1509094444444425,229,0.01773681356982418,35,4.894482341290391,137,125,0.9124087591240876,0.04034586666666668,0.00010000000000021103,0.19343333333333276,7915,0.3949463044851548,0.5425142135186355,0.9406190777005685,0.018384439456995312,0.024604623042719077,2212,0.4665461121157324,0.46971066907775766,0.472875226039783,0.0006496250447347762,0.06521468899634995,0.4793388429752066,12,360,200970,13.780555555555555,14,31723209,0.32583129999693483,0.32583129999693483,0.32583129999693483
typed,29,validation,fixed_4_01,4,"[5, 19, 22, 29]",True,0.9718061674008811,0.9339542760372566,0.9525043177892919,0.6456502291965864,0.8756534648250499,0.6115849878275686,0.7404138637737309,7.1509094444444425,224,0.017349546897993957,34,4.754639988682094,137,125,0.9124087591240876,0.032880000000000055,0.00010000000000021103,0.13343333333333307,7915,0.4217308907138345,0.5513581806696146,0.9476942514213519,0.018212321071423423,0.023700379181126267,2212,0.45027124773960214,0.45027124773960214,0.45569620253164556,0.0005605694075187371,0.06727828543722722,0.5619834710743802,12,360,202738,13.752777777777778,14,31783021,0.39520729999640025,0.39520729999640025,0.39520729999640025
typed,29,test,fixed_4_01,4,"[5, 19, 22, 29]",True,0.9738041002277904,0.9308092415628402,0.9518213866039953,0.6437290247687079,0.8877601080207244,0.6082501068932413,0.7708888735726785,7.1509094444444425,207,0.0160328402137712,25,3.4960588152074217,137,126,0.9197080291970803,0.0410830687830688,0.00010000000000021103,0.2167666666666661,7915,0.38749210360075803,0.5392293114339861,0.9468098547062539,0.018810383119659123,0.024359423475184237,2212,0.46609403254972875,0.4769439421338155,0.47875226039783003,0.0012611848399603687,0.06478762400343478,0.49586776859504134,12,360,202738,13.752777777777778,14,31783021,0.3071234000090044,0.3071234000090044,0.3071234000090044
typed,47,validation,fixed_4_01,4,"[5, 19, 22, 29]",True,0.9624937903626428,0.9374621991048748,0.9498131012929714,0.6381803845767156,0.873907888530497,0.605563957626989,0.7431622014591727,7.1509094444444425,302,0.023390906978545425,48,6.712432925198249,137,125,0.9124087591240876,0.030746666666666728,0.00010000000000021103,0.13343333333333307,7915,0.4279216677195199,0.5723310170562224,0.9436512950094756,0.017613038733558777,0.023559063355210196,2212,0.4534358047016275,0.4593128390596745,0.46473779385171793,0.0010100435927438481,0.06637890537032734,0.5454545454545454,12,360,200068,13.747222222222222,14,31820176,0.3029062999994494,0.3029062999994494,0.3029062999994494
typed,47,test,fixed_4_01,4,"[5, 19, 22, 29]",True,0.9643569292123629,0.9360106447320673,0.9499723773862869,0.6239405213092967,0.8813056672579482,0.588485184160463,0.7609311230776151,7.1509094444444425,286,0.022151653628688716,44,6.153063514765062,137,125,0.9124087591240876,0.03367520000000003,0.00010000000000021103,0.13343333333333307,7915,0.389387239418825,0.5576753000631712,0.9436512950094756,0.01874799413141138,0.024630065486171804,2212,0.4615732368896926,0.4651898734177215,0.47106690777576854,0.0010938608349680887,0.06564544627707013,0.5041322314049587,12,360,200068,13.747222222222222,14,31820176,0.3144391999958316,0.3144391999958316,0.3144391999958316
typed,11,validation,fixed_4_02,4,"[2, 6, 19, 39]",True,0.9728199320498301,0.9351639046812629,0.9536203281115085,0.6597397430414513,0.8859083882312762,0.628323069813641,0.7651716892497532,7.1509094444444425,216,0.016729920223065603,50,6.992117630414843,137,125,0.9124087591240876,0.0302157333333334,0.00010000000000021103,0.13343333333333307,7915,0.383575489576753,0.5585596967782691,0.9406190777005685,0.020813944102189706,0.026889861461351073,2212,0.4674502712477396,0.5004520795660036,0.505877034358047,0.0037903956496783127,0.06276129457795517,0.48760330578512395,12,360,196392,13.694444444444445,14,31646666,0.34684260000358336,0.34684260000358336,0.34684260000358336
typed,11,test,fixed_4_02,4,"[2, 6, 19, 39]",True,0.9753912165572943,0.9349219789524615,0.9547279352726824,0.6476924345314755,0.892839147897457,0.6146262411815537,0.7806212623219508,7.1509094444444425,195,0.01510340020137867,44,6.153063514765062,137,125,0.9124087591240876,0.032617333333333394,0.00010000000000021103,0.13343333333333307,7915,0.3440303221730891,0.5298799747315224,0.9407454200884396,0.022772508758752835,0.028719444708217027,2212,0.48417721518987344,0.5194394213381555,0.5230560578661845,0.004557812062062573,0.06111247299684401,0.4297520661157025,12,360,196392,13.694444444444445,14,31646666,0.4096925000048941,0.4096925000048941,0.4096925000048941
typed,29,validation,fixed_4_02,4,"[2, 6, 19, 39]",True,0.9841432225063939,0.9309302044272408,0.9567974140610431,0.6636293332953387,0.890119013451233,0.6294604405489362,0.7670534411850538,7.1509094444444425,124,0.009604213461389512,35,4.894482341290391,137,126,0.9197080291970803,0.038181746031746074,0.00010000000000021103,0.15843333333333298,7915,0.38117498420720153,0.557422615287429,0.9437776373973468,0.021695832406647107,0.027398980828207815,2212,0.4679023508137432,0.4923146473779385,0.49593128390596747,0.0027643671154220727,0.06343942636277737,0.47107438016528924,12,360,200052,13.686111111111112,14,32143328,0.3245376999984728,0.3245376999984728,0.3245376999984728
typed,29,test,fixed_4_02,4,"[2, 6, 19, 39]",True,0.9869113306813807,0.9303253901052377,0.9577833125778331,0.6537267681463781,0.8970639726395897,0.6186628561524447,0.7825777689330593,7.1509094444444425,102,0.007900240105336534,38,5.314009399115281,137,125,0.9124087591240876,0.03795386666666671,0.00010000000000021103,0.16676666666666629,7915,0.3445356917245736,0.5373341756159191,0.9447883765003159,0.022913689893431885,0.02844706991500656,2212,0.4783001808318264,0.505877034358047,0.515370705244123,0.0046285312011478275,0.062060226902027026,0.4049586776859504,12,360,200052,13.686111111111112,14,32143328,0.3188578000117559,0.3188578000117559,0.3188578000117559
typed,47,validation,fixed_4_02,4,"[2, 6, 19, 39]",True,0.9822454975092605,0.9302044272408371,0.9555168986083499,0.657057591525451,0.8881743394140128,0.6234625025007801,0.7642351989812096,7.1509094444444425,139,0.010766013476880179,34,4.754639988682094,137,125,0.9124087591240876,0.03875386666666671,0.00010000000000021103,0.19343333333333276,7915,0.3826910928616551,0.5704358812381554,0.9396083385975995,0.021285680431074566,0.027436528719533875,2212,0.4769439421338155,0.4950271247739602,0.49638336347197104,0.0018065328018433686,0.06290955625105892,0.5371900826446281,12,360,193652,13.811111111111112,14,31584507,0.3248656999930972,0.3248656999930972,0.3248656999930972
typed,47,test,fixed_4_02,4,"[2, 6, 19, 39]",True,0.9852317965840504,0.9280270956816258,0.9557742618662016,0.6486859822007671,0.8940562414514358,0.6137855302171278,0.7775198795466679,7.1509094444444425,115,0.008907133452095112,39,5.453851751723578,137,125,0.9124087591240876,0.04115626666666671,0.00010000000000021103,0.2000999999999995,7915,0.36854074542008847,0.54971572962729,0.9380922299431459,0.02246240813762359,0.028694822439190255,2212,0.48282097649186256,0.4995479204339964,0.5045207956600362,0.002839014927232059,0.06244316295977369,0.48760330578512395,12,360,193652,13.811111111111112,14,31584507,0.31921040000452194,0.31921040000452194,0.31921040000452194
typed,11,validation,fixed_4_03,4,"[2, 6, 19, 29]",True,0.969598398598774,0.9374621991048748,0.9532595325953259,0.6542944904833636,0.8808946920420987,0.6221448887372631,0.7543204295240992,7.1509094444444425,243,0.018821160250948803,41,5.733536456940172,137,125,0.9124087591240876,0.029680800000000066,0.00010000000000021103,0.13343333333333307,7915,0.3775110549589387,0.5279848389134555,0.952621604548326,0.021093590555031422,0.025928147758388222,2212,0.45298372513562385,0.4783001808318264,0.48282097649186256,0.002953096665723237,0.06510864465991283,0.5041322314049587,12,360,200320,13.758333333333333,14,31810478,0.4261720000067726,0.4261720000067726,0.4261720000067726
typed,11,test,fixed_4_03,4,"[2, 6, 19, 29]",True,0.9727352682497801,0.9364944961896697,0.9542709232096636,0.6410675496557662,0.8883856483603926,0.6062098059995185,0.7710099911951879,7.1509094444444425,217,0.016807373557431646,36,5.034324693898688,137,125,0.9124087591240876,0.031015733333333396,0.00010000000000021103,0.13343333333333307,7915,0.36475047378395453,0.5233101705622236,0.9531269740998105,0.02138432055373399,0.026153681752162504,2212,0.4665461121157324,0.4909584086799277,0.4950271247739602,0.002734539499510257,0.06353349507082445,0.4462809917355372,12,360,200320,13.758333333333333,14,31810478,0.3160016000038013,0.3160016000038013,0.3160016000038013
typed,29,validation,fixed_4_03,4,"[2, 6, 19, 29]",True,0.9801013941698352,0.9354058304100641,0.9572321594355387,0.6619499711999806,0.8858486664914001,0.6278000012082943,0.7579264954004086,7.1509094444444425,157,0.01216017349546898,35,4.894482341290391,137,126,0.9197080291970803,0.03712116402116406,0.00010000000000021103,0.13343333333333307,7915,0.4007580543272268,0.5620972836386607,0.9522425773847125,0.020992600623213356,0.02587065730305074,2212,0.4593128390596745,0.4864376130198915,0.4914104882459313,0.003067440257012323,0.06413253061821432,0.5537190082644629,12,360,204808,13.775,14,32573782,0.28265610001108143,0.28265610001108143,0.28265610001108143
typed,29,test,fixed_4_03,4,"[2, 6, 19, 29]",True,0.9803124603073796,0.9335913874440547,0.9563816604708798,0.6579177265577996,0.8931598289184977,0.6233348832385794,0.7772989833877276,7.1509094444444425,155,0.012005266826736891,28,3.9155858730323123,137,125,0.9124087591240876,0.03341733333333339,0.00010000000000021103,0.13343333333333307,7915,0.39128237523689197,0.5435249526216045,0.952621604548326,0.02085949431524415,0.02570514262282334,2212,0.4819168173598553,0.49412296564195296,0.4950271247739602,0.0012198619587985603,0.06278368860288625,0.5371900826446281,12,360,204808,13.775,14,32573782,0.31301039998652413,0.31301039998652413,0.31301039998652413
typed,47,validation,fixed_4_03,4,"[2, 6, 19, 29]",True,0.9747761382267626,0.9349219789524615,0.9544331933810818,0.6608106250661341,0.8848328160454481,0.6278473633194814,0.7606441735134383,7.1509094444444425,200,0.015490666873208893,32,4.4749552834654995,137,125,0.9124087591240876,0.032620533333333396,0.00010000000000021103,0.13343333333333307,7915,0.4132659507264687,0.5512318382817435,0.9489576753000631,0.020400366012247536,0.025644179431533336,2212,0.4629294755877034,0.4873417721518987,0.4909584086799277,0.002726346587704806,0.06401934789344137,0.512396694214876,12,360,199012,13.783333333333333,14,31907703,0.3080139999947278,0.3080139999947278,0.3080139999947278
typed,47,test,fixed_4_03,4,"[2, 6, 19, 29]",True,0.9782002534854246,0.9335913874440547,0.9553753790926534,0.6455571252716001,0.8892370267303815,0.6098215292919382,0.7692640190963729,7.1509094444444425,172,0.013321973510959647,31,4.3351129308572025,137,125,0.9124087591240876,0.033419733333333396,0.00010000000000021103,0.13343333333333307,7915,0.3786481364497789,0.5336702463676564,0.9508528111181301,0.02048174907807428,0.025526866705656848,2212,0.466998191681736,0.4805605786618445,0.4832730560578662,0.0016551268836741584,0.06442703906394902,0.49586776859504134,12,360,199012,13.783333333333333,14,31907703,0.39016900000569876,0.39016900000569876,0.39016900000569876
typed,11,validation,fixed_4_04,4,"[2, 5, 10, 19]",True,0.9750849377123443,0.9373412362404742,0.9558406315529789,0.6622340831365665,0.8904183425592724,0.6292022702779666,0.7734783685683402,7.1509094444444425,198,0.015335760204476802,34,4.754639988682094,137,125,0.9124087591240876,0.03287760000000004,0.00010000000000021103,0.16009999999999955,7915,0.3785217940619078,0.5742261528742894,0.9588123815540114,0.023316081683918518,0.027427384296087164,2212,0.5239602169981917,0.527124773960217,0.5275768535262206,0.00031669873118590964,0.05833889663346943,0.5619834710743802,12,360,206236,13.78888888888889,14,33838335,0.32471679999434855,0.32471679999434855,0.32471679999434855
typed,11,test,fixed_4_04,4,"[2, 5, 10, 19]",True,0.9764097388671629,0.9362525704608685,0.955909596146721,0.6520495134065835,0.8970195220918036,0.6176970789309847,0.7896990341272009,7.1509094444444425,187,0.014483773526450314,30,4.195270578248906,137,125,0.9124087591240876,0.033410133333333376,0.00010000000000021103,0.16009999999999955,7915,0.33202779532533166,0.5392293114339861,0.9569172457359444,0.023640940014069283,0.027927417200220007,2212,0.5664556962025317,0.5714285714285714,0.5723327305605787,0.0007450707327987545,0.05308722814957924,0.4297520661157025,12,360,206236,13.78888888888889,14,33838335,0.3218172999913804,0.3218172999913804,0.3218172999913804
typed,29,validation,fixed_4_04,4,"[2, 5, 10, 19]",True,0.9730202348238821,0.9423007136809,0.9574141215510354,0.6537657132291359,0.8882043002419161,0.620152489952091,0.7675128260626013,7.1509094444444425,216,0.016729920223065603,49,6.852275277806546,137,125,0.9124087591240876,0.02461013333333341,0.00010000000000021103,0.10009999999999986,7915,0.37523689197725835,0.56424510423247,0.9524952621604549,0.021809403038243518,0.02662284790978534,2212,0.5275768535262206,0.5302893309222423,0.5352622061482821,0.000741237574336358,0.057622234447193485,0.5206611570247934,12,360,202954,13.758333333333333,14,32743619,0.3087420999945607,0.3087420999945607,0.3087420999945607
typed,29,test,fixed_4_04,4,"[2, 5, 10, 19]",True,0.9745454545454545,0.9401233821216887,0.9570249969215614,0.65770502989862,0.8980882679185077,0.6248360591887622,0.7921478618710881,7.1509094444444425,203,0.015723026876307025,50,6.992117630414843,137,126,0.9197080291970803,0.024943915343915418,0.00010000000000021103,0.13343333333333307,7915,0.3427668982943778,0.5541377132027795,0.9522425773847125,0.02343889801566555,0.028200125837088915,2212,0.5623869801084991,0.5700723327305606,0.5750452079566004,0.0011521896552432445,0.05298936007823334,0.47107438016528924,12,360,202954,13.758333333333333,14,32743619,0.3076731000037398,0.3076731000037398,0.3076731000037398
typed,47,validation,fixed_4_04,4,"[2, 5, 10, 19]",True,0.9762266059686393,0.9338333131728559,0.9545595054095827,0.6475901610437922,0.8856712510711017,0.6127673849348777,0.7618751653482456,7.1509094444444425,188,0.014561226860816357,32,4.4749552834654995,137,125,0.9124087591240876,0.03581653333333338,0.00010000000000021103,0.19343333333333276,7915,0.4061907770056854,0.5732154137713202,0.9490840176879343,0.02105111315886694,0.026248813411759494,2212,0.5149186256781193,0.5257685352622061,0.5280289330922242,0.0006884737378860409,0.058479680959251414,0.5206611570247934,12,360,204218,13.783333333333333,14,32952014,0.3268220000027213,0.3268220000027213,0.3268220000027213
typed,47,test,fixed_4_04,4,"[2, 5, 10, 19]",True,0.9765911679109199,0.9335913874440547,0.9546072974644403,0.6500715611259199,0.8957756513241376,0.6158064293233247,0.7875669543549018,7.1509094444444425,185,0.014328866857718225,39,5.453851751723578,137,125,0.9124087591240876,0.035017333333333386,0.00010000000000021103,0.16676666666666629,7915,0.34643082754264054,0.554516740366393,0.9514845230574858,0.022937699396581242,0.02779881815283691,2212,0.5650994575045208,0.5732368896925859,0.5741410488245932,0.0010862370673457343,0.05306178584220898,0.4380165289256198,12,360,204218,13.783333333333333,14,32952014,0.3090321999916341,0.3090321999916341,0.3090321999916341
typed,11,validation,fixed_4_05,4,"[2, 10, 19, 22]",True,0.9705403033721951,0.9364944961896697,0.953213494213248,0.6535221109388307,0.8813412600867664,0.6203329973250054,0.7550488659418761,7.1509094444444425,235,0.01820153357602045,36,5.034324693898688,137,125,0.9124087591240876,0.028346666666666735,0.00010000000000021103,0.13343333333333307,7915,0.41705622236260265,0.5660138976626659,0.9499684144030323,0.020556840042514655,0.025688986928470638,2212,0.4719710669077758,0.47649186256781195,0.4783001808318264,0.0005915920996314173,0.06452245432613787,0.49586776859504134,12,360,195064,13.75,14,31345528,0.3332605000032345,0.3332605000032345,0.3332605000032345
typed,11,test,fixed_4_05,4,"[2, 10, 19, 22]",True,0.9708286181315227,0.9339542760372566,0.9520345252774353,0.6422559877598493,0.887838019597921,0.6078527474397768,0.7725626291238078,7.1509094444444425,232,0.017969173572922315,36,5.034324693898688,137,126,0.9197080291970803,0.03314338624338627,0.00010000000000021103,0.13343333333333307,7915,0.3663929248262792,0.5527479469361971,0.9474415666456096,0.022442687232966742,0.027734916282721334,2212,0.4819168173598553,0.4986437613019892,0.5027124773960217,0.0016084971231732986,0.06204209969299547,0.48760330578512395,12,360,195064,13.75,14,31345528,0.33543249999638647,0.33543249999638647,0.33543249999638647
typed,29,validation,fixed_4_05,4,"[2, 10, 19, 22]",True,0.9712311557788945,0.9351639046812629,0.9528563505268997,0.6426026218822664,0.8805752114533615,0.6076705458116338,0.7530258508836462,7.1509094444444425,229,0.01773681356982418,41,5.733536456940172,137,125,0.9124087591240876,0.029410933333333392,0.00010000000000021103,0.13343333333333307,7915,0.39481996209728365,0.5618445988629185,0.9521162349968414,0.02186912117001792,0.0267181116578231,2212,0.4733273056057866,0.47875226039783003,0.48146473779385174,0.0005998985225422866,0.06413865805109582,0.48760330578512395,12,360,201410,13.741666666666667,14,32511632,0.4053334000054747,0.4053334000054747,0.4053334000054747
typed,29,test,fixed_4_05,4,"[2, 10, 19, 22]",True,0.9748705644652103,0.9338333131728559,0.9539107870999629,0.6515963665399725,0.8908789455231424,0.6175826058809886,0.7765833158920035,7.1509094444444425,199,0.015413213538842847,31,4.3351129308572025,137,126,0.9197080291970803,0.03314417989417994,0.00010000000000021103,0.13343333333333307,7915,0.3691724573594441,0.5639924194567277,0.9508528111181301,0.022681724142703776,0.027618719180249593,2212,0.4896021699819168,0.49547920433996384,0.5004520795660036,0.0005321974393759724,0.06177816147150207,0.48760330578512395,12,360,201410,13.741666666666667,14,32511632,0.32972340000560507,0.32972340000560507,0.32972340000560507
typed,47,validation,fixed_4_05,4,"[2, 10, 19, 22]",True,0.9710381143430291,0.9368573847828716,0.9536415686757372,0.6307801037359634,0.8777785057572146,0.5951952237124465,0.7451549652999742,7.1509094444444425,231,0.01789172023855627,40,5.593694104331875,137,125,0.9124087591240876,0.0278109333333334,0.00010000000000021103,0.13343333333333307,7915,0.3946936197094125,0.5551484523057486,0.9499684144030323,0.0209091405881361,0.02602366131918796,2212,0.46473779385171793,0.47242314647377937,0.4733273056057866,0.0008026988289948074,0.06523176987303972,0.5371900826446281,12,360,198048,13.766666666666667,14,32318584,0.3238654000015231,0.3238654000015231,0.3238654000015231
typed,47,test,fixed_4_05,4,"[2, 10, 19, 22]",True,0.9733333333333334,0.9360106447320673,0.9543072084849232,0.651253063955152,0.8918583578683777,0.6180673810917723,0.7794316279863635,7.1509094444444425,212,0.016420106885601426,30,4.195270578248906,137,125,0.9124087591240876,0.03233946666666671,0.00010000000000021103,0.13343333333333307,7915,0.38900821225521165,0.5855969677826911,0.9522425773847125,0.02243102845959495,0.027240389533348668,2212,0.4864376130198915,0.49321880650994576,0.49593128390596747,0.0006478207958144862,0.062389764829047914,0.48760330578512395,12,360,198048,13.766666666666667,14,32318584,0.33667550000245683,0.33667550000245683,0.33667550000245683
typed,11,validation,fixed_4_06,4,"[2, 5, 10, 29]",True,0.9775903311091527,0.9392766420708842,0.9580505860579889,0.6542563452905051,0.8880122429900534,0.620093360248495,0.7640101599073146,7.1509094444444425,178,0.013786693517155913,29,4.055428225640609,137,125,0.9124087591240876,0.030212533333333392,0.00010000000000021103,0.13343333333333307,7915,0.402905874921036,0.5406190777005685,0.9533796588755528,0.021539388933762015,0.026275809949375964,2212,0.5253164556962026,0.5280289330922242,0.5302893309222423,0.00038096760580603865,0.05803983592585334,0.512396694214876,12,360,205212,13.688888888888888,14,33408205,0.3461752000002889,0.3461752000002889,0.3461752000002889
typed,11,test,fixed_4_06,4,"[2, 5, 10, 29]",True,0.9805408137477887,0.9386718277488811,0.9591496199246029,0.6656328569215048,0.9006247023807699,0.6325281902474742,0.7937982828998005,7.1509094444444425,154,0.011927813492370846,29,4.055428225640609,137,125,0.9124087591240876,0.029144266666666727,0.00010000000000021103,0.13343333333333307,7915,0.37586860391661403,0.5358180669614656,0.9516108654453569,0.022621304268012284,0.027485073947288968,2212,0.5610307414104883,0.5628390596745028,0.5655515370705244,0.00042144084874083475,0.053734148413123455,0.45454545454545453,12,360,205212,13.688888888888888,14,33408205,0.38988100001006387,0.38988100001006387,0.38988100001006387
typed,29,validation,fixed_4_06,4,"[2, 5, 10, 29]",True,0.9789168034339099,0.9379460505624774,0.9579935754880158,0.6539989544428818,0.888592704424351,0.6191504689599482,0.7648812227349869,7.1509094444444425,167,0.012934706839129425,31,4.3351129308572025,137,125,0.9124087591240876,0.031014933333333397,0.00010000000000021103,0.13343333333333307,7915,0.40138976626658246,0.5508528111181301,0.9561591914087176,0.0213325439686831,0.025795644989985798,2212,0.5230560578661845,0.5289330922242315,0.530741410488246,0.0006082597965901761,0.058104974724071765,0.5206611570247934,12,360,207162,13.713888888888889,14,33354229,0.2927773999981582,0.2927773999981582,0.2927773999981582
typed,29,test,fixed_4_06,4,"[2, 5, 10, 29]",True,0.9808981657179001,0.9379460505624774,0.9589413801632451,0.6692421767955031,0.9002650119592522,0.6359788174477462,0.7928814053820781,7.1509094444444425,151,0.011695453489272712,27,3.7757435204240153,137,125,0.9124087591240876,0.028350666666666743,0.00010000000000021103,0.13343333333333307,7915,0.3802905874921036,0.5433986102337334,0.9574226152874289,0.022839502432177604,0.02710982147726009,2212,0.5610307414104883,0.5623869801084991,0.5650994575045208,0.00033249834980828724,0.053739363337812776,0.4628099173553719,12,360,207162,13.713888888888889,14,33354229,0.3114921000087634,0.3114921000087634,0.3114921000087634
typed,47,validation,fixed_4_06,4,"[2, 5, 10, 29]",True,0.9809427010545039,0.9339542760372566,0.9568719791795761,0.6537570447428989,0.8871458248886932,0.6187700874496863,0.7611215331048038,7.1509094444444425,150,0.011618000154906669,31,4.3351129308572025,137,125,0.9124087591240876,0.0395546666666667,0.00010000000000021103,0.19343333333333276,7915,0.401010739102969,0.5506001263423879,0.9506001263423879,0.02110518200506224,0.026145441032928565,2212,0.5257685352622061,0.5275768535262206,0.529385171790235,0.0004627662072176586,0.05819412805193645,0.48760330578512395,12,360,202086,13.694444444444445,14,32501965,0.32917779999843333,0.32917779999843333,0.32917779999843333
typed,47,test,fixed_4_06,4,"[2, 5, 10, 29]",True,0.9825344212136665,0.9322607959356477,0.9567376326733288,0.6661335315377591,0.8995377198556688,0.6326457347715806,0.7921449698920012,7.1509094444444425,137,0.01061110680814809,22,3.076531757382531,137,125,0.9124087591240876,0.034754666666666725,0.00010000000000021103,0.16009999999999955,7915,0.3820593809222994,0.5560328490208465,0.9499684144030323,0.022234222393749198,0.027282447181020547,2212,0.560126582278481,0.5628390596745028,0.5646473779385172,0.00033525215861444604,0.05379643476040605,0.45454545454545453,12,360,202086,13.694444444444445,14,32501965,0.3314706999954069,0.3314706999954069,0.3314706999954069
typed,11,validation,fixed_4_07,4,"[5, 6, 10, 19]",True,0.9674990588530555,0.9326236845288497,0.9497413155949741,0.6383616322590533,0.8732882753669607,0.6036126266585438,0.739060538652091,7.1509094444444425,259,0.020060413600805516,39,5.453851751723578,137,125,0.9124087591240876,0.03448080000000005,0.00010000000000021103,0.16676666666666629,7915,0.3704358812381554,0.5334175615919141,0.9506001263423879,0.02286308558061242,0.02781650439394431,2212,0.45207956600361665,0.4620253164556962,0.466998191681736,0.0014596273486520265,0.0663128092347852,0.4380165289256198,12,360,202962,13.769444444444444,14,33084177,0.4451221999916015,0.4451221999916015,0.4451221999916015
typed,11,test,fixed_4_07,4,"[5, 6, 10, 19]",True,0.9684475172847266,0.9318979073424458,0.9498212304278141,0.6495184841411342,0.8867325760205139,0.6165803311057299,0.772946693088712,7.1509094444444425,251,0.019440786925877158,34,4.754639988682094,137,125,0.9124087591240876,0.03608080000000004,0.00010000000000021103,0.16009999999999955,7915,0.3211623499684144,0.4857864813644978,0.9504737839545168,0.02411257426575684,0.029016779222837307,2212,0.4588607594936709,0.4909584086799277,0.49321880650994576,0.003351323474463107,0.06405542683862932,0.3884297520661157,12,360,202962,13.769444444444444,14,33084177,0.336611399994581,0.336611399994581,0.336611399994581
typed,29,validation,fixed_4_07,4,"[5, 6, 10, 19]",True,0.9650988241180886,0.9332284988508528,0.9488961318492097,0.6353038692268517,0.8718454068069678,0.600768961389313,0.7373831077584372,7.1509094444444425,279,0.021609480288126405,41,5.733536456940172,137,125,0.9124087591240876,0.03474826666666671,0.00010000000000021103,0.13343333333333307,7915,0.3786481364497789,0.5412507896399242,0.9531269740998105,0.022674261034926604,0.027383158819770482,2212,0.4566003616636528,0.46880650994575046,0.47513562386980107,0.0018735401959335334,0.06551934905941392,0.45454545454545453,12,360,207692,13.780555555555555,14,33630218,0.32423800000105985,0.32423800000105985,0.32423800000105985
typed,29,test,fixed_4_07,4,"[5, 6, 10, 19]",True,0.9656856606136506,0.9327446473932502,0.948929362539995,0.6494995393986722,0.8866149361951059,0.6169470299025163,0.7749169284265134,7.1509094444444425,274,0.02122221361629618,44,6.153063514765062,137,125,0.9124087591240876,0.03394906666666671,0.00010000000000021103,0.13343333333333307,7915,0.3239418825015793,0.5013265950726469,0.9500947567909034,0.024496188505333222,0.029418781281283137,2212,0.45976491862567814,0.4891500904159132,0.49683544303797467,0.003524267258091804,0.06370813749983453,0.39669421487603307,12,360,207692,13.780555555555555,14,33630218,0.3040035000012722,0.3040035000012722,0.3040035000012722
typed,47,validation,fixed_4_07,4,"[5, 6, 10, 19]",True,0.9725940894165194,0.9315350187492439,0.9516218721037998,0.6405733863312429,0.8755886245683153,0.6051604299941942,0.7405479436004053,7.1509094444444425,217,0.016807373557431646,30,4.195270578248906,137,125,0.9124087591240876,0.03661653333333337,0.00010000000000021103,0.16009999999999955,7915,0.36361339229311435,0.5283638660770689,0.953632343651295,0.022614286640878813,0.027275195510377943,2212,0.4525316455696203,0.4629294755877034,0.4692585895117541,0.0019347067764708327,0.06626070963857503,0.4462809917355372,12,360,202820,13.766666666666667,14,32761814,0.30644780000147875,0.30644780000147875,0.30644780000147875
typed,47,test,fixed_4_07,4,"[5, 6, 10, 19]",True,0.9723275208491281,0.9308092415628402,0.9511155058401829,0.6519900482244017,0.8890746725497162,0.6183714861716669,0.7756848335396833,7.1509094444444425,219,0.016962280226163737,42,5.873378809548469,137,125,0.9124087591240876,0.03608320000000003,0.00010000000000021103,0.16009999999999955,7915,0.3173720783322805,0.5013265950726469,0.9522425773847125,0.023946551668692723,0.02868353526006628,2212,0.45795660036166363,0.48779385171790235,0.4891500904159132,0.0029479557259152064,0.0643454851506302,0.35537190082644626,12,360,202820,13.766666666666667,14,32761814,0.30101520000607707,0.30101520000607707,0.30101520000607707
typed,11,validation,fixed_4_08,4,"[2, 5, 6, 29]",True,0.9792884371029225,0.9322607959356477,0.9551961331102435,0.6586824674342565,0.8875134977602405,0.6245208351253606,0.7644123120477402,7.1509094444444425,163,0.012624893501665247,29,4.055428225640609,137,125,0.9124087591240876,0.04168560000000004,0.00010000000000021103,0.16676666666666629,7915,0.3704358812381554,0.5181301326595072,0.9487049905243209,0.022005288409392594,0.02719273679148181,2212,0.5357142857142857,0.5420433996383364,0.5433996383363472,0.0007225553218567776,0.056616111755587575,0.4628099173553719,12,360,204238,13.691666666666666,14,32944716,0.32145809999201447,0.32145809999201447,0.32145809999201447
typed,11,test,fixed_4_08,4,"[2, 5, 6, 29]",True,0.9814791161067825,0.9294786500544333,0.9547713717693836,0.6691979565416726,0.8996647831640078,0.6362449635331568,0.794748259725067,7.1509094444444425,145,0.011230733483076447,23,3.216374109990828,137,125,0.9124087591240876,0.03475386666666672,0.00010000000000021103,0.13343333333333307,7915,0.347820593809223,0.5075173720783323,0.9465571699305116,0.023816706135659185,0.029124555657810594,2212,0.5311934900542495,0.5565099457504521,0.5578661844484629,0.002227976078597558,0.05568505013282385,0.4297520661157025,12,360,204238,13.691666666666666,14,32944716,0.31479260000924114,0.31479260000924114,0.31479260000924114
typed,29,validation,fixed_4_08,4,"[2, 5, 6, 29]",True,0.9792194627470857,0.934801016088061,0.9564948326010273,0.667404692234582,0.8882341685491084,0.634568818912969,0.7651602100767194,7.1509094444444425,164,0.01270234683603129,31,4.3351129308572025,137,125,0.9124087591240876,0.03741893333333338,0.00010000000000021103,0.16009999999999955,7915,0.3680353758686039,0.5212886923562855,0.9484523057485786,0.0224845644458494,0.02767286118626601,2212,0.5348101265822784,0.5415913200723327,0.5433996383363472,0.0008466862814185561,0.05668356447411979,0.45454545454545453,12,360,205012,13.722222222222221,14,32788689,0.30003049998776987,0.30003049998776987,0.30003049998776987
typed,29,test,fixed_4_08,4,"[2, 5, 6, 29]",True,0.9781123481781376,0.9351639046812629,0.9561560818749614,0.6537344617191994,0.8980798239513421,0.6196101000924802,0.7912706077300234,7.1509094444444425,173,0.013399426845325692,37,5.174167046506984,137,125,0.9124087591240876,0.03075306666666674,0.00010000000000021103,0.13343333333333307,7915,0.3663929248262792,0.5282375236891977,0.9504737839545168,0.02299504780216007,0.02795459961631317,2212,0.5275768535262206,0.5465641952983725,0.5510849909584087,0.0021313214146628547,0.05645167897206113,0.4214876033057851,12,360,205012,13.722222222222221,14,32788689,0.37264309999591205,0.37264309999591205,0.37264309999591205
typed,47,validation,fixed_4_08,4,"[2, 5, 6, 29]",True,0.972396486825596,0.9374621991048748,0.9546098417195295,0.6530820153326519,0.8855743116494867,0.6196126882145393,0.76354215421913,7.1509094444444425,220,0.01703973356052978,33,4.614797636073797,137,125,0.9124087591240876,0.03341733333333339,0.00010000000000021103,0.13343333333333307,7915,0.3732154137713203,0.5260897030953885,0.9470625394819963,0.022549699055985674,0.027874428284923817,2212,0.5302893309222423,0.5415913200723327,0.544755877034358,0.0012905592384447205,0.05675951476267275,0.4793388429752066,12,360,203644,13.716666666666667,14,32727760,0.3173077999963425,0.3173077999963425,0.3173077999963425
typed,47,test,fixed_4_08,4,"[2, 5, 6, 29]",True,0.9747709300866072,0.9393976049352849,0.9567574226931133,0.6688346719082292,0.8996877814064463,0.6373690110536324,0.7966762667115318,7.1509094444444425,201,0.015568120207574936,33,4.614797636073797,137,125,0.9124087591240876,0.028084000000000078,0.00010000000000021103,0.13343333333333307,7915,0.34832596336070754,0.5049905243209096,0.9483259633607075,0.023925943750975648,0.0290524750179475,2212,0.5339059674502713,0.5560578661844484,0.5578661844484629,0.0020620415202520334,0.055592480853891485,0.4049586776859504,12,360,203644,13.716666666666667,14,32727760,0.3175772999966284,0.3175772999966284,0.3175772999966284
typed,11,validation,fixed_4_09,4,"[2, 10, 22, 29]",True,0.9686215913335824,0.9409701221724931,0.9545956559087004,0.6534193465306105,0.8822142750840588,0.6207902899159008,0.757108107191421,7.1509094444444425,252,0.019518240260243205,30,4.195270578248906,137,126,0.9197080291970803,0.0304986772486773,0.00010000000000021103,0.13343333333333307,7915,0.40555906506632977,0.5464308275426406,0.9535060012634239,0.02041004041434797,0.025186133529286107,2212,0.46473779385171793,0.47106690777576854,0.47468354430379744,0.0009198494748831433,0.0651214675859186,0.5454545454545454,12,360,195634,13.802777777777777,14,31323050,0.3146744999976363,0.3146744999976363,0.3146744999976363
typed,11,test,fixed_4_09,4,"[2, 10, 22, 29]",True,0.969693190321776,0.9404862707148905,0.9548664415105925,0.6644058350855486,0.891680681712393,0.6332106433646869,0.7804577125773192,7.1509094444444425,243,0.018821160250948803,36,5.034324693898688,137,125,0.9124087591240876,0.03047600000000005,0.00010000000000021103,0.13343333333333307,7915,0.42059380922299433,0.5653821857233101,0.9495893872394188,0.019990181803778578,0.02518977417942626,2212,0.4805605786618445,0.48417721518987344,0.4891500904159132,0.0005962629607042073,0.06319515442189678,0.5371900826446281,12,360,195634,13.802777777777777,14,31323050,0.332083799992688,0.332083799992688,0.332083799992688
typed,29,validation,fixed_4_09,4,"[2, 10, 22, 29]",True,0.9777946000504668,0.9374621991048748,0.957203730006793,0.6372033064333762,0.8822197945842806,0.6000725277233402,0.749870705772497,7.1509094444444425,176,0.013631786848423824,30,4.195270578248906,137,126,0.9197080291970803,0.032887566137566195,0.00010000000000021103,0.13343333333333307,7915,0.42640555906506633,0.5620972836386607,0.951737207833228,0.020123273432856262,0.02509490591761246,2212,0.46880650994575046,0.4769439421338155,0.4819168173598553,0.0007165228700991686,0.06413946567997962,0.5371900826446281,12,360,206986,13.8,14,32930835,0.38532450000639074,0.38532450000639074,0.38532450000639074
typed,29,test,fixed_4_09,4,"[2, 10, 22, 29]",True,0.9816571790006325,0.9386718277488811,0.9596834034133069,0.6603154772220335,0.8959388041762629,0.6259902534006492,0.7805526560420472,7.1509094444444425,145,0.011230733483076447,25,3.4960588152074217,137,126,0.9197080291970803,0.03420396825396829,0.00010000000000021103,0.15843333333333298,7915,0.41907770056854077,0.5714466203411245,0.9511054958938724,0.020202146578865786,0.025234996323883024,2212,0.48282097649186256,0.4936708860759494,0.49819168173598555,0.0006760822240771478,0.062126974733337455,0.5206611570247934,12,360,206986,13.8,14,32930835,0.31714509999437723,0.31714509999437723,0.31714509999437723
typed,47,validation,fixed_4_09,4,"[2, 10, 22, 29]",True,0.9749905267146647,0.9337123503084553,0.953905091448344,0.6460980174197533,0.8817052664944125,0.611845290148709,0.7529787172809745,7.1509094444444425,198,0.015335760204476802,36,5.034324693898688,137,126,0.9197080291970803,0.039765079365079385,0.00010000000000021103,0.1917666666666662,7915,0.416424510423247,0.5684144030322174,0.9473152242577385,0.019533837825426937,0.024992040658332302,2212,0.4679023508137432,0.4742314647377939,0.4769439421338155,0.0006041002026016656,0.06469461807212176,0.5371900826446281,12,360,197372,13.794444444444444,14,32048123,0.30066059999808203,0.30066059999808203,0.30066059999808203
typed,47,test,fixed_4_09,4,"[2, 10, 22, 29]",True,0.9765733822970748,0.9328656102576509,0.9542192526602327,0.6596259038965062,0.89203062514295,0.6272252987212921,0.7782756564591192,7.1509094444444425,185,0.014328866857718225,32,4.4749552834654995,137,125,0.9124087591240876,0.0355442666666667,0.00010000000000021103,0.13343333333333307,7915,0.42109917877447883,0.5666456096020215,0.944030322173089,0.020876682982249345,0.02660004680544835,2212,0.47468354430379744,0.4819168173598553,0.4873417721518987,0.000740721901672521,0.06348714429451428,0.5537190082644629,12,360,197372,13.794444444444444,14,32048123,0.30693710000196006,0.30693710000196006,0.30693710000196006
