panel,event,bus,channel,sample_index,time_from_label_s,raw_value,baseline,plotted_value
(a),1,39,BUS39_VA_MAG,35188,-0.23299999999744614,203059.57214381776,204138.18453413146,0.9947162634331483
(a),1,39,BUS39_VA_MAG,35189,-0.19999999999708962,205327.1072550645,204138.18453413146,1.0058241074478365
(a),1,39,BUS39_VA_MAG,35190,-0.16599999999743886,204206.87626551892,204138.18453413146,1.0003364962392716
(a),1,39,BUS39_VA_MAG,35191,-0.13300000000162981,204603.0534354756,204138.18453413146,1.0022772265874953
(a),1,39,BUS39_VA_MAG,35192,-0.10000000000582077,204409.5842984173,204138.18453413146,1.0013294904375936
(a),1,39,BUS39_VA_MAG,35193,-0.06600000000617001,202858.41218824708,204138.18453413146,0.9937308527123184
(a),1,39,BUS39_VA_MAG,35194,-0.03299999999580905,202748.0360526375,204138.18453413146,0.9931901594762075
(a),1,39,BUS39_VA_MAG,35195,0.0,155481.96769628266,204138.18453413146,0.7616505851225811
(a),1,39,BUS39_VA_MAG,35196,0.033999999999650754,49787.88395920708,204138.18453413146,0.24389304760806596
(a),1,39,BUS39_VA_MAG,35197,0.0669999999954598,67592.24587619274,204138.18453413146,0.33111025274593575
(a),1,39,BUS39_VA_MAG,35198,0.10000000000582077,185679.17283747543,204138.18453413146,0.9095758995859506
(a),1,39,BUS39_VA_MAG,35199,0.13400000000547152,229770.2406113245,204138.18453413146,1.1255622809406705
(a),1,39,BUS39_VA_MAG,35200,0.16700000000128057,205975.25203686385,204138.18453413146,1.0089991370645566
(a),1,39,BUS39_VA_MAG,35201,0.19999999999686224,194988.7512577848,204138.18453413146,0.9551801967024113
(a),1,39,BUS39_VA_MAG,35202,0.23399999999674037,201798.9927967105,204138.18453413146,0.9885411357862357
(a),1,39,BUS39_VA_MAG,35203,0.26700000000255386,205716.37088490624,204138.18453413146,1.0077309708341748
(a),1,39,BUS39_VA_MAG,35204,0.3000000000029104,202739.99495161755,204138.18453413146,0.9931507689964778
(a),1,39,BUS39_VA_MAG,35205,0.33400000000256114,203465.83731291984,204138.18453413146,0.9967064112833863
(a),1,39,BUS39_VA_MAG,35206,0.3669999999983702,202770.89475135307,204138.18453413146,0.9933021360707273
(a),1,39,BUS39_VA_MAG,35207,0.39999999999417923,203527.9335380836,204138.18453413146,0.9970105984951295
(a),1,39,BUS39_VA_MAG,35208,0.43399999999383,204683.8904247732,204138.18453413146,1.0026732181041342
(a),1,39,BUS39_VA_MAG,35209,0.46700000000419095,205044.5787290184,204138.18453413146,1.0044401011841828
(a),1,39,BUS39_VA_MAG,35210,0.5,204156.9146009445,204138.18453413146,1.0000917519025447
(a),1,39,BUS39_VA_MAG,35211,0.5339999999996508,203165.5209319993,204138.18453413146,0.9952352686766961
(a),1,39,BUS39_VA_MAG,35212,0.5669999999954598,203143.1787489605,204138.18453413146,0.9951258223078563
(a),1,39,BUS39_VA_MAG,35213,0.6000000000058208,202640.5320115568,204138.18453413146,0.9926635356046077
(a),1,39,BUS39_VA_MAG,35214,0.6340000000054715,203976.28362414977,204138.18453413146,0.9992069053109727
(a),1,39,BUS39_VA_MAG,35215,0.6670000000012806,203744.17536829025,204138.18453413146,0.9980698899290185
(a),1,39,BUS39_VA_MAG,35216,0.6999999999968622,203210.4589449853,204138.18453413146,0.9954554039399177
(a),1,39,BUS39_VA_MAG,35217,0.7339999999967404,203401.0607,204138.18453413146,0.9963890938100891
(a),1,39,BUS39_VA_MAG,35218,0.7670000000025539,202964.68014635105,204138.18453413146,0.9942514214552339
(a),1,39,BUS39_VA_MAG,35219,0.8000000000029104,203589.52542984608,204138.18453413146,0.997312315157806
(a),1,39,BUS39_VA_MAG,35220,0.8340000000025611,202770.91972467327,204138.18453413146,0.9933022584060965
(a),1,39,BUS39_VA_MAG,35221,0.8669999999983702,204734.3320863156,204138.18453413146,1.0029203137744398
(a),1,39,BUS39_VA_MAG,35222,0.8999999999941792,204988.0889411824,204138.18453413146,1.0041633779049741
(a),1,39,BUS39_VA_MAG,35223,0.93399999999383,203832.80037620777,204138.18453413146,0.9985040321651698
(a),1,39,BUS39_VA_MAG,35224,0.967000000004191,205737.2830790376,204138.18453413146,1.0078334121984844
(a),1,39,BUS39_VA_MAG,35225,1.0,203481.10214187784,204138.18453413146,0.9967811882242749
(a),1,39,BUS39_VA_MAG,35226,1.0339999999996508,204065.4526438901,204138.18453413146,0.9996437124665954
(a),1,39,BUS39_VA_MAG,35227,1.0669999999954598,204574.27376060927,204138.18453413146,1.0021362452471743
(a),1,39,BUS39_VA_MAG,35228,1.1000000000058208,202919.6146049247,204138.18453413146,0.994030661475766
(a),1,39,BUS39_VA_MAG,35229,1.1340000000054715,202735.44892334653,204138.18453413146,0.9931284996288855
(a),1,39,BUS39_VA_MAG,35230,1.1670000000012806,203660.8773807532,204138.18453413146,0.9976618428616502
(a),1,39,BUS39_VA_MAG,35231,1.1999999999968622,204168.1753219641,204138.18453413146,1.0001469141498496
(a),1,39,BUS39_VA_MAG,35232,1.2339999999967404,203435.78937208548,204138.18453413146,0.9965592171614098
(a),1,39,BUS39_VA_MAG,35233,1.2670000000025539,205784.98508029644,204138.18453413146,1.0080670872523099
(a),1,39,BUS39_VA_MAG,35234,1.3000000000029104,204598.144612838,204138.18453413146,1.0022531800199763
(a),1,39,BUS39_VA_MAG,35235,1.3340000000025611,203278.9958923501,204138.18453413146,0.9957911419475874
(a),1,39,BUS39_VA_MAG,35236,1.3669999999983702,205929.1971678602,204138.18453413146,1.0087735307229073
(a),1,39,BUS39_VA_MAG,35237,1.3999999999941792,203244.3404083428,204138.18453413146,0.9956213771185017
(a),1,39,BUS39_VA_MAG,35238,1.43399999999383,203464.3462774605,204138.18453413146,0.9966991072336185
(a),1,39,BUS39_VA_MAG,35239,1.467000000004191,203307.4079526494,204138.18453413146,0.9959303224755428
(a),1,39,BUS39_VA_MAG,35240,1.5,205311.9749672204,204138.18453413146,1.0057499797784901
(a),1,5,BUS5_VA_MAG,35188,-0.23299999999744614,201126.23054452252,200239.90316367435,1.004426327454442
(a),1,5,BUS5_VA_MAG,35189,-0.19999999999708962,199411.35398704527,200239.90316367435,0.9958622174524734
(a),1,5,BUS5_VA_MAG,35190,-0.16599999999743886,200746.85538020823,200239.90316367435,1.0025317242393965
(a),1,5,BUS5_VA_MAG,35191,-0.13300000000162981,200059.2709387988,200239.90316367435,0.9990979209337317
(a),1,5,BUS5_VA_MAG,35192,-0.10000000000582077,199773.5471176268,200239.90316367435,0.9976710134259985
(a),1,5,BUS5_VA_MAG,35193,-0.06600000000617001,200748.1924928353,200239.90316367435,1.002538401792701
(a),1,5,BUS5_VA_MAG,35194,-0.03299999999580905,198924.7808517448,200239.90316367435,0.9934322665405279
(a),1,5,BUS5_VA_MAG,35195,0.0,196922.6077760082,200239.90316367435,0.9834333949664636
(a),1,5,BUS5_VA_MAG,35196,0.033999999999650754,135720.07665252226,200239.90316367435,0.6777873665948883
(a),1,5,BUS5_VA_MAG,35197,0.0669999999954598,164298.76068681243,200239.90316367435,0.8205095892026878
(a),1,5,BUS5_VA_MAG,35198,0.10000000000582077,189706.3734174048,200239.90316367435,0.9473954512569879
(a),1,5,BUS5_VA_MAG,35199,0.13400000000547152,192257.42289361687,200239.90316367435,0.9601354168477965
(a),1,5,BUS5_VA_MAG,35200,0.16700000000128057,195224.1219493023,200239.90316367435,0.9749511404314244
(a),1,5,BUS5_VA_MAG,35201,0.19999999999686224,196067.70690966505,200239.90316367435,0.979164011827358
(a),1,5,BUS5_VA_MAG,35202,0.23399999999674037,195484.51497399315,200239.90316367435,0.976251545698191
(a),1,5,BUS5_VA_MAG,35203,0.26700000000255386,195396.8902347564,200239.90316367435,0.9758139469086773
(a),1,5,BUS5_VA_MAG,35204,0.3000000000029104,195685.096066366,200239.90316367435,0.9772532496003792
(a),1,5,BUS5_VA_MAG,35205,0.33400000000256114,196416.50058226907,200239.90316367435,0.9809058907790219
(a),1,5,BUS5_VA_MAG,35206,0.3669999999983702,196161.56258975097,200239.90316367435,0.9796327279953299
(a),1,5,BUS5_VA_MAG,35207,0.39999999999417923,196330.28934526336,200239.90316367435,0.9804753510332288
(a),1,5,BUS5_VA_MAG,35208,0.43399999999383,197018.7408325258,200239.90316367435,0.9839134843742129
(a),1,5,BUS5_VA_MAG,35209,0.46700000000419095,197095.61466992195,200239.90316367435,0.9842973930566562
(a),1,5,BUS5_VA_MAG,35210,0.5,196553.73340822343,200239.90316367435,0.9815912328301624
(a),1,5,BUS5_VA_MAG,35211,0.5339999999996508,197356.7314245293,200239.90316367435,0.9856014126375783
(a),1,5,BUS5_VA_MAG,35212,0.5669999999954598,196433.20383547543,200239.90316367435,0.980989306985994
(a),1,5,BUS5_VA_MAG,35213,0.6000000000058208,198691.24292804027,200239.90316367435,0.99226597590607
(a),1,5,BUS5_VA_MAG,35214,0.6340000000054715,196285.85836583748,200239.90316367435,0.9802534622951508
(a),1,5,BUS5_VA_MAG,35215,0.6670000000012806,197646.6206593724,200239.90316367435,0.9870491222611997
(a),1,5,BUS5_VA_MAG,35216,0.6999999999968622,199655.5576895164,200239.90316367435,0.9970817730885522
(a),1,5,BUS5_VA_MAG,35217,0.7339999999967404,199316.3452544156,200239.90316367435,0.9953877429290212
(a),1,5,BUS5_VA_MAG,35218,0.7670000000025539,199327.3465840323,200239.90316367435,0.9954426836748111
(a),1,5,BUS5_VA_MAG,35219,0.8000000000029104,200856.3742012155,200239.90316367435,1.0030786622835972
(a),1,5,BUS5_VA_MAG,35220,0.8340000000025611,198888.1232024937,200239.90316367435,0.9932491978880168
(a),1,5,BUS5_VA_MAG,35221,0.8669999999983702,200887.96519438952,200239.90316367435,1.0032364280069865
(a),1,5,BUS5_VA_MAG,35222,0.8999999999941792,200523.4197829112,200239.90316367435,1.0014158847200656
(a),1,5,BUS5_VA_MAG,35223,0.93399999999383,201149.2418707077,200239.90316367435,1.0045412462384686
(a),1,5,BUS5_VA_MAG,35224,0.967000000004191,200798.0920082227,200239.90316367435,1.0027876004519045
(a),1,5,BUS5_VA_MAG,35225,1.0,201646.45000078256,200239.90316367435,1.0070243084164823
(a),1,5,BUS5_VA_MAG,35226,1.0339999999996508,203149.0859723208,200239.90316367435,1.0145284868933868
(a),1,5,BUS5_VA_MAG,35227,1.0669999999954598,202738.31867517665,200239.90316367435,1.012477111065421
(a),1,5,BUS5_VA_MAG,35228,1.1000000000058208,202002.4156087457,200239.90316367435,1.0088020040822268
(a),1,5,BUS5_VA_MAG,35229,1.1340000000054715,202757.43397520183,200239.90316367435,1.0125725730573774
(a),1,5,BUS5_VA_MAG,35230,1.1670000000012806,201403.67643450588,200239.90316367435,1.0058118948942971
(a),1,5,BUS5_VA_MAG,35231,1.1999999999968622,202923.9507782724,200239.90316367435,1.0134041595715522
(a),1,5,BUS5_VA_MAG,35232,1.2339999999967404,202833.093085134,200239.90316367435,1.0129504153791964
(a),1,5,BUS5_VA_MAG,35233,1.2670000000025539,204327.3880345501,200239.90316367435,1.0204129387114949
(a),1,5,BUS5_VA_MAG,35234,1.3000000000029104,202685.46036417937,200239.90316367435,1.0122131361525182
(a),1,5,BUS5_VA_MAG,35235,1.3340000000025611,202016.24251280865,200239.90316367435,1.008871055773945
(a),1,5,BUS5_VA_MAG,35236,1.3669999999983702,202701.5265855128,200239.90316367435,1.0122933710161972
(a),1,5,BUS5_VA_MAG,35237,1.3999999999941792,204524.59590536729,200239.90316367435,1.0213977967128294
(a),1,5,BUS5_VA_MAG,35238,1.43399999999383,203416.0879839793,200239.90316367435,1.0158618975045586
(a),1,5,BUS5_VA_MAG,35239,1.467000000004191,203408.3333619684,200239.90316367435,1.0158231708477417
(a),1,5,BUS5_VA_MAG,35240,1.5,205388.4745542024,200239.90316367435,1.025712014983945
(a),1,19,BUS19_VA_MAG,35188,-0.23299999999744614,208317.6938889188,208628.10927346005,0.9985121114042481
(a),1,19,BUS19_VA_MAG,35189,-0.19999999999708962,208685.77220165,208628.10927346005,1.0002763909829349
(a),1,19,BUS19_VA_MAG,35190,-0.16599999999743886,209760.9832712066,208628.10927346005,1.0054301119906217
(a),1,19,BUS19_VA_MAG,35191,-0.13300000000162981,208160.2641375783,208628.10927346005,0.9977575162929339
(a),1,19,BUS19_VA_MAG,35192,-0.10000000000582077,207345.65455189336,208628.10927346005,0.9938529149977307
(a),1,19,BUS19_VA_MAG,35193,-0.06600000000617001,209526.3680096584,208628.10927346005,1.0043055499056504
(a),1,19,BUS19_VA_MAG,35194,-0.03299999999580905,207907.76554012496,208628.10927346005,0.9965472354811455
(a),1,19,BUS19_VA_MAG,35195,0.0,206970.96613510908,208628.10927346005,0.9920569517495896
(a),1,19,BUS19_VA_MAG,35196,0.033999999999650754,185140.9311637993,208628.10927346005,0.8874208360922504
(a),1,19,BUS19_VA_MAG,35197,0.0669999999954598,191149.9317047289,208628.10927346005,0.9162232853971678
(a),1,19,BUS19_VA_MAG,35198,0.10000000000582077,200196.4395502072,208628.10927346005,0.9595851692630689
(a),1,19,BUS19_VA_MAG,35199,0.13400000000547152,203182.2162921952,208628.10927346005,0.9738966479625877
(a),1,19,BUS19_VA_MAG,35200,0.16700000000128057,204687.25352562583,208628.10927346005,0.9811106194579526
(a),1,19,BUS19_VA_MAG,35201,0.19999999999686224,205396.1988052934,208628.10927346005,0.9845087487039897
(a),1,19,BUS19_VA_MAG,35202,0.23399999999674037,206317.64923549144,208628.10927346005,0.9889254614538054
(a),1,19,BUS19_VA_MAG,35203,0.26700000000255386,206582.8705003684,208628.10927346005,0.9901967247835676
(a),1,19,BUS19_VA_MAG,35204,0.3000000000029104,205443.7692049535,208628.10927346005,0.9847367639979296
(a),1,19,BUS19_VA_MAG,35205,0.33400000000256114,207618.9022190653,208628.10927346005,0.9951626506231146
(a),1,19,BUS19_VA_MAG,35206,0.3669999999983702,206352.21934995003,208628.10927346005,0.9890911635472529
(a),1,19,BUS19_VA_MAG,35207,0.39999999999417923,207100.9989748058,208628.10927346005,0.9926802274920079
(a),1,19,BUS19_VA_MAG,35208,0.43399999999383,207391.6663268424,208628.10927346005,0.994073459463715
(a),1,19,BUS19_VA_MAG,35209,0.46700000000419095,205450.3112643481,208628.10927346005,0.9847681215145048
(a),1,19,BUS19_VA_MAG,35210,0.5,205834.90124300023,208628.10927346005,0.9866115451068072
(a),1,19,BUS19_VA_MAG,35211,0.5339999999996508,206426.43443666748,208628.10927346005,0.9894468926336925
(a),1,19,BUS19_VA_MAG,35212,0.5669999999954598,206330.4887524169,208628.10927346005,0.98898700405691
(a),1,19,BUS19_VA_MAG,35213,0.6000000000058208,206344.35039419308,208628.10927346005,0.9890534459272047
(a),1,19,BUS19_VA_MAG,35214,0.6340000000054715,207679.36053897048,208628.10927346005,0.9954524405278198
(a),1,19,BUS19_VA_MAG,35215,0.6670000000012806,207264.17083618883,208628.10927346005,0.9934623457882972
(a),1,19,BUS19_VA_MAG,35216,0.6999999999968622,208083.45494329,208628.10927346005,0.9973893530834997
(a),1,19,BUS19_VA_MAG,35217,0.7339999999967404,208173.17478643992,208628.10927346005,0.9978193998469121
(a),1,19,BUS19_VA_MAG,35218,0.7670000000025539,206990.90148394863,208628.10927346005,0.9921525062216547
(a),1,19,BUS19_VA_MAG,35219,0.8000000000029104,210284.72022391704,208628.10927346005,1.0079404973578396
(a),1,19,BUS19_VA_MAG,35220,0.8340000000025611,209761.106925334,208628.10927346005,1.0054307046918058
(a),1,19,BUS19_VA_MAG,35221,0.8669999999983702,208460.83633600693,208628.10927346005,0.9991982243522427
(a),1,19,BUS19_VA_MAG,35222,0.8999999999941792,210764.04555731337,208628.10927346005,1.0102380081537987
(a),1,19,BUS19_VA_MAG,35223,0.93399999999383,211453.34719720125,208628.10927346005,1.0135419811528752
(a),1,19,BUS19_VA_MAG,35224,0.967000000004191,211570.9002047804,208628.10927346005,1.0141054383398695
(a),1,19,BUS19_VA_MAG,35225,1.0,212977.18418436707,208628.10927346005,1.0208460639654575
(a),1,19,BUS19_VA_MAG,35226,1.0339999999996508,211349.01560015665,208628.10927346005,1.0130418970682908
(a),1,19,BUS19_VA_MAG,35227,1.0669999999954598,210116.2635591354,208628.10927346005,1.0071330478469933
(a),1,19,BUS19_VA_MAG,35228,1.1000000000058208,212833.3206102284,208628.10927346005,1.0201564944983341
(a),1,19,BUS19_VA_MAG,35229,1.1340000000054715,211422.77992048065,208628.10927346005,1.0133954655331583
(a),1,19,BUS19_VA_MAG,35230,1.1670000000012806,212573.0049299544,208628.10927346005,1.0189087447047873
(a),1,19,BUS19_VA_MAG,35231,1.1999999999968622,213066.9307179176,208628.10927346005,1.0212762386617775
(a),1,19,BUS19_VA_MAG,35232,1.2339999999967404,212860.7202902904,208628.10927346005,1.020287827136862
(a),1,19,BUS19_VA_MAG,35233,1.2670000000025539,213109.92098945624,208628.10927346005,1.0214823004033537
(a),1,19,BUS19_VA_MAG,35234,1.3000000000029104,213472.73507484604,208628.10927346005,1.0232213473930105
(a),1,19,BUS19_VA_MAG,35235,1.3340000000025611,212694.08937608104,208628.10927346005,1.0194891288464465
(a),1,19,BUS19_VA_MAG,35236,1.3669999999983702,215800.2399571107,208628.10927346005,1.0343775855929833
(a),1,19,BUS19_VA_MAG,35237,1.3999999999941792,211728.3376111457,208628.10927346005,1.014860070143386
(a),1,19,BUS19_VA_MAG,35238,1.43399999999383,213831.5103849468,208628.10927346005,1.024941035652422
(a),1,19,BUS19_VA_MAG,35239,1.467000000004191,214110.1040226488,208628.10927346005,1.0262763956797556
(a),1,19,BUS19_VA_MAG,35240,1.5,212838.6441743797,208628.10927346005,1.020182011501627
(b),2,22,BUS22_IA_MAG,71227,-1.0,996.965879730523,998.4857316402672,0.9984778431362785
(b),2,22,BUS22_IA_MAG,71228,-0.9669999999887295,994.8382586130328,998.4857316402672,0.9963469953433962
(b),2,22,BUS22_IA_MAG,71229,-0.9329999999899883,997.927874644574,998.4857316402672,0.9994412969779981
(b),2,22,BUS22_IA_MAG,71230,-0.8999999999941792,1003.4735781987348,998.4857316402672,1.004995410951215
(b),2,22,BUS22_IA_MAG,71231,-0.8669999999983702,1005.1782324642288,998.4857316402672,1.0067026504354424
(b),2,22,BUS22_IA_MAG,71232,-0.8329999999987194,997.87041066543,998.4857316402672,0.9993837458510034
(b),2,22,BUS22_IA_MAG,71233,-0.7999999999929059,997.9156517792438,998.4857316402672,0.9994290555759
(b),2,22,BUS22_IA_MAG,71234,-0.7669999999925494,997.8913996405724,998.4857316402672,0.9994047666572877
(b),2,22,BUS22_IA_MAG,71235,-0.7329999999928987,997.305222725854,998.4857316402672,0.998817700767267
(b),2,22,BUS22_IA_MAG,71236,-0.6999999999970896,997.0408702563038,998.4857316402672,0.9985529473900545
(b),2,22,BUS22_IA_MAG,71237,-0.6670000000008258,1007.2116343413423,998.4857316402672,1.0087391360983602
(b),2,22,BUS22_IA_MAG,71238,-0.6330000000007203,994.8238615655868,998.4857316402672,0.9963325764618941
(b),2,22,BUS22_IA_MAG,71239,-0.5999999999912689,993.7383084196508,998.4857316402672,0.9952453770042187
(b),2,22,BUS22_IA_MAG,71240,-0.5669999999959145,1004.0018804066776,998.4857316402672,1.0055245143637144
(b),2,22,BUS22_IA_MAG,71241,-0.532999999995809,1001.9661560859412,998.4857316402672,1.003485702735037
(b),2,22,BUS22_IA_MAG,71242,-0.5,997.9745563858448,998.4857316402672,0.9994880495151567
(b),2,22,BUS22_IA_MAG,71243,-0.46699999998872954,992.9949988811496,998.4857316402672,0.9945009401886017
(b),2,22,BUS22_IA_MAG,71244,-0.4329999999899883,1010.5312784178964,998.4857316402672,1.0120638146304217
(b),2,22,BUS22_IA_MAG,71245,-0.39999999999417923,1001.1281746877514,998.4857316402672,1.0026464504837174
(b),2,22,BUS22_IA_MAG,71246,-0.3669999999983702,998.8233102683868,998.4857316402672,1.0003380905879997
(b),2,22,BUS22_IA_MAG,71247,-0.33299999999871943,993.3667735391044,998.4857316402672,0.9948732786669334
(b),2,22,BUS22_IA_MAG,71248,-0.29999999999290594,999.5593246696797,998.4857316402672,1.0010752212028597
(b),2,22,BUS22_IA_MAG,71249,-0.2669999999925494,993.3696728385572,998.4857316402672,0.9948761823633618
(b),2,22,BUS22_IA_MAG,71250,-0.23299999999289867,1000.4752403112054,998.4857316402672,1.0019925258898492
(b),2,22,BUS22_IA_MAG,71251,-0.19999999999708962,1000.1108798078332,998.4857316402672,1.0016276128101462
(b),2,22,BUS22_IA_MAG,71252,-0.16700000000082582,1000.018019108172,998.4857316402672,1.0015346112812125
(b),2,22,BUS22_IA_MAG,71253,-0.13300000000072032,1001.9608439627476,998.4857316402672,1.0034803825556642
(b),2,22,BUS22_IA_MAG,71254,-0.09999999999126885,1001.4971617300384,998.4857316402672,1.0030159971187813
(b),2,22,BUS22_IA_MAG,71255,-0.06699999999591455,1000.1830496454515,998.4857316402672,1.0016998920980034
(b),2,22,BUS22_IA_MAG,71256,-0.03299999999580905,996.9154297194711,998.4857316402672,0.9984273166145134
(b),2,22,BUS22_IA_MAG,71257,0.0,1025.8671955746656,998.4857316402672,1.0274229897000304
(b),2,22,BUS22_IA_MAG,71258,0.03300000001127046,1363.3334048517738,998.4857316402672,1.3654009883668055
(b),2,22,BUS22_IA_MAG,71259,0.06700000001001172,1387.727481808313,998.4857316402672,1.389832060522905
(b),2,22,BUS22_IA_MAG,71260,0.10000000000582077,1414.0189697111475,998.4857316402672,1.4161634211720393
(b),2,22,BUS22_IA_MAG,71261,0.13300000000162981,1441.741818296164,998.4857316402672,1.4439283132546479
(b),2,22,BUS22_IA_MAG,71262,0.16700000000128057,1476.6167170989086,998.4857316402672,1.4788561021029207
(b),2,22,BUS22_IA_MAG,71263,0.20000000000709406,1517.643437649558,998.4857316402672,1.5199450423356997
(b),2,22,BUS22_IA_MAG,71264,0.23300000000745058,1562.992834825799,998.4857316402672,1.5653632148134806
(b),2,22,BUS22_IA_MAG,71265,0.26700000000710133,1598.8666042694124,998.4857316402672,1.601291389154722
(b),2,22,BUS22_IA_MAG,71266,0.3000000000029104,1632.61467369656,998.4857316402672,1.6350906397175795
(b),2,22,BUS22_IA_MAG,71267,0.3329999999991742,1665.1799904455395,998.4857316402672,1.667705343881136
(b),2,22,BUS22_IA_MAG,71268,0.3669999999992797,1686.696011575414,998.4857316402672,1.6892539954522796
(b),2,22,BUS22_IA_MAG,71269,0.40000000000873115,1711.037402671947,998.4857316402672,1.7136323018468496
(b),2,22,BUS22_IA_MAG,71270,0.43300000000408545,1741.8432405620777,998.4857316402672,1.7444848587877728
(b),2,22,BUS22_IA_MAG,71271,0.46700000000419095,1680.0966925269308,998.4857316402672,1.6826446681085208
(b),2,22,BUS22_IA_MAG,71272,0.5,1254.0509281907805,998.4857316402672,1.2559527777434358
(b),2,22,BUS22_IA_MAG,71273,0.5330000000112705,1224.0265965885717,998.4857316402672,1.2258829122953978
(b),2,22,BUS22_IA_MAG,71274,0.5670000000100117,1196.0823728447965,998.4857316402672,1.197896309324247
(b),2,22,BUS22_IA_MAG,71275,0.6000000000058208,1150.6699587917135,998.4857316402672,1.1524150244004439
(b),2,22,BUS22_IA_MAG,71276,0.6330000000016298,1107.3907813389,998.4857316402672,1.1090702112685462
(b),2,22,BUS22_IA_MAG,71277,0.6670000000012806,1063.0804292960142,998.4857316402672,1.064692659703443
(b),2,22,BUS22_IA_MAG,71278,0.7000000000070941,1015.294292298603,998.4857316402672,1.0168340519305403
(b),2,22,BUS22_IA_MAG,71279,0.7330000000074506,979.1825505190448,998.4857316402672,0.9806675443528752
(b),2,22,BUS22_IA_MAG,71280,0.7670000000071013,936.0292010799704,998.4857316402672,0.937448750061059
(b),2,22,BUS22_IA_MAG,71281,0.8000000000029104,910.3233206502832,998.4857316402672,0.9117038849967793
(b),2,22,BUS22_IA_MAG,71282,0.8329999999991742,881.1773896603845,998.4857316402672,0.8825137523125405
(b),2,22,BUS22_IA_MAG,71283,0.8669999999992797,874.759894352664,998.4857316402672,0.8760865244570376
(b),2,22,BUS22_IA_MAG,71284,0.9000000000087311,870.5813908438041,998.4857316402672,0.8719016839766477
(b),2,22,BUS22_IA_MAG,71285,0.9330000000040855,880.3883176636407,998.4857316402672,0.8817234836369455
(b),2,22,BUS22_IA_MAG,71286,0.967000000004191,893.9058749756327,998.4857316402672,0.8952615412011593
(b),2,22,BUS22_IA_MAG,71287,1.0,902.374607024394,998.4857316402672,0.903743116631235
(b),2,22,BUS22_IA_MAG,71288,1.0330000000112705,923.7378282426582,998.4857316402672,0.9251387365597938
(b),2,22,BUS22_IA_MAG,71289,1.0670000000100117,953.3752397937014,998.4857316402672,0.9548210951673187
(b),2,22,BUS22_IA_MAG,71290,1.1000000000058208,977.4692408986116,998.4857316402672,0.9789516363873015
(b),2,22,BUS22_IA_MAG,71291,1.1330000000016298,1004.5484685269332,998.4857316402672,1.0060719314202982
(b),2,22,BUS22_IA_MAG,71292,1.1670000000012806,1018.5199178412382,998.4857316402672,1.0200645693434796
(b),2,22,BUS22_IA_MAG,71293,1.200000000007094,1038.9133331495188,998.4857316402672,1.0404889125885044
(b),2,22,BUS22_IA_MAG,71294,1.2330000000074506,1048.068781368611,998.4857316402672,1.0496582456385142
(b),2,22,BUS22_IA_MAG,71295,1.2670000000071013,1053.107332376412,998.4857316402672,1.0547044379356476
(b),2,22,BUS22_IA_MAG,71296,1.3000000000029104,1064.4001448303738,998.4857316402672,1.0660143766719885
(b),2,22,BUS22_IA_MAG,71297,1.3329999999991742,1070.2546132653426,998.4857316402672,1.071877723787977
(b),2,22,BUS22_IA_MAG,71298,1.3669999999992797,1052.1552795479718,998.4857316402672,1.0537509412573565
(b),2,22,BUS22_IA_MAG,71299,1.4000000000087311,1035.824520856016,998.4857316402672,1.0373954159108618
(b),2,22,BUS22_IA_MAG,71300,1.4330000000040855,1016.903291416004,998.4857316402672,1.0184454911994398
(b),2,22,BUS22_IA_MAG,71301,1.467000000004191,1010.0025752360158,998.4857316402672,1.0115343096358815
(b),2,22,BUS22_IA_MAG,71302,1.5,997.9069049116306,998.4857316402672,0.9994202954430949
(b),2,22,BUS22_IA_MAG,71303,1.5330000000112705,990.2452159735622,998.4857316402672,0.9917469870569228
(b),2,22,BUS22_IA_MAG,71304,1.5670000000100117,975.259030307116,998.4857316402672,0.9767380738681208
(b),2,22,BUS22_IA_MAG,71305,1.6000000000058208,964.33210034808,998.4857316402672,0.9657945725112353
(b),2,22,BUS22_IA_MAG,71306,1.6330000000016298,938.8568219273648,998.4857316402672,0.940280659178828
(b),2,22,BUS22_IA_MAG,71307,1.6670000000012806,940.34508224717,998.4857316402672,0.9417711765419158
(b),2,22,BUS22_IA_MAG,71308,1.700000000007094,933.207591333665,998.4857316402672,0.9346228611606034
(b),2,22,BUS22_IA_MAG,71309,1.7330000000074506,934.0603382901514,998.4857316402672,0.9354769013631465
(b),2,22,BUS22_IA_MAG,71310,1.7670000000071013,941.4389644307952,998.4857316402672,0.9428667176688061
(b),2,22,BUS22_IA_MAG,71311,1.8000000000029104,948.0965519662244,998.4857316402672,0.9495344018674501
(b),2,22,BUS22_IA_MAG,71312,1.8329999999991742,956.603170378548,998.4857316402672,0.9580539211182153
(b),2,22,BUS22_IA_MAG,71313,1.8669999999992797,967.5543903094472,998.4857316402672,0.9690217492842813
(b),2,22,BUS22_IA_MAG,71314,1.9000000000087311,977.7309210679496,998.4857316402672,0.9792137134115851
(b),2,22,BUS22_IA_MAG,71315,1.9330000000040855,979.380720662188,998.4857316402672,0.980866015033891
(b),2,22,BUS22_IA_MAG,71316,1.967000000004191,988.0815365825508,998.4857316402672,0.9895800263058092
(b),2,22,BUS22_IA_MAG,71317,2.0,999.530183477916,998.4857316402672,1.001046035816589
(b),2,22,BUS22_IA_MAG,71318,2.0330000000112705,1018.0114307388776,998.4857316402672,1.019555311087455
(b),2,22,BUS22_IA_MAG,71319,2.0670000000100117,1021.5624066098052,998.4857316402672,1.023111672243557
(b),2,22,BUS22_IA_MAG,71320,2.1000000000058208,1019.9353448858634,998.4857316402672,1.0214821429750025
(b),2,22,BUS22_IA_MAG,71321,2.13300000000163,1036.4478509565024,998.4857316402672,1.0380196913318658
(b),2,22,BUS22_IA_MAG,71322,2.1670000000012806,1027.9205830464564,998.4857316402672,1.029479491267076
(b),2,22,BUS22_IA_MAG,71323,2.200000000007094,1031.3375482075774,998.4857316402672,1.0329016384774399
(b),2,22,BUS22_IA_MAG,71324,2.2330000000074506,1032.8415000536124,998.4857316402672,1.0344078711639746
(b),2,22,BUS22_IA_MAG,71325,2.2670000000071013,1027.1914085019353,998.4857316402672,1.0287492108820742
(b),2,22,BUS22_IA_MAG,71326,2.3000000000029104,1023.6621655999616,998.4857316402672,1.0252146156543827
(b),2,22,BUS22_IA_MAG,71327,2.332999999999174,1021.469640325956,998.4857316402672,1.0230187652736227
(b),2,22,BUS22_IA_MAG,71328,2.3669999999992797,1023.5223057850588,998.4857316402672,1.0250745437330013
(b),2,22,BUS22_IA_MAG,71329,2.400000000008731,1007.2027551337852,998.4857316402672,1.008730243424909
(b),2,22,BUS22_IA_MAG,71330,2.4330000000040855,1014.9197480000672,998.4857316402672,1.0164589396112882
(b),2,22,BUS22_IA_MAG,71331,2.467000000004191,1009.1013382902694,998.4857316402672,1.0106317059058654
(b),2,22,BUS22_IA_MAG,71332,2.5,993.753246195744,998.4857316402672,0.995260337434418
(b),2,22,BUS22_IA_MAG,71333,2.5330000000112705,992.9994028568268,998.4857316402672,0.9945053508431936
(b),2,22,BUS22_IA_MAG,71334,2.5670000000100117,992.480535775818,998.4857316402672,0.9939856968666101
(b),2,22,BUS22_IA_MAG,71335,2.6000000000058208,981.8095791763916,998.4857316402672,0.983298557069533
(b),2,22,BUS22_IA_MAG,71336,2.63300000000163,988.5967997351308,998.4857316402672,0.9900960708883728
(b),2,22,BUS22_IA_MAG,71337,2.6670000000012806,974.9706642525144,998.4857316402672,0.9764492704876981
(b),2,22,BUS22_IA_MAG,71338,2.700000000007094,974.670148103596,998.4857316402672,0.9761482985865526
(b),2,22,BUS22_IA_MAG,71339,2.7330000000074506,975.4531342833652,998.4857316402672,0.976932472215637
(b),2,22,BUS22_IA_MAG,71340,2.7670000000071013,987.8642231218016,998.4857316402672,0.989362383275105
(b),2,22,BUS22_IA_MAG,71341,2.8000000000029104,985.8025184068453,998.4857316402672,0.9872975518512552
(b),2,22,BUS22_IA_MAG,71342,2.832999999999174,983.5903759422584,998.4857316402672,0.9850820545291725
(b),2,22,BUS22_IA_MAG,71343,2.8669999999992797,996.7830958562588,998.4857316402672,0.9982947820584162
(b),2,22,BUS22_IA_MAG,71344,2.900000000008731,991.2368242026372,998.4857316402672,0.9927400991241789
(b),2,22,BUS22_IA_MAG,71345,2.9330000000040855,1004.078199068115,998.4857316402672,1.0056009487673507
(b),2,22,BUS22_IA_MAG,71346,2.967000000004191,996.99135317222,998.4857316402672,0.9985033552101017
(b),2,22,BUS22_IA_MAG,71347,3.0,999.0657731839732,998.4857316402672,1.0005809212143204
(b),2,22,BUS22_IA_MAG,71348,3.0330000000112705,995.6262566845114,998.4857316402672,0.9971361884650486
(b),2,22,BUS22_IA_MAG,71349,3.0670000000100117,1005.2800096489424,998.4857316402672,1.0068045819718563
(b),2,22,BUS22_IA_MAG,71350,3.1000000000058208,1008.7561950878196,998.4857316402672,1.010286039271368
(b),2,22,BUS22_IA_MAG,71351,3.13300000000163,1003.2113870744704,998.4857316402672,1.0047328221971086
(b),2,22,BUS22_IA_MAG,71352,3.1670000000012806,998.2246236387792,998.4857316402672,0.9997384960112959
(b),2,22,BUS22_IA_MAG,71353,3.200000000007094,996.3257685202052,998.4857316402672,0.9978367611558017
(b),2,22,BUS22_IA_MAG,71354,3.2330000000074506,998.7512503272444,998.4857316402672,1.0002659213632838
(b),2,22,BUS22_IA_MAG,71355,3.2670000000071013,999.6298262546744,998.4857316402672,1.0011458297080797
(b),2,22,BUS22_IA_MAG,71356,3.3000000000029104,995.9127586989118,998.4857316402672,0.9974231249783323
(b),2,22,BUS22_IA_MAG,71357,3.332999999999174,991.1767940750808,998.4857316402672,0.9926799779570414
(b),2,22,BUS22_IA_MAG,71358,3.3669999999992797,994.9986017396544,998.4857316402672,0.9965075816407669
(b),2,22,BUS22_IA_MAG,71359,3.400000000008731,996.3266524854612,998.4857316402672,0.9978376464616483
(b),2,22,BUS22_IA_MAG,71360,3.4330000000040855,999.9544720124552,998.4857316402672,1.0014709678122042
(b),2,22,BUS22_IA_MAG,71361,3.467000000004191,989.313684278918,998.4857316402672,0.9908140426340577
(b),2,22,BUS22_IA_MAG,71362,3.5,993.7878698860304,998.4857316402672,0.9952950136337758
(b),2,22,BUS22_IA_MAG,71363,3.5330000000112705,997.4294510411504,998.4857316402672,0.9989421174828592
(b),2,22,BUS22_IA_MAG,71364,3.5670000000100117,991.4771532153326,998.4857316402672,0.9929807926114064
(b),2,22,BUS22_IA_MAG,71365,3.6000000000058208,1001.4960590660588,998.4857316402672,1.0030148927825402
(b),2,22,BUS22_IA_MAG,71366,3.63300000000163,993.8279360519977,998.4857316402672,0.9953351405626819
(b),2,22,BUS22_IA_MAG,71367,3.6670000000012806,997.347363149362,998.4857316402672,0.9988599050994598
(b),2,22,BUS22_IA_MAG,71368,3.700000000007094,1005.5525807206355,998.4857316402672,1.007077566415255
(b),2,22,BUS22_IA_MAG,71369,3.7330000000074506,1008.7336315764776,998.4857316402672,1.010263441540998
(b),2,22,BUS22_IA_MAG,71370,3.7670000000071013,1002.9443748802508,998.4857316402672,1.0044654050615818
(b),2,22,BUS22_IA_MAG,71371,3.8000000000029104,1002.6381388641817,998.4857316402672,1.0041587046187361
(b),2,22,BUS22_IA_MAG,71372,3.832999999999174,999.27214453981,998.4857316402672,1.0007876055457006
(b),2,22,BUS22_IA_MAG,71373,3.8669999999992797,1006.5663177904372,998.4857316402672,1.0080928408830596
(b),2,22,BUS22_IA_MAG,71374,3.900000000008731,1001.4075973433854,998.4857316402672,1.002926296901928
(b),2,22,BUS22_IA_MAG,71375,3.9330000000040855,1005.823318230898,998.4857316402672,1.0073487145165079
(b),2,22,BUS22_IA_MAG,71376,3.967000000004191,1001.2506687788476,998.4857316402672,1.002769130345046
(b),2,22,BUS22_IA_MAG,71377,4.0,999.910477588366,998.4857316402672,1.001426906667718
(b),2,22,BUS22_IA_MAG,71378,4.0330000000112705,1005.8140117813434,998.4857316402672,1.007339393953119
(b),2,22,BUS22_IA_MAG,71379,4.067000000010012,1010.7664763951778,998.4857316402672,1.0122993693006874
(b),2,22,BUS22_IA_MAG,71380,4.100000000005821,1002.8535043004327,998.4857316402672,1.0043743966706369
(b),2,22,BUS22_IA_MAG,71381,4.13300000000163,1004.8268569493674,998.4857316402672,1.0063507420368274
(b),2,22,BUS22_IA_MAG,71382,4.167000000001281,1007.5285208333167,998.4857316402672,1.0090565031692487
(b),2,22,BUS22_IA_MAG,71383,4.200000000007094,993.1095473975424,998.4857316402672,0.9946156624252477
(b),2,22,BUS22_IA_MAG,71384,4.233000000007451,993.9637871460818,998.4857316402672,0.9954711976837597
(b),2,22,BUS22_IA_MAG,71385,4.267000000007101,1005.8474719460744,998.4857316402672,1.0073729048623596
(b),2,22,BUS22_IA_MAG,71386,4.30000000000291,992.029310036522,998.4857316402672,0.9935337868142203
(b),2,22,BUS22_IA_MAG,71387,4.332999999999174,1009.2990154698344,998.4857316402672,1.0108296828756917
(b),2,22,BUS22_IA_MAG,71388,4.36699999999928,994.9776936131732,998.4857316402672,0.9964866418057561
(b),2,22,BUS22_IA_MAG,71389,4.400000000008731,995.9747364031986,998.4857316402672,0.9974851966758266
(b),2,22,BUS22_IA_MAG,71390,4.4330000000040855,988.0279218112177,998.4857316402672,0.9895263302241987
(b),2,22,BUS22_IA_MAG,71391,4.467000000004191,994.5475695175614,998.4857316402672,0.9960558653990615
(b),2,22,BUS22_IA_MAG,71392,4.5,992.3822042468024,998.4857316402672,0.9938872162114544
(b),2,22,BUS22_IA_MAG,71393,4.5330000000112705,995.7756010218832,998.4857316402672,0.9972857592927924
(b),2,22,BUS22_IA_MAG,71394,4.567000000010012,999.4643350739194,998.4857316402672,1.0009800875492179
(b),2,22,BUS22_IA_MAG,71395,4.600000000005821,995.858963879236,998.4857316402672,0.997369248575324
(b),2,22,BUS22_IA_MAG,71396,4.63300000000163,994.7347312487271,998.4857316402672,0.9962433109731292
(b),2,22,BUS22_IA_MAG,71397,4.667000000001281,995.859392128118,998.4857316402672,0.9973696774736732
(b),2,22,BUS22_IA_MAG,71398,4.700000000007094,997.6563814759468,998.4857316402672,0.9991693920723754
(b),2,22,BUS22_IA_MAG,71399,4.733000000007451,990.0948148862274,998.4857316402672,0.9915963578765862
(b),2,22,BUS22_IA_MAG,71400,4.767000000007101,1008.1334875984196,998.4857316402672,1.0096623874056803
(b),2,22,BUS22_IA_MAG,71401,4.80000000000291,996.9065920942884,998.4857316402672,0.9984184655864989
(b),2,22,BUS22_IA_MAG,71402,4.832999999999174,998.9954043058428,998.4857316402672,1.0005104456172231
(b),2,22,BUS22_IA_MAG,71403,4.86699999999928,999.6389458226206,998.4857316402672,1.001154963106442
(b),2,22,BUS22_IA_MAG,71404,4.900000000008731,1007.150104771548,998.4857316402672,1.0086775132149834
(b),2,22,BUS22_IA_MAG,71405,4.9330000000040855,1008.9704391022116,998.4857316402672,1.0105006082007006
(b),2,22,BUS22_IA_MAG,71406,4.967000000004191,999.5756766802352,998.4857316402672,1.0010915980122996
(b),2,22,BUS22_IA_MAG,71407,5.0,1006.093697597124,998.4857316402672,1.0076195039305758
(b),2,22,BUS22_IA_MAG,71408,5.0330000000112705,1000.793340086742,998.4857316402672,1.0023111080843228
(b),2,22,BUS22_IA_MAG,71409,5.067000000010012,1003.4537679956082,998.4857316402672,1.0049755707046306
(b),2,22,BUS22_IA_MAG,71410,5.100000000005821,995.718073995493,998.4857316402672,0.9972281450229362
(b),2,22,BUS22_IA_MAG,71411,5.13300000000163,994.9129146843472,998.4857316402672,0.9964217646354838
(b),2,22,BUS22_IA_MAG,71412,5.167000000001281,1008.519259952723,998.4857316402672,1.0100487448087747
(b),2,22,BUS22_IA_MAG,71413,5.200000000007094,1001.3052472147724,998.4857316402672,1.0028237915527078
(b),2,22,BUS22_IA_MAG,71414,5.233000000007451,994.854647693145,998.4857316402672,0.9963634092786111
(b),2,22,BUS22_IA_MAG,71415,5.267000000007101,1002.4362743941876,998.4857316402672,1.0039565340081833
(b),2,22,BUS22_IA_MAG,71416,5.30000000000291,1000.9979257209716,998.4857316402672,1.0025160039859333
(b),2,22,BUS22_IA_MAG,71417,5.332999999999174,988.8702105710128,998.4857316402672,0.990369896369517
(b),2,22,BUS22_IA_MAG,71418,5.36699999999928,993.4162982849286,998.4857316402672,0.9949228785202461
(b),2,22,BUS22_IA_MAG,71419,5.400000000008731,1001.6775569434806,998.4857316402672,1.0031966659132625
(b),2,22,BUS22_IA_MAG,71420,5.4330000000040855,999.2322787664758,998.4857316402672,1.000747679313336
(b),2,22,BUS22_IA_MAG,71421,5.467000000004191,1001.9816776849608,998.4857316402672,1.003501247873568
(b),2,22,BUS22_IA_MAG,71422,5.5,1009.2694565659586,998.4857316402672,1.0108000791438216
(b),2,22,BUS22_IA_MAG,71423,5.5330000000112705,1002.1934337479456,998.4857316402672,1.0037133250783539
(b),2,22,BUS22_IA_MAG,71424,5.567000000010012,1005.8253451386538,998.4857316402672,1.0073507444982006
(b),2,22,BUS22_IA_MAG,71425,5.600000000005821,997.007961351778,998.4857316402672,0.9985199885770409
(b),2,22,BUS22_IA_MAG,71426,5.63300000000163,1002.549191269089,998.4857316402672,1.0040696221288476
(b),2,22,BUS22_IA_MAG,71427,5.667000000001281,997.4868516631504,998.4857316402672,0.9989996051566247
(b),2,22,BUS22_IA_MAG,71428,5.700000000007094,1002.074898659475,998.4857316402672,1.0035946102237352
(b),2,22,BUS22_IA_MAG,71429,5.733000000007451,996.8324060168396,998.4857316402672,0.9983441670010531
(b),2,22,BUS22_IA_MAG,71430,5.767000000007101,1000.0059206722032,998.4857316402672,1.001522494497181
(b),2,22,BUS22_IA_MAG,71431,5.80000000000291,1003.7890071965448,998.4857316402672,1.0053113183175544
(b),2,22,BUS22_IA_MAG,71432,5.832999999999174,996.7720685349134,998.4857316402672,0.9982837380134228
(b),2,22,BUS22_IA_MAG,71433,5.86699999999928,1002.1771278821932,998.4857316402672,1.0036969944836989
(b),2,22,BUS22_IA_MAG,71434,5.900000000008731,993.0663436939024,998.4857316402672,0.9945723932003895
(b),2,22,BUS22_IA_MAG,71435,5.9330000000040855,1000.0716646019454,998.4857316402672,1.0015883381318558
(b),2,22,BUS22_IA_MAG,71436,5.967000000004191,994.890328709051,998.4857316402672,0.9963991444070915
(b),2,22,BUS22_IA_MAG,71437,6.0,1003.8282477584188,998.4857316402672,1.005350618390285
(b),2,39,BUS39_IA_MAG,71227,-1.0,243.70957529317755,245.6234797706988,0.9922079742567447
(b),2,39,BUS39_IA_MAG,71228,-0.9669999999887295,245.4448783304809,245.6234797706988,0.9992728649541786
(b),2,39,BUS39_IA_MAG,71229,-0.9329999999899883,246.66205403841872,245.6234797706988,1.0042283183541307
(b),2,39,BUS39_IA_MAG,71230,-0.8999999999941792,246.3624586617429,245.6234797706988,1.0030085840805365
(b),2,39,BUS39_IA_MAG,71231,-0.8669999999983702,245.26133384161173,245.6234797706988,0.9985256054127026
(b),2,39,BUS39_IA_MAG,71232,-0.8329999999987194,245.9828897648992,245.6234797706988,1.001463255852152
(b),2,39,BUS39_IA_MAG,71233,-0.7999999999929059,245.9227305198048,245.6234797706988,1.0012183312010128
(b),2,39,BUS39_IA_MAG,71234,-0.7669999999925494,243.41705230272893,245.6234797706988,0.9910170335912932
(b),2,39,BUS39_IA_MAG,71235,-0.7329999999928987,244.9176199891826,245.6234797706988,0.9971262528233248
(b),2,39,BUS39_IA_MAG,71236,-0.6999999999970896,246.1531577,245.6234797706988,1.0021564629317836
(b),2,39,BUS39_IA_MAG,71237,-0.6670000000008258,244.34196651066,245.6234797706988,0.9947826109245128
(b),2,39,BUS39_IA_MAG,71238,-0.6330000000007203,245.3179758470468,245.6234797706988,0.9987562104244383
(b),2,39,BUS39_IA_MAG,71239,-0.5999999999912689,247.44523065447603,245.6234797706988,1.007416843395745
(b),2,39,BUS39_IA_MAG,71240,-0.5669999999959145,243.74482696075813,245.6234797706988,0.9923514933845312
(b),2,39,BUS39_IA_MAG,71241,-0.532999999995809,246.5080028,245.6234797706988,1.0036011338579152
(b),2,39,BUS39_IA_MAG,71242,-0.5,247.1599453413652,245.6234797706988,1.0062553692835097
(b),2,39,BUS39_IA_MAG,71243,-0.46699999998872954,245.43093013773245,245.6234797706988,0.9992160780673488
(b),2,39,BUS39_IA_MAG,71244,-0.4329999999899883,245.06194386019047,245.6234797706988,0.9977138345607979
(b),2,39,BUS39_IA_MAG,71245,-0.39999999999417923,245.7509583013359,245.6234797706988,1.0005189997745987
(b),2,39,BUS39_IA_MAG,71246,-0.3669999999983702,246.19139181114053,245.6234797706988,1.002312124398579
(b),2,39,BUS39_IA_MAG,71247,-0.33299999999871943,244.676502825748,245.6234797706988,0.9961445992629253
(b),2,39,BUS39_IA_MAG,71248,-0.29999999999290594,246.6527089482437,245.6234797706988,1.0041902719500015
(b),2,39,BUS39_IA_MAG,71249,-0.2669999999925494,244.37760899302307,245.6234797706988,0.9949277211655873
(b),2,39,BUS39_IA_MAG,71250,-0.23299999999289867,244.7312678157944,245.6234797706988,0.9963675624344329
(b),2,39,BUS39_IA_MAG,71251,-0.19999999999708962,244.68710553701573,245.6234797706988,0.9961877657846179
(b),2,39,BUS39_IA_MAG,71252,-0.16700000000082582,245.3528757989811,245.6234797706988,0.998898297622156
(b),2,39,BUS39_IA_MAG,71253,-0.13300000000072032,244.9508239087293,245.6234797706988,0.9972614350118423
(b),2,39,BUS39_IA_MAG,71254,-0.09999999999126885,246.10500923062585,245.6234797706988,1.0019604374157414
(b),2,39,BUS39_IA_MAG,71255,-0.06699999999591455,246.36538079021483,245.6234797706988,1.0030204808604155
(b),2,39,BUS39_IA_MAG,71256,-0.03299999999580905,244.32696901085387,245.6234797706988,0.9947215520232215
(b),2,39,BUS39_IA_MAG,71257,0.0,240.0393658802797,245.6234797706988,0.977265553376118
(b),2,39,BUS39_IA_MAG,71258,0.03300000001127046,229.76397885954705,245.6234797706988,0.9354316577309412
(b),2,39,BUS39_IA_MAG,71259,0.06700000001001172,223.19496657814045,245.6234797706988,0.908687421847877
(b),2,39,BUS39_IA_MAG,71260,0.10000000000582077,222.18075055842328,245.6234797706988,0.904558272547232
(b),2,39,BUS39_IA_MAG,71261,0.13300000000162981,224.87295330870168,245.6234797706988,0.9155189622695326
(b),2,39,BUS39_IA_MAG,71262,0.16700000000128057,225.92175170647167,245.6234797706988,0.9197889058382381
(b),2,39,BUS39_IA_MAG,71263,0.20000000000709406,223.840453,245.6234797706988,0.9113153726547873
(b),2,39,BUS39_IA_MAG,71264,0.23300000000745058,225.8527795774577,245.6234797706988,0.9195081015394051
(b),2,39,BUS39_IA_MAG,71265,0.26700000000710133,228.9616456643484,245.6234797706988,0.9321651410447201
(b),2,39,BUS39_IA_MAG,71266,0.3000000000029104,231.0200526417057,245.6234797706988,0.9405454757719983
(b),2,39,BUS39_IA_MAG,71267,0.3329999999991742,239.3131874556161,245.6234797706988,0.9743090834761657
(b),2,39,BUS39_IA_MAG,71268,0.3669999999992797,241.2741567120908,245.6234797706988,0.9822927227369781
(b),2,39,BUS39_IA_MAG,71269,0.40000000000873115,248.5869340003443,245.6234797706988,1.0120650282799186
(b),2,39,BUS39_IA_MAG,71270,0.43300000000408545,258.20539766837294,245.6234797706988,1.0512244102616735
(b),2,39,BUS39_IA_MAG,71271,0.46700000000419095,274.3220861510986,245.6234797706988,1.1168398330940972
(b),2,39,BUS39_IA_MAG,71272,0.5,299.5762076136549,245.6234797706988,1.219656231127918
(b),2,39,BUS39_IA_MAG,71273,0.5330000000112705,316.8465231690432,245.6234797706988,1.289968383579756
(b),2,39,BUS39_IA_MAG,71274,0.5670000000100117,323.9777288660748,245.6234797706988,1.319001461784205
(b),2,39,BUS39_IA_MAG,71275,0.6000000000058208,330.2933372,245.6234797706988,1.3447140212667965
(b),2,39,BUS39_IA_MAG,71276,0.6330000000016298,339.92189882989976,245.6234797706988,1.3839145147981498
(b),2,39,BUS39_IA_MAG,71277,0.6670000000012806,348.6073884739199,245.6234797706988,1.4192755057430237
(b),2,39,BUS39_IA_MAG,71278,0.7000000000070941,349.25162005472725,245.6234797706988,1.4218983477506721
(b),2,39,BUS39_IA_MAG,71279,0.7330000000074506,348.9552503036215,245.6234797706988,1.4206917458761996
(b),2,39,BUS39_IA_MAG,71280,0.7670000000071013,348.6913983873801,245.6234797706988,1.4196175329528762
(b),2,39,BUS39_IA_MAG,71281,0.8000000000029104,342.5847875764991,245.6234797706988,1.3947558592375544
(b),2,39,BUS39_IA_MAG,71282,0.8329999999991742,332.8735428620551,245.6234797706988,1.3552187403777864
(b),2,39,BUS39_IA_MAG,71283,0.8669999999992797,323.0118921,245.6234797706988,1.3150692775851356
(b),2,39,BUS39_IA_MAG,71284,0.9000000000087311,304.8503389567083,245.6234797706988,1.2411286544808362
(b),2,39,BUS39_IA_MAG,71285,0.9330000000040855,291.1158392679835,245.6234797706988,1.1852117702255256
(b),2,39,BUS39_IA_MAG,71286,0.967000000004191,275.2515157297203,245.6234797706988,1.1206237937296577
(b),2,39,BUS39_IA_MAG,71287,1.0,257.48294464530994,245.6234797706988,1.0482831074850114
(b),2,39,BUS39_IA_MAG,71288,1.0330000000112705,244.34388298935207,245.6234797706988,0.9947904134305837
(b),2,39,BUS39_IA_MAG,71289,1.0670000000100117,227.1619919130864,245.6234797706988,0.9248382610862486
(b),2,39,BUS39_IA_MAG,71290,1.1000000000058208,210.13725621070057,245.6234797706988,0.8555259310179698
(b),2,39,BUS39_IA_MAG,71291,1.1330000000016298,202.02369464335467,245.6234797706988,0.8224934148476091
(b),2,39,BUS39_IA_MAG,71292,1.1670000000012806,189.93398510032543,245.6234797706988,0.773272918686918
(b),2,39,BUS39_IA_MAG,71293,1.200000000007094,180.3647645031936,245.6234797706988,0.7343140186417548
(b),2,39,BUS39_IA_MAG,71294,1.2330000000074506,174.01521013514028,245.6234797706988,0.7084632556203168
(b),2,39,BUS39_IA_MAG,71295,1.2670000000071013,172.3538722299097,245.6234797706988,0.7016994970953521
(b),2,39,BUS39_IA_MAG,71296,1.3000000000029104,171.92602547642784,245.6234797706988,0.6999576165801777
(b),2,39,BUS39_IA_MAG,71297,1.3329999999991742,171.19671112494856,245.6234797706988,0.6969883794691324
(b),2,39,BUS39_IA_MAG,71298,1.3669999999992797,173.9726057526546,245.6234797706988,0.7082898015900854
(b),2,39,BUS39_IA_MAG,71299,1.4000000000087311,173.6748461432478,245.6234797706988,0.7070775412244039
(b),2,39,BUS39_IA_MAG,71300,1.4330000000040855,176.3876986121464,245.6234797706988,0.7181223015682895
(b),2,39,BUS39_IA_MAG,71301,1.467000000004191,181.5788141325829,245.6234797706988,0.7392567449255883
(b),2,39,BUS39_IA_MAG,71302,1.5,185.7048447,245.6234797706988,0.7560549377175354
(b),2,39,BUS39_IA_MAG,71303,1.5330000000112705,187.3726143848293,245.6234797706988,0.7628448817668023
(b),2,39,BUS39_IA_MAG,71304,1.5670000000100117,191.91422229350732,245.6234797706988,0.7813350029592789
(b),2,39,BUS39_IA_MAG,71305,1.6000000000058208,195.0438128415624,245.6234797706988,0.7940764173834077
(b),2,39,BUS39_IA_MAG,71306,1.6330000000016298,199.0141784858875,245.6234797706988,0.8102408559298838
(b),2,39,BUS39_IA_MAG,71307,1.6670000000012806,200.7787987536083,245.6234797706988,0.8174251050471432
(b),2,39,BUS39_IA_MAG,71308,1.700000000007094,201.1339963624052,245.6234797706988,0.8188712111324755
(b),2,39,BUS39_IA_MAG,71309,1.7330000000074506,204.36779788877257,245.6234797706988,0.8320368967965099
(b),2,39,BUS39_IA_MAG,71310,1.7670000000071013,207.52485566549163,245.6234797706988,0.8448901377800931
(b),2,39,BUS39_IA_MAG,71311,1.8000000000029104,210.56418136125689,245.6234797706988,0.8572640594369422
(b),2,39,BUS39_IA_MAG,71312,1.8329999999991742,214.63612423181127,245.6234797706988,0.8738420465021679
(b),2,39,BUS39_IA_MAG,71313,1.8669999999992797,220.4242234388638,245.6234797706988,0.8974069728376143
(b),2,39,BUS39_IA_MAG,71314,1.9000000000087311,224.66843985085623,245.6234797706988,0.9146863323514304
(b),2,39,BUS39_IA_MAG,71315,1.9330000000040855,229.1445597793713,245.6234797706988,0.9329098341627952
(b),2,39,BUS39_IA_MAG,71316,1.967000000004191,236.39721072483937,245.6234797706988,0.9624373490088465
(b),2,39,BUS39_IA_MAG,71317,2.0,241.5144406116196,245.6234797706988,0.9832709838533548
(b),2,39,BUS39_IA_MAG,71318,2.0330000000112705,248.67580139629104,245.6234797706988,1.0124268316222933
(b),2,39,BUS39_IA_MAG,71319,2.0670000000100117,254.977132365058,245.6234797706988,1.0380812640676342
(b),2,39,BUS39_IA_MAG,71320,2.1000000000058208,260.9739328454223,245.6234797706988,1.062495870057105
(b),2,39,BUS39_IA_MAG,71321,2.13300000000163,268.99182829214016,245.6234797706988,1.095138903427542
(b),2,39,BUS39_IA_MAG,71322,2.1670000000012806,274.8878656219164,245.6234797706988,1.1191432752216413
(b),2,39,BUS39_IA_MAG,71323,2.200000000007094,276.1787541664855,245.6234797706988,1.1243988336306916
(b),2,39,BUS39_IA_MAG,71324,2.2330000000074506,282.29997283036954,245.6234797706988,1.1493199798891784
(b),2,39,BUS39_IA_MAG,71325,2.2670000000071013,280.8504374525161,245.6234797706988,1.1434185270671327
(b),2,39,BUS39_IA_MAG,71326,2.3000000000029104,282.1720427451265,245.6234797706988,1.1487991417129482
(b),2,39,BUS39_IA_MAG,71327,2.332999999999174,285.2291595841932,245.6234797706988,1.1612454959536775
(b),2,39,BUS39_IA_MAG,71328,2.3669999999992797,280.98726849890284,245.6234797706988,1.143975603477395
(b),2,39,BUS39_IA_MAG,71329,2.400000000008731,281.4844003413275,245.6234797706988,1.145999562436403
(b),2,39,BUS39_IA_MAG,71330,2.4330000000040855,276.4729252536534,245.6234797706988,1.125596484146198
(b),2,39,BUS39_IA_MAG,71331,2.467000000004191,272.1854042442346,245.6234797706988,1.1081408198366565
(b),2,39,BUS39_IA_MAG,71332,2.5,266.6026297,245.6234797706988,1.0854118260554173
(b),2,39,BUS39_IA_MAG,71333,2.5330000000112705,261.84697510643696,245.6234797706988,1.066050262584357
(b),2,39,BUS39_IA_MAG,71334,2.5670000000100117,258.3949556997564,245.6234797706988,1.051996152570513
(b),2,39,BUS39_IA_MAG,71335,2.6000000000058208,252.33717678675143,245.6234797706988,1.0273332867945695
(b),2,39,BUS39_IA_MAG,71336,2.63300000000163,247.0285126635721,245.6234797706988,1.0057202711002424
(b),2,39,BUS39_IA_MAG,71337,2.6670000000012806,244.8900227215476,245.6234797706988,0.9970138968398465
(b),2,39,BUS39_IA_MAG,71338,2.700000000007094,242.0755208,245.6234797706988,0.9855552939238098
(b),2,39,BUS39_IA_MAG,71339,2.7330000000074506,235.8157651882572,245.6234797706988,0.9600701260661335
(b),2,39,BUS39_IA_MAG,71340,2.7670000000071013,235.51601811828945,245.6234797706988,0.9588497742078846
(b),2,39,BUS39_IA_MAG,71341,2.8000000000029104,233.6343077178615,245.6234797706988,0.9511888193098244
(b),2,39,BUS39_IA_MAG,71342,2.832999999999174,234.73596701647145,245.6234797706988,0.9556739739849327
(b),2,39,BUS39_IA_MAG,71343,2.8669999999992797,232.3693761543373,245.6234797706988,0.9460389388313575
(b),2,39,BUS39_IA_MAG,71344,2.900000000008731,230.48536717525664,245.6234797706988,0.9383686257943488
(b),2,39,BUS39_IA_MAG,71345,2.9330000000040855,229.8742589282084,245.6234797706988,0.9358806378885559
(b),2,39,BUS39_IA_MAG,71346,2.967000000004191,234.3948237,245.6234797706988,0.954285086746669
(b),2,39,BUS39_IA_MAG,71347,3.0,232.1937991812601,245.6234797706988,0.9453241172139734
(b),2,39,BUS39_IA_MAG,71348,3.0330000000112705,230.4788171943664,245.6234797706988,0.9383419590404359
(b),2,39,BUS39_IA_MAG,71349,3.0670000000100117,232.1057291357343,245.6234797706988,0.9449655601020556
(b),2,39,BUS39_IA_MAG,71350,3.1000000000058208,232.50205705478675,245.6234797706988,0.9465791188685971
(b),2,39,BUS39_IA_MAG,71351,3.13300000000163,235.0944207308396,245.6234797706988,0.9571333365617629
(b),2,39,BUS39_IA_MAG,71352,3.1670000000012806,233.7781560716209,245.6234797706988,0.9517744650872301
(b),2,39,BUS39_IA_MAG,71353,3.200000000007094,234.83892543939,245.6234797706988,0.9560931457311138
(b),2,39,BUS39_IA_MAG,71354,3.2330000000074506,234.5743879419731,245.6234797706988,0.9550161416203348
(b),2,39,BUS39_IA_MAG,71355,3.2670000000071013,233.2375538363814,245.6234797706988,0.9495735263343706
(b),2,39,BUS39_IA_MAG,71356,3.3000000000029104,234.86324286251903,245.6234797706988,0.9561921485754336
(b),2,39,BUS39_IA_MAG,71357,3.332999999999174,237.3622618528414,245.6234797706988,0.9663663346616145
(b),2,39,BUS39_IA_MAG,71358,3.3669999999992797,236.54005147322525,245.6234797706988,0.9630188925506904
(b),2,39,BUS39_IA_MAG,71359,3.400000000008731,238.79835294914625,245.6234797706988,0.9722130521563975
(b),2,39,BUS39_IA_MAG,71360,3.4330000000040855,240.5664764113684,245.6234797706988,0.9794115637314016
(b),2,39,BUS39_IA_MAG,71361,3.467000000004191,240.72432260981185,245.6234797706988,0.980054198542173
(b),2,39,BUS39_IA_MAG,71362,3.5,242.9153457264323,245.6234797706988,0.9889744496462851
(b),2,39,BUS39_IA_MAG,71363,3.5330000000112705,242.4999838559933,245.6234797706988,0.9872833984860835
(b),2,39,BUS39_IA_MAG,71364,3.5670000000100117,246.0049504849445,245.6234797706988,1.0015530710443554
(b),2,39,BUS39_IA_MAG,71365,3.6000000000058208,248.9082315590092,245.6234797706988,1.0133731180397612
(b),2,39,BUS39_IA_MAG,71366,3.63300000000163,251.9882728667129,245.6234797706988,1.025912804028165
(b),2,39,BUS39_IA_MAG,71367,3.6670000000012806,252.30899514485813,245.6234797706988,1.0272185516645256
(b),2,39,BUS39_IA_MAG,71368,3.700000000007094,256.82112266299185,245.6234797706988,1.045588650167918
(b),2,39,BUS39_IA_MAG,71369,3.7330000000074506,256.05275878792247,245.6234797706988,1.0424604318241883
(b),2,39,BUS39_IA_MAG,71370,3.7670000000071013,257.1644281982446,245.6234797706988,1.0469863403870014
(b),2,39,BUS39_IA_MAG,71371,3.8000000000029104,259.15973292179524,245.6234797706988,1.0551097686741235
(b),2,39,BUS39_IA_MAG,71372,3.832999999999174,260.19233313286844,245.6234797706988,1.0593137650185982
(b),2,39,BUS39_IA_MAG,71373,3.8669999999992797,258.46524631856664,245.6234797706988,1.052282324799959
(b),2,39,BUS39_IA_MAG,71374,3.900000000008731,261.5834206554828,245.6234797706988,1.0649772607231336
(b),2,39,BUS39_IA_MAG,71375,3.9330000000040855,259.6892634158722,245.6234797706988,1.0572656313570041
(b),2,39,BUS39_IA_MAG,71376,3.967000000004191,260.2468906,245.6234797706988,1.0595358833078696
(b),2,39,BUS39_IA_MAG,71377,4.0,258.64491973777734,245.6234797706988,1.0530138241638571
(b),2,39,BUS39_IA_MAG,71378,4.0330000000112705,259.19234238556703,245.6234797706988,1.055242530671479
(b),2,39,BUS39_IA_MAG,71379,4.067000000010012,255.8999979208492,245.6234797706988,1.0418385007807234
(b),2,39,BUS39_IA_MAG,71380,4.100000000005821,254.34779793312444,245.6234797706988,1.0355190724053345
(b),2,39,BUS39_IA_MAG,71381,4.13300000000163,252.7844445551885,245.6234797706988,1.0291542355444796
(b),2,39,BUS39_IA_MAG,71382,4.167000000001281,252.2276463895202,245.6234797706988,1.0268873587532703
(b),2,39,BUS39_IA_MAG,71383,4.200000000007094,249.6901390414784,245.6234797706988,1.0165564760933117
(b),2,39,BUS39_IA_MAG,71384,4.233000000007451,248.72440780692992,245.6234797706988,1.0126247215417923
(b),2,39,BUS39_IA_MAG,71385,4.267000000007101,247.4452714127061,245.6234797706988,1.0074170093335866
(b),2,39,BUS39_IA_MAG,71386,4.30000000000291,245.6969696397124,245.6234797706988,1.0002991972472755
(b),2,39,BUS39_IA_MAG,71387,4.332999999999174,245.59589513918425,245.6234797706988,0.9998876954616053
(b),2,39,BUS39_IA_MAG,71388,4.36699999999928,241.7438491792823,245.6234797706988,0.9842049685354254
(b),2,39,BUS39_IA_MAG,71389,4.400000000008731,243.61963338799032,245.6234797706988,0.9918417962949667
(b),2,39,BUS39_IA_MAG,71390,4.4330000000040855,240.71203685756768,245.6234797706988,0.9800041799028489
(b),2,39,BUS39_IA_MAG,71391,4.467000000004191,240.7911510868447,245.6234797706988,0.9803262754506805
(b),2,39,BUS39_IA_MAG,71392,4.5,238.60969673134903,245.6234797706988,0.9714449813759765
(b),2,39,BUS39_IA_MAG,71393,4.5330000000112705,241.13253250260345,245.6234797706988,0.9817161320559099
(b),2,39,BUS39_IA_MAG,71394,4.567000000010012,238.5701317,245.6234797706988,0.9712839013709788
(b),2,39,BUS39_IA_MAG,71395,4.600000000005821,239.2700383502338,245.6234797706988,0.9741334117308482
(b),2,39,BUS39_IA_MAG,71396,4.63300000000163,239.7705481032486,245.6234797706988,0.9761711230827191
(b),2,39,BUS39_IA_MAG,71397,4.667000000001281,240.7054002480094,245.6234797706988,0.9799771604600641
(b),2,39,BUS39_IA_MAG,71398,4.700000000007094,239.2652837365074,245.6234797706988,0.9741140544050305
(b),2,39,BUS39_IA_MAG,71399,4.733000000007451,237.615068560906,245.6234797706988,0.9673955795379618
(b),2,39,BUS39_IA_MAG,71400,4.767000000007101,236.84082548564024,245.6234797706988,0.9642434253709882
(b),2,39,BUS39_IA_MAG,71401,4.80000000000291,238.67548114945885,245.6234797706988,0.9717128076366061
(b),2,39,BUS39_IA_MAG,71402,4.832999999999174,238.7852771332757,245.6234797706988,0.9721598169531396
(b),2,39,BUS39_IA_MAG,71403,4.86699999999928,238.69976349612185,245.6234797706988,0.9718116676750913
(b),2,39,BUS39_IA_MAG,71404,4.900000000008731,239.7940254265449,245.6234797706988,0.9762667056520982
(b),2,39,BUS39_IA_MAG,71405,4.9330000000040855,240.7588583365676,245.6234797706988,0.9801948028801134
(b),2,39,BUS39_IA_MAG,71406,4.967000000004191,240.3146395131664,245.6234797706988,0.9783862672148101
(b),2,39,BUS39_IA_MAG,71407,5.0,241.85134048480325,245.6234797706988,0.9846425948797036
(b),2,39,BUS39_IA_MAG,71408,5.0330000000112705,241.8925729461909,245.6234797706988,0.9848104634459586
(b),2,39,BUS39_IA_MAG,71409,5.067000000010012,242.5486840004341,245.6234797706988,0.9874816700213873
(b),2,39,BUS39_IA_MAG,71410,5.100000000005821,246.5526205182676,245.6234797706988,1.003782784725777
(b),2,39,BUS39_IA_MAG,71411,5.13300000000163,243.9433724457652,245.6234797706988,0.993159826061816
(b),2,39,BUS39_IA_MAG,71412,5.167000000001281,244.4460811934206,245.6234797706988,0.9952064901190336
(b),2,39,BUS39_IA_MAG,71413,5.200000000007094,245.8683401132461,245.6234797706988,1.0009968930607769
(b),2,39,BUS39_IA_MAG,71414,5.233000000007451,247.3662783379573,245.6234797706988,1.0070954070387956
(b),2,39,BUS39_IA_MAG,71415,5.267000000007101,247.5976415702603,245.6234797706988,1.0080373496923196
(b),2,39,BUS39_IA_MAG,71416,5.30000000000291,248.3658794903426,245.6234797706988,1.0111650552390348
(b),2,39,BUS39_IA_MAG,71417,5.332999999999174,249.67883418489487,245.6234797706988,1.0165104509470428
(b),2,39,BUS39_IA_MAG,71418,5.36699999999928,249.8406592239966,245.6234797706988,1.0171692847004479
(b),2,39,BUS39_IA_MAG,71419,5.400000000008731,250.3608171265223,245.6234797706988,1.0192869890136156
(b),2,39,BUS39_IA_MAG,71420,5.4330000000040855,249.2623865423568,245.6234797706988,1.014814979313277
(b),2,39,BUS39_IA_MAG,71421,5.467000000004191,250.54677205164705,245.6234797706988,1.0200440620967686
(b),2,39,BUS39_IA_MAG,71422,5.5,250.8014969883073,245.6234797706988,1.0210811166035203
(b),2,39,BUS39_IA_MAG,71423,5.5330000000112705,249.3742427942664,245.6234797706988,1.0152703765416446
(b),2,39,BUS39_IA_MAG,71424,5.567000000010012,250.3754282971857,245.6234797706988,1.0193464750638785
(b),2,39,BUS39_IA_MAG,71425,5.600000000005821,250.44635574156743,245.6234797706988,1.0196352399834536
(b),2,39,BUS39_IA_MAG,71426,5.63300000000163,250.9599840637458,245.6234797706988,1.0217263605988682
(b),2,39,BUS39_IA_MAG,71427,5.667000000001281,251.83523529490023,245.6234797706988,1.0252897464444377
(b),2,39,BUS39_IA_MAG,71428,5.700000000007094,248.2581118963845,245.6234797706988,1.0107263040493737
(b),2,39,BUS39_IA_MAG,71429,5.733000000007451,247.8898314129343,245.6234797706988,1.0092269340225588
(b),2,39,BUS39_IA_MAG,71430,5.767000000007101,247.8850807588098,245.6234797706988,1.0092075928173574
(b),2,39,BUS39_IA_MAG,71431,5.80000000000291,246.39016865149264,245.6234797706988,1.0031213989864063
(b),2,39,BUS39_IA_MAG,71432,5.832999999999174,249.65890957953383,245.6234797706988,1.0164293324587792
(b),2,39,BUS39_IA_MAG,71433,5.86699999999928,245.9938795022332,245.6234797706988,1.0015079980622381
(b),2,39,BUS39_IA_MAG,71434,5.900000000008731,249.2870271609555,245.6234797706988,1.0149152979742686
(b),2,39,BUS39_IA_MAG,71435,5.9330000000040855,247.02587009853707,245.6234797706988,1.0057095124991613
(b),2,39,BUS39_IA_MAG,71436,5.967000000004191,244.51589856824987,245.6234797706988,0.9954907356435024
(b),2,39,BUS39_IA_MAG,71437,6.0,245.43455519456543,245.6234797706988,0.9992308366597944
(b),2,2,BUS2_IA_MAG,71227,-1.0,581.2029067931795,584.4629696492391,0.9944221224861927
(b),2,2,BUS2_IA_MAG,71228,-0.9669999999887295,586.1704160622951,584.4629696492391,1.0029213936583197
(b),2,2,BUS2_IA_MAG,71229,-0.9329999999899883,582.4860308764579,584.4629696492391,0.9966175123567407
(b),2,2,BUS2_IA_MAG,71230,-0.8999999999941792,587.1920877678033,584.4629696492391,1.0046694457310137
(b),2,2,BUS2_IA_MAG,71231,-0.8669999999983702,590.3675430961376,584.4629696492391,1.010102562101483
(b),2,2,BUS2_IA_MAG,71232,-0.8329999999987194,586.7329287916424,584.4629696492391,1.0038838374033612
(b),2,2,BUS2_IA_MAG,71233,-0.7999999999929059,579.8080903263784,584.4629696492391,0.9920356300320373
(b),2,2,BUS2_IA_MAG,71234,-0.7669999999925494,588.7193379307408,584.4629696492391,1.007282528581847
(b),2,2,BUS2_IA_MAG,71235,-0.7329999999928987,585.0212463965854,584.4629696492391,1.0009551960968226
(b),2,2,BUS2_IA_MAG,71236,-0.6999999999970896,585.4039575456217,584.4629696492391,1.0016100043035188
(b),2,2,BUS2_IA_MAG,71237,-0.6670000000008258,584.6746247544966,584.4629696492391,1.0003621360398325
(b),2,2,BUS2_IA_MAG,71238,-0.6330000000007203,586.1073937130357,584.4629696492391,1.0028135641592204
(b),2,2,BUS2_IA_MAG,71239,-0.5999999999912689,582.6393684,584.4629696492391,0.9968798686248104
(b),2,2,BUS2_IA_MAG,71240,-0.5669999999959145,585.0068221910727,584.4629696492391,1.0009305166795426
(b),2,2,BUS2_IA_MAG,71241,-0.532999999995809,583.7663997271292,584.4629696492391,0.9988081881003891
(b),2,2,BUS2_IA_MAG,71242,-0.5,587.0753341641993,584.4629696492391,1.0044696835396227
(b),2,2,BUS2_IA_MAG,71243,-0.46699999998872954,584.2129800206113,584.4629696492391,0.9995722746493627
(b),2,2,BUS2_IA_MAG,71244,-0.4329999999899883,582.9743509,584.4629696492391,0.9974530144311239
(b),2,2,BUS2_IA_MAG,71245,-0.39999999999417923,588.7302649623122,584.4629696492391,1.0073012244310946
(b),2,2,BUS2_IA_MAG,71246,-0.3669999999983702,584.5559781418239,584.4629696492391,1.000159134962204
(b),2,2,BUS2_IA_MAG,71247,-0.33299999999871943,584.9986619789478,584.4629696492391,1.0009165547819567
(b),2,2,BUS2_IA_MAG,71248,-0.29999999999290594,585.1866869275885,584.4629696492391,1.0012382602764103
(b),2,2,BUS2_IA_MAG,71249,-0.2669999999925494,584.3307952957778,584.4629696492391,0.9997738533314768
(b),2,2,BUS2_IA_MAG,71250,-0.23299999999289867,583.3295677,584.4629696492391,0.9980607805659283
(b),2,2,BUS2_IA_MAG,71251,-0.19999999999708962,584.7804477174452,584.4629696492391,1.0005431962069327
(b),2,2,BUS2_IA_MAG,71252,-0.16700000000082582,583.8194236261642,584.4629696492391,0.9988989105272809
(b),2,2,BUS2_IA_MAG,71253,-0.13300000000072032,588.8794826399619,584.4629696492391,1.00755653175662
(b),2,2,BUS2_IA_MAG,71254,-0.09999999999126885,582.3672345640423,584.4629696492391,0.9964142551469864
(b),2,2,BUS2_IA_MAG,71255,-0.06699999999591455,580.7611688,584.4629696492391,0.9936663209793073
(b),2,2,BUS2_IA_MAG,71256,-0.03299999999580905,586.5792562564086,584.4629696492391,1.003620907939539
(b),2,2,BUS2_IA_MAG,71257,0.0,583.7049586039211,584.4629696492391,0.998703064035395
(b),2,2,BUS2_IA_MAG,71258,0.03300000001127046,638.6192063181799,584.4629696492391,1.0926598253118451
(b),2,2,BUS2_IA_MAG,71259,0.06700000001001172,628.1078325545891,584.4629696492391,1.0746751550941596
(b),2,2,BUS2_IA_MAG,71260,0.10000000000582077,630.9659583703784,584.4629696492391,1.0795653294323295
(b),2,2,BUS2_IA_MAG,71261,0.13300000000162981,615.6452278000078,584.4629696492391,1.0533519825378885
(b),2,2,BUS2_IA_MAG,71262,0.16700000000128057,610.4580710034066,584.4629696492391,1.044476900512223
(b),2,2,BUS2_IA_MAG,71263,0.20000000000709406,602.2120362437104,584.4629696492391,1.030368162768504
(b),2,2,BUS2_IA_MAG,71264,0.23300000000745058,598.6184237785641,584.4629696492391,1.0242195910851637
(b),2,2,BUS2_IA_MAG,71265,0.26700000000710133,596.9753353698328,584.4629696492391,1.0214083121948734
(b),2,2,BUS2_IA_MAG,71266,0.3000000000029104,584.1234326881623,584.4629696492391,0.9994190616365644
(b),2,2,BUS2_IA_MAG,71267,0.3329999999991742,579.5559452855232,584.4629696492391,0.9916042168306046
(b),2,2,BUS2_IA_MAG,71268,0.3669999999992797,567.6855016092953,584.4629696492391,0.9712942155257285
(b),2,2,BUS2_IA_MAG,71269,0.40000000000873115,566.9409625208862,584.4629696492391,0.9700203297073403
(b),2,2,BUS2_IA_MAG,71270,0.43300000000408545,566.7760655813969,584.4629696492391,0.9697381955978206
(b),2,2,BUS2_IA_MAG,71271,0.46700000000419095,557.5720998021965,584.4629696492391,0.9539904643348389
(b),2,2,BUS2_IA_MAG,71272,0.5,494.72289542303326,584.4629696492391,0.8464572113438382
(b),2,2,BUS2_IA_MAG,71273,0.5330000000112705,499.44133385781913,584.4629696492391,0.8545303291969977
(b),2,2,BUS2_IA_MAG,71274,0.5670000000100117,512.5231325227124,584.4629696492391,0.8769129254335809
(b),2,2,BUS2_IA_MAG,71275,0.6000000000058208,516.1374431302547,584.4629696492391,0.8830969110669417
(b),2,2,BUS2_IA_MAG,71276,0.6330000000016298,531.4604867411855,584.4629696492391,0.909314215509902
(b),2,2,BUS2_IA_MAG,71277,0.6670000000012806,538.7055168978939,584.4629696492391,0.9217102620225774
(b),2,2,BUS2_IA_MAG,71278,0.7000000000070941,562.3691337742837,584.4629696492391,0.962198056981754
(b),2,2,BUS2_IA_MAG,71279,0.7330000000074506,571.3238115790838,584.4629696492391,0.9775192634051039
(b),2,2,BUS2_IA_MAG,71280,0.7670000000071013,582.5656708763239,584.4629696492391,0.9967537741970995
(b),2,2,BUS2_IA_MAG,71281,0.8000000000029104,600.3418533701752,584.4629696492391,1.0271683315205848
(b),2,2,BUS2_IA_MAG,71282,0.8329999999991742,608.6080077,584.4629696492391,1.0413114932931533
(b),2,2,BUS2_IA_MAG,71283,0.8669999999992797,613.8971751613869,584.4629696492391,1.0503611127490464
(b),2,2,BUS2_IA_MAG,71284,0.9000000000087311,614.2989647366284,584.4629696492391,1.051048563616092
(b),2,2,BUS2_IA_MAG,71285,0.9330000000040855,606.5293252149899,584.4629696492391,1.0377549249681186
(b),2,2,BUS2_IA_MAG,71286,0.967000000004191,608.1322941622943,584.4629696492391,1.0404975605678837
(b),2,2,BUS2_IA_MAG,71287,1.0,602.9683344104121,584.4629696492391,1.031662168045101
(b),2,2,BUS2_IA_MAG,71288,1.0330000000112705,601.4089217129631,584.4629696492391,1.028994055985949
(b),2,2,BUS2_IA_MAG,71289,1.0670000000100117,587.8475048393035,584.4629696492391,1.0057908462397467
(b),2,2,BUS2_IA_MAG,71290,1.1000000000058208,588.2306933140599,584.4629696492391,1.0064464711375674
(b),2,2,BUS2_IA_MAG,71291,1.1330000000016298,582.0996456753629,584.4629696492391,0.9959564179484383
(b),2,2,BUS2_IA_MAG,71292,1.1670000000012806,574.4322078,584.4629696492391,0.9828376434947471
(b),2,2,BUS2_IA_MAG,71293,1.200000000007094,580.3758756272887,584.4629696492391,0.9930070950014109
(b),2,2,BUS2_IA_MAG,71294,1.2330000000074506,576.5097094902975,584.4629696492391,0.9863921915126382
(b),2,2,BUS2_IA_MAG,71295,1.2670000000071013,581.2370442131621,584.4629696492391,0.9944805306690123
(b),2,2,BUS2_IA_MAG,71296,1.3000000000029104,583.4251419212059,584.4629696492391,0.9982243054189455
(b),2,2,BUS2_IA_MAG,71297,1.3329999999991742,586.4556083639592,584.4629696492391,1.0034093498103327
(b),2,2,BUS2_IA_MAG,71298,1.3669999999992797,595.8911839379901,584.4629696492391,1.0195533590359191
(b),2,2,BUS2_IA_MAG,71299,1.4000000000087311,603.886384,584.4629696492391,1.0332329255391797
(b),2,2,BUS2_IA_MAG,71300,1.4330000000040855,611.7254664220409,584.4629696492391,1.046645379071942
(b),2,2,BUS2_IA_MAG,71301,1.467000000004191,610.8052701787052,584.4629696492391,1.0450709487125853
(b),2,2,BUS2_IA_MAG,71302,1.5,619.9863437906698,584.4629696492391,1.0607795121096377
(b),2,2,BUS2_IA_MAG,71303,1.5330000000112705,623.0081466069137,584.4629696492391,1.06594973327533
(b),2,2,BUS2_IA_MAG,71304,1.5670000000100117,629.5002888224293,584.4629696492391,1.0770576093130741
(b),2,2,BUS2_IA_MAG,71305,1.6000000000058208,622.9242383989274,584.4629696492391,1.065806168648752
(b),2,2,BUS2_IA_MAG,71306,1.6330000000016298,625.4565481552988,584.4629696492391,1.0701388807072956
(b),2,2,BUS2_IA_MAG,71307,1.6670000000012806,621.4911549655938,584.4629696492391,1.0633542024716756
(b),2,2,BUS2_IA_MAG,71308,1.700000000007094,617.6183135897866,584.4629696492391,1.0567278778336382
(b),2,2,BUS2_IA_MAG,71309,1.7330000000074506,615.1283067247723,584.4629696492391,1.0524675448539311
(b),2,2,BUS2_IA_MAG,71310,1.7670000000071013,609.2118894522504,584.4629696492391,1.0423447182938967
(b),2,2,BUS2_IA_MAG,71311,1.8000000000029104,601.5873095797583,584.4629696492391,1.0292992726995112
(b),2,2,BUS2_IA_MAG,71312,1.8329999999991742,589.5653876301341,584.4629696492391,1.0087300962522179
(b),2,2,BUS2_IA_MAG,71313,1.8669999999992797,586.3767134808718,584.4629696492391,1.0032743628442042
(b),2,2,BUS2_IA_MAG,71314,1.9000000000087311,579.3675258427037,584.4629696492391,0.9912818363675061
(b),2,2,BUS2_IA_MAG,71315,1.9330000000040855,579.5188587264239,584.4629696492391,0.9915407627522025
(b),2,2,BUS2_IA_MAG,71316,1.967000000004191,571.1572316521898,584.4629696492391,0.9772342497506136
(b),2,2,BUS2_IA_MAG,71317,2.0,570.7258502966721,584.4629696492391,0.9764961681647493
(b),2,2,BUS2_IA_MAG,71318,2.0330000000112705,574.5260966151785,584.4629696492391,0.9829982846645972
(b),2,2,BUS2_IA_MAG,71319,2.0670000000100117,572.1345586077011,584.4629696492391,0.9789064291807286
(b),2,2,BUS2_IA_MAG,71320,2.1000000000058208,570.4820250866251,584.4629696492391,0.9760789899640613
(b),2,2,BUS2_IA_MAG,71321,2.13300000000163,573.3493284231798,584.4629696492391,0.980984866786806
(b),2,2,BUS2_IA_MAG,71322,2.1670000000012806,572.5309004192945,584.4629696492391,0.9795845590746228
(b),2,2,BUS2_IA_MAG,71323,2.200000000007094,582.5968336391177,584.4629696492391,0.99680709282362
(b),2,2,BUS2_IA_MAG,71324,2.2330000000074506,582.6415799798981,584.4629696492391,0.996883652576939
(b),2,2,BUS2_IA_MAG,71325,2.2670000000071013,584.8512577231779,584.4629696492391,1.000664350171187
(b),2,2,BUS2_IA_MAG,71326,2.3000000000029104,584.5897644,584.4629696492391,1.000216942316871
(b),2,2,BUS2_IA_MAG,71327,2.332999999999174,585.7183200787258,584.4629696492391,1.0021478699159334
(b),2,2,BUS2_IA_MAG,71328,2.3669999999992797,585.7155455,584.4629696492391,1.0021431226883588
(b),2,2,BUS2_IA_MAG,71329,2.400000000008731,583.1860949017793,584.4629696492391,0.99781530257045
(b),2,2,BUS2_IA_MAG,71330,2.4330000000040855,586.3554431739237,584.4629696492391,1.0032379699364364
(b),2,2,BUS2_IA_MAG,71331,2.467000000004191,579.8106376,584.4629696492391,0.9920399883468559
(b),2,2,BUS2_IA_MAG,71332,2.5,579.4308875340116,584.4629696492391,0.9913902464714789
(b),2,2,BUS2_IA_MAG,71333,2.5330000000112705,579.1197884383954,584.4629696492391,0.9908579645104798
(b),2,2,BUS2_IA_MAG,71334,2.5670000000100117,579.7503411111054,584.4629696492391,0.991936822719561
(b),2,2,BUS2_IA_MAG,71335,2.6000000000058208,579.6948671,584.4629696492391,0.9918419082185812
(b),2,2,BUS2_IA_MAG,71336,2.63300000000163,575.6440740657487,584.4629696492391,0.9849111132074235
(b),2,2,BUS2_IA_MAG,71337,2.6670000000012806,573.9343327482421,584.4629696492391,0.9819857930309671
(b),2,2,BUS2_IA_MAG,71338,2.700000000007094,569.7755638264662,584.4629696492391,0.9748702542582168
(b),2,2,BUS2_IA_MAG,71339,2.7330000000074506,574.1443477812953,584.4629696492391,0.9823451229525518
(b),2,2,BUS2_IA_MAG,71340,2.7670000000071013,577.6428842762067,584.4629696492391,0.988331022276526
(b),2,2,BUS2_IA_MAG,71341,2.8000000000029104,580.4959621779269,584.4629696492391,0.9932125597731317
(b),2,2,BUS2_IA_MAG,71342,2.832999999999174,586.1591103845599,584.4629696492391,1.002902049955943
(b),2,2,BUS2_IA_MAG,71343,2.8669999999992797,584.6373695,584.4629696492391,1.0002983933282643
(b),2,2,BUS2_IA_MAG,71344,2.900000000008731,594.5685221820378,584.4629696492391,1.0172903212993347
(b),2,2,BUS2_IA_MAG,71345,2.9330000000040855,593.0660004699021,584.4629696492391,1.0147195481448996
(b),2,2,BUS2_IA_MAG,71346,2.967000000004191,592.5156443085009,584.4629696492391,1.0137779039518868
(b),2,2,BUS2_IA_MAG,71347,3.0,597.7207917860894,584.4629696492391,1.0226837675358746
(b),2,2,BUS2_IA_MAG,71348,3.0330000000112705,594.7326595372476,584.4629696492391,1.0175711557811298
(b),2,2,BUS2_IA_MAG,71349,3.0670000000100117,598.0512284247109,584.4629696492391,1.0232491354989122
(b),2,2,BUS2_IA_MAG,71350,3.1000000000058208,599.4117441274096,584.4629696492391,1.02557694029297
(b),2,2,BUS2_IA_MAG,71351,3.13300000000163,594.9632932914566,584.4629696492391,1.0179657637651862
(b),2,2,BUS2_IA_MAG,71352,3.1670000000012806,596.2411224,584.4629696492391,1.0201520940801938
(b),2,2,BUS2_IA_MAG,71353,3.200000000007094,596.5439909455657,584.4629696492391,1.0206702937973589
(b),2,2,BUS2_IA_MAG,71354,3.2330000000074506,595.0251611042955,584.4629696492391,1.018071617884355
(b),2,2,BUS2_IA_MAG,71355,3.2670000000071013,589.4586971859103,584.4629696492391,1.008547551848613
(b),2,2,BUS2_IA_MAG,71356,3.3000000000029104,589.1103697473957,584.4629696492391,1.0079515732210471
(b),2,2,BUS2_IA_MAG,71357,3.332999999999174,589.3383927922387,584.4629696492391,1.0083417143534783
(b),2,2,BUS2_IA_MAG,71358,3.3669999999992797,586.7869970626476,584.4629696492391,1.0039763467218519
(b),2,2,BUS2_IA_MAG,71359,3.400000000008731,577.3414275980897,584.4629696492391,0.9878152382255743
(b),2,2,BUS2_IA_MAG,71360,3.4330000000040855,581.0316768335658,584.4629696492391,0.9941291527541385
(b),2,2,BUS2_IA_MAG,71361,3.467000000004191,576.7548334379808,584.4629696492391,0.9868115918175547
(b),2,2,BUS2_IA_MAG,71362,3.5,575.0247175499479,584.4629696492391,0.9838514113136108
(b),2,2,BUS2_IA_MAG,71363,3.5330000000112705,579.1164678111218,584.4629696492391,0.9908522830089201
(b),2,2,BUS2_IA_MAG,71364,3.5670000000100117,582.0677337912751,584.4629696492391,0.9959018175960721
(b),2,2,BUS2_IA_MAG,71365,3.6000000000058208,580.1959517617781,584.4629696492391,0.9926992502364662
(b),2,2,BUS2_IA_MAG,71366,3.63300000000163,582.7128109644566,584.4629696492391,0.9970055268243379
(b),2,2,BUS2_IA_MAG,71367,3.6670000000012806,584.2873005941001,584.4629696492391,0.9996994350980962
(b),2,2,BUS2_IA_MAG,71368,3.700000000007094,577.0838438426103,584.4629696492391,0.9873745195336203
(b),2,2,BUS2_IA_MAG,71369,3.7330000000074506,580.1707403907614,584.4629696492391,0.992656114276917
(b),2,2,BUS2_IA_MAG,71370,3.7670000000071013,580.8955466107474,584.4629696492391,0.9938962377023942
(b),2,2,BUS2_IA_MAG,71371,3.8000000000029104,582.3261864748827,584.4629696492391,0.9963440230000563
(b),2,2,BUS2_IA_MAG,71372,3.832999999999174,583.1588027937996,584.4629696492391,0.9977686065274209
(b),2,2,BUS2_IA_MAG,71373,3.8669999999992797,583.0630532261581,584.4629696492391,0.9976047816614949
(b),2,2,BUS2_IA_MAG,71374,3.900000000008731,583.6881351316139,584.4629696492391,0.9986742795388899
(b),2,2,BUS2_IA_MAG,71375,3.9330000000040855,580.0027196332173,584.4629696492391,0.9923686354009759
(b),2,2,BUS2_IA_MAG,71376,3.967000000004191,581.6428589997618,584.4629696492391,0.9951748685615278
(b),2,2,BUS2_IA_MAG,71377,4.0,581.9081938764691,584.4629696492391,0.9956288492078408
(b),2,2,BUS2_IA_MAG,71378,4.0330000000112705,577.6374258115925,584.4629696492391,0.9883216829943172
(b),2,2,BUS2_IA_MAG,71379,4.067000000010012,582.4446761451597,584.4629696492391,0.9965467555535801
(b),2,2,BUS2_IA_MAG,71380,4.100000000005821,581.2033999986664,584.4629696492391,0.99442296634716
(b),2,2,BUS2_IA_MAG,71381,4.13300000000163,579.9335582792663,584.4629696492391,0.9922503022343896
(b),2,2,BUS2_IA_MAG,71382,4.167000000001281,576.7800988,584.4629696492391,0.986854820154218
(b),2,2,BUS2_IA_MAG,71383,4.200000000007094,579.5526274249896,584.4629696492391,0.9915985400628609
(b),2,2,BUS2_IA_MAG,71384,4.233000000007451,582.2564280471896,584.4629696492391,0.9962246682567867
(b),2,2,BUS2_IA_MAG,71385,4.267000000007101,583.4525554,584.4629696492391,0.9982712091240863
(b),2,2,BUS2_IA_MAG,71386,4.30000000000291,578.2410396553807,584.4629696492391,0.9893544496110808
(b),2,2,BUS2_IA_MAG,71387,4.332999999999174,577.2965572312279,584.4629696492391,0.9877384662670553
(b),2,2,BUS2_IA_MAG,71388,4.36699999999928,580.9222734386294,584.4629696492391,0.9939419665667877
(b),2,2,BUS2_IA_MAG,71389,4.400000000008731,582.9655673678495,584.4629696492391,0.9974379860501886
(b),2,2,BUS2_IA_MAG,71390,4.4330000000040855,583.4873327600403,584.4629696492391,0.9983307122266715
(b),2,2,BUS2_IA_MAG,71391,4.467000000004191,582.6035441430124,584.4629696492391,0.9968185743104604
(b),2,2,BUS2_IA_MAG,71392,4.5,583.3210228029659,584.4629696492391,0.9980461604830867
(b),2,2,BUS2_IA_MAG,71393,4.5330000000112705,581.8036196563617,584.4629696492391,0.9954499256052554
(b),2,2,BUS2_IA_MAG,71394,4.567000000010012,584.6987959624172,584.4629696492391,1.0004034923090501
(b),2,2,BUS2_IA_MAG,71395,4.600000000005821,580.6997472446782,584.4629696492391,0.9935612303944262
(b),2,2,BUS2_IA_MAG,71396,4.63300000000163,588.9415479875062,584.4629696492391,1.007662723852214
(b),2,2,BUS2_IA_MAG,71397,4.667000000001281,591.4500259,584.4629696492391,1.0119546602840452
(b),2,2,BUS2_IA_MAG,71398,4.700000000007094,586.8141416347522,584.4629696492391,1.0040227903350731
(b),2,2,BUS2_IA_MAG,71399,4.733000000007451,590.9509565037196,584.4629696492391,1.0111007663297713
(b),2,2,BUS2_IA_MAG,71400,4.767000000007101,589.6124376846441,584.4629696492391,1.0088105975961068
(b),2,2,BUS2_IA_MAG,71401,4.80000000000291,586.2161901650084,584.4629696492391,1.0029997118839222
(b),2,2,BUS2_IA_MAG,71402,4.832999999999174,585.3470453122643,584.4629696492391,1.001512629043985
(b),2,2,BUS2_IA_MAG,71403,4.86699999999928,587.9524899038344,584.4629696492391,1.0059704727857943
(b),2,2,BUS2_IA_MAG,71404,4.900000000008731,586.9055452456222,584.4629696492391,1.0041791793889852
(b),2,2,BUS2_IA_MAG,71405,4.9330000000040855,585.6976392293284,584.4629696492391,1.002112485553756
(b),2,2,BUS2_IA_MAG,71406,4.967000000004191,587.5704195866257,584.4629696492391,1.0053167610246574
(b),2,2,BUS2_IA_MAG,71407,5.0,583.6402543,584.4629696492391,0.9985923567583199
(b),2,2,BUS2_IA_MAG,71408,5.0330000000112705,582.6423708447008,584.4629696492391,0.9968850057247752
(b),2,2,BUS2_IA_MAG,71409,5.067000000010012,581.3032817129387,584.4629696492391,0.9945938612018539
(b),2,2,BUS2_IA_MAG,71410,5.100000000005821,580.8195883925325,584.4629696492391,0.993766275288761
(b),2,2,BUS2_IA_MAG,71411,5.13300000000163,579.4501096555506,584.4629696492391,0.9914231349905762
(b),2,2,BUS2_IA_MAG,71412,5.167000000001281,580.5000371343422,584.4629696492391,0.9932195319110204
(b),2,2,BUS2_IA_MAG,71413,5.200000000007094,583.4576671729103,584.4629696492391,0.9982799552263643
(b),2,2,BUS2_IA_MAG,71414,5.233000000007451,583.7658484330542,584.4629696492391,0.9988072448514518
(b),2,2,BUS2_IA_MAG,71415,5.267000000007101,582.6201200617583,584.4629696492391,0.9968469352496587
(b),2,2,BUS2_IA_MAG,71416,5.30000000000291,581.8868988106091,584.4629696492391,0.9955924139382585
(b),2,2,BUS2_IA_MAG,71417,5.332999999999174,583.2553529269957,584.4629696492391,0.9979338011389016
(b),2,2,BUS2_IA_MAG,71418,5.36699999999928,582.6386841173804,584.4629696492391,0.996878697836146
(b),2,2,BUS2_IA_MAG,71419,5.400000000008731,582.1621762066333,584.4629696492391,0.9960634059605408
(b),2,2,BUS2_IA_MAG,71420,5.4330000000040855,580.3459543276408,584.4629696492391,0.9929559004840477
(b),2,2,BUS2_IA_MAG,71421,5.467000000004191,583.946183,584.4629696492391,0.99911579231521
(b),2,2,BUS2_IA_MAG,71422,5.5,580.6721775,584.4629696492391,0.9935140593226733
(b),2,2,BUS2_IA_MAG,71423,5.5330000000112705,585.2700124359477,584.4629696492391,1.0013808279200185
(b),2,2,BUS2_IA_MAG,71424,5.567000000010012,579.1649038,584.4629696492391,0.9909351556482379
(b),2,2,BUS2_IA_MAG,71425,5.600000000005821,575.6785786399039,584.4629696492391,0.9849701495808929
(b),2,2,BUS2_IA_MAG,71426,5.63300000000163,581.6847424241789,584.4629696492391,0.9952465299440143
(b),2,2,BUS2_IA_MAG,71427,5.667000000001281,583.9779100172418,584.4629696492391,0.999170076365508
(b),2,2,BUS2_IA_MAG,71428,5.700000000007094,580.1917368758208,584.4629696492391,0.9926920386829953
(b),2,2,BUS2_IA_MAG,71429,5.733000000007451,581.1788701538466,584.4629696492391,0.994380996460112
(b),2,2,BUS2_IA_MAG,71430,5.767000000007101,581.6492603439062,584.4629696492391,0.9951858210845737
(b),2,2,BUS2_IA_MAG,71431,5.80000000000291,582.9759343730559,584.4629696492391,0.9974557237097919
(b),2,2,BUS2_IA_MAG,71432,5.832999999999174,580.9174834234523,584.4629696492391,0.993933770983105
(b),2,2,BUS2_IA_MAG,71433,5.86699999999928,578.8148908367092,584.4629696492391,0.9903362931343289
(b),2,2,BUS2_IA_MAG,71434,5.900000000008731,584.1461928589538,584.4629696492391,0.9994580036602226
(b),2,2,BUS2_IA_MAG,71435,5.9330000000040855,581.6433359513824,584.4629696492391,0.9951756846125788
(b),2,2,BUS2_IA_MAG,71436,5.967000000004191,586.3066464,584.4629696492391,1.0031544800038699
(b),2,2,BUS2_IA_MAG,71437,6.0,579.8617474,584.4629696492391,0.9921274358031605
(c),3,2,BUS2_Freq,89201,-3.0,59.97906916852695,59.96893952293725,10.129645589699976
(c),3,2,BUS2_Freq,89202,-2.9660000000003492,59.98065432794122,59.96893952293725,11.71480500396882
(c),3,2,BUS2_Freq,89203,-2.9329999999945358,59.97171961179853,59.96893952293725,2.7800888612787844
(c),3,2,BUS2_Freq,89204,-2.8999999999941792,59.96547927011895,59.96893952293725,-3.4602528183000913
(c),3,2,BUS2_Freq,89205,-2.8659999999945285,59.97861987204793,59.96893952293725,9.680349110681163
(c),3,2,BUS2_Freq,89206,-2.8329999999987194,59.99870435606779,59.96893952293725,29.764833130542456
(c),3,2,BUS2_Freq,89207,-2.8000000000024556,59.96116017888093,59.96893952293725,-7.7793440563169725
(c),3,2,BUS2_Freq,89208,-2.76600000000235,59.95959599440219,59.96893952293725,-9.343528535055157
(c),3,2,BUS2_Freq,89209,-2.7329999999928987,59.96836974147266,59.96893952293725,-0.5697814645913013
(c),3,2,BUS2_Freq,89210,-2.6999999999975444,59.968168147866606,59.96893952293725,-0.7713750706415112
(c),3,2,BUS2_Freq,89211,-2.665999999997439,59.95543858548809,59.96893952293725,-13.500937449158812
(c),3,2,BUS2_Freq,89212,-2.63300000000163,59.97249892554648,59.96893952293725,3.5594026092340414
(c),3,2,BUS2_Freq,89213,-2.5999999999903594,59.95631220690333,59.96893952293725,-12.627316033920977
(c),3,2,BUS2_Freq,89214,-2.565999999991618,59.96530129261869,59.96893952293725,-3.6382303185575893
(c),3,2,BUS2_Freq,89215,-2.532999999995809,59.95512474187876,59.96893952293725,-13.814781058485437
(c),3,2,BUS2_Freq,89216,-2.5,59.98232430217332,59.96893952293725,13.384779236069733
(c),3,2,BUS2_Freq,89217,-2.4660000000003492,59.96922998592027,59.96893952293725,0.2904629830240424
(c),3,2,BUS2_Freq,89218,-2.4329999999945358,59.959171257375885,59.96893952293725,-9.768265561362455
(c),3,2,BUS2_Freq,89219,-2.3999999999941792,59.97674584653039,59.96893952293725,7.806323593143816
(c),3,2,BUS2_Freq,89220,-2.3659999999945285,59.97436060407353,59.96893952293725,5.42108113628359
(c),3,2,BUS2_Freq,89221,-2.3329999999987194,59.97229008980104,59.96893952293725,3.350566863794313
(c),3,2,BUS2_Freq,89222,-2.3000000000024556,59.95912527442704,59.96893952293725,-9.814248510210177
(c),3,2,BUS2_Freq,89223,-2.26600000000235,59.98005178221459,59.96893952293725,11.112259277339831
(c),3,2,BUS2_Freq,89224,-2.2329999999928987,59.95912536304581,59.96893952293725,-9.814159891440966
(c),3,2,BUS2_Freq,89225,-2.1999999999975444,59.96805654557781,59.96893952293725,-0.8829773594385415
(c),3,2,BUS2_Freq,89226,-2.165999999997439,59.97816385498139,59.96893952293725,9.224332044141192
(c),3,2,BUS2_Freq,89227,-2.13300000000163,59.96645101517338,59.96893952293725,-2.4885077638714392
(c),3,2,BUS2_Freq,89228,-2.0999999999903594,59.97897215109096,59.96893952293725,10.032628153709311
(c),3,2,BUS2_Freq,89229,-2.065999999991618,59.96607613192087,59.96893952293725,-2.8633910163762266
(c),3,2,BUS2_Freq,89230,-2.032999999995809,59.967946209916754,59.96893952293725,-0.9933130204942131
(c),3,2,BUS2_Freq,89231,-2.0,59.95619874730832,59.96893952293725,-12.740775628927281
(c),3,2,BUS2_Freq,89232,-1.9660000000003492,59.97267983844574,59.96893952293725,3.7403155084945183
(c),3,2,BUS2_Freq,89233,-1.9329999999945358,59.979573352646646,59.96893952293725,10.633829709398412
(c),3,2,BUS2_Freq,89234,-1.8999999999941792,59.95964524909599,59.96893952293725,-9.294273841256029
(c),3,2,BUS2_Freq,89235,-1.8659999999945285,59.97634942715998,59.96893952293725,7.409904222733132
(c),3,2,BUS2_Freq,89236,-1.8329999999987194,59.96365287378954,59.96893952293725,-5.286649147706157
(c),3,2,BUS2_Freq,89237,-1.8000000000024556,59.97786089860075,59.96893952293725,8.921375663504705
(c),3,2,BUS2_Freq,89238,-1.7660000000023501,59.96036308460464,59.96893952293725,-8.576438332610792
(c),3,2,BUS2_Freq,89239,-1.7329999999928987,59.98287859994952,59.96893952293725,13.939077012274481
(c),3,2,BUS2_Freq,89240,-1.6999999999975444,59.97666586746234,59.96893952293725,7.726344525089246
(c),3,2,BUS2_Freq,89241,-1.6659999999974389,59.96217881837245,59.96893952293725,-6.760704564797493
(c),3,2,BUS2_Freq,89242,-1.6330000000016298,59.964993985568654,59.96893952293725,-3.945537368593932
(c),3,2,BUS2_Freq,89243,-1.5999999999903594,59.96174385,59.96893952293725,-7.195672937250208
(c),3,2,BUS2_Freq,89244,-1.565999999991618,59.98473918788387,59.96893952293725,15.799664946619885
(c),3,2,BUS2_Freq,89245,-1.532999999995809,59.96864905995422,59.96893952293725,-0.2904629830311478
(c),3,2,BUS2_Freq,89246,-1.5,59.97936353531927,59.96893952293725,10.424012382024728
(c),3,2,BUS2_Freq,89247,-1.4660000000003492,59.98168598133002,59.96893952293725,12.746458392769
(c),3,2,BUS2_Freq,89248,-1.4329999999945358,59.97328672,59.96893952293725,4.347197062749331
(c),3,2,BUS2_Freq,89249,-1.3999999999941792,59.97703182942547,59.96893952293725,8.092306488222789
(c),3,2,BUS2_Freq,89250,-1.3659999999945285,59.981702251987215,59.96893952293725,12.762729049967447
(c),3,2,BUS2_Freq,89251,-1.3329999999987194,59.950575425951946,59.96893952293725,-18.364096985301614
(c),3,2,BUS2_Freq,89252,-1.3000000000024556,59.97431717626116,59.96893952293725,5.377653323911602
(c),3,2,BUS2_Freq,89253,-1.2660000000023501,59.96427091376205,59.96893952293725,-4.6686091751979575
(c),3,2,BUS2_Freq,89254,-1.2329999999928987,59.9742277236105,59.96893952293725,5.288200673248866
(c),3,2,BUS2_Freq,89255,-1.1999999999975444,59.96559214074901,59.96893952293725,-3.347382188238157
(c),3,2,BUS2_Freq,89256,-1.1659999999974389,59.97499244515029,59.96893952293725,6.0529222130440985
(c),3,2,BUS2_Freq,89257,-1.1330000000016298,59.97058251662089,59.96893952293725,1.6429936836388492
(c),3,2,BUS2_Freq,89258,-1.0999999999903594,59.95697598593589,59.96893952293725,-11.963537001356883
(c),3,2,BUS2_Freq,89259,-1.065999999991618,59.97326871117198,59.96893952293725,4.3291882347347155
(c),3,2,BUS2_Freq,89260,-1.032999999995809,59.98198892785064,59.96893952293725,13.049404913388685
(c),3,2,BUS2_Freq,89261,-1.0,59.958952953849455,59.96893952293725,-9.986569087793384
(c),3,2,BUS2_Freq,89262,-0.9660000000003492,59.941432264065725,59.96893952293725,-27.507258871523277
(c),3,2,BUS2_Freq,89263,-0.9329999999945358,59.96476210583315,59.96893952293725,-4.177417104095582
(c),3,2,BUS2_Freq,89264,-0.8999999999941792,59.97141034306183,59.96893952293725,2.4708201245786654
(c),3,2,BUS2_Freq,89265,-0.8659999999945285,59.93687867794844,59.96893952293725,-32.06084498880557
(c),3,2,BUS2_Freq,89266,-0.8329999999987194,59.9817519,59.96893952293725,12.812377062751068
(c),3,2,BUS2_Freq,89267,-0.8000000000024556,59.97144104083106,59.96893952293725,2.501517893811922
(c),3,2,BUS2_Freq,89268,-0.7660000000023501,59.95917189359903,59.96893952293725,-9.767629338220729
(c),3,2,BUS2_Freq,89269,-0.7329999999928987,59.97333509822302,59.96893952293725,4.395575285769837
(c),3,2,BUS2_Freq,89270,-0.6999999999975444,59.98241158060658,59.96893952293725,13.472057669332571
(c),3,2,BUS2_Freq,89271,-0.6659999999974389,59.96369237102532,59.96893952293725,-5.247151911930814
(c),3,2,BUS2_Freq,89272,-0.6330000000016298,59.98641741031829,59.96893952293725,17.477887381041057
(c),3,2,BUS2_Freq,89273,-0.5999999999903594,59.95545969997621,59.96893952293725,-13.479822961038224
(c),3,2,BUS2_Freq,89274,-0.5659999999916181,59.97429527166309,59.96893952293725,5.355748725840215
(c),3,2,BUS2_Freq,89275,-0.532999999995809,59.96947826673202,59.96893952293725,0.5387437947703688
(c),3,2,BUS2_Freq,89276,-0.5,59.96024759430788,59.96893952293725,-8.691928629367851
(c),3,2,BUS2_Freq,89277,-0.46600000000034925,59.96099316829032,59.96893952293725,-7.946354646925613
(c),3,2,BUS2_Freq,89278,-0.43299999999453576,59.96466909465149,59.96893952293725,-4.2704282857570774
(c),3,2,BUS2_Freq,89279,-0.39999999999417923,59.950952426005415,59.96893952293725,-17.98709693183298
(c),3,2,BUS2_Freq,89280,-0.3659999999945285,59.96550295536591,59.96893952293725,-3.4365675713345922
(c),3,2,BUS2_Freq,89281,-0.33299999999871943,59.98261101661458,59.96893952293725,13.671493677328783
(c),3,2,BUS2_Freq,89282,-0.30000000000245564,59.96675572022105,59.96893952293725,-2.183802716196226
(c),3,2,BUS2_Freq,89283,-0.26600000000235013,59.97883953667306,59.96893952293725,9.900013735808955
(c),3,2,BUS2_Freq,89284,-0.23299999999289867,59.96611158826037,59.96893952293725,-2.8279346768798064
(c),3,2,BUS2_Freq,89285,-0.19999999999754436,59.976343175282864,59.96893952293725,7.4036523456157965
(c),3,2,BUS2_Freq,89286,-0.16599999999743886,59.952977493876325,59.96893952293725,-15.962029060922589
(c),3,2,BUS2_Freq,89287,-0.13300000000162981,59.9645901,59.96893952293725,-4.349422937245606
(c),3,2,BUS2_Freq,89288,-0.09999999999035936,59.98017426022098,59.96893952293725,11.234737283729146
(c),3,2,BUS2_Freq,89289,-0.0659999999916181,59.97366513103007,59.96893952293725,4.7256080928193
(c),3,2,BUS2_Freq,89290,-0.03299999999580905,59.965378033813565,59.96893952293725,-3.561489123683259
(c),3,2,BUS2_Freq,89291,0.0,59.74403174687272,59.96893952293725,-224.9077760645264
(c),3,2,BUS2_Freq,89292,0.033999999999650754,59.99539704,59.96893952293725,26.457517062752345
(c),3,2,BUS2_Freq,89293,0.06700000000546424,59.94122158351986,59.96893952293725,-27.71793941738565
(c),3,2,BUS2_Freq,89294,0.10000000000582077,59.94964939562497,59.96893952293725,-19.290127312281413
(c),3,2,BUS2_Freq,89295,0.13400000000547152,59.95781882,59.96893952293725,-11.120702937247984
(c),3,2,BUS2_Freq,89296,0.16700000000128057,59.96230440197168,59.96893952293725,-6.6351209655692855
(c),3,2,BUS2_Freq,89297,0.19999999999754436,59.95321316655253,59.96893952293725,-15.726356384718088
(c),3,2,BUS2_Freq,89298,0.23399999999764987,59.94527264504532,59.96893952293725,-23.666877891926674
(c),3,2,BUS2_Freq,89299,0.26700000000710133,59.95190903132854,59.96893952293725,-17.03049160870762
(c),3,2,BUS2_Freq,89300,0.30000000000245564,59.953540294746986,59.96893952293725,-15.399228190261738
(c),3,2,BUS2_Freq,89301,0.33400000000256114,59.9632946141472,59.96893952293725,-5.644908790046088
(c),3,2,BUS2_Freq,89302,0.3669999999983702,59.94632777805897,59.96893952293725,-22.611744878275886
(c),3,2,BUS2_Freq,89303,0.40000000000964064,59.92370840491407,59.96893952293725,-45.23111802317459
(c),3,2,BUS2_Freq,89304,0.4340000000083819,59.94288242458569,59.96893952293725,-26.057098351557784
(c),3,2,BUS2_Freq,89305,0.46700000000419095,59.96022344243641,59.96893952293725,-8.716080500839496
(c),3,2,BUS2_Freq,89306,0.5,59.95847834834416,59.96893952293725,-10.461174593089595
(c),3,2,BUS2_Freq,89307,0.5339999999996508,59.97079993489688,59.96893952293725,1.860411959633268
(c),3,2,BUS2_Freq,89308,0.5670000000054642,59.93546876426716,59.96893952293725,-33.47075867008442
(c),3,2,BUS2_Freq,89309,0.6000000000058208,59.94700411089726,59.96893952293725,-21.935412039987057
(c),3,2,BUS2_Freq,89310,0.6340000000054715,59.95890617548368,59.96893952293725,-10.033347453564545
(c),3,2,BUS2_Freq,89311,0.6670000000012806,59.93790379109201,59.96893952293725,-31.035731845236114
(c),3,2,BUS2_Freq,89312,0.6999999999975444,59.91956383571912,59.96893952293725,-49.37568721813079
(c),3,2,BUS2_Freq,89313,0.7339999999976499,59.95955798335896,59.96893952293725,-9.38153957828547
(c),3,2,BUS2_Freq,89314,0.7670000000071013,59.93378904715676,59.96893952293725,-35.15047578049035
(c),3,2,BUS2_Freq,89315,0.8000000000024556,59.93478697267639,59.96893952293725,-34.152550260856174
(c),3,2,BUS2_Freq,89316,0.8340000000025611,59.92999765897058,59.96893952293725,-38.9418639666701
(c),3,2,BUS2_Freq,89317,0.8669999999983702,59.938111225589545,59.96893952293725,-30.828297347703426
(c),3,2,BUS2_Freq,89318,0.9000000000096406,59.93596685009966,59.96893952293725,-32.972672837587425
(c),3,2,BUS2_Freq,89319,0.9340000000083819,59.92244420248235,59.96893952293725,-46.495320454894795
(c),3,2,BUS2_Freq,89320,0.967000000004191,59.92708580873065,59.96893952293725,-41.85371420659578
(c),3,2,BUS2_Freq,89321,1.0,59.92880152212347,59.96893952293725,-40.13800081377639
(c),3,2,BUS2_Freq,89322,1.0339999999996508,59.92954433023185,59.96893952293725,-39.39519270539904
(c),3,2,BUS2_Freq,89323,1.0670000000054642,59.92861494722078,59.96893952293725,-40.3245757164683
(c),3,2,BUS2_Freq,89324,1.1000000000058208,59.93472962493792,59.96893952293725,-34.20989799932528
(c),3,2,BUS2_Freq,89325,1.1340000000054715,59.9152399,59.96893952293725,-53.69962293724484
(c),3,2,BUS2_Freq,89326,1.1670000000012806,59.91716541346855,59.96893952293725,-51.77410946869543
(c),3,2,BUS2_Freq,89327,1.1999999999975444,59.90903416835868,59.96893952293725,-59.90535457856794
(c),3,2,BUS2_Freq,89328,1.2339999999976499,59.92114927881727,59.96893952293725,-47.79024411998023
(c),3,2,BUS2_Freq,89329,1.2670000000071013,59.91775108075068,59.96893952293725,-51.18844218656449
(c),3,2,BUS2_Freq,89330,1.3000000000024556,59.92266491812414,59.96893952293725,-46.274604813106635
(c),3,2,BUS2_Freq,89331,1.3340000000025611,59.922114166891845,59.96893952293725,-46.825356045403055
(c),3,2,BUS2_Freq,89332,1.3669999999983702,59.89954203466088,59.96893952293725,-69.3974882763655
(c),3,2,BUS2_Freq,89333,1.4000000000096406,59.92196644127944,59.96893952293725,-46.97308165781067
(c),3,2,BUS2_Freq,89334,1.434000000008382,59.908519156266536,59.96893952293725,-60.420366670712156
(c),3,2,BUS2_Freq,89335,1.467000000004191,59.90381738806364,59.96893952293725,-65.12213487360441
(c),3,2,BUS2_Freq,89336,1.5,59.87651090817741,59.96893952293725,-92.42861475983943
(c),3,2,BUS2_Freq,89337,1.5339999999996508,59.89886065300876,59.96893952293725,-70.07886992848711
(c),3,2,BUS2_Freq,89338,1.5670000000054642,59.88842572404525,59.96893952293725,-80.5137988919995
(c),3,2,BUS2_Freq,89339,1.6000000000058208,59.90136361,59.96893952293725,-67.57591293725085
(c),3,2,BUS2_Freq,89340,1.6340000000054715,59.89415355802301,59.96893952293725,-74.78596491424128
(c),3,2,BUS2_Freq,89341,1.6670000000012806,59.90148652544428,59.96893952293725,-67.45299749297118
(c),3,2,BUS2_Freq,89342,1.6999999999975444,59.90007454743559,59.96893952293725,-68.86497550166126
(c),3,2,BUS2_Freq,89343,1.7339999999976499,59.90764756898839,59.96893952293725,-61.29195394886011
(c),3,2,BUS2_Freq,89344,1.7670000000071013,59.90302051857597,59.96893952293725,-65.91900436127673
(c),3,2,BUS2_Freq,89345,1.8000000000024556,59.91346219875465,59.96893952293725,-55.47732418259699
(c),3,2,BUS2_Freq,89346,1.8340000000025611,59.89779902510554,59.96893952293725,-71.14049783170628
(c),3,2,BUS2_Freq,89347,1.8669999999983702,59.87328504,59.96893952293725,-95.65448293724899
(c),3,2,BUS2_Freq,89348,1.9000000000096406,59.88152395602396,59.96893952293725,-87.41556691328611
(c),3,2,BUS2_Freq,89349,1.934000000008382,59.88613543087124,59.96893952293725,-82.80409206600581
(c),3,2,BUS2_Freq,89350,1.967000000004191,59.907446138143136,59.96893952293725,-61.493384794111705
(c),3,2,BUS2_Freq,89351,2.0,59.86105823834652,59.96893952293725,-107.8812845907251
(c),3,2,BUS2_Freq,89352,2.0339999999996508,59.87260154223597,59.96893952293725,-96.33798070127852
(c),3,2,BUS2_Freq,89353,2.0670000000054642,59.90463180311572,59.96893952293725,-64.30771982152805
(c),3,2,BUS2_Freq,89354,2.1000000000058208,59.866215901451554,59.96893952293725,-102.72362148569414
(c),3,2,BUS2_Freq,89355,2.1340000000054715,59.873092918950526,59.96893952293725,-95.84660398672185
(c),3,2,BUS2_Freq,89356,2.1670000000012806,59.885357471096086,59.96893952293725,-83.5820518411623
(c),3,2,BUS2_Freq,89357,2.1999999999975444,59.874050994407895,59.96893952293725,-94.88852852935281
(c),3,2,BUS2_Freq,89358,2.23399999999765,59.88134022042821,59.96893952293725,-87.59930250904091
(c),3,2,BUS2_Freq,89359,2.2670000000071013,59.855845570173656,59.96893952293725,-113.09395276359169
(c),3,2,BUS2_Freq,89360,2.3000000000024556,59.88172643717015,59.96893952293725,-87.21308576709674
(c),3,2,BUS2_Freq,89361,2.334000000002561,59.88029488,59.96893952293725,-88.64464293724694
(c),3,2,BUS2_Freq,89362,2.36699999999837,59.84827994058211,59.96893952293725,-120.65958235513818
(c),3,2,BUS2_Freq,89363,2.4000000000096406,59.869613865571615,59.96893952293725,-99.32565736563248
(c),3,2,BUS2_Freq,89364,2.434000000008382,59.86804115582636,59.96893952293725,-100.89836711088651
(c),3,2,BUS2_Freq,89365,2.467000000004191,59.86165994407694,59.96893952293725,-107.27957886030737
(c),3,2,BUS2_Freq,89366,2.5,59.83969822649047,59.96893952293725,-129.24129644677862
(c),3,2,BUS2_Freq,89367,2.5339999999996508,59.85820972380378,59.96893952293725,-110.72979913346614
(c),3,2,BUS2_Freq,89368,2.5670000000054642,59.85178163434773,59.96893952293725,-117.15788858951726
(c),3,2,BUS2_Freq,89369,2.6000000000058208,59.86171408712685,59.96893952293725,-107.225435810399
(c),3,2,BUS2_Freq,89370,2.6340000000054715,59.85685348376148,59.96893952293725,-112.08603917576454
(c),3,2,BUS2_Freq,89371,2.6670000000012806,59.85780710453795,59.96893952293725,-111.13241839930055
(c),3,2,BUS2_Freq,89372,2.6999999999975444,59.85869286,59.96893952293725,-110.24666293725005
(c),3,2,BUS2_Freq,89373,2.73399999999765,59.84557872281378,59.96893952293725,-123.36080012347139
(c),3,2,BUS2_Freq,89374,2.7670000000071013,59.84694248839525,59.96893952293725,-121.99703454199806
(c),3,2,BUS2_Freq,89375,2.8000000000024556,59.85236665976552,59.96893952293725,-116.57286317172577
(c),3,2,BUS2_Freq,89376,2.834000000002561,59.85487828142805,59.96893952293725,-114.06124150919794
(c),3,2,BUS2_Freq,89377,2.86699999999837,59.84327081822602,59.96893952293725,-125.66870471123082
(c),3,2,BUS2_Freq,89378,2.9000000000096406,59.85972503330495,59.96893952293725,-109.21448963230063
(c),3,2,BUS2_Freq,89379,2.934000000008382,59.84654002749474,59.96893952293725,-122.39949544250806
(c),3,2,BUS2_Freq,89380,2.967000000004191,59.84243723581877,59.96893952293725,-126.50228711847689
(c),3,2,BUS2_Freq,89381,3.0,59.83589673321052,59.96893952293725,-133.0427897267299
(c),3,2,BUS2_Freq,89382,3.0339999999996508,59.83706442,59.96893952293725,-131.8751029372507
(c),3,2,BUS2_Freq,89383,3.0670000000054642,59.843470860889234,59.96893952293725,-125.46866204801432
(c),3,2,BUS2_Freq,89384,3.1000000000058208,59.82753200845032,59.96893952293725,-141.40751448692868
(c),3,2,BUS2_Freq,89385,3.1340000000054715,59.858945628917525,59.96893952293725,-109.99389401972337
(c),3,2,BUS2_Freq,89386,3.1670000000012806,59.85566670700952,59.96893952293725,-113.2728159277292
(c),3,2,BUS2_Freq,89387,3.1999999999975444,59.860192237479325,59.96893952293725,-108.74728545792323
(c),3,2,BUS2_Freq,89388,3.23399999999765,59.83914125783612,59.96893952293725,-129.79826510112957
(c),3,2,BUS2_Freq,89389,3.2670000000071013,59.84438691868604,59.96893952293725,-124.55260425120684
(c),3,2,BUS2_Freq,89390,3.3000000000024556,59.839901249220574,59.96893952293725,-129.03827371667376
(c),3,2,BUS2_Freq,89391,3.334000000002561,59.82956756823719,59.96893952293725,-139.37195470006003
(c),3,2,BUS2_Freq,89392,3.36699999999837,59.85592358818908,59.96893952293725,-113.0159347481694
(c),3,2,BUS2_Freq,89393,3.4000000000096406,59.83012500028215,59.96893952293725,-138.81452265509608
(c),3,2,BUS2_Freq,89394,3.434000000008382,59.846504628866015,59.96893952293725,-122.4348940712332
(c),3,2,BUS2_Freq,89395,3.467000000004191,59.84425181935634,59.96893952293725,-124.68770358091064
(c),3,2,BUS2_Freq,89396,3.5,59.83173161685365,59.96893952293725,-137.2079060835958
(c),3,2,BUS2_Freq,89397,3.5339999999996508,59.84606952002657,59.96893952293725,-122.8700029106804
(c),3,2,BUS2_Freq,89398,3.5670000000054642,59.81021772041756,59.96893952293725,-158.72180251968615
(c),3,2,BUS2_Freq,89399,3.6000000000058208,59.83553427217248,59.96893952293725,-133.40525076476695
(c),3,2,BUS2_Freq,89400,3.6340000000054715,59.84671486,59.96893952293725,-122.2246629372492
(c),3,2,BUS2_Freq,89401,3.6670000000012806,59.84822151153982,59.96893952293725,-120.71801139742888
(c),3,2,BUS2_Freq,89402,3.6999999999975444,59.81948785387858,59.96893952293725,-149.4516690586707
(c),3,2,BUS2_Freq,89403,3.73399999999765,59.82326977466656,59.96893952293725,-145.66974827069146
(c),3,2,BUS2_Freq,89404,3.7670000000071013,59.82168452254911,59.96893952293725,-147.25500038813522
(c),3,2,BUS2_Freq,89405,3.8000000000024556,59.83931361,59.96893952293725,-129.62591293725012
(c),3,2,BUS2_Freq,89406,3.834000000002561,59.83706441194301,59.96893952293725,-131.87511099423688
(c),3,2,BUS2_Freq,89407,3.86699999999837,59.824863507293415,59.96893952293725,-144.076015643833
(c),3,2,BUS2_Freq,89408,3.9000000000096406,59.85297964000196,59.96893952293725,-115.95988293528592
(c),3,2,BUS2_Freq,89409,3.934000000008382,59.83696723140419,59.96893952293725,-131.97229153306012
(c),3,2,BUS2_Freq,89410,3.967000000004191,59.84039184192704,59.96893952293725,-128.54768101021108
(c),3,2,BUS2_Freq,89411,4.0,59.825197279729096,59.96893952293725,-143.74224320815188
(c),3,2,BUS2_Freq,89412,4.033999999999651,59.84086186776444,59.96893952293725,-128.07765517280956
(c),3,2,BUS2_Freq,89413,4.067000000005464,59.82628079542486,59.96893952293725,-142.65872751239073
(c),3,2,BUS2_Freq,89414,4.100000000005821,59.82478255,59.96893952293725,-144.15697293724605
(c),3,2,BUS2_Freq,89415,4.1340000000054715,59.84046014574533,59.96893952293725,-128.4793771919155
(c),3,2,BUS2_Freq,89416,4.167000000001281,59.85730480662445,59.96893952293725,-111.63471631279975
(c),3,2,BUS2_Freq,89417,4.199999999997544,59.82540231,59.96893952293725,-143.53721293724675
(c),3,2,BUS2_Freq,89418,4.23399999999765,59.82162540911615,59.96893952293725,-147.31411382109627
(c),3,2,BUS2_Freq,89419,4.267000000007101,59.84266139888822,59.96893952293725,-126.27812404902983
(c),3,2,BUS2_Freq,89420,4.300000000002456,59.83318781283365,59.96893952293725,-135.7517101035981
(c),3,2,BUS2_Freq,89421,4.334000000002561,59.83238553223022,59.96893952293725,-136.55399070702856
(c),3,2,BUS2_Freq,89422,4.36699999999837,59.83576242620191,59.96893952293725,-133.17709673533784
(c),3,2,BUS2_Freq,89423,4.400000000009641,59.83996959579165,59.96893952293725,-128.9699271455973
(c),3,2,BUS2_Freq,89424,4.434000000008382,59.83109960873717,59.96893952293725,-137.8399142000788
(c),3,2,BUS2_Freq,89425,4.467000000004191,59.81509705780473,59.96893952293725,-153.8424651325201
(c),3,2,BUS2_Freq,89426,4.5,59.84676407407199,59.96893952293725,-122.17544886525644
(c),3,2,BUS2_Freq,89427,4.533999999999651,59.83181836250301,59.96893952293725,-137.1211604342406
(c),3,2,BUS2_Freq,89428,4.567000000005464,59.83864015539382,59.96893952293725,-130.2993675434294
(c),3,2,BUS2_Freq,89429,4.600000000005821,59.86042113775473,59.96893952293725,-108.51838518252066
(c),3,2,BUS2_Freq,89430,4.6340000000054715,59.83713337503547,59.96893952293725,-131.80614790177714
(c),3,2,BUS2_Freq,89431,4.667000000001281,59.833822165272665,59.96893952293725,-135.11735766458344
(c),3,2,BUS2_Freq,89432,4.699999999997544,59.8420385105856,59.96893952293725,-126.90101235164519
(c),3,2,BUS2_Freq,89433,4.73399999999765,59.81789181,59.96893952293725,-151.04771293724895
(c),3,2,BUS2_Freq,89434,4.767000000007101,59.83941368742731,59.96893952293725,-129.5258355099378
(c),3,2,BUS2_Freq,89435,4.800000000002456,59.84890023014901,59.96893952293725,-120.03929278823477
(c),3,2,BUS2_Freq,89436,4.834000000002561,59.825877963035055,59.96893952293725,-143.06155990219338
(c),3,2,BUS2_Freq,89437,4.86699999999837,59.825453178933735,59.96893952293725,-143.486344003513
(c),3,2,BUS2_Freq,89438,4.900000000009641,59.83947701293516,59.96893952293725,-129.4625100020852
(c),3,2,BUS2_Freq,89439,4.934000000008382,59.835605131405536,59.96893952293725,-133.33439153171156
(c),3,2,BUS2_Freq,89440,4.967000000004191,59.83739001107544,59.96893952293725,-131.54951186180597
(c),3,2,BUS2_Freq,89441,5.0,59.85224143293463,59.96893952293725,-116.69809000261466
(c),3,2,BUS2_Freq,89442,5.033999999999651,59.83717689320788,59.96893952293725,-131.7626297293657
(c),3,2,BUS2_Freq,89443,5.067000000005464,59.84537600680122,59.96893952293725,-123.56351613603067
(c),3,2,BUS2_Freq,89444,5.100000000005821,59.82815868845852,59.96893952293725,-140.78083447872558
(c),3,2,BUS2_Freq,89445,5.1340000000054715,59.855395423561454,59.96893952293725,-113.5440993757939
(c),3,2,BUS2_Freq,89446,5.167000000001281,59.83434652847709,59.96893952293725,-134.5929944601565
(c),3,2,BUS2_Freq,89447,5.199999999997544,59.84497992,59.96893952293725,-123.95960293724784
(c),3,2,BUS2_Freq,89448,5.23399999999765,59.842551534536405,59.96893952293725,-126.3879884008432
(c),3,2,BUS2_Freq,89449,5.267000000007101,59.83619478730965,59.96893952293725,-132.7447356275968
(c),3,2,BUS2_Freq,89450,5.300000000002456,59.84126435721966,59.96893952293725,-127.67516571759074
(c),3,2,BUS2_Freq,89451,5.334000000002561,59.845389464409145,59.96893952293725,-123.55005852810308
(c),3,2,BUS2_Freq,89452,5.36699999999837,59.84120427607442,59.96893952293725,-127.73524686282656
(c),3,2,BUS2_Freq,89453,5.400000000009641,59.84495039994493,59.96893952293725,-123.98912299232023
(c),3,2,BUS2_Freq,89454,5.434000000008382,59.834678849059046,59.96893952293725,-134.2606738782024
(c),3,2,BUS2_Freq,89455,5.467000000004191,59.84156164067652,59.96893952293725,-127.37788226073121
(c),3,2,BUS2_Freq,89456,5.5,59.83936692234929,59.96893952293725,-129.57260058795583
(c),3,2,BUS2_Freq,89457,5.533999999999651,59.83868577715751,59.96893952293725,-130.25374577973992
(c),3,2,BUS2_Freq,89458,5.567000000005464,59.838197287082615,59.96893952293725,-130.7422358546333
(c),3,2,BUS2_Freq,89459,5.600000000005821,59.85432508768384,59.96893952293725,-114.61443525340798
(c),3,2,BUS2_Freq,89460,5.6340000000054715,59.81468186145815,59.96893952293725,-154.25766147910025
(c),3,2,BUS2_Freq,89461,5.667000000001281,59.83738280479001,59.96893952293725,-131.55671814723746
(c),3,2,BUS2_Freq,89462,5.699999999997544,59.84606066799397,59.96893952293725,-122.87885494328066
(c),3,2,BUS2_Freq,89463,5.73399999999765,59.83166057843425,59.96893952293725,-137.27894450299516
(c),3,2,BUS2_Freq,89464,5.767000000007101,59.84353393477238,59.96893952293725,-125.4055881648668
(c),3,2,BUS2_Freq,89465,5.800000000002456,59.84449676641447,59.96893952293725,-124.44275652277526
(c),3,2,BUS2_Freq,89466,5.834000000002561,59.83390621403285,59.96893952293725,-135.03330890439713
(c),3,2,BUS2_Freq,89467,5.86699999999837,59.85887812468405,59.96893952293725,-110.06139825320105
(c),3,2,BUS2_Freq,89468,5.900000000009641,59.847506368955074,59.96893952293725,-121.43315398217425
(c),3,2,BUS2_Freq,89469,5.934000000008382,59.83821783044887,59.96893952293725,-130.72169248837895
(c),3,2,BUS2_Freq,89470,5.967000000004191,59.85675554183564,59.96893952293725,-112.18398110160877
(c),3,2,BUS2_Freq,89471,6.0,59.84105906892021,59.96893952293725,-127.8804540170384
(c),3,2,BUS2_Freq,89472,6.033999999999651,59.820751734911205,59.96893952293725,-148.1877880260427
(c),3,2,BUS2_Freq,89473,6.067000000005464,59.83432984619167,59.96893952293725,-134.60967674557622
(c),3,2,BUS2_Freq,89474,6.100000000005821,59.85271944138732,59.96893952293725,-116.22008154992614
(c),3,2,BUS2_Freq,89475,6.1340000000054715,59.86101394787021,59.96893952293725,-107.9255750670356
(c),3,2,BUS2_Freq,89476,6.167000000001281,59.85293669127192,59.96893952293725,-116.00283166532677
(c),3,2,BUS2_Freq,89477,6.199999999997544,59.864405412277456,59.96893952293725,-104.53411065979168
(c),3,2,BUS2_Freq,89478,6.23399999999765,59.85795069474925,59.96893952293725,-110.98882818799893
(c),3,2,BUS2_Freq,89479,6.267000000007101,59.83457028563679,59.96893952293725,-134.36923730046146
(c),3,2,BUS2_Freq,89480,6.300000000002456,59.86240529416437,59.96893952293725,-106.53422877287966
(c),3,2,BUS2_Freq,89481,6.334000000002561,59.83587482128301,59.96893952293725,-133.06470165424145
(c),3,2,BUS2_Freq,89482,6.36699999999837,59.83824799145562,59.96893952293725,-130.69153148163082
(c),3,2,BUS2_Freq,89483,6.400000000009641,59.858006770181184,59.96893952293725,-110.93275275606373
(c),3,2,BUS2_Freq,89484,6.434000000008382,59.84334969784,59.96893952293725,-125.5898250972507
(c),3,2,BUS2_Freq,89485,6.467000000004191,59.87547220921027,59.96893952293725,-93.46731372697548
(c),3,2,BUS2_Freq,89486,6.5,59.84301718179276,59.96893952293725,-125.92234114448786
(c),3,2,BUS2_Freq,89487,6.533999999999651,59.848827535805455,59.96893952293725,-120.11198713179283
(c),3,2,BUS2_Freq,89488,6.567000000005464,59.84116662747052,59.96893952293725,-127.77289546672677
(c),3,2,BUS2_Freq,89489,6.600000000005821,59.86114345685026,59.96893952293725,-107.79606608699055
(c),3,2,BUS2_Freq,89490,6.6340000000054715,59.83012797300036,59.96893952293725,-138.81154993688938
(c),3,2,BUS2_Freq,89491,6.667000000001281,59.855272513938814,59.96893952293725,-113.66700899843352
(c),3,2,BUS2_Freq,89492,6.699999999997544,59.86927745643482,59.96893952293725,-99.66206650242526
(c),3,2,BUS2_Freq,89493,6.73399999999765,59.84608451472948,59.96893952293725,-122.85500820776463
(c),3,2,BUS2_Freq,89494,6.767000000007101,59.85353138797972,59.96893952293725,-115.40813495752644
(c),3,2,BUS2_Freq,89495,6.800000000002456,59.88099611713248,59.96893952293725,-87.943405804765
(c),3,2,BUS2_Freq,89496,6.834000000002561,59.82934227831281,59.96893952293725,-139.59724462444
(c),3,2,BUS2_Freq,89497,6.86699999999837,59.86305870778579,59.96893952293725,-105.88081515145831
(c),3,2,BUS2_Freq,89498,6.900000000009641,59.84800664487933,59.96893952293725,-120.9328780579213
(c),3,2,BUS2_Freq,89499,6.934000000008382,59.87178538,59.96893952293725,-97.15414293724933
(c),3,2,BUS2_Freq,89500,6.967000000004191,59.85542032815755,59.96893952293725,-113.5191947796983
(c),3,2,BUS2_Freq,89501,7.0,59.86012449971992,59.96893952293725,-108.81502321732484
(c),3,2,BUS2_Freq,89502,7.033999999999651,59.87252610040416,59.96893952293725,-96.41342253308949
(c),3,2,BUS2_Freq,89503,7.067000000005464,59.862711187486106,59.96893952293725,-106.22833545114219
(c),3,2,BUS2_Freq,89504,7.100000000005821,59.87365738,59.96893952293725,-95.28214293725057
(c),3,2,BUS2_Freq,89505,7.1340000000054715,59.857213951355504,59.96893952293725,-111.72557158174357
(c),3,2,BUS2_Freq,89506,7.167000000001281,59.85791614791704,59.96893952293725,-111.02337502020987
(c),3,2,BUS2_Freq,89507,7.199999999997544,59.86288770440255,59.96893952293725,-106.05181853469503
(c),3,2,BUS2_Freq,89508,7.23399999999765,59.86803141773377,59.96893952293725,-100.90810520348015
(c),3,2,BUS2_Freq,89509,7.267000000007101,59.8451935,59.96893952293725,-123.74602293724735
(c),3,2,BUS2_Freq,89510,7.300000000002456,59.84328094177389,59.96893952293725,-125.65858116335704
(c),3,2,BUS2_Freq,89511,7.334000000002561,59.839457400107534,59.96893952293725,-129.48212282971383
(c),3,2,BUS2_Freq,89512,7.36699999999837,59.87520652652049,59.96893952293725,-93.73299641675459
(c),3,2,BUS2_Freq,89513,7.400000000009641,59.87497307035511,59.96893952293725,-93.9664525821371
(c),3,2,BUS2_Freq,89514,7.434000000008382,59.85203989091909,59.96893952293725,-116.89963201816056
(c),3,2,BUS2_Freq,89515,7.467000000004191,59.88173071806364,59.96893952293725,-87.2088048736046
(c),3,2,BUS2_Freq,89516,7.5,59.86022628420062,59.96893952293725,-108.71323873662675
(c),3,2,BUS2_Freq,89517,7.533999999999651,59.88020658459551,59.96893952293725,-88.73293834173523
(c),3,2,BUS2_Freq,89518,7.567000000005464,59.85570280394172,59.96893952293725,-113.23671899553034
(c),3,2,BUS2_Freq,89519,7.600000000005821,59.86375581652575,59.96893952293725,-105.18370641149488
(c),3,2,BUS2_Freq,89520,7.6340000000054715,59.847713205268384,59.96893952293725,-121.22631766886371
(c),3,2,BUS2_Freq,89521,7.667000000001281,59.84892878270415,59.96893952293725,-120.01074023309855
(c),3,2,BUS2_Freq,89522,7.699999999997544,59.87047268,59.96893952293725,-98.46684293724906
(c),3,2,BUS2_Freq,89523,7.73399999999765,59.84443946895052,59.96893952293725,-124.50005398672914
(c),3,2,BUS2_Freq,89524,7.767000000007101,59.85809932815239,59.96893952293725,-110.8401947848563
(c),3,2,BUS2_Freq,89525,7.800000000002456,59.86835190824865,59.96893952293725,-100.58761468859956
(c),3,2,BUS2_Freq,89526,7.834000000002561,59.85353454265592,59.96893952293725,-115.40498028132617
(c),3,2,BUS2_Freq,89527,7.86699999999837,59.84326963985862,59.96893952293725,-125.66988307862914
(c),3,2,BUS2_Freq,89528,7.900000000009641,59.85490877448875,59.96893952293725,-114.03074844849925
(c),3,2,BUS2_Freq,89529,7.934000000008382,59.89432954,59.96893952293725,-74.60998293724685
(c),3,2,BUS2_Freq,89530,7.967000000004191,59.85307017653957,59.96893952293725,-115.86934639768032
(c),3,2,BUS2_Freq,89531,8.0,59.87791475079772,59.96893952293725,-91.02477213952653
(c),3,2,BUS2_Freq,89532,8.03399999999965,59.86521931186508,59.96893952293725,-103.72021107216511
(c),3,2,BUS2_Freq,89533,8.067000000005464,59.84871563734767,59.96893952293725,-120.22388558958141
(c),3,2,BUS2_Freq,89534,8.10000000000582,59.85969786758546,59.96893952293725,-109.24165535178787
(c),3,2,BUS2_Freq,89535,8.134000000005472,59.86672296,59.96893952293725,-102.2165629372509
(c),3,2,BUS2_Freq,89536,8.16700000000128,59.86925304601242,59.96893952293725,-99.68647692483046
(c),3,2,BUS2_Freq,89537,8.199999999997544,59.88452703767787,59.96893952293725,-84.41248525937795
(c),3,2,BUS2_Freq,89538,8.23399999999765,59.86029124180018,59.96893952293725,-108.64828113707148
(c),3,2,BUS2_Freq,89539,8.267000000007101,59.858632075103735,59.96893952293725,-110.3074478335131
(c),3,2,BUS2_Freq,89540,8.300000000002456,59.863585621436165,59.96893952293725,-105.3539015010827
(c),3,2,BUS2_Freq,89541,8.334000000002561,59.87335562875136,59.96893952293725,-95.58389418588575
(c),3,2,BUS2_Freq,89542,8.36699999999837,59.86502605472594,59.96893952293725,-103.91346821131009
(c),3,2,BUS2_Freq,89543,8.40000000000964,59.87823212542007,59.96893952293725,-90.70739751717838
(c),3,2,BUS2_Freq,89544,8.434000000008382,59.85723272506007,59.96893952293725,-111.70679787717575
(c),3,2,BUS2_Freq,89545,8.467000000004191,59.88440264205077,59.96893952293725,-84.53688088647482
(c),3,2,BUS2_Freq,89546,8.5,59.87408308972502,59.96893952293725,-94.85643321222881
(c),3,2,BUS2_Freq,89547,8.53399999999965,59.84952525415781,59.96893952293725,-119.41426877943684
(c),3,2,BUS2_Freq,89548,8.567000000005464,59.87545431,59.96893952293725,-93.48521293724588
(c),3,2,BUS2_Freq,89549,8.60000000000582,59.88491544330583,59.96893952293725,-84.02407963141911
(c),3,2,BUS2_Freq,89550,8.634000000005472,59.89462462,59.96893952293725,-74.31490293724607
(c),3,2,BUS2_Freq,89551,8.66700000000128,59.86901820115481,59.96893952293725,-99.92132178243907
(c),3,2,BUS2_Freq,89552,8.699999999997544,59.86649596,59.96893952293725,-102.44356293724621
(c),3,2,BUS2_Freq,89553,8.73399999999765,59.86771520216317,59.96893952293725,-101.2243207740795
(c),3,2,BUS2_Freq,89554,8.767000000007101,59.88525408123761,59.96893952293725,-83.68544169963599
(c),3,2,BUS2_Freq,89555,8.800000000002456,59.88683730206928,59.96893952293725,-82.10222086796648
(c),3,2,BUS2_Freq,89556,8.834000000002561,59.870096732561805,59.96893952293725,-98.84279037544275
(c),3,2,BUS2_Freq,89557,8.86699999999837,59.877936973994046,59.96893952293725,-91.00254894320159
(c),3,2,BUS2_Freq,89558,8.90000000000964,59.89162359919888,59.96893952293725,-77.31592373836804
(c),3,2,BUS2_Freq,89559,8.934000000008382,59.86792421,59.96893952293725,-101.01531293724975
(c),3,2,BUS2_Freq,89560,8.967000000004191,59.878460148877686,59.96893952293725,-90.47937405956219
(c),3,2,BUS2_Freq,89561,9.0,59.89213139414238,59.96893952293725,-76.8081287948661
(c),3,2,BUS2_Freq,89562,9.03399999999965,59.88288632,59.96893952293725,-86.05320293725072
(c),3,2,BUS2_Freq,89563,9.067000000005464,59.88195968510189,59.96893952293725,-86.9798378353579
(c),3,2,BUS2_Freq,89564,9.10000000000582,59.88581211180375,59.96893952293725,-83.12741113349631
(c),3,2,BUS2_Freq,89565,9.134000000005472,59.88179772628418,59.96893952293725,-87.14179665307142
(c),3,2,BUS2_Freq,89566,9.16700000000128,59.875924959098384,59.96893952293725,-93.01456383886375
(c),3,2,BUS2_Freq,89567,9.199999999997544,59.88182351299507,59.96893952293725,-87.11600994217861
(c),3,2,BUS2_Freq,89568,9.23399999999765,59.89689132651166,59.96893952293725,-72.04819642559102
(c),3,2,BUS2_Freq,89569,9.267000000007101,59.86842612406824,59.96893952293725,-100.51339886900479
(c),3,2,BUS2_Freq,89570,9.300000000002456,59.86827879315197,59.96893952293725,-100.6607297852753
(c),3,2,BUS2_Freq,89571,9.334000000002561,59.872038482120814,59.96893952293725,-96.90104081643369
(c),3,2,BUS2_Freq,89572,9.36699999999837,59.88986233169095,59.96893952293725,-79.07719124629864
(c),3,2,BUS2_Freq,89573,9.40000000000964,59.88324699320203,59.96893952293725,-85.69252973521913
(c),3,2,BUS2_Freq,89574,9.434000000008382,59.89396563213551,59.96893952293725,-74.97389080173633
(c),3,2,BUS2_Freq,89575,9.467000000004191,59.87551147853632,59.96893952293725,-93.42804440093033
(c),3,2,BUS2_Freq,89576,9.5,59.89165227,59.96893952293725,-77.28725293724636
(c),3,2,BUS2_Freq,89577,9.53399999999965,59.89577784166435,59.96893952293725,-73.16168127290013
(c),3,2,BUS2_Freq,89578,9.567000000005464,59.88810551335354,59.96893952293725,-80.83400958371101
(c),3,2,BUS2_Freq,89579,9.60000000000582,59.86803726,59.96893952293725,-100.90226293724669
(c),3,2,BUS2_Freq,89580,9.634000000005472,59.872337880012296,59.96893952293725,-96.6016429249521
(c),3,2,BUS2_Freq,89581,9.66700000000128,59.88208637710246,59.96893952293725,-86.85314583478743
(c),3,2,BUS2_Freq,89582,9.699999999997544,59.89047917770755,59.96893952293725,-78.46034522970058
(c),3,2,BUS2_Freq,89583,9.73399999999765,59.86335931798583,59.96893952293725,-105.58020495141562
(c),3,2,BUS2_Freq,89584,9.767000000007101,59.89365821706588,59.96893952293725,-75.28130587137127
(c),3,2,BUS2_Freq,89585,9.800000000002456,59.88847341331178,59.96893952293725,-80.46610962546907
(c),3,2,BUS2_Freq,89586,9.834000000002561,59.88454626086383,59.96893952293725,-84.39326207341935
(c),3,2,BUS2_Freq,89587,9.86699999999837,59.888045152989655,59.96893952293725,-80.89436994759325
(c),3,2,BUS2_Freq,89588,9.90000000000964,59.89066837270549,59.96893952293725,-78.27115023175679
(c),3,2,BUS2_Freq,89589,9.934000000008382,59.89383638526031,59.96893952293725,-75.10313767694043
(c),3,2,BUS2_Freq,89590,9.967000000004191,59.87633201,59.96893952293725,-92.60751293724923
(c),3,2,BUS2_Freq,89591,10.0,59.909294466795984,59.96893952293725,-59.64505614126381
(c),3,2,BUS2_Freq,89592,10.03399999999965,59.89044706988474,59.96893952293725,-78.49245305250463
(c),3,2,BUS2_Freq,89593,10.067000000005464,59.90213809136928,59.96893952293725,-66.80143156796703
(c),3,2,BUS2_Freq,89594,10.10000000000582,59.906270453409526,59.96893952293725,-62.66906952772189
(c),3,2,BUS2_Freq,89595,10.134000000005472,59.90724498504995,59.96893952293725,-61.694537887298395
(c),3,2,BUS2_Freq,89596,10.16700000000128,59.89084744980154,59.96893952293725,-78.0920731357071
(c),3,2,BUS2_Freq,89597,10.199999999997544,59.905719530438006,59.96893952293725,-63.21999249924204
(c),3,2,BUS2_Freq,89598,10.23399999999765,59.88325724493389,59.96893952293725,-85.68227800336103
(c),3,2,BUS2_Freq,89599,10.267000000007101,59.88563100504487,59.96893952293725,-83.3085178923767
(c),3,2,BUS2_Freq,89600,10.300000000002456,59.868981403224325,59.96893952293725,-99.95811971292312
(c),3,2,BUS2_Freq,89601,10.334000000002561,59.89055271637377,59.96893952293725,-78.38680656347918
(c),3,2,BUS2_Freq,89602,10.36699999999837,59.88311695291021,59.96893952293725,-85.82257002704097
(c),3,2,BUS2_Freq,89603,10.40000000000964,59.898032497654285,59.96893952293725,-70.90702528296333
(c),3,2,BUS2_Freq,89604,10.434000000008382,59.89454981191752,59.96893952293725,-74.38971101972669
(c),3,2,BUS2_Freq,89605,10.467000000004191,59.9054859,59.96893952293725,-63.45362293724577
(c),3,2,BUS2_Freq,89606,10.5,59.88899603699125,59.96893952293725,-79.94348594599643
(c),3,2,BUS2_Freq,89607,10.53399999999965,59.88993108842435,59.96893952293725,-79.0084345129003
(c),3,2,BUS2_Freq,89608,10.567000000005464,59.87691216142312,59.96893952293725,-92.02736151412694
(c),3,2,BUS2_Freq,89609,10.60000000000582,59.90020471007567,59.96893952293725,-68.73481286157812
(c),3,2,BUS2_Freq,89610,10.634000000005472,59.91051310268893,59.96893952293725,-58.4264202483169
(c),3,2,BUS2_Freq,89611,10.66700000000128,59.89189223150852,59.96893952293725,-77.0472914287268
(c),3,2,BUS2_Freq,89612,10.699999999997544,59.87750995599151,59.96893952293725,-91.42956694573456
(c),3,2,BUS2_Freq,89613,10.73399999999765,59.898167643049256,59.96893952293725,-70.77187988799238
(c),3,2,BUS2_Freq,89614,10.767000000007101,59.870880412871045,59.96893952293725,-98.05911006620249
(c),3,2,BUS2_Freq,89615,10.800000000002456,59.89051462,59.96893952293725,-78.42490293725035
(c),3,2,BUS2_Freq,89616,10.834000000002561,59.895565309593614,59.96893952293725,-73.3742133436337
(c),3,2,BUS2_Freq,89617,10.86699999999837,59.881044063461054,59.96893952293725,-87.8954594761936
(c),3,2,BUS2_Freq,89618,10.90000000000964,59.89872715152157,59.96893952293725,-70.21237141567838
(c),3,2,BUS2_Freq,89619,10.934000000008382,59.92590887734781,59.96893952293725,-43.03064558943959
(c),3,2,BUS2_Freq,89620,10.967000000004191,59.89480771964044,59.96893952293725,-74.13180329680813
(c),3,2,BUS2_Freq,89621,11.0,59.903049477483314,59.96893952293725,-65.89004545393351
(c),3,2,BUS2_Freq,89622,11.03399999999965,59.90079222761982,59.96893952293725,-68.14729531743069
(c),3,2,BUS2_Freq,89623,11.067000000005464,59.90525076747898,59.96893952293725,-63.68875545826569
(c),3,2,BUS2_Freq,89624,11.10000000000582,59.901960031536575,59.96893952293725,-66.97949140067294
(c),3,2,BUS2_Freq,89625,11.134000000005472,59.889562799189896,59.96893952293725,-79.37672374735172
(c),3,2,BUS2_Freq,89626,11.16700000000128,59.90622571772865,59.96893952293725,-62.713805208595375
(c),3,2,BUS2_Freq,89627,11.199999999997544,59.89871908674424,59.96893952293725,-70.22043619301144
(c),3,2,BUS2_Freq,89628,11.23399999999765,59.89557228686117,59.96893952293725,-73.36723607608064
(c),3,2,BUS2_Freq,89629,11.267000000007101,59.90804086522648,59.96893952293725,-60.89865771076575
(c),3,2,BUS2_Freq,89630,11.300000000002456,59.898292608420384,59.96893952293725,-70.646914516864
(c),3,2,BUS2_Freq,89631,11.334000000002561,59.89896998531126,59.96893952293725,-69.96953762598679
(c),3,2,BUS2_Freq,89632,11.36699999999837,59.91470393026992,59.96893952293725,-54.23559266732525
(c),3,2,BUS2_Freq,89633,11.40000000000964,59.90027390135759,59.96893952293725,-68.66562157965461
(c),3,2,BUS2_Freq,89634,11.434000000008382,59.90640238597881,59.96893952293725,-62.53713695843999
(c),3,2,BUS2_Freq,89635,11.467000000004191,59.8948105457166,59.96893952293725,-74.12897722064571
(c),3,2,BUS2_Freq,89636,11.5,59.89782106767381,59.96893952293725,-71.11845526343785
(c),3,2,BUS2_Freq,89637,11.53399999999965,59.90845152186954,59.96893952293725,-60.488001067710684
(c),3,2,BUS2_Freq,89638,11.567000000005464,59.896037436238885,59.96893952293725,-72.90208669836318
(c),3,2,BUS2_Freq,89639,11.60000000000582,59.902017838057645,59.96893952293725,-66.9216848796026
(c),3,2,BUS2_Freq,89640,11.634000000005472,59.89779227455814,59.96893952293725,-71.14724837910558
(c),3,2,BUS2_Freq,89641,11.66700000000128,59.90216456234592,59.96893952293725,-66.77496059133148
(c),3,2,BUS2_Freq,89642,11.699999999997544,59.90349936501479,59.96893952293725,-65.44015792245972
(c),3,2,BUS2_Freq,89643,11.73399999999765,59.894990564281976,59.96893952293725,-73.94895865527218
(c),3,2,BUS2_Freq,89644,11.767000000007101,59.90733688913797,59.96893952293725,-61.602633799275
(c),3,2,BUS2_Freq,89645,11.800000000002456,59.893289026828064,59.96893952293725,-75.6504961091835
(c),3,2,BUS2_Freq,89646,11.834000000002561,59.91601355524456,59.96893952293725,-52.92596769268698
(c),3,2,BUS2_Freq,89647,11.86699999999837,59.89486435759908,59.96893952293725,-74.07516533816505
(c),3,2,BUS2_Freq,89648,11.90000000000964,59.906016301739534,59.96893952293725,-62.923221197713985
(c),3,2,BUS2_Freq,89649,11.934000000008382,59.90998630824342,59.96893952293725,-58.953214693829636
(c),3,2,BUS2_Freq,89650,11.967000000004191,59.88752843546675,59.96893952293725,-81.41108747049941
(c),3,2,BUS2_Freq,89651,12.0,59.90176928096759,59.96893952293725,-67.17024196965582
(c),3,2,BUS2_Freq,89652,12.03399999999965,59.884899782387365,59.96893952293725,-84.03974054988339
(c),3,2,BUS2_Freq,89653,12.067000000005464,59.90462944650088,59.96893952293725,-64.31007643637088
(c),3,2,BUS2_Freq,89654,12.10000000000582,59.90450136926692,59.96893952293725,-64.43815367033068
(c),3,2,BUS2_Freq,89655,12.134000000005472,59.89482832944004,59.96893952293725,-74.11119349720963
(c),3,2,BUS2_Freq,89656,12.16700000000128,59.888518450350126,59.96893952293725,-80.4210725871215
(c),3,2,BUS2_Freq,89657,12.199999999997544,59.892845058167886,59.96893952293725,-76.09446476936199
(c),3,2,BUS2_Freq,89658,12.23399999999765,59.8919351358384,59.96893952293725,-77.00438709884594
(c),3,2,BUS2_Freq,89659,12.267000000007101,59.90356257140575,59.96893952293725,-65.3769515314977
(c),3,2,BUS2_Freq,89660,12.300000000002456,59.89515923838814,59.96893952293725,-73.7802845491089
(c),3,2,BUS2_Freq,89661,12.334000000002561,59.8997715763001,59.96893952293725,-69.16794663715109
(c),3,2,BUS2_Freq,89662,12.36699999999837,59.890742524629225,59.96893952293725,-78.19699830802307
(c),3,2,BUS2_Freq,89663,12.40000000000964,59.91556745262473,59.96893952293725,-53.37207031251978
(c),3,2,BUS2_Freq,89664,12.434000000008382,59.89174245978671,59.96893952293725,-77.19706315053543
(c),3,2,BUS2_Freq,89665,12.467000000004191,59.90949141226491,59.96893952293725,-59.44811067233502
(c),3,2,BUS2_Freq,89666,12.5,59.8846676500452,59.96893952293725,-84.27187289204596
(c),3,2,BUS2_Freq,89667,12.53399999999965,59.892638540957854,59.96893952293725,-76.30098197939361
(c),3,2,BUS2_Freq,89668,12.567000000005464,59.90502037939163,59.96893952293725,-63.91914354561834
(c),3,2,BUS2_Freq,89669,12.60000000000582,59.89214374584768,59.96893952293725,-76.79577708956487
(c),3,2,BUS2_Freq,89670,12.634000000005472,59.91413899,59.96893952293725,-54.80053293725007
(c),3,2,BUS2_Freq,89671,12.66700000000128,59.90271970765016,59.96893952293725,-66.21981528709142
(c),3,2,BUS2_Freq,89672,12.699999999997544,59.90753263,59.96893952293725,-61.406892937249324
(c),3,2,BUS2_Freq,89673,12.73399999999765,59.886866590274586,59.96893952293725,-82.07293266266191
(c),3,2,BUS2_Freq,89674,12.767000000007101,59.88618215136574,59.96893952293725,-82.75737157151042
(c),3,2,BUS2_Freq,89675,12.800000000002456,59.89850871485294,59.96893952293725,-70.43080808431057
(c),3,2,BUS2_Freq,89676,12.834000000002561,59.91034910246432,59.96893952293725,-58.59042047292462
(c),3,2,BUS2_Freq,89677,12.86699999999837,59.88915067136094,59.96893952293725,-79.78885157631055
(c),3,2,BUS2_Freq,89678,12.90000000000964,59.90494935287432,59.96893952293725,-63.99017006292951
(c),3,2,BUS2_Freq,89679,12.934000000008382,59.900116983292776,59.96893952293725,-68.82253964447216
(c),3,2,BUS2_Freq,89680,12.967000000004191,59.90770089345793,59.96893952293725,-61.238629479319684
(c),3,2,BUS2_Freq,89681,13.0,59.88754545590921,59.96893952293725,-81.39406702803598
(c),3,2,BUS2_Freq,89682,13.03399999999965,59.91800815161568,59.96893952293725,-50.93137132156755
(c),3,2,BUS2_Freq,89683,13.067000000005464,59.88853398747714,59.96893952293725,-80.40553546010898
(c),3,2,BUS2_Freq,89684,13.10000000000582,59.91606768674758,59.96893952293725,-52.87183618966651
(c),3,2,BUS2_Freq,89685,13.134000000005472,59.90152456379401,59.96893952293725,-67.41495914323536
(c),3,2,BUS2_Freq,89686,13.16700000000128,59.89453500719106,59.96893952293725,-74.40451574618834
(c),3,2,BUS2_Freq,89687,13.199999999997544,59.915670863851375,59.96893952293725,-53.26865908587308
(c),3,2,BUS2_Freq,89688,13.23399999999765,59.90400277772604,59.96893952293725,-64.93674521120596
(c),3,2,BUS2_Freq,89689,13.267000000007101,59.90399110388101,59.96893952293725,-64.94841905623616
(c),3,2,BUS2_Freq,89690,13.300000000002456,59.91181921273097,59.96893952293725,-57.12031020627961
(c),3,2,BUS2_Freq,89691,13.334000000002561,59.911898139182746,59.96893952293725,-57.04138375450185
(c),3,2,BUS2_Freq,89692,13.36699999999837,59.91014563677757,59.96893952293725,-58.793886159676845
(c),3,2,BUS2_Freq,89693,13.40000000000964,59.91751305,59.96893952293725,-51.42647293725133
(c),3,2,BUS2_Freq,89694,13.434000000008382,59.90339179622451,59.96893952293725,-65.54772671273668
(c),3,2,BUS2_Freq,89695,13.467000000004191,59.91657472234692,59.96893952293725,-52.364800590325444
(c),3,2,BUS2_Freq,89696,13.5,59.917980562207774,59.96893952293725,-50.958960729474256
(c),3,2,BUS2_Freq,89697,13.53399999999965,59.90801776637916,59.96893952293725,-60.921756558087736
(c),3,2,BUS2_Freq,89698,13.567000000005464,59.90384241984583,59.96893952293725,-65.09710309141781
(c),3,2,BUS2_Freq,89699,13.60000000000582,59.90954260723624,59.96893952293725,-59.39691570100791
(c),3,2,BUS2_Freq,89700,13.634000000005472,59.91423524447524,59.96893952293725,-54.70427846200465
(c),3,2,BUS2_Freq,89701,13.66700000000128,59.8995015429888,59.96893952293725,-69.43797994844658
(c),3,2,BUS2_Freq,89702,13.699999999997544,59.89645725016136,59.96893952293725,-72.48227277588626
(c),3,2,BUS2_Freq,89703,13.73399999999765,59.90982648270262,59.96893952293725,-59.113040234628045
(c),3,2,BUS2_Freq,89704,13.767000000007101,59.89687720568284,59.96893952293725,-72.0623172544066
(c),3,2,BUS2_Freq,89705,13.800000000002456,59.90884236085854,59.96893952293725,-60.09716207870497
(c),3,2,BUS2_Freq,89706,13.834000000002561,59.88608040673504,59.96893952293725,-82.85911620220787
(c),3,2,BUS2_Freq,89707,13.86699999999837,59.90407563241898,59.96893952293725,-64.86389051826791
(c),3,2,BUS2_Freq,89708,13.90000000000964,59.901079518203886,59.96893952293725,-67.86000473336173
(c),3,2,BUS2_Freq,89709,13.934000000008382,59.89906824859666,59.96893952293725,-69.87127434058493
(c),3,2,BUS2_Freq,89710,13.967000000004191,59.92313797,59.96893952293725,-45.80155293724886
(c),3,2,BUS2_Freq,89711,14.0,59.88844163890541,59.96893952293725,-80.49788403183555
(c),3,2,BUS2_Freq,89712,14.03399999999965,59.90849303,59.96893952293725,-60.446492937245466
(c),3,2,BUS2_Freq,89713,14.067000000005464,59.903914011578834,59.96893952293725,-65.02551135841372
(c),3,2,BUS2_Freq,89714,14.10000000000582,59.90398092312267,59.96893952293725,-64.95859981458096
(c),3,2,BUS2_Freq,89715,14.134000000005472,59.89805047887055,59.96893952293725,-70.88904406669627
(c),3,2,BUS2_Freq,89716,14.16700000000128,59.91165471451686,59.96893952293725,-57.28480842039119
(c),3,2,BUS2_Freq,89717,14.199999999997544,59.89939689292736,59.96893952293725,-69.54263000988448
(c),3,2,BUS2_Freq,89718,14.23399999999765,59.90865375089442,59.96893952293725,-60.2857720428247
(c),3,2,BUS2_Freq,89719,14.267000000007101,59.92117450763737,59.96893952293725,-47.76501529988053
(c),3,2,BUS2_Freq,89720,14.300000000002456,59.87696808804225,59.96893952293725,-91.97143489500093
(c),3,2,BUS2_Freq,89721,14.334000000002561,59.91592957659251,59.96893952293725,-53.0099463447371
(c),3,2,BUS2_Freq,89722,14.36699999999837,59.91483475695595,59.96893952293725,-54.10476598130032
(c),3,2,BUS2_Freq,89723,14.40000000000964,59.89813107197141,59.96893952293725,-70.80845096583488
(c),3,2,BUS2_Freq,89724,14.434000000008382,59.88585618,59.96893952293725,-83.08334293725039
(c),3,2,BUS2_Freq,89725,14.467000000004191,59.909699846531694,59.96893952293725,-59.23967640555361
(c),3,2,BUS2_Freq,89726,14.5,59.91702110364783,59.96893952293725,-51.91841928941443
(c),3,2,BUS2_Freq,89727,14.53399999999965,59.90100833413133,59.96893952293725,-67.93118880591464
(c),3,2,BUS2_Freq,89728,14.567000000005464,59.90318126730647,59.96893952293725,-65.75825563077586
(c),3,2,BUS2_Freq,89729,14.60000000000582,59.91229756696583,59.96893952293725,-56.64195597141486
(c),3,2,BUS2_Freq,89730,14.634000000005472,59.90251215873325,59.96893952293725,-66.42736420399586
(c),3,2,BUS2_Freq,89731,14.66700000000128,59.89240068483577,59.96893952293725,-76.53883810147732
(c),3,2,BUS2_Freq,89732,14.699999999997544,59.90466673981575,59.96893952293725,-64.27278312149554
(c),3,2,BUS2_Freq,89733,14.73399999999765,59.91226283184481,59.96893952293725,-56.676691092441445
(c),3,2,BUS2_Freq,89734,14.767000000007101,59.88980947319028,59.96893952293725,-79.13004974696491
(c),3,2,BUS2_Freq,89735,14.800000000002456,59.92887653643044,59.96893952293725,-40.06298650681117
(c),3,2,BUS2_Freq,89736,14.834000000002561,59.90729490709133,59.96893952293725,-61.64461584592118
(c),3,2,BUS2_Freq,89737,14.86699999999837,59.89254222585282,59.96893952293725,-76.39729708442644
(c),3,2,BUS2_Freq,89738,14.90000000000964,59.89854943,59.96893952293725,-70.39009293724519
(c),3,2,BUS2_Freq,89739,14.934000000008382,59.90075359365711,59.96893952293725,-68.18592928014056
(c),3,2,BUS2_Freq,89740,14.967000000004191,59.90992035554438,59.96893952293725,-59.01916739286861
(c),3,2,BUS2_Freq,89741,15.0,59.91302966942216,59.96893952293725,-55.90985351508948
(c),3,2,BUS2_Freq,89742,15.03399999999965,59.90070306345203,59.96893952293725,-68.23645948522028
(c),3,2,BUS2_Freq,89743,15.067000000005464,59.90535342,59.96893952293725,-63.586102937250644
(c),3,2,BUS2_Freq,89744,15.10000000000582,59.897931034171656,59.96893952293725,-71.0084887655924
(c),3,2,BUS2_Freq,89745,15.134000000005472,59.898539435458765,59.96893952293725,-70.40008747848248
(c),3,2,BUS2_Freq,89746,15.16700000000128,59.90153182797469,59.96893952293725,-67.4076949625615
(c),3,2,BUS2_Freq,89747,15.199999999997544,59.88977045038919,59.96893952293725,-79.16907254805494
(c),3,2,BUS2_Freq,89748,15.23399999999765,59.89757854,59.96893952293725,-71.36098293725013
(c),3,2,BUS2_Freq,89749,15.267000000007101,59.91395439327752,59.96893952293725,-54.985129659726795
(c),3,2,BUS2_Freq,89750,15.300000000002456,59.90049206358164,59.96893952293725,-68.44745935561036
(c),3,2,BUS2_Freq,89751,15.334000000002561,59.91677168039229,59.96893952293725,-52.16784254496076
(c),3,2,BUS2_Freq,89752,15.36699999999837,59.90848335686099,59.96893952293725,-60.456166076257034
(c),3,2,BUS2_Freq,89753,15.40000000000964,59.905176255699786,59.96893952293725,-63.76326723746217
(c),3,2,BUS2_Freq,89754,15.434000000008382,59.91641802623461,59.96893952293725,-52.521496702638615
(c),3,2,BUS2_Freq,89755,15.467000000004191,59.90774094150401,59.96893952293725,-61.19858143323853
(c),3,2,BUS2_Freq,89756,15.5,59.87944220776551,59.96893952293725,-89.49731517174087
(c),3,2,BUS2_Freq,89757,15.53399999999965,59.89667284809592,59.96893952293725,-72.26667484133031
(c),3,2,BUS2_Freq,89758,15.567000000005464,59.90294152007854,59.96893952293725,-65.99800285870572
(c),3,2,BUS2_Freq,89759,15.60000000000582,59.894473954325306,59.96893952293725,-74.46556861194153
(c),3,2,BUS2_Freq,89760,15.634000000005472,59.90194524094468,59.96893952293725,-66.99428199257085
(c),3,2,BUS2_Freq,89761,15.66700000000128,59.91352490965376,59.96893952293725,-55.414613283488734
(c),3,2,BUS2_Freq,89762,15.699999999997544,59.90756879495064,59.96893952293725,-61.370727986606255
(c),3,2,BUS2_Freq,89763,15.73399999999765,59.921459861033696,59.96893952293725,-47.47966190355157
(c),3,2,BUS2_Freq,89764,15.767000000007101,59.90177758846124,59.96893952293725,-67.1619344760046
(c),3,2,BUS2_Freq,89765,15.800000000002456,59.90175649602045,59.96893952293725,-67.18302691680123
(c),3,2,BUS2_Freq,89766,15.834000000002561,59.90252913357215,59.96893952293725,-66.41038936509602
(c),3,2,BUS2_Freq,89767,15.86699999999837,59.89993095804983,59.96893952293725,-69.0085648874188
(c),3,2,BUS2_Freq,89768,15.90000000000964,59.89746274070709,59.96893952293725,-71.47678223015674
(c),3,2,BUS2_Freq,89769,15.934000000008382,59.91187351211121,59.96893952293725,-57.066010826041236
(c),3,2,BUS2_Freq,89770,15.967000000004191,59.90902329179141,59.96893952293725,-59.91623114584144
(c),3,2,BUS2_Freq,89771,16.0,59.90965968506492,59.96893952293725,-59.27983787232449
(c),3,2,BUS2_Freq,89772,16.03399999999965,59.898275227503234,59.96893952293725,-70.66429543401398
(c),3,2,BUS2_Freq,89773,16.067000000005464,59.89860053415268,59.96893952293725,-70.33898878457023
(c),3,2,BUS2_Freq,89774,16.10000000000582,59.89536164523904,59.96893952293725,-73.5778776982059
(c),3,2,BUS2_Freq,89775,16.13400000000547,59.90017554,59.96893952293725,-68.76398293724861
(c),3,2,BUS2_Freq,89776,16.16700000000128,59.90638541699486,59.96893952293725,-62.554105942389526
(c),3,2,BUS2_Freq,89777,16.199999999997544,59.90285217696745,59.96893952293725,-66.08734596979815
(c),3,2,BUS2_Freq,89778,16.23399999999765,59.90968002404623,59.96893952293725,-59.25949889101645
(c),3,2,BUS2_Freq,89779,16.2670000000071,59.90548259964229,59.96893952293725,-63.456923294957335
(c),3,2,BUS2_Freq,89780,16.300000000002456,59.90691496,59.96893952293725,-62.02456293724623
(c),3,2,BUS2_Freq,89781,16.33400000000256,59.91585744118857,59.96893952293725,-53.08208174867701
(c),3,2,BUS2_Freq,89782,16.36699999999837,59.90148550593455,59.96893952293725,-67.45401700269582
(c),3,2,BUS2_Freq,89783,16.40000000000964,59.90605689,59.96893952293725,-62.88263293724583
(c),3,2,BUS2_Freq,89784,16.434000000008382,59.89319441657283,59.96893952293725,-75.74510636441545
(c),3,2,BUS2_Freq,89785,16.46700000000419,59.90562637035536,59.96893952293725,-63.313152581891075
(c),3,2,BUS2_Freq,89786,16.5,59.89698918191786,59.96893952293725,-71.95034101938802
(c),3,2,BUS2_Freq,89787,16.53399999999965,59.904375349464,59.96893952293725,-64.56417347325072
(c),3,2,BUS2_Freq,89788,16.567000000005464,59.911383574530966,59.96893952293725,-57.5559484062822
(c),3,2,BUS2_Freq,89789,16.60000000000582,59.92125624417952,59.96893952293725,-47.68327875773082
(c),3,2,BUS2_Freq,89790,16.63400000000547,59.9118529437504,59.96893952293725,-57.08657918685134
(c),3,2,BUS2_Freq,89791,16.66700000000128,59.90443808534224,59.96893952293725,-64.50143759500548
(c),3,2,BUS2_Freq,89792,16.699999999997544,59.899243660569375,59.96893952293725,-69.69586236787251
(c),3,2,BUS2_Freq,89793,16.73399999999765,59.9130640488309,59.96893952293725,-55.875474106350964
(c),3,2,BUS2_Freq,89794,16.7670000000071,59.89169733115704,59.96893952293725,-77.24219178020775
(c),3,2,BUS2_Freq,89795,16.800000000002456,59.90595253905287,59.96893952293725,-62.986983884378844
(c),3,2,BUS2_Freq,89796,16.83400000000256,59.91265494812122,59.96893952293725,-56.28457481602567
(c),3,2,BUS2_Freq,89797,16.86699999999837,59.90238149759566,59.96893952293725,-66.55802534158539
(c),3,2,BUS2_Freq,89798,16.90000000000964,59.912041497159024,59.96893952293725,-56.89802577822434
(c),3,2,BUS2_Freq,89799,16.934000000008382,59.88965311428047,59.96893952293725,-79.2864086567775
(c),3,2,BUS2_Freq,89800,16.96700000000419,59.896566677517896,59.96893952293725,-72.37284541935196
(c),3,2,BUS2_Freq,89801,17.0,59.9162090563642,59.96893952293725,-52.730466573045476
(c),3,2,BUS2_Freq,89802,17.03399999999965,59.91699743830522,59.96893952293725,-51.94208463202443
(c),3,2,BUS2_Freq,89803,17.067000000005464,59.910402939188,59.96893952293725,-58.53658374924464
(c),3,2,BUS2_Freq,89804,17.10000000000582,59.90328644740631,59.96893952293725,-65.65307553093902
(c),3,2,BUS2_Freq,89805,17.13400000000547,59.89624935233616,59.96893952293725,-72.69017060108496
(c),3,2,BUS2_Freq,89806,17.16700000000128,59.914776255609496,59.96893952293725,-54.163267327751896
(c),3,2,BUS2_Freq,89807,17.199999999997544,59.88856706410132,59.96893952293725,-80.37245883592448
(c),3,2,BUS2_Freq,89808,17.23399999999765,59.91857484830111,59.96893952293725,-50.364674636135476
(c),3,2,BUS2_Freq,89809,17.2670000000071,59.88664537522412,59.96893952293725,-82.29414771312804
(c),3,2,BUS2_Freq,89810,17.300000000002456,59.89641331529199,59.96893952293725,-72.52620764526085
(c),3,2,BUS2_Freq,89811,17.33400000000256,59.90591258539796,59.96893952293725,-63.02693753929134
(c),3,2,BUS2_Freq,89812,17.36699999999837,59.901563256490704,59.96893952293725,-67.37626644654426
(c),3,2,BUS2_Freq,89813,17.40000000000964,59.885035892593294,59.96893952293725,-83.9036303439542
(c),3,2,BUS2_Freq,89814,17.434000000008382,59.90377154076305,59.96893952293725,-65.16798217419506
(c),3,2,BUS2_Freq,89815,17.46700000000419,59.91280204860392,59.96893952293725,-56.137474333326054
(c),3,2,BUS2_Freq,89816,17.5,59.90353337838258,59.96893952293725,-65.40614455466454
(c),3,2,BUS2_Freq,89817,17.53399999999965,59.907289338736106,59.96893952293725,-61.650184201141656
(c),3,2,BUS2_Freq,89818,17.567000000005464,59.90342127232791,59.96893952293725,-65.5182506093368
(c),3,2,BUS2_Freq,89819,17.60000000000582,59.87273316354646,59.96893952293725,-96.20635939079136
(c),3,2,BUS2_Freq,89820,17.63400000000547,59.91691491279237,59.96893952293725,-52.02461014487625
(c),3,2,BUS2_Freq,89821,17.66700000000128,59.90418797680234,59.96893952293725,-64.7515461349073
(c),3,2,BUS2_Freq,89822,17.699999999997544,59.89202382369031,59.96893952293725,-76.91569924693908
(c),3,2,BUS2_Freq,89823,17.73399999999765,59.89773577529343,59.96893952293725,-71.2037476438212
(c),3,2,BUS2_Freq,89824,17.7670000000071,59.89800104660026,59.96893952293725,-70.93847633699113
(c),3,2,BUS2_Freq,89825,17.800000000002456,59.88784060247005,59.96893952293725,-81.09892046719835
(c),3,2,BUS2_Freq,89826,17.83400000000256,59.91464660885066,59.96893952293725,-54.292914086587984
(c),3,2,BUS2_Freq,89827,17.86699999999837,59.88927017179578,59.96893952293725,-79.66935114146878
(c),3,2,BUS2_Freq,89828,17.90000000000964,59.887932602131045,59.96893952293725,-81.0069208062032
(c),3,2,BUS2_Freq,89829,17.934000000008382,59.89664097893668,59.96893952293725,-72.29854400056723
(c),3,2,BUS2_Freq,89830,17.96700000000419,59.89966284819261,59.96893952293725,-69.27667474463561
(c),3,2,BUS2_Freq,89831,18.0,59.91350806797713,59.96893952293725,-55.43145496011448
(c),3,2,BUS2_Freq,89832,18.03399999999965,59.88883879,59.96893952293725,-80.10073293724673
(c),3,2,BUS2_Freq,89833,18.067000000005464,59.90108290996148,59.96893952293725,-67.85661297576695
(c),3,2,BUS2_Freq,89834,18.10000000000582,59.89568238507171,59.96893952293725,-73.25713786553933
(c),3,2,BUS2_Freq,89835,18.13400000000547,59.90817836783366,59.96893952293725,-60.761155103584485
(c),3,2,BUS2_Freq,89836,18.16700000000128,59.90642234,59.96893952293725,-62.51718293724906
(c),3,2,BUS2_Freq,89837,18.199999999997544,59.89123908519474,59.96893952293725,-77.70043774250723
(c),3,2,BUS2_Freq,89838,18.23399999999765,59.90289595292037,59.96893952293725,-66.04357001688044
(c),3,2,BUS2_Freq,89839,18.2670000000071,59.89369716095003,59.96893952293725,-75.24236198721468
(c),3,2,BUS2_Freq,89840,18.300000000002456,59.90884817703591,59.96893952293725,-60.09134590134124
(c),3,2,BUS2_Freq,89841,18.33400000000256,59.91465301527346,59.96893952293725,-54.28650766378951
(c),3,2,BUS2_Freq,89842,18.36699999999837,59.89992423830893,59.96893952293725,-69.01528462832118
(c),3,2,BUS2_Freq,89843,18.40000000000964,59.89598506372088,59.96893952293725,-72.95445921636912
(c),3,2,BUS2_Freq,89844,18.434000000008382,59.90176032943362,59.96893952293725,-67.17919350362678
(c),3,2,BUS2_Freq,89845,18.46700000000419,59.92438872726779,59.96893952293725,-44.55079566945841
(c),3,2,BUS2_Freq,89846,18.5,59.91338808780427,59.96893952293725,-55.55143513297622
(c),3,2,BUS2_Freq,89847,18.53399999999965,59.908110769371376,59.96893952293725,-60.82875356587181
(c),3,2,BUS2_Freq,89848,18.567000000005464,59.90285414254929,59.96893952293725,-66.08538038796041
(c),3,2,BUS2_Freq,89849,18.60000000000582,59.89329743483072,59.96893952293725,-75.64208810652673
(c),3,2,BUS2_Freq,89850,18.63400000000547,59.89220967259614,59.96893952293725,-76.7298503411098
(c),3,2,BUS2_Freq,89851,18.66700000000128,59.86904982555609,59.96893952293725,-99.88969738115827
(c),3,2,BUS2_Freq,89852,18.699999999997544,59.907822694819465,59.96893952293725,-61.11682811778252
(c),3,2,BUS2_Freq,89853,18.73399999999765,59.9034029678466,59.96893952293725,-65.53655509064527
(c),3,2,BUS2_Freq,89854,18.7670000000071,59.88925591767249,59.96893952293725,-79.68360526475493
(c),3,2,BUS2_Freq,89855,18.800000000002456,59.89389081,59.96893952293725,-75.04871293724591
(c),3,2,BUS2_Freq,89856,18.83400000000256,59.89787751157062,59.96893952293725,-71.06201136662804
(c),3,2,BUS2_Freq,89857,18.86699999999837,59.91421471263303,59.96893952293725,-54.724810304215055
(c),3,2,BUS2_Freq,89858,18.90000000000964,59.873878740409936,59.96893952293725,-95.06078252731243
(c),3,2,BUS2_Freq,89859,18.934000000008382,59.90454858,59.96893952293725,-64.39094293725134
(c),3,2,BUS2_Freq,89860,18.96700000000419,59.89556390254237,59.96893952293725,-73.37562039487722
(c),3,2,BUS2_Freq,89861,19.0,59.90355704313427,59.96893952293725,-65.3824798029774
(c),3,2,BUS2_Freq,89862,19.03399999999965,59.91590337659176,59.96893952293725,-53.03614634549092
(c),3,2,BUS2_Freq,89863,19.067000000005464,59.89264606931847,59.96893952293725,-76.29345361878137
(c),3,2,BUS2_Freq,89864,19.10000000000582,59.88419553956843,59.96893952293725,-84.74398336881706
(c),3,2,BUS2_Freq,89865,19.13400000000547,59.89924893691284,59.96893952293725,-69.69058602440725
(c),3,2,BUS2_Freq,89866,19.16700000000128,59.900184959031954,59.96893952293725,-68.75456390529422
(c),3,2,BUS2_Freq,89867,19.199999999997544,59.90449607109939,59.96893952293725,-64.44345183786027
(c),3,2,BUS2_Freq,89868,19.23399999999765,59.919516376121216,59.96893952293725,-49.423146816032215
(c),3,2,BUS2_Freq,89869,19.2670000000071,59.89077824496548,59.96893952293725,-78.1612779717662
(c),3,2,BUS2_Freq,89870,19.300000000002456,59.88859591180783,59.96893952293725,-80.34361112941468
(c),3,2,BUS2_Freq,89871,19.33400000000256,59.90234091,59.96893952293725,-66.59861293724845
(c),3,2,BUS2_Freq,89872,19.36699999999837,59.90038857702889,59.96893952293725,-68.5509459083562
(c),3,2,BUS2_Freq,89873,19.40000000000964,59.89726545260467,59.96893952293725,-71.67407033257689
(c),3,2,BUS2_Freq,89874,19.434000000008382,59.90863694558099,59.96893952293725,-60.302577356260656
(c),3,2,BUS2_Freq,89875,19.46700000000419,59.88486627711006,59.96893952293725,-84.07324582718445
(c),3,2,BUS2_Freq,89876,19.5,59.90198483945661,59.96893952293725,-66.95468348063827
(c),3,2,BUS2_Freq,89877,19.53399999999965,59.90625100217888,59.96893952293725,-62.68852075837117
(c),3,2,BUS2_Freq,89878,19.567000000005464,59.890910008081725,59.96893952293725,-78.02951485552256
(c),3,2,BUS2_Freq,89879,19.60000000000582,59.89178035693423,59.96893952293725,-77.15916600302108
(c),3,2,BUS2_Freq,89880,19.63400000000547,59.89752755265605,59.96893952293725,-71.41197028119706
(c),3,2,BUS2_Freq,89881,19.66700000000128,59.88267219577224,59.96893952293725,-86.26732716501095
(c),3,2,BUS2_Freq,89882,19.699999999997544,59.87951241452962,59.96893952293725,-89.42710840762658
(c),3,2,BUS2_Freq,89883,19.73399999999765,59.90859279124833,59.96893952293725,-60.34673168891658
(c),3,2,BUS2_Freq,89884,19.7670000000071,59.887884114046656,59.96893952293725,-81.0554088905917
(c),3,2,BUS2_Freq,89885,19.800000000002456,59.893961144675615,59.96893952293725,-74.97837826163334
(c),3,2,BUS2_Freq,89886,19.83400000000256,59.914880338143696,59.96893952293725,-54.05918479355165
(c),3,2,BUS2_Freq,89887,19.86699999999837,59.88827230953578,59.96893952293725,-80.66721340146898
(c),3,2,BUS2_Freq,89888,19.90000000000964,59.91091773382457,59.96893952293725,-58.0217891126793
(c),3,2,BUS2_Freq,89889,19.934000000008382,59.906548752372935,59.96893952293725,-62.390770564313414
(c),3,2,BUS2_Freq,89890,19.96700000000419,59.88428082525862,59.96893952293725,-84.658697678627
(c),3,2,BUS2_Freq,89891,20.0,59.89109464674208,59.96893952293725,-77.84487619516511
(c),3,2,BUS2_Freq,89892,20.03399999999965,59.88122089,59.96893952293725,-87.71863293724635
(c),3,2,BUS2_Freq,89893,20.067000000005464,59.88586811,59.96893952293725,-83.07141293725095
(c),3,2,BUS2_Freq,89894,20.10000000000582,59.89779363,59.96893952293725,-71.14589293724549
(c),3,2,BUS2_Freq,89895,20.13400000000547,59.887602432011285,59.96893952293725,-81.3370909259632
(c),3,2,BUS2_Freq,89896,20.16700000000128,59.90552609206941,59.96893952293725,-63.41343086783979
(c),3,2,BUS2_Freq,89897,20.199999999997544,59.90940550246522,59.96893952293725,-59.534020472028715
(c),3,2,BUS2_Freq,89898,20.23399999999765,59.874715063718654,59.96893952293725,-94.22445921859435
(c),3,2,BUS2_Freq,89899,20.2670000000071,59.90092551960208,59.96893952293725,-68.01400333516483
(c),3,2,BUS2_Freq,89900,20.300000000002456,59.89133537393205,59.96893952293725,-77.60414900519663
(c),3,2,BUS2_Freq,89901,20.33400000000256,59.89789621818089,59.96893952293725,-71.04330475635834
(c),3,2,BUS2_Freq,89902,20.36699999999837,59.88194708847531,59.96893952293725,-86.9924344619406
(c),3,2,BUS2_Freq,89903,20.40000000000964,59.90495899821758,59.96893952293725,-63.98052471966764
(c),3,2,BUS2_Freq,89904,20.434000000008382,59.87918808520702,59.96893952293725,-89.75143773022864
(c),3,2,BUS2_Freq,89905,20.46700000000419,59.88649765606327,59.96893952293725,-82.44186687397814
(c),3,2,BUS2_Freq,89906,20.5,59.910735527245066,59.96893952293725,-58.20399569218182
(c),3,2,BUS2_Freq,89907,20.53399999999965,59.89887241230767,59.96893952293725,-70.06711062958004
(c),3,2,BUS2_Freq,89908,20.567000000005464,59.894649309883135,59.96893952293725,-74.29021305411254
(c),3,2,BUS2_Freq,89909,20.60000000000582,59.913055851992674,59.96893952293725,-55.88367094457425
(c),3,2,BUS2_Freq,89910,20.63400000000547,59.89482933283544,59.96893952293725,-74.11019010180553
(c),3,2,BUS2_Freq,89911,20.66700000000128,59.909343922635415,59.96893952293725,-59.595600301832974
(c),3,2,BUS2_Freq,89912,20.699999999997544,59.90792517,59.96893952293725,-61.01435293724933
(c),3,2,BUS2_Freq,89913,20.73399999999765,59.90042533923049,59.96893952293725,-68.51418370676043
(c),3,2,BUS2_Freq,89914,20.7670000000071,59.89967175577355,59.96893952293725,-69.26776716370142
(c),3,2,BUS2_Freq,89915,20.800000000002456,59.89583712242906,59.96893952293725,-73.10240050819061
(c),3,2,BUS2_Freq,89916,20.83400000000256,59.89963461023165,59.96893952293725,-69.30491270559713
(c),3,2,BUS2_Freq,89917,20.86699999999837,59.91028836707438,59.96893952293725,-58.65115586286862
(c),3,2,BUS2_Freq,89918,20.90000000000964,59.89601272328524,59.96893952293725,-72.92679965200932
(c),3,2,BUS2_Freq,89919,20.934000000008382,59.88771619,59.96893952293725,-81.22333293724893
(c),3,2,BUS2_Freq,89920,20.96700000000419,59.91340541348815,59.96893952293725,-55.53410944909842
(c),3,2,BUS2_Freq,89921,21.0,59.89981473877109,59.96893952293725,-69.12478416615642
(c),3,2,BUS2_Freq,89922,21.03399999999965,59.90355929831669,59.96893952293725,-65.38022462056148
(c),3,2,BUS2_Freq,89923,21.067000000005464,59.91078893203767,59.96893952293725,-58.15059089957941
(c),3,2,BUS2_Freq,89924,21.10000000000582,59.905130878428615,59.96893952293725,-63.808644508632995
(c),3,2,BUS2_Freq,89925,21.13400000000547,59.90009269101575,59.96893952293725,-68.84683192149765
(c),3,2,BUS2_Freq,89926,21.16700000000128,59.86014817591494,59.96893952293725,-108.79134702231141
(c),3,2,BUS2_Freq,89927,21.199999999997544,59.89334744831508,59.96893952293725,-75.59207462216477
(c),3,2,BUS2_Freq,89928,21.23399999999765,59.88576567101531,59.96893952293725,-83.17385192194138
(c),3,2,BUS2_Freq,89929,21.2670000000071,59.90465613,59.96893952293725,-64.2833929372486
(c),3,2,BUS2_Freq,89930,21.300000000002456,59.897032752199294,59.96893952293725,-71.9067707379537
(c),3,2,BUS2_Freq,89931,21.33400000000256,59.89473798743138,59.96893952293725,-74.20153550587116
(c),3,2,BUS2_Freq,89932,21.36699999999837,59.8975047219046,59.96893952293725,-71.43480103264466
(c),3,2,BUS2_Freq,89933,21.40000000000964,59.89614253292119,59.96893952293725,-72.79699001605877
(c),3,2,BUS2_Freq,89934,21.434000000008382,59.90180984949998,59.96893952293725,-67.12967343726461
(c),3,2,BUS2_Freq,89935,21.46700000000419,59.89791797697162,59.96893952293725,-71.02154596562826
(c),3,2,BUS2_Freq,89936,21.5,59.88852356392461,59.96893952293725,-80.41595901264031
(c),3,2,BUS2_Freq,89937,21.53399999999965,59.89386284733071,59.96893952293725,-75.07667560653886
(c),3,2,BUS2_Freq,89938,21.567000000005464,59.88577415298585,59.96893952293725,-83.16536995139501
(c),3,2,BUS2_Freq,89939,21.60000000000582,59.88947169429309,59.96893952293725,-79.46782864415525
(c),3,2,BUS2_Freq,89940,21.63400000000547,59.895757421276414,59.96893952293725,-73.18210166083361
(c),3,2,BUS2_Freq,89941,21.66700000000128,59.879972139511175,59.96893952293725,-88.96738342607335
(c),3,2,BUS2_Freq,89942,21.699999999997544,59.90577564137355,59.96893952293725,-63.16388156369612
(c),3,2,BUS2_Freq,89943,21.73399999999765,59.8956255,59.96893952293725,-73.31402293724665
(c),3,2,BUS2_Freq,89944,21.7670000000071,59.904691218838735,59.96893952293725,-64.24830409851268
(c),3,2,BUS2_Freq,89945,21.800000000002456,59.89642935963049,59.96893952293725,-72.51016330675952
(c),3,2,BUS2_Freq,89946,21.83400000000256,59.89345061824022,59.96893952293725,-75.48890469702485
(c),3,2,BUS2_Freq,89947,21.86699999999837,59.906604726681465,59.96893952293725,-62.334796255782976
(c),3,2,BUS2_Freq,89948,21.90000000000964,59.90830679092839,59.96893952293725,-60.63273200885533
(c),3,2,BUS2_Freq,89949,21.934000000008382,59.89871751981444,59.96893952293725,-70.22200312280802
(c),3,2,BUS2_Freq,89950,21.96700000000419,59.89746281219431,59.96893952293725,-71.47671074293527
(c),3,2,BUS2_Freq,89951,22.0,59.896583401405664,59.96893952293725,-72.356121531584
(c),3,2,BUS2_Freq,89952,22.03399999999965,59.88737377335361,59.96893952293725,-81.56574958363905
(c),3,2,BUS2_Freq,89953,22.067000000005464,59.88764749818934,59.96893952293725,-81.29202474790986
(c),3,2,BUS2_Freq,89954,22.10000000000582,59.89224409980479,59.96893952293725,-76.69542313245614
(c),3,2,BUS2_Freq,89955,22.13400000000547,59.90652377265522,59.96893952293725,-62.41575028202817
(c),3,2,BUS2_Freq,89956,22.16700000000128,59.89503403988567,59.96893952293725,-73.90548305157552
(c),3,2,BUS2_Freq,89957,22.199999999997544,59.89563126235195,59.96893952293725,-73.30826058529993
(c),3,2,BUS2_Freq,89958,22.23399999999765,59.91140704044041,59.96893952293725,-57.532482496839066
(c),3,2,BUS2_Freq,89959,22.2670000000071,59.8947647,59.96893952293725,-74.17482293724476
(c),3,2,BUS2_Freq,89960,22.300000000002456,59.912058786430805,59.96893952293725,-56.880736506442986
(c),3,2,BUS2_Freq,89961,22.33400000000256,59.90071537834925,59.96893952293725,-68.22414458800097
(c),3,2,BUS2_Freq,89962,22.36699999999837,59.88979668954231,59.96893952293725,-79.14283339493977
(c),3,2,BUS2_Freq,89963,22.40000000000964,59.900796500478215,59.96893952293725,-68.14302245903292
(c),3,2,BUS2_Freq,89964,22.434000000008382,59.89987646,59.96893952293725,-69.0630629372464
(c),3,2,BUS2_Freq,89965,22.46700000000419,59.89318819161706,59.96893952293725,-75.75133132019118
(c),3,2,BUS2_Freq,89966,22.5,59.890731364691405,59.96893952293725,-78.20815824584315
(c),3,2,BUS2_Freq,89967,22.53399999999965,59.89527351859616,59.96893952293725,-73.66600434108506
(c),3,2,BUS2_Freq,89968,22.567000000005464,59.90542929403784,59.96893952293725,-63.51022889941049
(c),3,2,BUS2_Freq,89969,22.60000000000582,59.91134833051816,59.96893952293725,-57.591192419089055
(c),3,2,BUS2_Freq,89970,22.63400000000547,59.90250551115394,59.96893952293725,-66.43401178330777
(c),3,2,BUS2_Freq,89971,22.66700000000128,59.91260217477746,59.96893952293725,-56.337348159786416
(c),3,2,BUS2_Freq,89972,22.699999999997544,59.90333343399474,59.96893952293725,-65.60608894250919
(c),3,2,BUS2_Freq,89973,22.73399999999765,59.91136668267836,59.96893952293725,-57.572840258885094
(c),3,2,BUS2_Freq,89974,22.7670000000071,59.89846136402086,59.96893952293725,-70.4781589163872
(c),3,2,BUS2_Freq,89975,22.800000000002456,59.89648482299764,59.96893952293725,-72.4546999396054
(c),3,2,BUS2_Freq,89976,22.83400000000256,59.90930381204816,59.96893952293725,-59.63571088908992
(c),3,2,BUS2_Freq,89977,22.86699999999837,59.90003775710916,59.96893952293725,-68.90176582808749
(c),3,2,BUS2_Freq,89978,22.90000000000964,59.89390684178408,59.96893952293725,-75.03268115316786
(c),3,2,BUS2_Freq,89979,22.934000000008382,59.89786923534891,59.96893952293725,-71.07028758834133
(c),3,2,BUS2_Freq,89980,22.96700000000419,59.874616811346336,59.96893952293725,-94.32271159091243
(c),3,2,BUS2_Freq,89981,23.0,59.87714223,59.96893952293725,-91.79729293725103
(c),3,2,BUS2_Freq,89982,23.03399999999965,59.904091944635226,59.96893952293725,-64.8475783020217
(c),3,2,BUS2_Freq,89983,23.067000000005464,59.90184016484982,59.96893952293725,-67.09935808742529
(c),3,2,BUS2_Freq,89984,23.10000000000582,59.89589838396242,59.96893952293725,-73.04113897482978
(c),3,2,BUS2_Freq,89985,23.13400000000547,59.88988918321551,59.96893952293725,-79.05033972173925
(c),3,2,BUS2_Freq,89986,23.16700000000128,59.91031865026067,59.96893952293725,-58.62087267657756
(c),3,2,BUS2_Freq,89987,23.199999999997544,59.90274122796127,59.96893952293725,-66.19829497597607
(c),3,2,BUS2_Freq,89988,23.23399999999765,59.899422065440255,59.96893952293725,-69.51745749699256
(c),3,2,BUS2_Freq,89989,23.2670000000071,59.88669076224817,59.96893952293725,-82.24876068907605
(c),3,2,BUS2_Freq,89990,23.300000000002456,59.89372825961572,59.96893952293725,-75.21126332152761
(c),3,2,BUS2_Freq,89991,23.33400000000256,59.90009293456055,59.96893952293725,-68.84658837670088
(c),3,2,BUS2_Freq,89992,23.36699999999837,59.90413812530243,59.96893952293725,-64.80139763481674
(c),3,2,BUS2_Freq,89993,23.40000000000964,59.88820918499592,59.96893952293725,-80.73033794132556
(c),3,2,BUS2_Freq,89994,23.434000000008382,59.893438144733565,59.96893952293725,-75.50137820368263
(c),3,2,BUS2_Freq,89995,23.46700000000419,59.90685379134268,59.96893952293725,-62.085731594571314
(c),3,2,BUS2_Freq,89996,23.5,59.90616052526376,59.96893952293725,-62.77899767349027
(c),3,2,BUS2_Freq,89997,23.53399999999965,59.89244511026641,59.96893952293725,-76.49441267084
(c),3,2,BUS2_Freq,89998,23.567000000005464,59.902662351807386,59.96893952293725,-66.27717112986176
(c),3,2,BUS2_Freq,89999,23.60000000000582,59.90850857174347,59.96893952293725,-60.43095119377995
(c),3,2,BUS2_Freq,90000,23.63400000000547,59.88811240306338,59.96893952293725,-80.8271198738666
(c),3,2,BUS2_Freq,90001,23.66700000000128,59.89673044801502,59.96893952293725,-72.2090749222275
(c),3,2,BUS2_Freq,90002,23.699999999997544,59.90798854853358,59.96893952293725,-60.950974403667146
(c),3,2,BUS2_Freq,90003,23.73399999999765,59.89885553,59.96893952293725,-70.0839929372492
(c),3,2,BUS2_Freq,90004,23.7670000000071,59.89595933847562,59.96893952293725,-72.98018446162757
(c),3,2,BUS2_Freq,90005,23.800000000002456,59.885541447046414,59.96893952293725,-83.39807589083392
(c),3,2,BUS2_Freq,90006,23.83400000000256,59.90339062400913,59.96893952293725,-65.54889892812099
(c),3,2,BUS2_Freq,90007,23.86699999999837,59.90201960937116,59.96893952293725,-66.91991356608895
(c),3,2,BUS2_Freq,90008,23.90000000000964,59.894932461986485,59.96893952293725,-74.0070609507626
(c),3,2,BUS2_Freq,90009,23.934000000008382,59.90655154,59.96893952293725,-62.38798293724557
(c),3,2,BUS2_Freq,90010,23.96700000000419,59.89895579261067,59.96893952293725,-69.98373032657668
(c),3,2,BUS2_Freq,90011,24.0,59.89417673110349,59.96893952293725,-74.76279183375567
(c),3,2,BUS2_Freq,90012,24.03399999999965,59.90478583192807,59.96893952293725,-64.15369100917445
(c),3,2,BUS2_Freq,90013,24.067000000005464,59.89896361194975,59.96893952293725,-69.97591098749467
(c),3,2,BUS2_Freq,90014,24.10000000000582,59.87170231134673,59.96893952293725,-97.23721159051735
(c),3,2,BUS2_Freq,90015,24.13400000000547,59.89885141855405,59.96893952293725,-70.08810438319557
(c),3,2,BUS2_Freq,90016,24.16700000000128,59.88580591862759,59.96893952293725,-83.13360430965844
(c),3,2,BUS2_Freq,90017,24.199999999997544,59.90369842846162,59.96893952293725,-65.2410944756312
(c),3,2,BUS2_Freq,90018,24.23399999999765,59.88943968698026,59.96893952293725,-79.4998359569874
(c),3,2,BUS2_Freq,90019,24.2670000000071,59.877186987943816,59.96893952293725,-91.75253499343228
(c),3,2,BUS2_Freq,90020,24.300000000002456,59.90563338090549,59.96893952293725,-63.306142031755996
(c),3,2,BUS2_Freq,90021,24.33400000000256,59.896343642750566,59.96893952293725,-72.5958801866824
(c),3,2,BUS2_Freq,90022,24.36699999999837,59.88292943275619,59.96893952293725,-86.01009018105543
(c),3,2,BUS2_Freq,90023,24.40000000000964,59.89022393094047,59.96893952293725,-78.71559199677591
(c),3,2,BUS2_Freq,90024,24.434000000008382,59.910181483991366,59.96893952293725,-58.75803894588216
(c),3,2,BUS2_Freq,90025,24.46700000000419,59.87403992904249,59.96893952293725,-94.899593894759
(c),3,2,BUS2_Freq,90026,24.5,59.89363263631319,59.96893952293725,-75.30688662405538
(c),3,2,BUS2_Freq,90027,24.53399999999965,59.90145586172264,59.96893952293725,-67.48366121460947
(c),3,2,BUS2_Freq,90028,24.567000000005464,59.91160574943381,59.96893952293725,-57.33377350343716
(c),3,2,BUS2_Freq,90029,24.60000000000582,59.89759457419637,59.96893952293725,-71.34494874087949
(c),3,2,BUS2_Freq,90030,24.63400000000547,59.87904413187046,59.96893952293725,-89.8953910667899
(c),3,2,BUS2_Freq,90031,24.66700000000128,59.89230211364366,59.96893952293725,-76.63740929358909
(c),3,2,BUS2_Freq,90032,24.699999999997544,59.89620624287936,59.96893952293725,-72.73328005788926
(c),3,2,BUS2_Freq,90033,24.73399999999765,59.90292496373897,59.96893952293725,-66.0145591982797
(c),3,2,BUS2_Freq,90034,24.7670000000071,59.89580919636587,59.96893952293725,-73.13032657138052
(c),3,2,BUS2_Freq,90035,24.800000000002456,59.90649456917311,59.96893952293725,-62.44495376413539
(c),3,2,BUS2_Freq,90036,24.83400000000256,59.89167777381272,59.96893952293725,-77.26174912453132
(c),3,2,BUS2_Freq,90037,24.86699999999837,59.89290513955795,59.96893952293725,-76.03438337929447
(c),3,2,BUS2_Freq,90038,24.90000000000964,59.89239953137552,59.96893952293725,-76.53999156173086
(c),3,2,BUS2_Freq,90039,24.934000000008382,59.8781351278792,59.96893952293725,-90.8043950580506
(c),3,2,BUS2_Freq,90040,24.96700000000419,59.90065006168953,59.96893952293725,-68.28946124771562
(c),3,2,BUS2_Freq,90041,25.0,59.89858132,59.96893952293725,-70.35820293724981
(c),3,2,BUS2_Freq,90042,25.03399999999965,59.90533743226571,59.96893952293725,-63.602090671537326
(c),3,2,BUS2_Freq,90043,25.067000000005464,59.88408764028752,59.96893952293725,-84.85188264972976
(c),3,2,BUS2_Freq,90044,25.10000000000582,59.91557060061617,59.96893952293725,-53.36892232107715
(c),3,2,BUS2_Freq,90045,25.13400000000547,59.87634094181804,59.96893952293725,-92.59858111920494
(c),3,2,BUS2_Freq,90046,25.16700000000128,59.87165291861502,59.96893952293725,-97.28660432222824
(c),3,2,BUS2_Freq,90047,25.199999999997544,59.88904010605203,59.96893952293725,-79.89941688521895
(c),3,2,BUS2_Freq,90048,25.23399999999765,59.90067713554114,59.96893952293725,-68.26238739611057
(c),3,2,BUS2_Freq,90049,25.2670000000071,59.90093862163423,59.96893952293725,-68.00090130301584
(c),3,2,BUS2_Freq,90050,25.300000000002456,59.884739121850615,59.96893952293725,-84.20040108663329
(c),3,2,BUS2_Freq,90051,25.33400000000256,59.897476272644816,59.96893952293725,-71.46325029243172
(c),3,2,BUS2_Freq,90052,25.36699999999837,59.88916075025915,59.96893952293725,-79.77877267809674
(c),3,2,BUS2_Freq,90053,25.40000000000964,59.89940465759334,59.96893952293725,-69.53486534391118
(c),3,2,BUS2_Freq,90054,25.434000000008382,59.89132857673314,59.96893952293725,-77.61094620411058
(c),3,2,BUS2_Freq,90055,25.46700000000419,59.90363634863722,59.96893952293725,-65.30317430002697
(c),3,2,BUS2_Freq,90056,25.5,59.90691193026258,59.96893952293725,-62.027592674667176
(c),3,2,BUS2_Freq,90057,25.53399999999965,59.89032682522775,59.96893952293725,-78.6126977094952
(c),3,2,BUS2_Freq,90058,25.567000000005464,59.87883431585967,59.96893952293725,-90.10520707757763
(c),3,2,BUS2_Freq,90059,25.60000000000582,59.88661208226127,59.96893952293725,-82.32744067597508
(c),3,2,BUS2_Freq,90060,25.63400000000547,59.907541045747294,59.96893952293725,-61.39847718995384
(c),3,2,BUS2_Freq,90061,25.66700000000128,59.88901994185933,59.96893952293725,-79.91958107791675
(c),3,2,BUS2_Freq,90062,25.699999999997544,59.889928646119685,59.96893952293725,-79.0108768175628
(c),3,2,BUS2_Freq,90063,25.73399999999765,59.901138693701135,59.96893952293725,-67.80082923611275
(c),3,2,BUS2_Freq,90064,25.7670000000071,59.88043894798014,59.96893952293725,-88.50057495710928
(c),3,2,BUS2_Freq,90065,25.800000000002456,59.88504830702831,59.96893952293725,-83.89121590893467
(c),3,2,BUS2_Freq,90066,25.83400000000256,59.883243438760175,59.96893952293725,-85.69608417707286
(c),3,2,BUS2_Freq,90067,25.86699999999837,59.88778237877169,59.96893952293725,-81.15714416555875
(c),3,2,BUS2_Freq,90068,25.90000000000964,59.89037620367403,59.96893952293725,-78.56331926321758
(c),3,2,BUS2_Freq,90069,25.934000000008382,59.88155773211508,59.96893952293725,-87.38179082217101
(c),3,2,BUS2_Freq,90070,25.96700000000419,59.89795702921504,59.96893952293725,-70.98249372220522
(c),3,2,BUS2_Freq,90071,26.0,59.89408508124911,59.96893952293725,-74.8544416881387
(c),3,2,BUS2_Freq,90072,26.03399999999965,59.91378253783567,59.96893952293725,-55.15698510157563
(c),3,2,BUS2_Freq,90073,26.067000000005464,59.90005006600691,59.96893952293725,-68.88945693033577
(c),3,2,BUS2_Freq,90074,26.10000000000582,59.899651994766295,59.96893952293725,-69.2875281709533
(c),3,2,BUS2_Freq,90075,26.13400000000547,59.88878242170609,59.96893952293725,-80.15710123115838
(c),3,2,BUS2_Freq,90076,26.16700000000128,59.90211819745784,59.96893952293725,-66.82132547940967
(c),3,2,BUS2_Freq,90077,26.199999999997544,59.887090114263685,59.96893952293725,-81.8494086735626
(c),3,2,BUS2_Freq,90078,26.23399999999765,59.90158792390335,59.96893952293725,-67.35159903389842
(c),3,2,BUS2_Freq,90079,26.2670000000071,59.90109265452932,59.96893952293725,-67.84686840792631
(c),3,2,BUS2_Freq,90080,26.300000000002456,59.87078985107532,59.96893952293725,-98.14967186192547
(c),3,2,BUS2_Freq,90081,26.33400000000256,59.89325494968955,59.96893952293725,-75.68457324769895
(c),3,2,BUS2_Freq,90082,26.36699999999837,59.89553696066303,59.96893952293725,-73.40256227421804
(c),3,2,BUS2_Freq,90083,26.40000000000964,59.88700028780482,59.96893952293725,-81.93923513243107
(c),3,2,BUS2_Freq,90084,26.434000000008382,59.8997093674522,59.96893952293725,-69.23015548504452
(c),3,2,BUS2_Freq,90085,26.46700000000419,59.89735884188229,59.96893952293725,-71.58068105496085
(c),3,2,BUS2_Freq,90086,26.5,59.89143533980806,59.96893952293725,-77.50418312918583
(c),3,2,BUS2_Freq,90087,26.53399999999965,59.88135364139905,59.96893952293725,-87.58588153819602
(c),3,2,BUS2_Freq,90088,26.567000000005464,59.87310573230495,59.96893952293725,-95.83379063229813
(c),3,2,BUS2_Freq,90089,26.60000000000582,59.90105867087986,59.96893952293725,-67.88085205738525
(c),3,2,BUS2_Freq,90090,26.63400000000547,59.89555885141505,59.96893952293725,-73.38067152219452
(c),3,2,BUS2_Freq,90091,26.66700000000128,59.89407830113651,59.96893952293725,-74.86122180073806
(c),3,2,BUS2_Freq,90092,26.699999999997544,59.88991960263344,59.96893952293725,-79.01992030380711
(c),3,2,BUS2_Freq,90093,26.73399999999765,59.87843980592825,59.96893952293725,-90.49971700899562
(c),3,2,BUS2_Freq,90094,26.7670000000071,59.89011555879525,59.96893952293725,-78.82396414199633
(c),3,2,BUS2_Freq,90095,26.800000000002456,59.88611317399168,59.96893952293725,-82.82634894556651
(c),3,2,BUS2_Freq,90096,26.83400000000256,59.87394445460178,59.96893952293725,-94.99506833547144
(c),3,2,BUS2_Freq,90097,26.86699999999837,59.907223258948825,59.96893952293725,-61.71626398842278
(c),3,2,BUS2_Freq,90098,26.90000000000964,59.92332495411007,59.96893952293725,-45.61456882717607
(c),3,2,BUS2_Freq,90099,26.934000000008382,59.892904815744224,59.96893952293725,-76.03470719302408
(c),3,2,BUS2_Freq,90100,26.96700000000419,59.89306469,59.96893952293725,-75.87483293724517
(c),3,2,BUS2_Freq,90101,27.0,59.88854148683943,59.96893952293725,-80.3980360978187
(c),3,2,BUS2_Freq,90102,27.03399999999965,59.888045200733615,59.96893952293725,-80.89432220363335
(c),3,2,BUS2_Freq,90103,27.067000000005464,59.87355008725103,59.96893952293725,-95.38943568621505
(c),3,2,BUS2_Freq,90104,27.10000000000582,59.893555993108265,59.96893952293725,-75.38352982898289
(c),3,2,BUS2_Freq,90105,27.13400000000547,59.89151091584382,59.96893952293725,-77.42860709343091
(c),3,2,BUS2_Freq,90106,27.16700000000128,59.88033625799859,59.96893952293725,-88.603264938655
(c),3,2,BUS2_Freq,90107,27.199999999997544,59.90631708601237,59.96893952293725,-62.62243692487601
(c),3,2,BUS2_Freq,90108,27.23399999999765,59.90184461,59.96893952293725,-67.09491293725023
(c),3,2,BUS2_Freq,90109,27.2670000000071,59.899727718889146,59.96893952293725,-69.21180404810201
(c),3,2,BUS2_Freq,90110,27.300000000002456,59.88221647760632,59.96893952293725,-86.72304533092756
(c),3,2,BUS2_Freq,90111,27.33400000000256,59.87965471638137,59.96893952293725,-89.28480655588089
(c),3,2,BUS2_Freq,90112,27.36699999999837,59.90275097501899,59.96893952293725,-66.18854791825868
(c),3,2,BUS2_Freq,90113,27.40000000000964,59.904110824682384,59.96893952293725,-64.82869825486404
(c),3,2,BUS2_Freq,90114,27.434000000008382,59.89107140165185,59.96893952293725,-77.86812128539822
(c),3,2,BUS2_Freq,90115,27.46700000000419,59.89800117408176,59.96893952293725,-70.93834885548489
(c),3,2,BUS2_Freq,90116,27.5,59.89797002987574,59.96893952293725,-70.96949306151146
(c),3,2,BUS2_Freq,90117,27.53399999999965,59.88658047180687,59.96893952293725,-82.3590511303749
(c),3,2,BUS2_Freq,90118,27.567000000005464,59.90162175944177,59.96893952293725,-67.31776349548113
(c),3,2,BUS2_Freq,90119,27.60000000000582,59.91111678417445,59.96893952293725,-57.822738762794756
(c),3,2,BUS2_Freq,90120,27.63400000000547,59.88870882,59.96893952293725,-80.23070293724999
(c),3,2,BUS2_Freq,90121,27.66700000000128,59.90861062798432,59.96893952293725,-60.32889495293148
(c),3,2,BUS2_Freq,90122,27.699999999997544,59.87850252,59.96893952293725,-90.4370029372501
(c),3,2,BUS2_Freq,90123,27.73399999999765,59.882810141114646,59.96893952293725,-86.12938182260166
(c),3,2,BUS2_Freq,90124,27.7670000000071,59.90062518249677,59.96893952293725,-68.31434044048024
(c),3,2,BUS2_Freq,90125,27.800000000002456,59.89440837284555,59.96893952293725,-74.53115009170119
(c),3,2,BUS2_Freq,90126,27.83400000000256,59.909039361035845,59.96893952293725,-59.90016190140324
(c),3,2,BUS2_Freq,90127,27.86699999999837,59.87384214254896,59.96893952293725,-95.09738038828885
(c),3,2,BUS2_Freq,90128,27.90000000000964,59.89653942079867,59.96893952293725,-72.40010213858028
(c),3,2,BUS2_Freq,90129,27.934000000008382,59.90717259485668,59.96893952293725,-61.76692808056572
(c),3,2,BUS2_Freq,90130,27.96700000000419,59.89583946307304,59.96893952293725,-73.10005986420975
(c),3,2,BUS2_Freq,90131,28.0,59.89839914226403,59.96893952293725,-70.540380673215
(c),3,2,BUS2_Freq,90132,28.03399999999965,59.899406022162594,59.96893952293725,-69.53350077465359
(c),3,2,BUS2_Freq,90133,28.067000000005464,59.89165801371422,59.96893952293725,-77.28150922302746
(c),3,2,BUS2_Freq,90134,28.10000000000582,59.91388994300277,59.96893952293725,-55.0495799344759
(c),3,2,BUS2_Freq,90135,28.13400000000547,59.88795842210504,59.96893952293725,-80.98110083221144
(c),3,2,BUS2_Freq,90136,28.16700000000128,59.888757959421206,59.96893952293725,-80.18156351604233
(c),3,2,BUS2_Freq,90137,28.199999999997544,59.89091850997643,59.96893952293725,-78.02101296081787
(c),3,2,BUS2_Freq,90138,28.23399999999765,59.895877177792194,59.96893952293725,-73.06234514505405
(c),3,2,BUS2_Freq,90139,28.2670000000071,59.88599465749898,59.96893952293725,-82.94486543826451
(c),3,2,BUS2_Freq,90140,28.300000000002456,59.89695989016487,59.96893952293725,-71.97963277237562
(c),3,2,BUS2_Freq,90141,28.33400000000256,59.88277984410966,59.96893952293725,-86.15967882758468
(c),3,2,BUS2_Freq,90142,28.36699999999837,59.88717333411304,59.96893952293725,-81.76618882421138
(c),3,2,BUS2_Freq,90143,28.40000000000964,59.90405278513699,59.96893952293725,-64.88673780025778
(c),3,2,BUS2_Freq,90144,28.434000000008382,59.896822303148205,59.96893952293725,-72.11721978904251
(c),3,2,BUS2_Freq,90145,28.46700000000419,59.897535679611686,59.96893952293725,-71.40384332556238
(c),3,2,BUS2_Freq,90146,28.5,59.9031324,59.96893952293725,-65.807122937251
(c),3,2,BUS2_Freq,90147,28.53399999999965,59.898408523653465,59.96893952293725,-70.53099928378259
(c),3,2,BUS2_Freq,90148,28.567000000005464,59.90593554744128,59.96893952293725,-63.00397549596681
(c),3,2,BUS2_Freq,90149,28.60000000000582,59.88731681412253,59.96893952293725,-81.62270881472011
(c),3,2,BUS2_Freq,90150,28.63400000000547,59.89293584581029,59.96893952293725,-76.00367712695544
(c),3,2,BUS2_Freq,90151,28.66700000000128,59.91445679402059,59.96893952293725,-54.482728916660506
(c),3,2,BUS2_Freq,90152,28.699999999997544,59.873626852261815,59.96893952293725,-95.31267067543325
(c),3,2,BUS2_Freq,90153,28.73399999999765,59.89944928278247,59.96893952293725,-69.4902401547779
(c),3,2,BUS2_Freq,90154,28.7670000000071,59.89552389284677,59.96893952293725,-73.41563009048002
(c),3,2,BUS2_Freq,90155,28.800000000002456,59.89885898707324,59.96893952293725,-70.0805358640082
(c),3,2,BUS2_Freq,90156,28.83400000000256,59.89007269925188,59.96893952293725,-78.86682368536668
(c),3,2,BUS2_Freq,90157,28.86699999999837,59.90393949988233,59.96893952293725,-65.00002305492103
(c),3,2,BUS2_Freq,90158,28.90000000000964,59.86826991422153,59.96893952293725,-100.6696087157195
(c),3,2,BUS2_Freq,90159,28.934000000008382,59.89612797,59.96893952293725,-72.81155293724595
(c),3,2,BUS2_Freq,90160,28.96700000000419,59.88890744540008,59.96893952293725,-80.03207753716879
(c),3,2,BUS2_Freq,90161,29.0,59.88632775429862,59.96893952293725,-82.61176863862829
(c),3,2,BUS2_Freq,90162,29.03399999999965,59.89375991852046,59.96893952293725,-75.17960441678895
(c),3,2,BUS2_Freq,90163,29.067000000005464,59.91216678510676,59.96893952293725,-56.7727378304852
(c),3,2,BUS2_Freq,90164,29.10000000000582,59.89117104274747,59.96893952293725,-77.76848018977489
(c),3,2,BUS2_Freq,90165,29.13400000000547,59.90297908645546,59.96893952293725,-65.96043648178807
(c),3,2,BUS2_Freq,90166,29.16700000000128,59.88412443027784,59.96893952293725,-84.81509265940446
(c),3,2,BUS2_Freq,90167,29.199999999997544,59.89843004809175,59.96893952293725,-70.50947484550107
(c),3,2,BUS2_Freq,90168,29.23399999999765,59.901353332773645,59.96893952293725,-67.58619016360257
(c),3,2,BUS2_Freq,90169,29.2670000000071,59.902198807694624,59.96893952293725,-66.7407152426236
(c),3,2,BUS2_Freq,90170,29.300000000002456,59.89194241,59.96893952293725,-76.99711293724931
(c),3,2,BUS2_Freq,90171,29.33400000000256,59.87516415861994,59.96893952293725,-93.7753643173096
(c),3,2,BUS2_Freq,90172,29.36699999999837,59.92084931823697,59.96893952293725,-48.090204700280026
(c),3,2,BUS2_Freq,90173,29.40000000000964,59.88308540348798,59.96893952293725,-85.85411944926591
(c),3,2,BUS2_Freq,90174,29.434000000008382,59.88573597744593,59.96893952293725,-83.20354549131537
(c),3,2,BUS2_Freq,90175,29.46700000000419,59.88607081419952,59.96893952293725,-82.86870873772756
(c),3,2,BUS2_Freq,90176,29.5,59.90377873908114,59.96893952293725,-65.16078385610768
(c),3,2,BUS2_Freq,90177,29.53399999999965,59.889778186769085,59.96893952293725,-79.16133616816268
(c),3,2,BUS2_Freq,90178,29.567000000005464,59.90526110936669,59.96893952293725,-63.67841357055681
(c),3,2,BUS2_Freq,90179,29.60000000000582,59.89362423145302,59.96893952293725,-75.31529148423033
(c),3,2,BUS2_Freq,90180,29.63400000000547,59.886524600600346,59.96893952293725,-82.41492233690195
(c),3,2,BUS2_Freq,90181,29.66700000000128,59.86366983365951,59.96893952293725,-105.2696892777405
(c),3,2,BUS2_Freq,90182,29.699999999997544,59.92295628434775,59.96893952293725,-45.98323858949982
(c),3,2,BUS2_Freq,90183,29.73399999999765,59.88948378452653,59.96893952293725,-79.45573841071507
(c),3,2,BUS2_Freq,90184,29.7670000000071,59.89342767879578,59.96893952293725,-75.51184414146661
(c),3,2,BUS2_Freq,90185,29.800000000002456,59.87927986585302,59.96893952293725,-89.6596570842263
(c),3,2,BUS2_Freq,90186,29.83400000000256,59.89439348185631,59.96893952293725,-74.54604108093577
(c),3,2,BUS2_Freq,90187,29.86699999999837,59.893310311448445,59.96893952293725,-75.62921148880264
(c),3,2,BUS2_Freq,90188,29.90000000000964,59.89696038793885,59.96893952293725,-71.9791349984007
(c),3,2,BUS2_Freq,90189,29.934000000008382,59.90728317582885,59.96893952293725,-61.6563471083964
(c),3,2,BUS2_Freq,90190,29.96700000000419,59.88258301,59.96893952293725,-86.35651293725033
(c),3,2,BUS2_Freq,90191,30.0,59.89733035949447,59.96893952293725,-71.60916344277979
(c),3,2,BUS2_Freq,90192,30.03399999999965,59.89230115661776,59.96893952293725,-76.63836631948584
(c),3,2,BUS2_Freq,90193,30.067000000005464,59.89958034597736,59.96893952293725,-69.35917695988536
(c),3,2,BUS2_Freq,90194,30.10000000000582,59.889975045354326,59.96893952293725,-78.96447758292169
(c),3,2,BUS2_Freq,90195,30.13400000000547,59.90317625115982,59.96893952293725,-65.76327177742769
(c),3,2,BUS2_Freq,90196,30.16700000000128,59.90411587518292,59.96893952293725,-64.8236477543307
(c),3,2,BUS2_Freq,90197,30.199999999997544,59.86982765179908,59.96893952293725,-99.11187113817022
(c),3,2,BUS2_Freq,90198,30.23399999999765,59.884974784667456,59.96893952293725,-83.9647382697919
(c),3,2,BUS2_Freq,90199,30.2670000000071,59.906776022798525,59.96893952293725,-62.16350013872329
(c),3,2,BUS2_Freq,90200,30.300000000002456,59.91516948700154,59.96893952293725,-53.77003593570606
(c),3,2,BUS2_Freq,90201,30.33400000000256,59.88716289452695,59.96893952293725,-81.77662841029587
(c),3,2,BUS2_Freq,90202,30.36699999999837,59.89607145563159,59.96893952293725,-72.86806730565587
(c),3,2,BUS2_Freq,90203,30.40000000000964,59.88153272387943,59.96893952293725,-87.4067990578169
(c),3,2,BUS2_Freq,90204,30.434000000008382,59.894667552395134,59.96893952293725,-74.27197054211376
(c),3,2,BUS2_Freq,90205,30.46700000000419,59.892890918338,59.96893952293725,-76.04860459925078
(c),3,2,BUS2_Freq,90206,30.5,59.88573556370823,59.96893952293725,-83.20395922901724
(c),3,2,BUS2_Freq,90207,30.53399999999965,59.89329152344146,59.96893952293725,-75.64799949578571
(c),3,2,BUS2_Freq,90208,30.567000000005464,59.89767090662417,59.96893952293725,-71.2686163130769
(c),3,2,BUS2_Freq,90209,30.60000000000582,59.90603476102784,59.96893952293725,-62.90476190940808
(c),3,2,BUS2_Freq,90210,30.63400000000547,59.887569440302975,59.96893952293725,-81.37008263427248
(c),3,2,BUS2_Freq,90211,30.66700000000128,59.89676847751613,59.96893952293725,-72.17104542111485
(c),3,2,BUS2_Freq,90212,30.699999999997544,59.90546949719878,59.96893952293725,-63.47002573846794
(c),3,2,BUS2_Freq,90213,30.73399999999765,59.89534078243636,59.96893952293725,-73.59874050089132
(c),3,2,BUS2_Freq,90214,30.7670000000071,59.91244437306504,59.96893952293725,-56.495149872205275
(c),3,2,BUS2_Freq,90215,30.800000000002456,59.88971984534288,59.96893952293725,-79.21967759436654
(c),3,2,BUS2_Freq,90216,30.83400000000256,59.89848211548769,59.96893952293725,-70.45740744955964
(c),3,2,BUS2_Freq,90217,30.86699999999837,59.88901508,59.96893952293725,-79.92444293724787
(c),3,2,BUS2_Freq,90218,30.90000000000964,59.90059642038244,59.96893952293725,-68.34310255480602
(c),3,2,BUS2_Freq,90219,30.934000000008382,59.89812838053882,59.96893952293725,-70.81114239842634
(c),3,2,BUS2_Freq,90220,30.96700000000419,59.88229479146977,59.96893952293725,-86.64473146748009
(c),3,2,BUS2_Freq,90221,31.0,59.88809163987696,59.96893952293725,-80.84788306028656
(c),3,2,BUS2_Freq,90222,31.03399999999965,59.909199935817206,59.96893952293725,-59.739587120041904
(c),3,2,BUS2_Freq,90223,31.067000000005464,59.896209266235374,59.96893952293725,-72.73025670187394
(c),3,2,BUS2_Freq,90224,31.10000000000582,59.88142684,59.96893952293725,-87.51268293724479
(c),3,2,BUS2_Freq,90225,31.13400000000547,59.889801395849474,59.96893952293725,-79.13812708777357
(c),3,2,BUS2_Freq,90226,31.16700000000128,59.89559619777623,59.96893952293725,-73.34332516101938
(c),3,2,BUS2_Freq,90227,31.199999999997544,59.89854803033587,59.96893952293725,-70.39149260138089
(c),3,2,BUS2_Freq,90228,31.23399999999765,59.89675901,59.96893952293725,-72.18051293725125
(c),3,2,BUS2_Freq,90229,31.2670000000071,59.89581269020953,59.96893952293725,-73.12683272771636
(c),3,2,BUS2_Freq,90230,31.300000000002456,59.91836427502683,59.96893952293725,-50.57524791041601
(c),3,2,BUS2_Freq,90231,31.33400000000256,59.89346391800102,59.96893952293725,-75.47560493622996
(c),3,2,BUS2_Freq,90232,31.36699999999837,59.90909269364267,59.96893952293725,-59.846829294578185
(c),3,2,BUS2_Freq,90233,31.40000000000964,59.89333416734584,59.96893952293725,-75.60535559140646
(c),3,2,BUS2_Freq,90234,31.434000000008382,59.88902357873462,59.96893952293725,-79.91594420262516
(c),3,2,BUS2_Freq,90235,31.46700000000419,59.89966651794677,59.96893952293725,-69.27300499047817
(c),3,2,BUS2_Freq,90236,31.5,59.88981522409605,59.96893952293725,-79.12429884120087
(c),3,2,BUS2_Freq,90237,31.53399999999965,59.87715779598062,59.96893952293725,-91.78172695662568
(c),3,2,BUS2_Freq,90238,31.567000000005464,59.88626752091928,59.96893952293725,-82.67200201796499
(c),3,2,BUS2_Freq,90239,31.60000000000582,59.90536082571599,59.96893952293725,-63.57869722125997
(c),3,2,BUS2_Freq,90240,31.63400000000547,59.894542799903846,59.96893952293725,-74.39672303340217
(c),3,2,BUS2_Freq,90241,31.66700000000128,59.89636635781187,59.96893952293725,-72.5731651253767
(c),3,2,BUS2_Freq,90242,31.699999999997544,59.90381850185656,59.96893952293725,-65.12102108068518
(c),3,2,BUS2_Freq,90243,31.73399999999765,59.904692130761546,59.96893952293725,-64.24739217570163
(c),3,2,BUS2_Freq,90244,31.7670000000071,59.88475746257596,59.96893952293725,-84.18206036128595
(c),3,2,BUS2_Freq,90245,31.800000000002456,59.89335456434032,59.96893952293725,-75.58495859692727
(c),3,2,BUS2_Freq,90246,31.83400000000256,59.87857019626528,59.96893952293725,-90.36932667196851
(c),3,2,BUS2_Freq,90247,31.86699999999837,59.88932002384497,59.96893952293725,-79.61949909228139
(c),3,2,BUS2_Freq,90248,31.90000000000964,59.90142044276563,59.96893952293725,-67.51908017162123
(c),3,2,BUS2_Freq,90249,31.934000000008382,59.92222218627355,59.96893952293725,-46.71733666369704
(c),3,2,BUS2_Freq,90250,31.96700000000419,59.91254753524028,59.96893952293725,-56.39198769696918
(c),3,2,BUS2_Freq,90251,32.0,59.91037238248872,59.96893952293725,-58.56714044853106
(c),3,2,BUS2_Freq,90252,32.03399999999965,59.90044037331861,59.96893952293725,-68.49914961863846
(c),3,2,BUS2_Freq,90253,32.067000000005464,59.88388871825857,59.96893952293725,-85.05080467867998
(c),3,2,BUS2_Freq,90254,32.10000000000582,59.89992049622059,59.96893952293725,-69.01902671665994
(c),3,2,BUS2_Freq,90255,32.13400000000547,59.89118005628898,59.96893952293725,-77.75946664826705
(c),3,2,BUS2_Freq,90256,32.16700000000128,59.88646952927896,59.96893952293725,-82.469993658286
(c),3,2,BUS2_Freq,90257,32.199999999997544,59.896114040848346,59.96893952293725,-72.82548208890205
(c),3,2,BUS2_Freq,90258,32.23399999999765,59.88884715998493,59.96893952293725,-80.09236295232114
(c),3,2,BUS2_Freq,90259,32.2670000000071,59.91674169526775,59.96893952293725,-52.19782766949521
(c),3,2,BUS2_Freq,90260,32.300000000002456,59.89417024,59.96893952293725,-74.76928293724683
(c),3,2,BUS2_Freq,90261,32.33400000000256,59.88257957338433,59.96893952293725,-86.35994955292148
(c),3,2,BUS2_Freq,90262,32.36699999999837,59.88629351003282,59.96893952293725,-82.64601290442641
(c),3,2,BUS2_Freq,90263,32.40000000000964,59.89755951333544,59.96893952293725,-71.38000960181046
(c),3,2,BUS2_Freq,90264,32.43400000000838,59.90426479302785,59.96893952293725,-64.67472990939882
(c),3,2,BUS2_Freq,90265,32.46700000000419,59.872067376761166,59.96893952293725,-96.8721461760822
(c),3,2,BUS2_Freq,90266,32.5,59.91142875904956,59.96893952293725,-57.51076388768439
(c),3,2,BUS2_Freq,90267,32.53399999999965,59.90043149663396,59.96893952293725,-68.50802630328445
(c),3,2,BUS2_Freq,90268,32.567000000005464,59.908195961494734,59.96893952293725,-60.74356144251425
(c),3,2,BUS2_Freq,90269,32.60000000000582,59.8886338,59.96893952293725,-80.30572293724703
(c),3,2,BUS2_Freq,90270,32.63400000000547,59.90414094502851,59.96893952293725,-64.79857790873922
(c),3,2,BUS2_Freq,90271,32.66700000000128,59.89053057298084,59.96893952293725,-78.40894995640468
(c),3,2,BUS2_Freq,90272,32.699999999997544,59.90473637255133,59.96893952293725,-64.2031503859144
(c),3,2,BUS2_Freq,90273,32.73399999999765,59.8899306153814,59.96893952293725,-79.00890755584555
(c),3,2,BUS2_Freq,90274,32.7670000000071,59.88580313,59.96893952293725,-83.13639293724862
(c),3,2,BUS2_Freq,90275,32.800000000002456,59.89104851338187,59.96893952293725,-77.89100955537975
(c),3,2,BUS2_Freq,90276,32.83400000000256,59.89364908769269,59.96893952293725,-75.29043524456114
(c),3,2,BUS2_Freq,90277,32.86699999999837,59.91027406575016,59.96893952293725,-58.66545718708949
(c),3,2,BUS2_Freq,90278,32.90000000000964,59.88216559405031,59.96893952293725,-86.77392888693447
(c),3,2,BUS2_Freq,90279,32.93400000000838,59.90797943076131,59.96893952293725,-60.96009217593945
(c),3,2,BUS2_Freq,90280,32.96700000000419,59.89503130016445,59.96893952293725,-73.90822277280051
(c),3,2,BUS2_Freq,90281,33.0,59.87921742578489,59.96893952293725,-89.7220971523609
(c),3,2,BUS2_Freq,90282,33.03399999999965,59.90061818905971,59.96893952293725,-68.32133387753458
(c),3,2,BUS2_Freq,90283,33.067000000005464,59.90154107730562,59.96893952293725,-67.39844563162478
(c),3,2,BUS2_Freq,90284,33.10000000000582,59.90814827304979,59.96893952293725,-60.79124988745832
(c),3,2,BUS2_Freq,90285,33.13400000000547,59.908981576874886,59.96893952293725,-59.9579460623616
(c),3,2,BUS2_Freq,90286,33.16700000000128,59.88858673102724,59.96893952293725,-80.3527919100091
(c),3,2,BUS2_Freq,90287,33.199999999997544,59.90279468033653,59.96893952293725,-66.14484260072118
(c),3,2,BUS2_Freq,90288,33.23399999999765,59.89165863251836,59.96893952293725,-77.28089041889064
(c),3,2,BUS2_Freq,90289,33.2670000000071,59.89305504610308,59.96893952293725,-75.88447683416888
(c),3,2,BUS2_Freq,90290,33.300000000002456,59.88642979267275,59.96893952293725,-82.5097302644977
(c),3,2,BUS2_Freq,90291,33.33400000000256,59.90732503122565,59.96893952293725,-61.61449171159461
(c),3,2,BUS2_Freq,90292,33.36699999999837,59.908202040458704,59.96893952293725,-60.737482478543825
(c),3,2,BUS2_Freq,90293,33.40000000000964,59.90402358187863,59.96893952293725,-64.91594105861509
(c),3,2,BUS2_Freq,90294,33.43400000000838,59.902900282500745,59.96893952293725,-66.03924043650267
(c),3,2,BUS2_Freq,90295,33.46700000000419,59.89679474,59.96893952293725,-72.1447829372508
(c),3,2,BUS2_Freq,90296,33.5,59.88657236773949,59.96893952293725,-82.36715519775828
(c),3,2,BUS2_Freq,90297,33.53399999999965,59.88583613,59.96893952293725,-83.10339293724667
(c),3,2,BUS2_Freq,90298,33.567000000005464,59.88770775484552,59.96893952293725,-81.23176809172605
(c),3,2,BUS2_Freq,90299,33.60000000000582,59.897107299420526,59.96893952293725,-71.83222351672214
(c),3,2,BUS2_Freq,90300,33.63400000000547,59.90107066400834,59.96893952293725,-67.86885892891092
(c),3,2,BUS2_Freq,90301,33.66700000000128,59.87263385065303,59.96893952293725,-96.30567228421683
(c),3,2,BUS2_Freq,90302,33.699999999997544,59.90193277269916,59.96893952293725,-67.006750238086
(c),3,2,BUS2_Freq,90303,33.73399999999765,59.91127057483882,59.96893952293725,-57.66894809843137
(c),3,2,BUS2_Freq,90304,33.7670000000071,59.91482613997278,59.96893952293725,-54.11338296446644
(c),3,2,BUS2_Freq,90305,33.800000000002456,59.89161962504201,59.96893952293725,-77.31989789523652
(c),3,2,BUS2_Freq,90306,33.83400000000256,59.9085013043757,59.96893952293725,-60.43821856155063
(c),3,2,BUS2_Freq,90307,33.86699999999837,59.8607755163864,59.96893952293725,-108.1640065508509
(c),3,2,BUS2_Freq,90308,33.90000000000964,59.901512475993314,59.96893952293725,-67.42704694393353
(c),3,2,BUS2_Freq,90309,33.93400000000838,59.86715338746271,59.96893952293725,-101.78613547454063
(c),3,2,BUS2_Freq,90310,33.96700000000419,59.87609272904872,59.96893952293725,-92.84679388852624
(c),3,2,BUS2_Freq,90311,34.0,59.89776779764277,59.96893952293725,-71.17172529447657
(c),3,2,BUS2_Freq,90312,34.03399999999965,59.91075367278425,59.96893952293725,-58.185850152995044
(c),3,2,BUS2_Freq,90313,34.067000000005464,59.906652040978045,59.96893952293725,-62.28748195920275
(c),3,2,BUS2_Freq,90314,34.10000000000582,59.90748386288136,59.96893952293725,-61.455660055891315
(c),3,2,BUS2_Freq,90315,34.13400000000547,59.90218356671741,59.96893952293725,-66.75595621983632
(c),3,2,BUS2_Freq,90316,34.16700000000128,59.88794480283777,59.96893952293725,-80.99472009947561
(c),3,2,BUS2_Freq,90317,34.199999999997544,59.905837726484215,59.96893952293725,-63.10179645303293
(c),3,2,BUS2_Freq,90318,34.23399999999765,59.88835177911581,59.96893952293725,-80.58774382143952
(c),3,2,BUS2_Freq,90319,34.2670000000071,59.89952492784096,59.96893952293725,-69.41459509629055
(c),3,2,BUS2_Freq,90320,34.300000000002456,59.87649023094442,59.96893952293725,-92.44929199282836
(c),3,2,BUS2_Freq,90321,34.33400000000256,59.90083014351382,59.96893952293725,-68.10937942342576
(c),3,2,BUS2_Freq,90322,34.36699999999837,59.87494611,59.96893952293725,-93.99341293724461
(c),3,2,BUS2_Freq,90323,34.40000000000964,59.88747745724388,59.96893952293725,-81.46206569336556
(c),3,2,BUS2_Freq,90324,34.43400000000838,59.88809733004638,59.96893952293725,-80.84219289087002
(c),3,2,BUS2_Freq,90325,34.46700000000419,59.90399536045888,59.96893952293725,-64.9441624783691
(c),3,2,BUS2_Freq,90326,34.5,59.89679472515049,59.96893952293725,-72.14479778675553
(c),3,2,BUS2_Freq,90327,34.53399999999965,59.89271982033279,59.96893952293725,-76.21970260445465
(c),3,2,BUS2_Freq,90328,34.567000000005464,59.90403355266567,59.96893952293725,-64.90597027157463
(c),3,2,BUS2_Freq,90329,34.60000000000582,59.90552450698798,59.96893952293725,-63.41501594926768
(c),3,2,BUS2_Freq,90330,34.63400000000547,59.90493488219058,59.96893952293725,-64.00464074666701
(c),3,2,BUS2_Freq,90331,34.66700000000128,59.89078082981147,59.96893952293725,-78.15869312577917
(c),3,2,BUS2_Freq,90332,34.699999999997544,59.90404171,59.96893952293725,-64.89781293724661
(c),3,2,BUS2_Freq,90333,34.73399999999765,59.90387617982258,59.96893952293725,-65.06334311466588
(c),3,2,BUS2_Freq,90334,34.7670000000071,59.90101461716576,59.96893952293725,-67.92490577149124
(c),3,2,BUS2_Freq,90335,34.800000000002456,59.90240978526329,59.96893952293725,-66.5297376739602
(c),3,2,BUS2_Freq,90336,34.83400000000256,59.89078092635152,59.96893952293725,-78.15859658573032
(c),3,2,BUS2_Freq,90337,34.86699999999837,59.87700029525609,59.96893952293725,-91.93922768115925
(c),3,2,BUS2_Freq,90338,34.90000000000964,59.89599095325226,59.96893952293725,-72.9485696849892
(c),3,2,BUS2_Freq,90339,34.93400000000838,59.916822751411374,59.96893952293725,-52.11677152587413
(c),3,2,BUS2_Freq,90340,34.96700000000419,59.88767695994163,59.96893952293725,-81.26256299561874
(c),3,2,BUS2_Freq,90341,35.0,59.88864647764882,59.96893952293725,-80.29304528842829
(c),3,39,BUS39_Freq,89201,-3.0,59.97136681286964,59.968787880970325,2.578931899314796
(c),3,39,BUS39_Freq,89202,-2.9660000000003492,59.96217398298448,59.968787880970325,-6.613897985843664
(c),3,39,BUS39_Freq,89203,-2.9329999999945358,59.976783362942925,59.968787880970325,7.995481972599805
(c),3,39,BUS39_Freq,89204,-2.8999999999941792,59.96689528292127,59.968787880970325,-1.8925980490536176
(c),3,39,BUS39_Freq,89205,-2.8659999999945285,59.9781370571252,59.968787880970325,9.349176154877625
(c),3,39,BUS39_Freq,89206,-2.8329999999987194,59.95752551899303,59.968787880970325,-11.262361977294688
(c),3,39,BUS39_Freq,89207,-2.8000000000024556,59.97535728826214,59.968787880970325,6.569407291813434
(c),3,39,BUS39_Freq,89208,-2.76600000000235,59.96265566044552,59.968787880970325,-6.132220524804666
(c),3,39,BUS39_Freq,89209,-2.7329999999928987,59.94674942728601,59.968787880970325,-22.038453684317005
(c),3,39,BUS39_Freq,89210,-2.6999999999975444,59.981522225462335,59.968787880970325,12.734344492010052
(c),3,39,BUS39_Freq,89211,-2.665999999997439,59.99143180783416,59.968787880970325,22.643926863835873
(c),3,39,BUS39_Freq,89212,-2.63300000000163,59.96950095382051,59.968787880970325,0.7130728501820727
(c),3,39,BUS39_Freq,89213,-2.5999999999903594,59.966687085384415,59.968787880970325,-2.1007955859104754
(c),3,39,BUS39_Freq,89214,-2.565999999991618,59.97200689314017,59.968787880970325,3.219012169843438
(c),3,39,BUS39_Freq,89215,-2.532999999995809,59.98158385039103,59.968787880970325,12.79596942070782
(c),3,39,BUS39_Freq,89216,-2.5,59.97070675690275,59.968787880970325,1.9188759324251237
(c),3,39,BUS39_Freq,89217,-2.4660000000003492,59.97514818651873,59.968787880970325,6.360305548405165
(c),3,39,BUS39_Freq,89218,-2.4329999999945358,59.97417862541759,59.968787880970325,5.390744447268503
(c),3,39,BUS39_Freq,89219,-2.3999999999941792,59.96759753,59.968787880970325,-1.1903509703259374
(c),3,39,BUS39_Freq,89220,-2.3659999999945285,59.96724688165497,59.968787880970325,-1.5409993153525647
(c),3,39,BUS39_Freq,89221,-2.3329999999987194,59.97202614254367,59.968787880970325,3.238261573343948
(c),3,39,BUS39_Freq,89222,-2.3000000000024556,59.97618030440681,59.968787880970325,7.392423436485274
(c),3,39,BUS39_Freq,89223,-2.26600000000235,59.9697186218766,59.968787880970325,0.9307409062770944
(c),3,39,BUS39_Freq,89224,-2.2329999999928987,59.96786314815709,59.968787880970325,-0.9247328132317989
(c),3,39,BUS39_Freq,89225,-2.1999999999975444,59.98340284740135,59.968787880970325,14.614966431025778
(c),3,39,BUS39_Freq,89226,-2.165999999997439,59.97064203082674,59.968787880970325,1.8541498564133008
(c),3,39,BUS39_Freq,89227,-2.13300000000163,59.97638677467866,59.968787880970325,7.598893708333776
(c),3,39,BUS39_Freq,89228,-2.0999999999903594,59.96918834302267,59.968787880970325,0.40046205234745
(c),3,39,BUS39_Freq,89229,-2.065999999991618,59.98181174759471,59.968787880970325,13.023866624386926
(c),3,39,BUS39_Freq,89230,-2.032999999995809,59.97877375868718,59.968787880970325,9.985877716857772
(c),3,39,BUS39_Freq,89231,-2.0,59.988899799719775,59.968787880970325,20.111918749449842
(c),3,39,BUS39_Freq,89232,-1.9660000000003492,59.98321300114984,59.968787880970325,14.425120179517137
(c),3,39,BUS39_Freq,89233,-1.9329999999945358,59.96838741891797,59.968787880970325,-0.40046205235455545
(c),3,39,BUS39_Freq,89234,-1.8999999999941792,59.96160475885784,59.968787880970325,-7.183122112486728
(c),3,39,BUS39_Freq,89235,-1.8659999999945285,59.97801222839605,59.968787880970325,9.224347425721646
(c),3,39,BUS39_Freq,89236,-1.8329999999987194,59.97172251460101,59.968787880970325,2.9346336306872445
(c),3,39,BUS39_Freq,89237,-1.8000000000024556,59.96554756912668,59.968787880970325,-3.240311843647703
(c),3,39,BUS39_Freq,89238,-1.7660000000023501,59.95645826266868,59.968787880970325,-12.329618301642142
(c),3,39,BUS39_Freq,89239,-1.7329999999928987,59.96730753065387,59.968787880970325,-1.4803503164557696
(c),3,39,BUS39_Freq,89240,-1.6999999999975444,59.96646984993395,59.968787880970325,-2.3180310363741796
(c),3,39,BUS39_Freq,89241,-1.6659999999974389,59.96131239619441,59.968787880970325,-7.475484775916641
(c),3,39,BUS39_Freq,89242,-1.6330000000016298,59.96314601799643,59.968787880970325,-5.641862973895684
(c),3,39,BUS39_Freq,89243,-1.5999999999903594,59.98901551027222,59.968787880970325,20.22762930189259
(c),3,39,BUS39_Freq,89244,-1.565999999991618,59.97164206,59.968787880970325,2.854179029675663
(c),3,39,BUS39_Freq,89245,-1.532999999995809,59.96956063459251,59.968787880970325,0.7727536221864284
(c),3,39,BUS39_Freq,89246,-1.5,59.96081015,59.968787880970325,-7.977730970324615
(c),3,39,BUS39_Freq,89247,-1.4660000000003492,59.95969880049281,59.968787880970325,-9.089080477515665
(c),3,39,BUS39_Freq,89248,-1.4329999999945358,59.96282320834472,59.968787880970325,-5.964672625601963
(c),3,39,BUS39_Freq,89249,-1.3999999999941792,59.96457055190714,59.968787880970325,-4.217329063187947
(c),3,39,BUS39_Freq,89250,-1.3659999999945285,59.967003485892725,59.968787880970325,-1.7843950775997541
(c),3,39,BUS39_Freq,89251,-1.3329999999987194,59.96589279757901,59.968787880970325,-2.8950833913157226
(c),3,39,BUS39_Freq,89252,-1.3000000000024556,59.961507633444455,59.968787880970325,-7.280247525869754
(c),3,39,BUS39_Freq,89253,-1.2660000000023501,59.99091932283369,59.968787880970325,22.131441863365353
(c),3,39,BUS39_Freq,89254,-1.2329999999928987,59.95987148290926,59.968787880970325,-8.91639806106781
(c),3,39,BUS39_Freq,89255,-1.1999999999975444,59.9615819640312,59.968787880970325,-7.2059169391280875
(c),3,39,BUS39_Freq,89256,-1.1659999999974389,59.97169363590192,59.968787880970325,2.9057549315965048
(c),3,39,BUS39_Freq,89257,-1.1330000000016298,59.95287210686756,59.968787880970325,-15.915774102765567
(c),3,39,BUS39_Freq,89258,-1.0999999999903594,59.94623309847836,59.968787880970325,-22.554782491965852
(c),3,39,BUS39_Freq,89259,-1.065999999991618,59.98934212460252,59.968787880970325,20.55424363219771
(c),3,39,BUS39_Freq,89260,-1.032999999995809,59.97445478877867,59.968787880970325,5.666907808347332
(c),3,39,BUS39_Freq,89261,-1.0,59.96838268487903,59.968787880970325,-0.4051960912931918
(c),3,39,BUS39_Freq,89262,-0.9660000000003492,59.97514587,59.968787880970325,6.357989029673661
(c),3,39,BUS39_Freq,89263,-0.9329999999945358,59.98165842973745,59.968787880970325,12.870548767125456
(c),3,39,BUS39_Freq,89264,-0.8999999999941792,59.95077960713434,59.968787880970325,-18.00827383598147
(c),3,39,BUS39_Freq,89265,-0.8659999999945285,59.951945184553104,59.968787880970325,-16.842696417221248
(c),3,39,BUS39_Freq,89266,-0.8329999999987194,59.95000576479726,59.968787880970325,-18.782116173063912
(c),3,39,BUS39_Freq,89267,-0.8000000000024556,59.981879931842215,59.968787880970325,13.092050871890137
(c),3,39,BUS39_Freq,89268,-0.7660000000023501,59.99040653320305,59.968787880970325,21.618652232724855
(c),3,39,BUS39_Freq,89269,-0.7329999999928987,59.97640973265735,59.968787880970325,7.621851687027004
(c),3,39,BUS39_Freq,89270,-0.6999999999975444,60.01134314123818,59.968787880970325,42.55526026785361
(c),3,39,BUS39_Freq,89271,-0.6659999999974389,59.98156659204116,59.968787880970325,12.778711070836835
(c),3,39,BUS39_Freq,89272,-0.6330000000016298,59.964826748050406,59.968787880970325,-3.9611329199189527
(c),3,39,BUS39_Freq,89273,-0.5999999999903594,59.967711129077735,59.968787880970325,-1.0767518925902664
(c),3,39,BUS39_Freq,89274,-0.5659999999916181,59.9599891633864,59.968787880970325,-8.7987175839217
(c),3,39,BUS39_Freq,89275,-0.532999999995809,59.96172018749212,59.968787880970325,-7.067693478205683
(c),3,39,BUS39_Freq,89276,-0.5,59.96345668839318,59.968787880970325,-5.331192577145316
(c),3,39,BUS39_Freq,89277,-0.46600000000034925,59.990680299643145,59.968787880970325,21.892418672820213
(c),3,39,BUS39_Freq,89278,-0.43299999999453576,59.964614318578114,59.968787880970325,-4.173562392210783
(c),3,39,BUS39_Freq,89279,-0.39999999999417923,59.96530513339589,59.968787880970325,-3.4827475744378944
(c),3,39,BUS39_Freq,89280,-0.3659999999945285,59.97697755340775,59.968787880970325,8.189672437424633
(c),3,39,BUS39_Freq,89281,-0.33299999999871943,59.96499055,59.968787880970325,-3.797330970321866
(c),3,39,BUS39_Freq,89282,-0.30000000000245564,59.96809034980834,59.968787880970325,-0.6975311619825675
(c),3,39,BUS39_Freq,89283,-0.26600000000235013,59.97482762746405,59.968787880970325,6.039746493726739
(c),3,39,BUS39_Freq,89284,-0.23299999999289867,59.95145422435884,59.968787880970325,-17.333656611484116
(c),3,39,BUS39_Freq,89285,-0.19999999999754436,59.98192197118973,59.968787880970325,13.134090219402594
(c),3,39,BUS39_Freq,89286,-0.16599999999743886,59.97161288622552,59.968787880970325,2.8250052551967997
(c),3,39,BUS39_Freq,89287,-0.13300000000162981,59.967944278067485,59.968787880970325,-0.8436029028402459
(c),3,39,BUS39_Freq,89288,-0.09999999999035936,59.941898025141874,59.968787880970325,-26.889855828450493
(c),3,39,BUS39_Freq,89289,-0.0659999999916181,59.98394609054133,59.968787880970325,15.158209571005443
(c),3,39,BUS39_Freq,89290,-0.03299999999580905,59.96446463,59.968787880970325,-4.323250970323045
(c),3,39,BUS39_Freq,89291,0.0,59.96575490675883,59.968787880970325,-3.032974211492956
(c),3,39,BUS39_Freq,89292,0.033999999999650754,59.95516181834383,59.968787880970325,-13.626062626492796
(c),3,39,BUS39_Freq,89293,0.06700000000546424,59.95768914325202,59.968787880970325,-11.098737718306495
(c),3,39,BUS39_Freq,89294,0.10000000000582077,59.94441172674538,59.968787880970325,-24.37615422494588
(c),3,39,BUS39_Freq,89295,0.13400000000547152,59.95587278762613,59.968787880970325,-12.915093344197714
(c),3,39,BUS39_Freq,89296,0.16700000000128057,59.94724166617367,59.968787880970325,-21.546214796657637
(c),3,39,BUS39_Freq,89297,0.19999999999754436,59.97368705981668,59.968787880970325,4.899178846358154
(c),3,39,BUS39_Freq,89298,0.23399999999764987,59.957323766589695,59.968787880970325,-11.464114380629553
(c),3,39,BUS39_Freq,89299,0.26700000000710133,59.962120257012565,59.968787880970325,-6.667623957760327
(c),3,39,BUS39_Freq,89300,0.30000000000245564,59.957993148697625,59.968787880970325,-10.794732272700003
(c),3,39,BUS39_Freq,89301,0.33400000000256114,59.94879864625191,59.968787880970325,-19.98923471841607
(c),3,39,BUS39_Freq,89302,0.3669999999983702,59.96261333063884,59.968787880970325,-6.174550331486728
(c),3,39,BUS39_Freq,89303,0.40000000000964064,59.95519208550722,59.968787880970325,-13.595795463103855
(c),3,39,BUS39_Freq,89304,0.4340000000083819,59.953420706683374,59.968787880970325,-15.367174286950558
(c),3,39,BUS39_Freq,89305,0.46700000000419095,59.949969020119134,59.968787880970325,-18.818860851190777
(c),3,39,BUS39_Freq,89306,0.5,59.94510816542917,59.968787880970325,-23.679715541156554
(c),3,39,BUS39_Freq,89307,0.5339999999996508,59.94340633257966,59.968787880970325,-25.38154839066209
(c),3,39,BUS39_Freq,89308,0.5670000000054642,59.93837875244122,59.968787880970325,-30.40912852910793
(c),3,39,BUS39_Freq,89309,0.6000000000058208,59.96125218435488,59.968787880970325,-7.535696615441623
(c),3,39,BUS39_Freq,89310,0.6340000000054715,59.94387072604312,59.968787880970325,-24.917154927202034
(c),3,39,BUS39_Freq,89311,0.6670000000012806,59.93862632626192,59.968787880970325,-30.161554708406868
(c),3,39,BUS39_Freq,89312,0.6999999999975444,59.94029283306916,59.968787880970325,-28.49504790116697
(c),3,39,BUS39_Freq,89313,0.7339999999976499,59.936613754138605,59.968787880970325,-32.17412683171972
(c),3,39,BUS39_Freq,89314,0.7670000000071013,59.94065187516514,59.968787880970325,-28.13600580518738
(c),3,39,BUS39_Freq,89315,0.8000000000024556,59.94180386206837,59.968787880970325,-26.98401890195612
(c),3,39,BUS39_Freq,89316,0.8340000000025611,59.94310292712042,59.968787880970325,-25.68495384990399
(c),3,39,BUS39_Freq,89317,0.8669999999983702,59.91847041019809,59.968787880970325,-50.31747077223514
(c),3,39,BUS39_Freq,89318,0.9000000000096406,59.93860454442963,59.968787880970325,-30.18333654069494
(c),3,39,BUS39_Freq,89319,0.9340000000083819,59.93606409457722,59.968787880970325,-32.723786393106025
(c),3,39,BUS39_Freq,89320,0.967000000004191,59.916076257411966,59.968787880970325,-52.71162355835912
(c),3,39,BUS39_Freq,89321,1.0,59.92946004547768,59.968787880970325,-39.32783549264229
(c),3,39,BUS39_Freq,89322,1.0339999999996508,59.93266485440604,59.968787880970325,-36.12302656428312
(c),3,39,BUS39_Freq,89323,1.0670000000054642,59.929388357195805,59.968787880970325,-39.39952377452016
(c),3,39,BUS39_Freq,89324,1.1000000000058208,59.91789668105621,59.968787880970325,-50.89119991411195
(c),3,39,BUS39_Freq,89325,1.1340000000054715,59.93095440282215,59.968787880970325,-37.83347814817262
(c),3,39,BUS39_Freq,89326,1.1670000000012806,59.92821749666468,59.968787880970325,-40.570384305645746
(c),3,39,BUS39_Freq,89327,1.1999999999975444,59.91513057083334,59.968787880970325,-53.65731013698394
(c),3,39,BUS39_Freq,89328,1.2339999999976499,59.95301569809556,59.968787880970325,-15.772182874762564
(c),3,39,BUS39_Freq,89329,1.2670000000071013,59.922690647546354,59.968787880970325,-46.09723342397132
(c),3,39,BUS39_Freq,89330,1.3000000000024556,59.92399680957568,59.968787880970325,-44.79107139464844
(c),3,39,BUS39_Freq,89331,1.3340000000025611,59.90817301430528,59.968787880970325,-60.61486666504834
(c),3,39,BUS39_Freq,89332,1.3669999999983702,59.92219337,59.968787880970325,-46.594510970322744
(c),3,39,BUS39_Freq,89333,1.4000000000096406,59.89056052,59.968787880970325,-78.2273609703239
(c),3,39,BUS39_Freq,89334,1.434000000008382,59.90219901048242,59.968787880970325,-66.58887048790518
(c),3,39,BUS39_Freq,89335,1.467000000004191,59.91148171876887,59.968787880970325,-57.306162201456345
(c),3,39,BUS39_Freq,89336,1.5,59.91909284,59.968787880970325,-49.6950409703274
(c),3,39,BUS39_Freq,89337,1.5339999999996508,59.90754930047417,59.968787880970325,-61.23858049615194
(c),3,39,BUS39_Freq,89338,1.5670000000054642,59.91300132065534,59.968787880970325,-55.78656031498497
(c),3,39,BUS39_Freq,89339,1.6000000000058208,59.90421482316561,59.968787880970325,-64.573057804715
(c),3,39,BUS39_Freq,89340,1.6340000000054715,59.90008958413219,59.968787880970325,-68.69829683813578
(c),3,39,BUS39_Freq,89341,1.6670000000012806,59.90616603042344,59.968787880970325,-62.62185054688274
(c),3,39,BUS39_Freq,89342,1.6999999999975444,59.9191009583268,59.968787880970325,-49.6869226435237
(c),3,39,BUS39_Freq,89343,1.7339999999976499,59.887629915650336,59.968787880970325,-81.15796531998853
(c),3,39,BUS39_Freq,89344,1.7670000000071013,59.88478794257202,59.968787880970325,-83.999938398307
(c),3,39,BUS39_Freq,89345,1.8000000000024556,59.90219608201848,59.968787880970325,-66.59179895184764
(c),3,39,BUS39_Freq,89346,1.8340000000025611,59.88277233914685,59.968787880970325,-86.01554182347826
(c),3,39,BUS39_Freq,89347,1.8669999999983702,59.89702985,59.968787880970325,-71.7580309703223
(c),3,39,BUS39_Freq,89348,1.9000000000096406,59.89800843931162,59.968787880970325,-70.77944165870775
(c),3,39,BUS39_Freq,89349,1.934000000008382,59.8952524,59.968787880970325,-73.53548097032814
(c),3,39,BUS39_Freq,89350,1.967000000004191,59.87555540892312,59.968787880970325,-93.2324720472053
(c),3,39,BUS39_Freq,89351,2.0,59.88747115227376,59.968787880970325,-81.3167286965637
(c),3,39,BUS39_Freq,89352,2.0339999999996508,59.885101017902606,59.968787880970325,-83.68686306771878
(c),3,39,BUS39_Freq,89353,2.0670000000054642,59.879232933274686,59.968787880970325,-89.55494769563899
(c),3,39,BUS39_Freq,89354,2.1000000000058208,59.87745581553229,59.968787880970325,-91.33206543803851
(c),3,39,BUS39_Freq,89355,2.1340000000054715,59.873117665097446,59.968787880970325,-95.67021587287883
(c),3,39,BUS39_Freq,89356,2.1670000000012806,59.87585383918297,59.968787880970325,-92.93404178735187
(c),3,39,BUS39_Freq,89357,2.1999999999975444,59.851735024471225,59.968787880970325,-117.05285649910024
(c),3,39,BUS39_Freq,89358,2.23399999999765,59.86187144129964,59.968787880970325,-106.91643967068387
(c),3,39,BUS39_Freq,89359,2.2670000000071013,59.865468684871374,59.968787880970325,-103.31919609895124
(c),3,39,BUS39_Freq,89360,2.3000000000024556,59.864902384374375,59.968787880970325,-103.88549659595014
(c),3,39,BUS39_Freq,89361,2.334000000002561,59.86832331391248,59.968787880970325,-100.46456705784834
(c),3,39,BUS39_Freq,89362,2.36699999999837,59.86391150213306,59.968787880970325,-104.87637883726819
(c),3,39,BUS39_Freq,89363,2.4000000000096406,59.86713770402802,59.968787880970325,-101.65017694230727
(c),3,39,BUS39_Freq,89364,2.434000000008382,59.846789742085015,59.968787880970325,-121.99813888530997
(c),3,39,BUS39_Freq,89365,2.467000000004191,59.85909278962191,59.968787880970325,-109.6950913484136
(c),3,39,BUS39_Freq,89366,2.5,59.85968095115671,59.968787880970325,-109.10692981361336
(c),3,39,BUS39_Freq,89367,2.5339999999996508,59.867547322553015,59.968787880970325,-101.2405584173095
(c),3,39,BUS39_Freq,89368,2.5670000000054642,59.85921370834979,59.968787880970325,-109.57417262053326
(c),3,39,BUS39_Freq,89369,2.6000000000058208,59.83866870696792,59.968787880970325,-130.11917400240236
(c),3,39,BUS39_Freq,89370,2.6340000000054715,59.86645259490374,59.968787880970325,-102.33528606658382
(c),3,39,BUS39_Freq,89371,2.6670000000012806,59.84507941322718,59.968787880970325,-123.70846774314259
(c),3,39,BUS39_Freq,89372,2.6999999999975444,59.85290576020808,59.968787880970325,-115.8821207622438
(c),3,39,BUS39_Freq,89373,2.73399999999765,59.85493714564407,59.968787880970325,-113.85073532625256
(c),3,39,BUS39_Freq,89374,2.7670000000071013,59.83932508124202,59.968787880970325,-129.46279972830155
(c),3,39,BUS39_Freq,89375,2.8000000000024556,59.85670724565528,59.968787880970325,-112.08063531504564
(c),3,39,BUS39_Freq,89376,2.834000000002561,59.844826734415385,59.968787880970325,-123.96114655494017
(c),3,39,BUS39_Freq,89377,2.86699999999837,59.84913121922367,59.968787880970325,-119.65666174665301
(c),3,39,BUS39_Freq,89378,2.9000000000096406,59.83972741369997,59.968787880970325,-129.06046727035658
(c),3,39,BUS39_Freq,89379,2.934000000008382,59.85856506826492,59.968787880970325,-110.2228127054019
(c),3,39,BUS39_Freq,89380,2.967000000004191,59.850498918128345,59.968787880970325,-118.2889628419801
(c),3,39,BUS39_Freq,89381,3.0,59.85121440656567,59.968787880970325,-117.57347440465793
(c),3,39,BUS39_Freq,89382,3.0339999999996508,59.83770717565453,59.968787880970325,-131.08070531579585
(c),3,39,BUS39_Freq,89383,3.0670000000054642,59.86184836171263,59.968787880970325,-106.9395192576934
(c),3,39,BUS39_Freq,89384,3.1000000000058208,59.85759776794074,59.968787880970325,-111.19011302958626
(c),3,39,BUS39_Freq,89385,3.1340000000054715,59.85686811803933,59.968787880970325,-111.91976293099515
(c),3,39,BUS39_Freq,89386,3.1670000000012806,59.84605158402063,59.968787880970325,-122.73629694969657
(c),3,39,BUS39_Freq,89387,3.1999999999975444,59.85156223546839,59.968787880970325,-117.22564550193226
(c),3,39,BUS39_Freq,89388,3.23399999999765,59.85199489683039,59.968787880970325,-116.79298413993422
(c),3,39,BUS39_Freq,89389,3.2670000000071013,59.84459302925404,59.968787880970325,-124.19485171628253
(c),3,39,BUS39_Freq,89390,3.3000000000024556,59.83546279478606,59.968787880970325,-133.3250861842643
(c),3,39,BUS39_Freq,89391,3.334000000002561,59.844296955096965,59.968787880970325,-124.49092587335997
(c),3,39,BUS39_Freq,89392,3.36699999999837,59.83803735257917,59.968787880970325,-130.75052839115386
(c),3,39,BUS39_Freq,89393,3.4000000000096406,59.84061948421838,59.968787880970325,-128.16839675194558
(c),3,39,BUS39_Freq,89394,3.434000000008382,59.84368970428106,59.968787880970325,-125.0981766892636
(c),3,39,BUS39_Freq,89395,3.467000000004191,59.82749311361047,59.968787880970325,-141.29476735985236
(c),3,39,BUS39_Freq,89396,3.5,59.838988938345466,59.968787880970325,-129.79894262485914
(c),3,39,BUS39_Freq,89397,3.5339999999996508,59.83946787221,59.968787880970325,-129.3200087603239
(c),3,39,BUS39_Freq,89398,3.5670000000054642,59.82326748358915,59.968787880970325,-145.52039738117628
(c),3,39,BUS39_Freq,89399,3.6000000000058208,59.82922813429528,59.968787880970325,-139.55974667504734
(c),3,39,BUS39_Freq,89400,3.6340000000054715,59.84111170698456,59.968787880970325,-127.67617398576192
(c),3,39,BUS39_Freq,89401,3.6670000000012806,59.8458605,59.968787880970325,-122.9273809703244
(c),3,39,BUS39_Freq,89402,3.6999999999975444,59.84149695853786,59.968787880970325,-127.29092243246498
(c),3,39,BUS39_Freq,89403,3.73399999999765,59.84776913866818,59.968787880970325,-121.01874230214804
(c),3,39,BUS39_Freq,89404,3.7670000000071013,59.83839526545932,59.968787880970325,-130.39261551100623
(c),3,39,BUS39_Freq,89405,3.8000000000024556,59.82131279762793,59.968787880970325,-147.47508334239257
(c),3,39,BUS39_Freq,89406,3.834000000002561,59.84521036570949,59.968787880970325,-123.57751526083405
(c),3,39,BUS39_Freq,89407,3.86699999999837,59.83868145218639,59.968787880970325,-130.10642878393242
(c),3,39,BUS39_Freq,89408,3.9000000000096406,59.83938868529752,59.968787880970325,-129.39919567280356
(c),3,39,BUS39_Freq,89409,3.934000000008382,59.82638158156463,59.968787880970325,-142.4062994056925
(c),3,39,BUS39_Freq,89410,3.967000000004191,59.82034596800842,59.968787880970325,-148.441912961907
(c),3,39,BUS39_Freq,89411,4.0,59.842697974627896,59.968787880970325,-126.089906342429
(c),3,39,BUS39_Freq,89412,4.033999999999651,59.82269791,59.968787880970325,-146.08997097032272
(c),3,39,BUS39_Freq,89413,4.067000000005464,59.83679085374091,59.968787880970325,-131.99702722941709
(c),3,39,BUS39_Freq,89414,4.100000000005821,59.84505932929128,59.968787880970325,-123.72855167904362
(c),3,39,BUS39_Freq,89415,4.1340000000054715,59.82039883924127,59.968787880970325,-148.38904172905387
(c),3,39,BUS39_Freq,89416,4.167000000001281,59.84617218090416,59.968787880970325,-122.61570006616296
(c),3,39,BUS39_Freq,89417,4.199999999997544,59.856225354285314,59.968787880970325,-112.56252668501077
(c),3,39,BUS39_Freq,89418,4.23399999999765,59.84492399738686,59.968787880970325,-123.86388358346778
(c),3,39,BUS39_Freq,89419,4.267000000007101,59.82975005011894,59.968787880970325,-139.037830851386
(c),3,39,BUS39_Freq,89420,4.300000000002456,59.83314781782644,59.968787880970325,-135.64006314388166
(c),3,39,BUS39_Freq,89421,4.334000000002561,59.83330246451007,59.968787880970325,-135.4854164602557
(c),3,39,BUS39_Freq,89422,4.36699999999837,59.81433722224902,59.968787880970325,-154.45065872130215
(c),3,39,BUS39_Freq,89423,4.400000000009641,59.828841369439765,59.968787880970325,-139.94651153056026
(c),3,39,BUS39_Freq,89424,4.434000000008382,59.83760393315974,59.968787880970325,-131.18394781058385
(c),3,39,BUS39_Freq,89425,4.467000000004191,59.82866406139834,59.968787880970325,-140.12381957198272
(c),3,39,BUS39_Freq,89426,4.5,59.83721676152269,59.968787880970325,-131.571119447635
(c),3,39,BUS39_Freq,89427,4.533999999999651,59.83628229,59.968787880970325,-132.50559097032522
(c),3,39,BUS39_Freq,89428,4.567000000005464,59.85123277038368,59.968787880970325,-117.55511058664325
(c),3,39,BUS39_Freq,89429,4.600000000005821,59.84184673,59.968787880970325,-126.94115097032466
(c),3,39,BUS39_Freq,89430,4.6340000000054715,59.83762830927832,59.968787880970325,-131.15957169200243
(c),3,39,BUS39_Freq,89431,4.667000000001281,59.83045833056003,59.968787880970325,-138.3295504102975
(c),3,39,BUS39_Freq,89432,4.699999999997544,59.82059412683578,59.968787880970325,-148.19375413454594
(c),3,39,BUS39_Freq,89433,4.73399999999765,59.83517788373764,59.968787880970325,-133.60999723268208
(c),3,39,BUS39_Freq,89434,4.767000000007101,59.83749224019157,59.968787880970325,-131.29564077875244
(c),3,39,BUS39_Freq,89435,4.800000000002456,59.842396812418784,59.968787880970325,-126.39106855154125
(c),3,39,BUS39_Freq,89436,4.834000000002561,59.82068265387044,59.968787880970325,-148.10522709988305
(c),3,39,BUS39_Freq,89437,4.86699999999837,59.82995510519888,59.968787880970325,-138.8327757714478
(c),3,39,BUS39_Freq,89438,4.900000000009641,59.82824753732678,59.968787880970325,-140.5403436435435
(c),3,39,BUS39_Freq,89439,4.934000000008382,59.84303000602286,59.968787880970325,-125.75787494746749
(c),3,39,BUS39_Freq,89440,4.967000000004191,59.83419213885568,59.968787880970325,-134.59574211464798
(c),3,39,BUS39_Freq,89441,5.0,59.81770341928408,59.968787880970325,-151.08446168624567
(c),3,39,BUS39_Freq,89442,5.033999999999651,59.84134309417129,59.968787880970325,-127.44478679903182
(c),3,39,BUS39_Freq,89443,5.067000000005464,59.84610633647198,59.968787880970325,-122.68154449834157
(c),3,39,BUS39_Freq,89444,5.100000000005821,59.84767713860707,59.968787880970325,-121.11074236325692
(c),3,39,BUS39_Freq,89445,5.1340000000054715,59.830885864390574,59.968787880970325,-137.90201657975132
(c),3,39,BUS39_Freq,89446,5.167000000001281,59.842405896424026,59.968787880970325,-126.38198454629901
(c),3,39,BUS39_Freq,89447,5.199999999997544,59.85302350188879,59.968787880970325,-115.76437908153281
(c),3,39,BUS39_Freq,89448,5.23399999999765,59.831928847780006,59.968787880970325,-136.85903319031922
(c),3,39,BUS39_Freq,89449,5.267000000007101,59.84264552240602,59.968787880970325,-126.14235856430156
(c),3,39,BUS39_Freq,89450,5.300000000002456,59.81329829768248,59.968787880970325,-155.4895832878458
(c),3,39,BUS39_Freq,89451,5.334000000002561,59.83247122793369,59.968787880970325,-136.3166530366371
(c),3,39,BUS39_Freq,89452,5.36699999999837,59.82911122,59.968787880970325,-139.6766609703235
(c),3,39,BUS39_Freq,89453,5.400000000009641,59.83460074036541,59.968787880970325,-134.1871406049151
(c),3,39,BUS39_Freq,89454,5.434000000008382,59.851778373349326,59.968787880970325,-117.00950762099893
(c),3,39,BUS39_Freq,89455,5.467000000004191,59.84840651013482,59.968787880970325,-120.38137083550282
(c),3,39,BUS39_Freq,89456,5.5,59.842987106253695,59.968787880970325,-125.80077471663031
(c),3,39,BUS39_Freq,89457,5.533999999999651,59.82708042345292,59.968787880970325,-141.70745751740554
(c),3,39,BUS39_Freq,89458,5.567000000005464,59.83694882213658,59.968787880970325,-131.8390588337479
(c),3,39,BUS39_Freq,89459,5.600000000005821,59.85804041,59.968787880970325,-110.747470970324
(c),3,39,BUS39_Freq,89460,5.6340000000054715,59.84333982239284,59.968787880970325,-125.44805857748287
(c),3,39,BUS39_Freq,89461,5.667000000001281,59.85002977224438,59.968787880970325,-118.75810872594172
(c),3,39,BUS39_Freq,89462,5.699999999997544,59.83151192566047,59.968787880970325,-137.27595530985326
(c),3,39,BUS39_Freq,89463,5.73399999999765,59.84951779210145,59.968787880970325,-119.27008886887336
(c),3,39,BUS39_Freq,89464,5.767000000007101,59.85277004483104,59.968787880970325,-116.01783613928518
(c),3,39,BUS39_Freq,89465,5.800000000002456,59.84647648107096,59.968787880970325,-122.31139989936679
(c),3,39,BUS39_Freq,89466,5.834000000002561,59.86034249523009,59.968787880970325,-108.44538574023233
(c),3,39,BUS39_Freq,89467,5.86699999999837,59.84061460138026,59.968787880970325,-128.1732795900652
(c),3,39,BUS39_Freq,89468,5.900000000009641,59.85436177856752,59.968787880970325,-114.4261024028026
(c),3,39,BUS39_Freq,89469,5.934000000008382,59.81787232383229,59.968787880970325,-150.91555713803473
(c),3,39,BUS39_Freq,89470,5.967000000004191,59.85324424557291,59.968787880970325,-115.5436353974153
(c),3,39,BUS39_Freq,89471,6.0,59.84622798396793,59.968787880970325,-122.55989700239667
(c),3,39,BUS39_Freq,89472,6.033999999999651,59.83564637670641,59.968787880970325,-133.1415042639179
(c),3,39,BUS39_Freq,89473,6.067000000005464,59.8464456,59.968787880970325,-122.34228097032229
(c),3,39,BUS39_Freq,89474,6.100000000005821,59.84459985571478,59.968787880970325,-124.18802525554185
(c),3,39,BUS39_Freq,89475,6.1340000000054715,59.84358301278856,59.968787880970325,-125.20486818176835
(c),3,39,BUS39_Freq,89476,6.167000000001281,59.86085056731441,59.968787880970325,-107.93731365591697
(c),3,39,BUS39_Freq,89477,6.199999999997544,59.82810228933611,59.968787880970325,-140.68559163421668
(c),3,39,BUS39_Freq,89478,6.23399999999765,59.852487575371896,59.968787880970325,-116.30030559842908
(c),3,39,BUS39_Freq,89479,6.267000000007101,59.844179219684726,59.968787880970325,-124.608661285599
(c),3,39,BUS39_Freq,89480,6.300000000002456,59.84615149972281,59.968787880970325,-122.63638124751708
(c),3,39,BUS39_Freq,89481,6.334000000002561,59.85186859913095,59.968787880970325,-116.9192818393725
(c),3,39,BUS39_Freq,89482,6.36699999999837,59.857104622550864,59.968787880970325,-111.68325841946114
(c),3,39,BUS39_Freq,89483,6.400000000009641,59.85761995707565,59.968787880970325,-111.16792389467633
(c),3,39,BUS39_Freq,89484,6.434000000008382,59.84312782270849,59.968787880970325,-125.66005826183613
(c),3,39,BUS39_Freq,89485,6.467000000004191,59.84769589772558,59.968787880970325,-121.0919832447459
(c),3,39,BUS39_Freq,89486,6.5,59.83609526198983,59.968787880970325,-132.69261898049223
(c),3,39,BUS39_Freq,89487,6.533999999999651,59.83001348052839,59.968787880970325,-138.7744004419318
(c),3,39,BUS39_Freq,89488,6.567000000005464,59.83522231774566,59.968787880970325,-133.56556322466417
(c),3,39,BUS39_Freq,89489,6.600000000005821,59.84262884332638,59.968787880970325,-126.15903764394432
(c),3,39,BUS39_Freq,89490,6.6340000000054715,59.84888596971862,59.968787880970325,-119.90191125170213
(c),3,39,BUS39_Freq,89491,6.667000000001281,59.85364280187295,59.968787880970325,-115.14507909737404
(c),3,39,BUS39_Freq,89492,6.699999999997544,59.83371793488048,59.968787880970325,-135.06994608984257
(c),3,39,BUS39_Freq,89493,6.73399999999765,59.85166152193937,59.968787880970325,-117.12635903095503
(c),3,39,BUS39_Freq,89494,6.767000000007101,59.859958598409605,59.968787880970325,-108.82928256071978
(c),3,39,BUS39_Freq,89495,6.800000000002456,59.86025039631132,59.968787880970325,-108.53748465900281
(c),3,39,BUS39_Freq,89496,6.834000000002561,59.84130852024536,59.968787880970325,-127.47936072496202
(c),3,39,BUS39_Freq,89497,6.86699999999837,59.84586003773936,59.968787880970325,-122.92784323096839
(c),3,39,BUS39_Freq,89498,6.900000000009641,59.86066263,59.968787880970325,-108.12525097032477
(c),3,39,BUS39_Freq,89499,6.934000000008382,59.861058090471424,59.968787880970325,-107.72979049890097
(c),3,39,BUS39_Freq,89500,6.967000000004191,59.84474347,59.968787880970325,-124.04441097032759
(c),3,39,BUS39_Freq,89501,7.0,59.86220654609826,59.968787880970325,-106.58133487206811
(c),3,39,BUS39_Freq,89502,7.033999999999651,59.84067419539452,59.968787880970325,-128.11368557580494
(c),3,39,BUS39_Freq,89503,7.067000000005464,59.86666763735027,59.968787880970325,-102.12024362005678
(c),3,39,BUS39_Freq,89504,7.100000000005821,59.84619079489037,59.968787880970325,-122.59708607995634
(c),3,39,BUS39_Freq,89505,7.1340000000054715,59.85739616808799,59.968787880970325,-111.3917128823374
(c),3,39,BUS39_Freq,89506,7.167000000001281,59.85121483047593,59.968787880970325,-117.57305049439282
(c),3,39,BUS39_Freq,89507,7.199999999997544,59.86554436175736,59.968787880970325,-103.24351921296682
(c),3,39,BUS39_Freq,89508,7.23399999999765,59.86993733500103,59.968787880970325,-98.85054596929166
(c),3,39,BUS39_Freq,89509,7.267000000007101,59.87131679739071,59.968787880970325,-97.4710835796131
(c),3,39,BUS39_Freq,89510,7.300000000002456,59.87001005665532,59.968787880970325,-98.77782431500748
(c),3,39,BUS39_Freq,89511,7.334000000002561,59.85671512,59.968787880970325,-112.07276097032803
(c),3,39,BUS39_Freq,89512,7.36699999999837,59.86891617631949,59.968787880970325,-99.8717046508375
(c),3,39,BUS39_Freq,89513,7.400000000009641,59.83996111583226,59.968787880970325,-128.826765138065
(c),3,39,BUS39_Freq,89514,7.434000000008382,59.85080033559054,59.968787880970325,-117.9875453797834
(c),3,39,BUS39_Freq,89515,7.467000000004191,59.84028921275271,59.968787880970325,-128.4986682176168
(c),3,39,BUS39_Freq,89516,7.5,59.85883711966103,59.968787880970325,-109.95076130929249
(c),3,39,BUS39_Freq,89517,7.533999999999651,59.87784760830484,59.968787880970325,-90.94027266548466
(c),3,39,BUS39_Freq,89518,7.567000000005464,59.86302374188243,59.968787880970325,-105.76413908789561
(c),3,39,BUS39_Freq,89519,7.600000000005821,59.84860843675702,59.968787880970325,-120.1794442133064
(c),3,39,BUS39_Freq,89520,7.6340000000054715,59.86949550359021,59.968787880970325,-99.29237738011665
(c),3,39,BUS39_Freq,89521,7.667000000001281,59.864093842049456,59.968787880970325,-104.69403892086859
(c),3,39,BUS39_Freq,89522,7.699999999997544,59.86156612975356,59.968787880970325,-107.22175121676258
(c),3,39,BUS39_Freq,89523,7.73399999999765,59.86831389352768,59.968787880970325,-100.47398744264768
(c),3,39,BUS39_Freq,89524,7.767000000007101,59.88267212274419,59.968787880970325,-86.1157582261356
(c),3,39,BUS39_Freq,89525,7.800000000002456,59.87382170187247,59.968787880970325,-94.96617909785243
(c),3,39,BUS39_Freq,89526,7.834000000002561,59.88056831877057,59.968787880970325,-88.21956219975391
(c),3,39,BUS39_Freq,89527,7.86699999999837,59.86893525683941,59.968787880970325,-99.85262413091789
(c),3,39,BUS39_Freq,89528,7.900000000009641,59.862313355685295,59.968787880970325,-106.4745252850301
(c),3,39,BUS39_Freq,89529,7.934000000008382,59.858773597823095,59.968787880970325,-110.01428314722972
(c),3,39,BUS39_Freq,89530,7.967000000004191,59.85747455,59.968787880970325,-111.31333097032581
(c),3,39,BUS39_Freq,89531,8.0,59.86492320444423,59.968787880970325,-103.86467652609355
(c),3,39,BUS39_Freq,89532,8.03399999999965,59.86436508484028,59.968787880970325,-104.42279613004501
(c),3,39,BUS39_Freq,89533,8.067000000005464,59.863573321437954,59.968787880970325,-105.2145595323708
(c),3,39,BUS39_Freq,89534,8.10000000000582,59.86064605070517,59.968787880970325,-108.14183026515423
(c),3,39,BUS39_Freq,89535,8.134000000005472,59.87174092,59.968787880970325,-97.04696097032439
(c),3,39,BUS39_Freq,89536,8.16700000000128,59.85219254088236,59.968787880970325,-116.59534008796157
(c),3,39,BUS39_Freq,89537,8.199999999997544,59.85717526867537,59.968787880970325,-111.61261229495523
(c),3,39,BUS39_Freq,89538,8.23399999999765,59.88414640129994,59.968787880970325,-84.64147967038826
(c),3,39,BUS39_Freq,89539,8.267000000007101,59.86953264363644,59.968787880970325,-99.2552373338853
(c),3,39,BUS39_Freq,89540,8.300000000002456,59.88239912081195,59.968787880970325,-86.38876015837837
(c),3,39,BUS39_Freq,89541,8.334000000002561,59.85220124071208,59.968787880970325,-116.58664025824805
(c),3,39,BUS39_Freq,89542,8.36699999999837,59.89046374837599,59.968787880970325,-78.32413259433224
(c),3,39,BUS39_Freq,89543,8.40000000000964,59.88442350594649,59.968787880970325,-84.36437502383143
(c),3,39,BUS39_Freq,89544,8.434000000008382,59.875286671768905,59.968787880970325,-93.50120920142047
(c),3,39,BUS39_Freq,89545,8.467000000004191,59.86202429487417,59.968787880970325,-106.76358609615733
(c),3,39,BUS39_Freq,89546,8.5,59.85725223950898,59.968787880970325,-111.53564146134443
(c),3,39,BUS39_Freq,89547,8.53399999999965,59.862565054068384,59.968787880970325,-106.2228269019414
(c),3,39,BUS39_Freq,89548,8.567000000005464,59.86840180835673,59.968787880970325,-100.38607261359545
(c),3,39,BUS39_Freq,89549,8.60000000000582,59.85920391432538,59.968787880970325,-109.58396664494785
(c),3,39,BUS39_Freq,89550,8.634000000005472,59.86817146,59.968787880970325,-100.61642097032575
(c),3,39,BUS39_Freq,89551,8.66700000000128,59.87263400136025,59.968787880970325,-96.15387961007826
(c),3,39,BUS39_Freq,89552,8.699999999997544,59.86541321325845,59.968787880970325,-103.37466771187565
(c),3,39,BUS39_Freq,89553,8.73399999999765,59.86247165982742,59.968787880970325,-106.31622114290451
(c),3,39,BUS39_Freq,89554,8.767000000007101,59.89966600294357,59.968787880970325,-69.12187802675618
(c),3,39,BUS39_Freq,89555,8.800000000002456,59.87730136,59.968787880970325,-91.48652097032794
(c),3,39,BUS39_Freq,89556,8.834000000002561,59.87722548242928,59.968787880970325,-91.56239854104342
(c),3,39,BUS39_Freq,89557,8.86699999999837,59.89394361519595,59.968787880970325,-74.84426577437375
(c),3,39,BUS39_Freq,89558,8.90000000000964,59.88849047175636,59.968787880970325,-80.29740921396211
(c),3,39,BUS39_Freq,89559,8.934000000008382,59.88421014,59.968787880970325,-84.57774097032456
(c),3,39,BUS39_Freq,89560,8.967000000004191,59.87107765836337,59.968787880970325,-97.71022260695617
(c),3,39,BUS39_Freq,89561,9.0,59.85195601771807,59.968787880970325,-116.83186325225847
(c),3,39,BUS39_Freq,89562,9.03399999999965,59.88087395923844,59.968787880970325,-87.91392173188228
(c),3,39,BUS39_Freq,89563,9.067000000005464,59.87805845853512,59.968787880970325,-90.72942243520288
(c),3,39,BUS39_Freq,89564,9.10000000000582,59.88038622629356,59.968787880970325,-88.40165467676542
(c),3,39,BUS39_Freq,89565,9.134000000005472,59.88694813406359,59.968787880970325,-81.83974690673779
(c),3,39,BUS39_Freq,89566,9.16700000000128,59.886572253842296,59.968787880970325,-82.21562712802921
(c),3,39,BUS39_Freq,89567,9.199999999997544,59.8794395659024,59.968787880970325,-89.34831506792307
(c),3,39,BUS39_Freq,89568,9.23399999999765,59.876046849361,59.968787880970325,-92.74103160932157
(c),3,39,BUS39_Freq,89569,9.267000000007101,59.87997624760764,59.968787880970325,-88.81163336268827
(c),3,39,BUS39_Freq,89570,9.300000000002456,59.88597245,59.968787880970325,-82.81543097032795
(c),3,39,BUS39_Freq,89571,9.334000000002561,59.86495192510319,59.968787880970325,-103.83595586713312
(c),3,39,BUS39_Freq,89572,9.36699999999837,59.90424827678067,59.968787880970325,-64.53960418965465
(c),3,39,BUS39_Freq,89573,9.40000000000964,59.88736833958284,59.968787880970325,-81.41954138748275
(c),3,39,BUS39_Freq,89574,9.434000000008382,59.871733253475625,59.968787880970325,-97.05462749469973
(c),3,39,BUS39_Freq,89575,9.467000000004191,59.879543502588014,59.968787880970325,-89.24437838231114
(c),3,39,BUS39_Freq,89576,9.5,59.88267857142853,59.968787880970325,-86.10930954179707
(c),3,39,BUS39_Freq,89577,9.53399999999965,59.89369529777892,59.968787880970325,-75.09258319140599
(c),3,39,BUS39_Freq,89578,9.567000000005464,59.88938391307784,59.968787880970325,-79.40396789248183
(c),3,39,BUS39_Freq,89579,9.60000000000582,59.88575148472908,59.968787880970325,-83.0363962412477
(c),3,39,BUS39_Freq,89580,9.634000000005472,59.86945208752087,59.968787880970325,-99.33579344945542
(c),3,39,BUS39_Freq,89581,9.66700000000128,59.90609848703836,59.968787880970325,-62.68939393196149
(c),3,39,BUS39_Freq,89582,9.699999999997544,59.89649604438388,59.968787880970325,-72.29183658644445
(c),3,39,BUS39_Freq,89583,9.73399999999765,59.880840242574905,59.968787880970325,-87.94763839541986
(c),3,39,BUS39_Freq,89584,9.767000000007101,59.91140209666112,59.968787880970325,-57.38578430920427
(c),3,39,BUS39_Freq,89585,9.800000000002456,59.87981517650625,59.968787880970325,-88.97270446407646
(c),3,39,BUS39_Freq,89586,9.834000000002561,59.89208100607016,59.968787880970325,-76.70687490016803
(c),3,39,BUS39_Freq,89587,9.86699999999837,59.89407620542776,59.968787880970325,-74.71167554256652
(c),3,39,BUS39_Freq,89588,9.90000000000964,59.897245167771416,59.968787880970325,-71.54271319890881
(c),3,39,BUS39_Freq,89589,9.934000000008382,59.90226045892964,59.968787880970325,-66.52742204068574
(c),3,39,BUS39_Freq,89590,9.967000000004191,59.91328068874215,59.968787880970325,-55.507192228176905
(c),3,39,BUS39_Freq,89591,10.0,59.895303103913086,59.968787880970325,-73.48477705723866
(c),3,39,BUS39_Freq,89592,10.03399999999965,59.88794958,59.968787880970325,-80.83830097032774
(c),3,39,BUS39_Freq,89593,10.067000000005464,59.89692622,59.968787880970325,-71.86166097032753
(c),3,39,BUS39_Freq,89594,10.10000000000582,59.89704464392196,59.968787880970325,-71.74323704836638
(c),3,39,BUS39_Freq,89595,10.134000000005472,59.88143564168385,59.968787880970325,-87.35223928647429
(c),3,39,BUS39_Freq,89596,10.16700000000128,59.87189909493762,59.968787880970325,-96.88878603270723
(c),3,39,BUS39_Freq,89597,10.199999999997544,59.89171170704849,59.968787880970325,-77.07617392183153
(c),3,39,BUS39_Freq,89598,10.23399999999765,59.87592475606518,59.968787880970325,-92.86312490514348
(c),3,39,BUS39_Freq,89599,10.267000000007101,59.87998833627052,59.968787880970325,-88.79954469980333
(c),3,39,BUS39_Freq,89600,10.300000000002456,59.89086021292891,59.968787880970325,-77.92766804141849
(c),3,39,BUS39_Freq,89601,10.334000000002561,59.89265343116415,59.968787880970325,-76.13444980617601
(c),3,39,BUS39_Freq,89602,10.36699999999837,59.88082314513247,59.968787880970325,-87.96473583785769
(c),3,39,BUS39_Freq,89603,10.40000000000964,59.898360823788494,59.968787880970325,-70.42705718183129
(c),3,39,BUS39_Freq,89604,10.434000000008382,59.88653174952096,59.968787880970325,-82.25613144936261
(c),3,39,BUS39_Freq,89605,10.467000000004191,59.87920419661007,59.968787880970325,-89.58368436025665
(c),3,39,BUS39_Freq,89606,10.5,59.88018126766849,59.968787880970325,-88.60661330183461
(c),3,39,BUS39_Freq,89607,10.53399999999965,59.88301435014083,59.968787880970325,-85.77353082949202
(c),3,39,BUS39_Freq,89608,10.567000000005464,59.89141525326185,59.968787880970325,-77.37262770847764
(c),3,39,BUS39_Freq,89609,10.60000000000582,59.88518789199355,59.968787880970325,-83.59998897677201
(c),3,39,BUS39_Freq,89610,10.634000000005472,59.900471124154045,59.968787880970325,-68.31675681628013
(c),3,39,BUS39_Freq,89611,10.66700000000128,59.90246878285298,59.968787880970325,-66.31909811734715
(c),3,39,BUS39_Freq,89612,10.699999999997544,59.89040731528487,59.968787880970325,-78.38056568545682
(c),3,39,BUS39_Freq,89613,10.73399999999765,59.90126792331741,59.968787880970325,-67.51995765291241
(c),3,39,BUS39_Freq,89614,10.767000000007101,59.89010543,59.968787880970325,-78.68245097032656
(c),3,39,BUS39_Freq,89615,10.800000000002456,59.879439550927074,59.968787880970325,-89.34833004325071
(c),3,39,BUS39_Freq,89616,10.834000000002561,59.91654400675724,59.968787880970325,-52.243874213083075
(c),3,39,BUS39_Freq,89617,10.86699999999837,59.890970270477474,59.968787880970325,-77.81761049285052
(c),3,39,BUS39_Freq,89618,10.90000000000964,59.885258121607656,59.968787880970325,-83.52975936266915
(c),3,39,BUS39_Freq,89619,10.934000000008382,59.90428451072135,59.968787880970325,-64.50337024897834
(c),3,39,BUS39_Freq,89620,10.967000000004191,59.88491901483441,59.968787880970325,-83.86886613591571
(c),3,39,BUS39_Freq,89621,11.0,59.904139055695175,59.968787880970325,-64.64882527514959
(c),3,39,BUS39_Freq,89622,11.03399999999965,59.92336849206308,59.968787880970325,-45.4193889072485
(c),3,39,BUS39_Freq,89623,11.067000000005464,59.90466074801319,59.968787880970325,-64.12713295713246
(c),3,39,BUS39_Freq,89624,11.10000000000582,59.88780141786981,59.968787880970325,-80.9864631005155
(c),3,39,BUS39_Freq,89625,11.134000000005472,59.88759920234782,59.968787880970325,-81.18867862250312
(c),3,39,BUS39_Freq,89626,11.16700000000128,59.889715553832005,59.968787880970325,-79.07232713832002
(c),3,39,BUS39_Freq,89627,11.199999999997544,59.90714330681999,59.968787880970325,-61.64457415033553
(c),3,39,BUS39_Freq,89628,11.23399999999765,59.90197339251512,59.968787880970325,-66.81448845520777
(c),3,39,BUS39_Freq,89629,11.267000000007101,59.884154739852455,59.968787880970325,-84.63314111786957
(c),3,39,BUS39_Freq,89630,11.300000000002456,59.89900579846781,59.968787880970325,-69.78208250251328
(c),3,39,BUS39_Freq,89631,11.334000000002561,59.88768101,59.968787880970325,-81.10687097032354
(c),3,39,BUS39_Freq,89632,11.36699999999837,59.89994259652806,59.968787880970325,-68.84528444226845
(c),3,39,BUS39_Freq,89633,11.40000000000964,59.89381887229187,59.968787880970325,-74.96900867845824
(c),3,39,BUS39_Freq,89634,11.434000000008382,59.90217256109237,59.968787880970325,-66.615319877954
(c),3,39,BUS39_Freq,89635,11.467000000004191,59.90039632153984,59.968787880970325,-68.3915594304878
(c),3,39,BUS39_Freq,89636,11.5,59.89924803859022,59.968787880970325,-69.53984238010236
(c),3,39,BUS39_Freq,89637,11.53399999999965,59.90496426780392,59.968787880970325,-63.823613166405835
(c),3,39,BUS39_Freq,89638,11.567000000005464,59.89943019329507,59.968787880970325,-69.3576876752573
(c),3,39,BUS39_Freq,89639,11.60000000000582,59.89496789434155,59.968787880970325,-73.8199866287772
(c),3,39,BUS39_Freq,89640,11.634000000005472,59.91498661739927,59.968787880970325,-53.80126357105297
(c),3,39,BUS39_Freq,89641,11.66700000000128,59.90941634563729,59.968787880970325,-59.3715353330353
(c),3,39,BUS39_Freq,89642,11.699999999997544,59.89834305132821,59.968787880970325,-70.4448296421134
(c),3,39,BUS39_Freq,89643,11.73399999999765,59.89111159552968,59.968787880970325,-77.67628544064564
(c),3,39,BUS39_Freq,89644,11.767000000007101,59.89981193052723,59.968787880970325,-68.97595044309668
(c),3,39,BUS39_Freq,89645,11.800000000002456,59.89558156746198,59.968787880970325,-73.20631350834361
(c),3,39,BUS39_Freq,89646,11.834000000002561,59.89826277696447,59.968787880970325,-70.52510400585277
(c),3,39,BUS39_Freq,89647,11.86699999999837,59.89406342899739,59.968787880970325,-74.72445197293354
(c),3,39,BUS39_Freq,89648,11.90000000000964,59.88315714522271,59.968787880970325,-85.63073574761404
(c),3,39,BUS39_Freq,89649,11.934000000008382,59.9134014,59.968787880970325,-55.38648097032706
(c),3,39,BUS39_Freq,89650,11.967000000004191,59.872435290290106,59.968787880970325,-96.35259068021895
(c),3,39,BUS39_Freq,89651,12.0,59.91226953,59.968787880970325,-56.51835097032176
(c),3,39,BUS39_Freq,89652,12.03399999999965,59.89544189,59.968787880970325,-73.34599097032424
(c),3,39,BUS39_Freq,89653,12.067000000005464,59.89333421278761,59.968787880970325,-75.45366818271759
(c),3,39,BUS39_Freq,89654,12.10000000000582,59.894562164580826,59.968787880970325,-74.22571638949904
(c),3,39,BUS39_Freq,89655,12.134000000005472,59.90534281188298,59.968787880970325,-63.4450690873436
(c),3,39,BUS39_Freq,89656,12.16700000000128,59.90661316317632,59.968787880970325,-62.17471779400796
(c),3,39,BUS39_Freq,89657,12.199999999997544,59.90836193404603,59.968787880970325,-60.42594692429759
(c),3,39,BUS39_Freq,89658,12.23399999999765,59.91241194019462,59.968787880970325,-56.37594077570185
(c),3,39,BUS39_Freq,89659,12.267000000007101,59.89646076767774,59.968787880970325,-72.32711329258734
(c),3,39,BUS39_Freq,89660,12.300000000002456,59.89121647156584,59.968787880970325,-77.57140940448437
(c),3,39,BUS39_Freq,89661,12.334000000002561,59.87375584951229,59.968787880970325,-95.0320314580324
(c),3,39,BUS39_Freq,89662,12.36699999999837,59.89033128239164,59.968787880970325,-78.4565985786827
(c),3,39,BUS39_Freq,89663,12.40000000000964,59.89025967047332,59.968787880970325,-78.52821049700509
(c),3,39,BUS39_Freq,89664,12.434000000008382,59.90045458458134,59.968787880970325,-68.33329638898533
(c),3,39,BUS39_Freq,89665,12.467000000004191,59.911339230448704,59.968787880970325,-57.4486505216214
(c),3,39,BUS39_Freq,89666,12.5,59.89070879505492,59.968787880970325,-78.07908591540524
(c),3,39,BUS39_Freq,89667,12.53399999999965,59.88773746746024,59.968787880970325,-81.05041351008424
(c),3,39,BUS39_Freq,89668,12.567000000005464,59.91341753376574,59.968787880970325,-55.37034720458678
(c),3,39,BUS39_Freq,89669,12.60000000000582,59.91273350248118,59.968787880970325,-56.05437848914363
(c),3,39,BUS39_Freq,89670,12.634000000005472,59.89933425692495,59.968787880970325,-69.45362404537292
(c),3,39,BUS39_Freq,89671,12.66700000000128,59.92409869454888,59.968787880970325,-44.689186421443594
(c),3,39,BUS39_Freq,89672,12.699999999997544,59.89705376922717,59.968787880970325,-71.73411174315447
(c),3,39,BUS39_Freq,89673,12.73399999999765,59.900703413962994,59.968787880970325,-68.08446700733128
(c),3,39,BUS39_Freq,89674,12.767000000007101,59.90165566495779,59.968787880970325,-67.13221601253849
(c),3,39,BUS39_Freq,89675,12.800000000002456,59.906694671107736,59.968787880970325,-62.093209862588594
(c),3,39,BUS39_Freq,89676,12.834000000002561,59.914692187554735,59.968787880970325,-54.09569341559006
(c),3,39,BUS39_Freq,89677,12.86699999999837,59.90519066363943,59.968787880970325,-63.597217330894296
(c),3,39,BUS39_Freq,89678,12.90000000000964,59.89969920434285,59.968787880970325,-69.08867662747298
(c),3,39,BUS39_Freq,89679,12.934000000008382,59.90897829810761,59.968787880970325,-59.80958286271232
(c),3,39,BUS39_Freq,89680,12.967000000004191,59.89844336060176,59.968787880970325,-70.34452036856464
(c),3,39,BUS39_Freq,89681,13.0,59.89633387055875,59.968787880970325,-72.45401041157606
(c),3,39,BUS39_Freq,89682,13.03399999999965,59.895550965430274,59.968787880970325,-73.23691554005052
(c),3,39,BUS39_Freq,89683,13.067000000005464,59.91053802047525,59.968787880970325,-58.2498604950743
(c),3,39,BUS39_Freq,89684,13.10000000000582,59.90153948267462,59.968787880970325,-67.24839829570328
(c),3,39,BUS39_Freq,89685,13.134000000005472,59.90227704871788,59.968787880970325,-66.51083225244747
(c),3,39,BUS39_Freq,89686,13.16700000000128,59.89854052427496,59.968787880970325,-70.24735669536852
(c),3,39,BUS39_Freq,89687,13.199999999997544,59.895815128554105,59.968787880970325,-72.97275241622003
(c),3,39,BUS39_Freq,89688,13.23399999999765,59.90884864318344,59.968787880970325,-59.93923778688526
(c),3,39,BUS39_Freq,89689,13.267000000007101,59.90285177490823,59.968787880970325,-65.93610606209666
(c),3,39,BUS39_Freq,89690,13.300000000002456,59.90583330892125,59.968787880970325,-62.95457204907251
(c),3,39,BUS39_Freq,89691,13.334000000002561,59.91061845344748,59.968787880970325,-58.16942752284149
(c),3,39,BUS39_Freq,89692,13.36699999999837,59.90375457275769,59.968787880970325,-65.03330821263376
(c),3,39,BUS39_Freq,89693,13.40000000000964,59.89099955531311,59.968787880970325,-77.78832565721672
(c),3,39,BUS39_Freq,89694,13.434000000008382,59.91891218254526,59.968787880970325,-49.8756984250619
(c),3,39,BUS39_Freq,89695,13.467000000004191,59.90595939921761,59.968787880970325,-62.82848175271738
(c),3,39,BUS39_Freq,89696,13.5,59.902621036116905,59.968787880970325,-66.16684485342006
(c),3,39,BUS39_Freq,89697,13.53399999999965,59.906961144647056,59.968787880970325,-61.82673632326896
(c),3,39,BUS39_Freq,89698,13.567000000005464,59.92642937076887,59.968787880970325,-42.35851020145276
(c),3,39,BUS39_Freq,89699,13.60000000000582,59.89644513747415,59.968787880970325,-72.34274349617209
(c),3,39,BUS39_Freq,89700,13.634000000005472,59.908221801737874,59.968787880970325,-60.566079232451386
(c),3,39,BUS39_Freq,89701,13.66700000000128,59.89134178253164,59.968787880970325,-77.44609843868488
(c),3,39,BUS39_Freq,89702,13.699999999997544,59.89947326138469,59.968787880970325,-69.3146195856329
(c),3,39,BUS39_Freq,89703,13.73399999999765,59.90675466786138,59.968787880970325,-62.03321310894694
(c),3,39,BUS39_Freq,89704,13.767000000007101,59.90522352908237,59.968787880970325,-63.56435188795473
(c),3,39,BUS39_Freq,89705,13.800000000002456,59.89378715274935,59.968787880970325,-75.00072822097792
(c),3,39,BUS39_Freq,89706,13.834000000002561,59.89816292387853,59.968787880970325,-70.62495709179473
(c),3,39,BUS39_Freq,89707,13.86699999999837,59.91827247864546,59.968787880970325,-50.51540232486218
(c),3,39,BUS39_Freq,89708,13.90000000000964,59.894736837428994,59.968787880970325,-74.0510435413313
(c),3,39,BUS39_Freq,89709,13.934000000008382,59.89955804153321,59.968787880970325,-69.22983943711358
(c),3,39,BUS39_Freq,89710,13.967000000004191,59.91118470468509,59.968787880970325,-57.603176285233815
(c),3,39,BUS39_Freq,89711,14.0,59.91518079876085,59.968787880970325,-53.6070822094743
(c),3,39,BUS39_Freq,89712,14.03399999999965,59.92219287156166,59.968787880970325,-46.595009408662236
(c),3,39,BUS39_Freq,89713,14.067000000005464,59.91132097911869,59.968787880970325,-57.46690185163317
(c),3,39,BUS39_Freq,89714,14.10000000000582,59.89936601796926,59.968787880970325,-69.42186300106812
(c),3,39,BUS39_Freq,89715,14.134000000005472,59.88505881837303,59.968787880970325,-83.72906259729263
(c),3,39,BUS39_Freq,89716,14.16700000000128,59.895654905907385,59.968787880970325,-73.13297506293992
(c),3,39,BUS39_Freq,89717,14.199999999997544,59.90255392567244,59.968787880970325,-66.23395529788212
(c),3,39,BUS39_Freq,89718,14.23399999999765,59.91353151218427,59.968787880970325,-55.25636878605411
(c),3,39,BUS39_Freq,89719,14.267000000007101,59.90471130473293,59.968787880970325,-64.07657623739738
(c),3,39,BUS39_Freq,89720,14.300000000002456,59.9020256,59.968787880970325,-66.76228097032322
(c),3,39,BUS39_Freq,89721,14.334000000002561,59.89151298047549,59.968787880970325,-77.27490049483521
(c),3,39,BUS39_Freq,89722,14.36699999999837,59.90177571,59.968787880970325,-67.01217097032242
(c),3,39,BUS39_Freq,89723,14.40000000000964,59.91497296453893,59.968787880970325,-53.814916431392135
(c),3,39,BUS39_Freq,89724,14.434000000008382,59.89375217902671,59.968787880970325,-75.03570194361231
(c),3,39,BUS39_Freq,89725,14.467000000004191,59.90004410358571,59.968787880970325,-68.74377738461845
(c),3,39,BUS39_Freq,89726,14.5,59.90007222838611,59.968787880970325,-68.71565258421697
(c),3,39,BUS39_Freq,89727,14.53399999999965,59.91041738681281,59.968787880970325,-58.37049415751494
(c),3,39,BUS39_Freq,89728,14.567000000005464,59.91509798287314,59.968787880970325,-53.68989809718272
(c),3,39,BUS39_Freq,89729,14.60000000000582,59.89229902870333,59.968787880970325,-76.48885226699775
(c),3,39,BUS39_Freq,89730,14.634000000005472,59.903756558609714,59.968787880970325,-65.03132236061049
(c),3,39,BUS39_Freq,89731,14.66700000000128,59.89133186176281,59.968787880970325,-77.4560192075171
(c),3,39,BUS39_Freq,89732,14.699999999997544,59.8935469386032,59.968787880970325,-75.24094236712386
(c),3,39,BUS39_Freq,89733,14.73399999999765,59.912287720755806,59.968787880970325,-56.50016021451876
(c),3,39,BUS39_Freq,89734,14.767000000007101,59.90266146534453,59.968787880970325,-66.12641562579569
(c),3,39,BUS39_Freq,89735,14.800000000002456,59.90765891291698,59.968787880970325,-61.128968053346
(c),3,39,BUS39_Freq,89736,14.834000000002561,59.91000525667783,59.968787880970325,-58.78262429249759
(c),3,39,BUS39_Freq,89737,14.86699999999837,59.903103331491344,59.968787880970325,-65.68454947898061
(c),3,39,BUS39_Freq,89738,14.90000000000964,59.89756044,59.968787880970325,-71.22744097032552
(c),3,39,BUS39_Freq,89739,14.934000000008382,59.88890628719761,59.968787880970325,-79.88159377271842
(c),3,39,BUS39_Freq,89740,14.967000000004191,59.926118447640825,59.968787880970325,-42.66943332950035
(c),3,39,BUS39_Freq,89741,15.0,59.89126149566288,59.968787880970325,-77.52638530744349
(c),3,39,BUS39_Freq,89742,15.03399999999965,59.89124956,59.968787880970325,-77.53832097032642
(c),3,39,BUS39_Freq,89743,15.067000000005464,59.898695398256905,59.968787880970325,-70.09248271342017
(c),3,39,BUS39_Freq,89744,15.10000000000582,59.89994918979012,59.968787880970325,-68.83869118020414
(c),3,39,BUS39_Freq,89745,15.134000000005472,59.91282143844551,59.968787880970325,-55.966442524812976
(c),3,39,BUS39_Freq,89746,15.16700000000128,59.90311123351247,59.968787880970325,-65.67664745785606
(c),3,39,BUS39_Freq,89747,15.199999999997544,59.90912357549761,59.968787880970325,-59.664305472715284
(c),3,39,BUS39_Freq,89748,15.23399999999765,59.922488326021536,59.968787880970325,-46.29955494878857
(c),3,39,BUS39_Freq,89749,15.267000000007101,59.88070257535575,59.968787880970325,-88.08530561457673
(c),3,39,BUS39_Freq,89750,15.300000000002456,59.88915163432892,59.968787880970325,-79.63624664140667
(c),3,39,BUS39_Freq,89751,15.334000000002561,59.89833237060751,59.968787880970325,-70.45551036281239
(c),3,39,BUS39_Freq,89752,15.36699999999837,59.87357371537457,59.968787880970325,-95.21416559575613
(c),3,39,BUS39_Freq,89753,15.40000000000964,59.91183723303005,59.968787880970325,-56.950647940276156
(c),3,39,BUS39_Freq,89754,15.434000000008382,59.89828401990594,59.968787880970325,-70.50386106438822
(c),3,39,BUS39_Freq,89755,15.467000000004191,59.90520041553194,59.968787880970325,-63.587465438388335
(c),3,39,BUS39_Freq,89756,15.5,59.89760982650338,59.968787880970325,-71.17805446694803
(c),3,39,BUS39_Freq,89757,15.53399999999965,59.915004005382265,59.968787880970325,-53.78387558805997
(c),3,39,BUS39_Freq,89758,15.567000000005464,59.89394025892496,59.968787880970325,-74.84762204536821
(c),3,39,BUS39_Freq,89759,15.60000000000582,59.90638650595348,59.968787880970325,-62.40137501684728
(c),3,39,BUS39_Freq,89760,15.634000000005472,59.91737127443376,59.968787880970325,-51.41660653656288
(c),3,39,BUS39_Freq,89761,15.66700000000128,59.916265174217074,59.968787880970325,-52.522706753251214
(c),3,39,BUS39_Freq,89762,15.699999999997544,59.885058344325,59.968787880970325,-83.7295366453219
(c),3,39,BUS39_Freq,89763,15.73399999999765,59.91355895767059,59.968787880970325,-55.22892329973672
(c),3,39,BUS39_Freq,89764,15.767000000007101,59.90451625904264,59.968787880970325,-64.27162192768776
(c),3,39,BUS39_Freq,89765,15.800000000002456,59.92205194965086,59.968787880970325,-46.73593131946774
(c),3,39,BUS39_Freq,89766,15.834000000002561,59.909754735514966,59.968787880970325,-59.033145455359204
(c),3,39,BUS39_Freq,89767,15.86699999999837,59.90698232813601,59.968787880970325,-61.80555283431488
(c),3,39,BUS39_Freq,89768,15.90000000000964,59.89092461283761,59.968787880970325,-77.86326813271671
(c),3,39,BUS39_Freq,89769,15.934000000008382,59.91214617832348,59.968787880970325,-56.64170264684287
(c),3,39,BUS39_Freq,89770,15.967000000004191,59.89835816159912,59.968787880970325,-70.42971937120512
(c),3,39,BUS39_Freq,89771,16.0,59.89442368,59.968787880970325,-74.36420097032226
(c),3,39,BUS39_Freq,89772,16.03399999999965,59.89900160781914,59.968787880970325,-69.78627315118757
(c),3,39,BUS39_Freq,89773,16.067000000005464,59.90261591121634,59.968787880970325,-66.17196975398798
(c),3,39,BUS39_Freq,89774,16.10000000000582,59.899568037198286,59.968787880970325,-69.21984377203927
(c),3,39,BUS39_Freq,89775,16.13400000000547,59.907579217530845,59.968787880970325,-61.20866343947995
(c),3,39,BUS39_Freq,89776,16.16700000000128,59.89687352926107,59.968787880970325,-71.91435170925331
(c),3,39,BUS39_Freq,89777,16.199999999997544,59.89987635668949,59.968787880970325,-68.91152428083558
(c),3,39,BUS39_Freq,89778,16.23399999999765,59.909468284685545,59.968787880970325,-59.31959628478012
(c),3,39,BUS39_Freq,89779,16.2670000000071,59.91480157462109,59.968787880970325,-53.98630634923762
(c),3,39,BUS39_Freq,89780,16.300000000002456,59.90101279055461,59.968787880970325,-67.77509041571506
(c),3,39,BUS39_Freq,89781,16.33400000000256,59.89029821215696,59.968787880970325,-78.4896688133685
(c),3,39,BUS39_Freq,89782,16.36699999999837,59.898397279405145,59.968787880970325,-70.39060156517962
(c),3,39,BUS39_Freq,89783,16.40000000000964,59.90115902,59.968787880970325,-67.6288609703235
(c),3,39,BUS39_Freq,89784,16.434000000008382,59.91587107341033,59.968787880970325,-52.916807559995505
(c),3,39,BUS39_Freq,89785,16.46700000000419,59.88300588,59.968787880970325,-85.78200097032607
(c),3,39,BUS39_Freq,89786,16.5,59.89873254115168,59.968787880970325,-70.05533981864431
(c),3,39,BUS39_Freq,89787,16.53399999999965,59.90387366175778,59.968787880970325,-64.9142192125467
(c),3,39,BUS39_Freq,89788,16.567000000005464,59.90917105503033,59.968787880970325,-59.6168259399974
(c),3,39,BUS39_Freq,89789,16.60000000000582,59.90123304616646,59.968787880970325,-67.5548348038646
(c),3,39,BUS39_Freq,89790,16.63400000000547,59.92113645637313,59.968787880970325,-47.6514245971984
(c),3,39,BUS39_Freq,89791,16.66700000000128,59.90126967890141,59.968787880970325,-67.51820206891779
(c),3,39,BUS39_Freq,89792,16.699999999997544,59.912680225626985,59.968787880970325,-56.1076553433395
(c),3,39,BUS39_Freq,89793,16.73399999999765,59.89174120354497,59.968787880970325,-77.04667742535776
(c),3,39,BUS39_Freq,89794,16.7670000000071,59.89299902291476,59.968787880970325,-75.78885805556723
(c),3,39,BUS39_Freq,89795,16.800000000002456,59.895967153085394,59.968787880970325,-72.8207278849311
(c),3,39,BUS39_Freq,89796,16.83400000000256,59.90460931179962,59.968787880970325,-64.17856917070708
(c),3,39,BUS39_Freq,89797,16.86699999999837,59.91431216738826,59.968787880970325,-54.4757135820646
(c),3,39,BUS39_Freq,89798,16.90000000000964,59.90527527992893,59.968787880970325,-63.512601041395556
(c),3,39,BUS39_Freq,89799,16.934000000008382,59.89002803,59.968787880970325,-78.75985097032157
(c),3,39,BUS39_Freq,89800,16.96700000000419,59.88206397935224,59.968787880970325,-86.72390161808607
(c),3,39,BUS39_Freq,89801,17.0,59.91089868282936,59.968787880970325,-57.889198140962606
(c),3,39,BUS39_Freq,89802,17.03399999999965,59.90359508445415,59.968787880970325,-65.19279651617182
(c),3,39,BUS39_Freq,89803,17.067000000005464,59.898178792347245,59.968787880970325,-70.60908862307969
(c),3,39,BUS39_Freq,89804,17.10000000000582,59.902832951671485,59.968787880970325,-65.95492929884017
(c),3,39,BUS39_Freq,89805,17.13400000000547,59.900968763681256,59.968787880970325,-67.8191172890692
(c),3,39,BUS39_Freq,89806,17.16700000000128,59.87794437183449,59.968787880970325,-90.84350913583705
(c),3,39,BUS39_Freq,89807,17.199999999997544,59.89867871028467,59.968787880970325,-70.10917068565448
(c),3,39,BUS39_Freq,89808,17.23399999999765,59.90207868769812,59.968787880970325,-66.70919327220304
(c),3,39,BUS39_Freq,89809,17.2670000000071,59.90714869212158,59.968787880970325,-61.6391888487442
(c),3,39,BUS39_Freq,89810,17.300000000002456,59.905002210094565,59.968787880970325,-63.78567087575959
(c),3,39,BUS39_Freq,89811,17.33400000000256,59.91193811692799,59.968787880970325,-56.849764042333106
(c),3,39,BUS39_Freq,89812,17.36699999999837,59.89985231832099,59.968787880970325,-68.93556264933665
(c),3,39,BUS39_Freq,89813,17.40000000000964,59.91329163732391,59.968787880970325,-55.49624364641659
(c),3,39,BUS39_Freq,89814,17.434000000008382,59.90445416538271,59.968787880970325,-64.33371558761536
(c),3,39,BUS39_Freq,89815,17.46700000000419,59.89209749796529,59.968787880970325,-76.69038300503672
(c),3,39,BUS39_Freq,89816,17.5,59.91467803805688,59.968787880970325,-54.10984291344789
(c),3,39,BUS39_Freq,89817,17.53399999999965,59.88833638719655,59.968787880970325,-80.45149377377214
(c),3,39,BUS39_Freq,89818,17.567000000005464,59.88914920018919,59.968787880970325,-79.63868078113734
(c),3,39,BUS39_Freq,89819,17.60000000000582,59.91403434230938,59.968787880970325,-54.75353866094679
(c),3,39,BUS39_Freq,89820,17.63400000000547,59.896305702653606,59.968787880970325,-72.48217831671866
(c),3,39,BUS39_Freq,89821,17.66700000000128,59.88941906058525,59.968787880970325,-79.36882038507775
(c),3,39,BUS39_Freq,89822,17.699999999997544,59.90136397053457,59.968787880970325,-67.4239104357568
(c),3,39,BUS39_Freq,89823,17.73399999999765,59.90757720276889,59.968787880970325,-61.210678201433666
(c),3,39,BUS39_Freq,89824,17.7670000000071,59.88894520047724,59.968787880970325,-79.84268049308696
(c),3,39,BUS39_Freq,89825,17.800000000002456,59.908791921676354,59.968787880970325,-59.99595929397117
(c),3,39,BUS39_Freq,89826,17.83400000000256,59.92085074140405,59.968787880970325,-47.937139566272435
(c),3,39,BUS39_Freq,89827,17.86699999999837,59.884516118630216,59.968787880970325,-84.27176234010858
(c),3,39,BUS39_Freq,89828,17.90000000000964,59.885717492030935,59.968787880970325,-83.07038893939023
(c),3,39,BUS39_Freq,89829,17.934000000008382,59.89517473138695,59.968787880970325,-73.61314958337317
(c),3,39,BUS39_Freq,89830,17.96700000000419,59.88938717634657,59.968787880970325,-79.40070462375814
(c),3,39,BUS39_Freq,89831,18.0,59.90494593704684,59.968787880970325,-63.84194392348519
(c),3,39,BUS39_Freq,89832,18.03399999999965,59.893027633962994,59.968787880970325,-75.76024700733086
(c),3,39,BUS39_Freq,89833,18.067000000005464,59.90321334809442,59.968787880970325,-65.57453287590675
(c),3,39,BUS39_Freq,89834,18.10000000000582,59.89743507187098,59.968787880970325,-71.35280909934494
(c),3,39,BUS39_Freq,89835,18.13400000000547,59.90060651448134,59.968787880970325,-68.18136648898587
(c),3,39,BUS39_Freq,89836,18.16700000000128,59.905413585138746,59.968787880970325,-63.374295831579275
(c),3,39,BUS39_Freq,89837,18.199999999997544,59.91994771897392,59.968787880970325,-48.84016199640229
(c),3,39,BUS39_Freq,89838,18.23399999999765,59.896822700279074,59.968787880970325,-71.96518069125091
(c),3,39,BUS39_Freq,89839,18.2670000000071,59.91410840172343,59.968787880970325,-54.67947924689298
(c),3,39,BUS39_Freq,89840,18.300000000002456,59.88833972727853,59.968787880970325,-80.44815369179759
(c),3,39,BUS39_Freq,89841,18.33400000000256,59.895223365928814,59.968787880970325,-73.56451504151096
(c),3,39,BUS39_Freq,89842,18.36699999999837,59.89771569831659,59.968787880970325,-71.0721826537366
(c),3,39,BUS39_Freq,89843,18.40000000000964,59.9226516181464,59.968787880970325,-46.13626282392147
(c),3,39,BUS39_Freq,89844,18.434000000008382,59.91389667185456,59.968787880970325,-54.89120911576606
(c),3,39,BUS39_Freq,89845,18.46700000000419,59.89583449854647,59.968787880970325,-72.9533824238544
(c),3,39,BUS39_Freq,89846,18.5,59.91408350426929,59.968787880970325,-54.70437670103223
(c),3,39,BUS39_Freq,89847,18.53399999999965,59.89739661754955,59.968787880970325,-71.39126342077162
(c),3,39,BUS39_Freq,89848,18.567000000005464,59.90388558578595,59.968787880970325,-64.90229518437474
(c),3,39,BUS39_Freq,89849,18.60000000000582,59.917519057959375,59.968787880970325,-51.26882301095037
(c),3,39,BUS39_Freq,89850,18.63400000000547,59.89159090505582,59.968787880970325,-77.1969759145037
(c),3,39,BUS39_Freq,89851,18.66700000000128,59.90320119504288,59.968787880970325,-65.58668592744255
(c),3,39,BUS39_Freq,89852,18.699999999997544,59.88435896660458,59.968787880970325,-84.42891436574484
(c),3,39,BUS39_Freq,89853,18.73399999999765,59.90907935427908,59.968787880970325,-59.70852669124582
(c),3,39,BUS39_Freq,89854,18.7670000000071,59.90878567901098,59.968787880970325,-60.00220195934247
(c),3,39,BUS39_Freq,89855,18.800000000002456,59.897117501099885,59.968787880970325,-71.67037987044012
(c),3,39,BUS39_Freq,89856,18.83400000000256,59.877681353517154,59.968787880970325,-91.10652745317083
(c),3,39,BUS39_Freq,89857,18.86699999999837,59.90345223084227,59.968787880970325,-65.33565012805553
(c),3,39,BUS39_Freq,89858,18.90000000000964,59.89815381992982,59.968787880970325,-70.63406104050785
(c),3,39,BUS39_Freq,89859,18.934000000008382,59.90422981171017,59.968787880970325,-64.55806926015839
(c),3,39,BUS39_Freq,89860,18.96700000000419,59.89077822981911,59.968787880970325,-78.00965115121272
(c),3,39,BUS39_Freq,89861,19.0,59.91236405161351,59.968787880970325,-56.42382935681667
(c),3,39,BUS39_Freq,89862,19.03399999999965,59.914761882910575,59.968787880970325,-54.025998059749725
(c),3,39,BUS39_Freq,89863,19.067000000005464,59.904371761853206,59.968787880970325,-64.41611911711931
(c),3,39,BUS39_Freq,89864,19.10000000000582,59.892711653302605,59.968787880970325,-76.07622766771982
(c),3,39,BUS39_Freq,89865,19.13400000000547,59.88442758708496,59.968787880970325,-84.36029388536781
(c),3,39,BUS39_Freq,89866,19.16700000000128,59.88624670219065,59.968787880970325,-82.54117877967815
(c),3,39,BUS39_Freq,89867,19.199999999997544,59.915246861924,59.968787880970325,-53.54101904632813
(c),3,39,BUS39_Freq,89868,19.23399999999765,59.88467364,59.968787880970325,-84.11424097032238
(c),3,39,BUS39_Freq,89869,19.2670000000071,59.92670442863976,59.968787880970325,-42.08345233056576
(c),3,39,BUS39_Freq,89870,19.300000000002456,59.89018400120266,59.968787880970325,-78.60387976766248
(c),3,39,BUS39_Freq,89871,19.33400000000256,59.89105471648901,59.968787880970325,-77.73316448131595
(c),3,39,BUS39_Freq,89872,19.36699999999837,59.89855010132134,59.968787880970325,-70.23777964898414
(c),3,39,BUS39_Freq,89873,19.40000000000964,59.8714346,59.968787880970325,-97.35328097032436
(c),3,39,BUS39_Freq,89874,19.434000000008382,59.90844863309995,59.968787880970325,-60.339247870373924
(c),3,39,BUS39_Freq,89875,19.46700000000419,59.89612491239752,59.968787880970325,-72.66296857280707
(c),3,39,BUS39_Freq,89876,19.5,59.89197178663528,59.968787880970325,-76.81609433504377
(c),3,39,BUS39_Freq,89877,19.53399999999965,59.89350311822144,59.968787880970325,-75.28476274888618
(c),3,39,BUS39_Freq,89878,19.567000000005464,59.898843886515415,59.968787880970325,-69.94399445490984
(c),3,39,BUS39_Freq,89879,19.60000000000582,59.90150182031515,59.968787880970325,-67.28606065517795
(c),3,39,BUS39_Freq,89880,19.63400000000547,59.90794686,59.968787880970325,-60.84102097032229
(c),3,39,BUS39_Freq,89881,19.66700000000128,59.88528167478327,59.968787880970325,-83.50620618705307
(c),3,39,BUS39_Freq,89882,19.699999999997544,59.88900315,59.968787880970325,-79.78473097032435
(c),3,39,BUS39_Freq,89883,19.73399999999765,59.89354777914022,59.968787880970325,-75.24010183010432
(c),3,39,BUS39_Freq,89884,19.7670000000071,59.90184850133748,59.968787880970325,-66.93937963284213
(c),3,39,BUS39_Freq,89885,19.800000000002456,59.89832027996134,59.968787880970325,-70.46760100898553
(c),3,39,BUS39_Freq,89886,19.83400000000256,59.90651265990677,59.968787880970325,-62.275221063558206
(c),3,39,BUS39_Freq,89887,19.86699999999837,59.89952627199529,59.968787880970325,-69.26160897503308
(c),3,39,BUS39_Freq,89888,19.90000000000964,59.87464122894759,59.968787880970325,-94.14665202273653
(c),3,39,BUS39_Freq,89889,19.934000000008382,59.90108981934956,59.968787880970325,-67.69806162076719
(c),3,39,BUS39_Freq,89890,19.96700000000419,59.89581988899828,59.968787880970325,-72.96799197204251
(c),3,39,BUS39_Freq,89891,20.0,59.90763613117898,59.968787880970325,-61.151749791342525
(c),3,39,BUS39_Freq,89892,20.03399999999965,59.90079615037804,59.968787880970325,-67.9917305922828
(c),3,39,BUS39_Freq,89893,20.067000000005464,59.88226408895431,59.968787880970325,-86.5237920160169
(c),3,39,BUS39_Freq,89894,20.10000000000582,59.89900974124183,59.968787880970325,-69.77813972849845
(c),3,39,BUS39_Freq,89895,20.13400000000547,59.89744975318754,59.968787880970325,-71.33812778278781
(c),3,39,BUS39_Freq,89896,20.16700000000128,59.889913701616464,59.968787880970325,-78.87417935386054
(c),3,39,BUS39_Freq,89897,20.199999999997544,59.90486470037478,59.968787880970325,-63.92318059554469
(c),3,39,BUS39_Freq,89898,20.23399999999765,59.89716176332711,59.968787880970325,-71.6261176432127
(c),3,39,BUS39_Freq,89899,20.2670000000071,59.89710443238005,59.968787880970325,-71.68344859027798
(c),3,39,BUS39_Freq,89900,20.300000000002456,59.88953452413474,59.968787880970325,-79.25335683558643
(c),3,39,BUS39_Freq,89901,20.33400000000256,59.883943490675705,59.968787880970325,-84.8443902946201
(c),3,39,BUS39_Freq,89902,20.36699999999837,59.905477581471295,59.968787880970325,-63.310299499029554
(c),3,39,BUS39_Freq,89903,20.40000000000964,59.89260850028006,59.968787880970325,-76.17938069026309
(c),3,39,BUS39_Freq,89904,20.434000000008382,59.90247594,59.968787880970325,-66.31194097032278
(c),3,39,BUS39_Freq,89905,20.46700000000419,59.87965685184327,59.968787880970325,-89.13102912705284
(c),3,39,BUS39_Freq,89906,20.5,59.90732166666165,59.968787880970325,-61.46621430867327
(c),3,39,BUS39_Freq,89907,20.53399999999965,59.90998537753902,59.968787880970325,-58.802503431302
(c),3,39,BUS39_Freq,89908,20.567000000005464,59.90712060806906,59.968787880970325,-61.66727290126772
(c),3,39,BUS39_Freq,89909,20.60000000000582,59.90362486790464,59.968787880970325,-65.1630130656855
(c),3,39,BUS39_Freq,89910,20.63400000000547,59.91583511938629,59.968787880970325,-52.952761584037944
(c),3,39,BUS39_Freq,89911,20.66700000000128,59.904849816856725,59.968787880970325,-63.938064113600035
(c),3,39,BUS39_Freq,89912,20.699999999997544,59.90433500897807,59.968787880970325,-64.45287199225191
(c),3,39,BUS39_Freq,89913,20.73399999999765,59.89683194356333,59.968787880970325,-71.95593740699735
(c),3,39,BUS39_Freq,89914,20.7670000000071,59.908474880445176,59.968787880970325,-60.31300052514865
(c),3,39,BUS39_Freq,89915,20.800000000002456,59.915091685792575,59.968787880970325,-53.69619517774993
(c),3,39,BUS39_Freq,89916,20.83400000000256,59.88485798192925,59.968787880970325,-83.92989904107395
(c),3,39,BUS39_Freq,89917,20.86699999999837,59.871453885405344,59.968787880970325,-97.33399556498057
(c),3,39,BUS39_Freq,89918,20.90000000000964,59.907822796590594,59.968787880970325,-60.96508437973114
(c),3,39,BUS39_Freq,89919,20.934000000008382,59.90848311707472,59.968787880970325,-60.30476389560846
(c),3,39,BUS39_Freq,89920,20.96700000000419,59.88182666679845,59.968787880970325,-86.96121417187186
(c),3,39,BUS39_Freq,89921,21.0,59.90944059535157,59.968787880970325,-59.34728561875602
(c),3,39,BUS39_Freq,89922,21.03399999999965,59.89445739845517,59.968787880970325,-74.33048251515828
(c),3,39,BUS39_Freq,89923,21.067000000005464,59.90873287265325,59.968787880970325,-60.05500831707167
(c),3,39,BUS39_Freq,89924,21.10000000000582,59.86976176378854,59.968787880970325,-99.02611718178633
(c),3,39,BUS39_Freq,89925,21.13400000000547,59.88630967240146,59.968787880970325,-82.47820856886534
(c),3,39,BUS39_Freq,89926,21.16700000000128,59.90858609104962,59.968787880970325,-60.20178992070413
(c),3,39,BUS39_Freq,89927,21.199999999997544,59.89809675959005,59.968787880970325,-70.69112138027833
(c),3,39,BUS39_Freq,89928,21.23399999999765,59.90305665660794,59.968787880970325,-65.73122436238776
(c),3,39,BUS39_Freq,89929,21.2670000000071,59.90777729046213,59.968787880970325,-61.01059050819657
(c),3,39,BUS39_Freq,89930,21.300000000002456,59.89701997498187,59.968787880970325,-71.76790598845173
(c),3,39,BUS39_Freq,89931,21.33400000000256,59.89077452933974,59.968787880970325,-78.01335163058809
(c),3,39,BUS39_Freq,89932,21.36699999999837,59.89811110036703,59.968787880970325,-70.67678060329285
(c),3,39,BUS39_Freq,89933,21.40000000000964,59.90553384452785,59.968787880970325,-63.25403644247274
(c),3,39,BUS39_Freq,89934,21.434000000008382,59.91354348198501,59.968787880970325,-55.24439898531597
(c),3,39,BUS39_Freq,89935,21.46700000000419,59.88473042,59.968787880970325,-84.05746097032818
(c),3,39,BUS39_Freq,89936,21.5,59.90438045689293,59.968787880970325,-64.40742407739464
(c),3,39,BUS39_Freq,89937,21.53399999999965,59.8928764522317,59.968787880970325,-75.91142873862822
(c),3,39,BUS39_Freq,89938,21.567000000005464,59.90154993547225,59.968787880970325,-67.23794549807849
(c),3,39,BUS39_Freq,89939,21.60000000000582,59.89178076431756,59.968787880970325,-77.00711665276572
(c),3,39,BUS39_Freq,89940,21.63400000000547,59.92240620795778,59.968787880970325,-46.38167301254725
(c),3,39,BUS39_Freq,89941,21.66700000000128,59.91840271921701,59.968787880970325,-50.385161753311536
(c),3,39,BUS39_Freq,89942,21.699999999997544,59.885842715604255,59.968787880970325,-82.94516536606977
(c),3,39,BUS39_Freq,89943,21.73399999999765,59.88357996028847,59.968787880970325,-85.20792068185301
(c),3,39,BUS39_Freq,89944,21.7670000000071,59.88973602178548,59.968787880970325,-79.05185918484392
(c),3,39,BUS39_Freq,89945,21.800000000002456,59.92537079441547,59.968787880970325,-43.41708655485377
(c),3,39,BUS39_Freq,89946,21.83400000000256,59.90463127459103,59.968787880970325,-64.15660637929221
(c),3,39,BUS39_Freq,89947,21.86699999999837,59.92795833786128,59.968787880970325,-40.82954310904796
(c),3,39,BUS39_Freq,89948,21.90000000000964,59.88788391062109,59.968787880970325,-80.90397034923313
(c),3,39,BUS39_Freq,89949,21.934000000008382,59.88573628263182,59.968787880970325,-83.05159833850695
(c),3,39,BUS39_Freq,89950,21.96700000000419,59.89523721120267,59.968787880970325,-73.55066976765556
(c),3,39,BUS39_Freq,89951,22.0,59.9013923750794,59.968787880970325,-67.39550589092147
(c),3,39,BUS39_Freq,89952,22.03399999999965,59.905136071226025,59.968787880970325,-63.65180974430018
(c),3,39,BUS39_Freq,89953,22.067000000005464,59.87754590161195,59.968787880970325,-91.2419793583723
(c),3,39,BUS39_Freq,89954,22.10000000000582,59.87489864437317,59.968787880970325,-93.88923659715687
(c),3,39,BUS39_Freq,89955,22.13400000000547,59.89099956788531,59.968787880970325,-77.78831308501566
(c),3,39,BUS39_Freq,89956,22.16700000000128,59.90710862822193,59.968787880970325,-61.67925274839803
(c),3,39,BUS39_Freq,89957,22.199999999997544,59.87766184,59.968787880970325,-91.12604097032317
(c),3,39,BUS39_Freq,89958,22.23399999999765,59.90177668048224,59.968787880970325,-67.01120048808207
(c),3,39,BUS39_Freq,89959,22.2670000000071,59.895711012940936,59.968787880970325,-73.07686802938917
(c),3,39,BUS39_Freq,89960,22.300000000002456,59.897879738826745,59.968787880970325,-70.90814214357977
(c),3,39,BUS39_Freq,89961,22.33400000000256,59.88552983519544,59.968787880970325,-83.25804577488327
(c),3,39,BUS39_Freq,89962,22.36699999999837,59.88543664664941,59.968787880970325,-83.35123432091507
(c),3,39,BUS39_Freq,89963,22.40000000000964,59.88453371,59.968787880970325,-84.2541709703255
(c),3,39,BUS39_Freq,89964,22.434000000008382,59.88051783396012,59.968787880970325,-88.27004701020513
(c),3,39,BUS39_Freq,89965,22.46700000000419,59.89696049,59.968787880970325,-71.82739097032709
(c),3,39,BUS39_Freq,89966,22.5,59.87871886864996,59.968787880970325,-90.06901232036313
(c),3,39,BUS39_Freq,89967,22.53399999999965,59.90323724003707,59.968787880970325,-65.55064093325313
(c),3,39,BUS39_Freq,89968,22.567000000005464,59.89371434673842,59.968787880970325,-75.07353423190466
(c),3,39,BUS39_Freq,89969,22.60000000000582,59.89251744597358,59.968787880970325,-76.27043499674357
(c),3,39,BUS39_Freq,89970,22.63400000000547,59.88510790329283,59.968787880970325,-83.67997767749813
(c),3,39,BUS39_Freq,89971,22.66700000000128,59.87627005551901,59.968787880970325,-92.51782545131704
(c),3,39,BUS39_Freq,89972,22.699999999997544,59.89877376393237,59.968787880970325,-70.01411703795668
(c),3,39,BUS39_Freq,89973,22.73399999999765,59.89589697312986,59.968787880970325,-72.89090784046692
(c),3,39,BUS39_Freq,89974,22.7670000000071,59.89035855429184,59.968787880970325,-78.42932667848146
(c),3,39,BUS39_Freq,89975,22.800000000002456,59.89534887812884,59.968787880970325,-73.43900284148219
(c),3,39,BUS39_Freq,89976,22.83400000000256,59.89411668991852,59.968787880970325,-74.67119105180586
(c),3,39,BUS39_Freq,89977,22.86699999999837,59.88614601939297,59.968787880970325,-82.64186157735764
(c),3,39,BUS39_Freq,89978,22.90000000000964,59.90404282939372,59.968787880970325,-64.74505157660815
(c),3,39,BUS39_Freq,89979,22.934000000008382,59.903934537569725,59.968787880970325,-64.85334340059978
(c),3,39,BUS39_Freq,89980,22.96700000000419,59.89522457577302,59.968787880970325,-73.56330519730392
(c),3,39,BUS39_Freq,89981,23.0,59.911140690031885,59.968787880970325,-57.64719093843951
(c),3,39,BUS39_Freq,89982,23.03399999999965,59.90196860633939,59.968787880970325,-66.81927463093729
(c),3,39,BUS39_Freq,89983,23.067000000005464,59.91414390697676,59.968787880970325,-54.64397399356358
(c),3,39,BUS39_Freq,89984,23.10000000000582,59.89000913044966,59.968787880970325,-78.7787505206623
(c),3,39,BUS39_Freq,89985,23.13400000000547,59.917805167236274,59.968787880970325,-50.98271373405083
(c),3,39,BUS39_Freq,89986,23.16700000000128,59.898496345897605,59.968787880970325,-70.29153507271957
(c),3,39,BUS39_Freq,89987,23.199999999997544,59.91210917740193,59.968787880970325,-56.67870356839444
(c),3,39,BUS39_Freq,89988,23.23399999999765,59.88925422524609,59.968787880970325,-79.53365572423365
(c),3,39,BUS39_Freq,89989,23.2670000000071,59.91492367210528,59.968787880970325,-53.864208865043395
(c),3,39,BUS39_Freq,89990,23.300000000002456,59.89442755386262,59.968787880970325,-74.3603271077049
(c),3,39,BUS39_Freq,89991,23.33400000000256,59.87636568596368,59.968787880970325,-92.42219500664817
(c),3,39,BUS39_Freq,89992,23.36699999999837,59.91627944514524,59.968787880970325,-52.508435825082245
(c),3,39,BUS39_Freq,89993,23.40000000000964,59.88988661509085,59.968787880970325,-78.90126587947321
(c),3,39,BUS39_Freq,89994,23.434000000008382,59.90148700345565,59.968787880970325,-67.3008775146755
(c),3,39,BUS39_Freq,89995,23.46700000000419,59.893903231834216,59.968787880970325,-74.88464913610926
(c),3,39,BUS39_Freq,89996,23.5,59.90591313908388,59.968787880970325,-62.87474188644637
(c),3,39,BUS39_Freq,89997,23.53399999999965,59.89162119333847,59.968787880970325,-77.16668763185197
(c),3,39,BUS39_Freq,89998,23.567000000005464,59.88356983463502,59.968787880970325,-85.2180463353065
(c),3,39,BUS39_Freq,89999,23.60000000000582,59.90121867838357,59.968787880970325,-67.56920258675336
(c),3,39,BUS39_Freq,90000,23.63400000000547,59.89161577839324,59.968787880970325,-77.17210257708729
(c),3,39,BUS39_Freq,90001,23.66700000000128,59.899289359091554,59.968787880970325,-69.4985218787707
(c),3,39,BUS39_Freq,90002,23.699999999997544,59.90593761152397,59.968787880970325,-62.85026944635774
(c),3,39,BUS39_Freq,90003,23.73399999999765,59.904651300639046,59.968787880970325,-64.13658033127945
(c),3,39,BUS39_Freq,90004,23.7670000000071,59.89154216218392,59.968787880970325,-77.24571878640774
(c),3,39,BUS39_Freq,90005,23.800000000002456,59.88208825237592,59.968787880970325,-86.69962859440261
(c),3,39,BUS39_Freq,90006,23.83400000000256,59.88369298501068,59.968787880970325,-85.09489595964226
(c),3,39,BUS39_Freq,90007,23.86699999999837,59.89320560077474,59.968787880970325,-75.582280195583
(c),3,39,BUS39_Freq,90008,23.90000000000964,59.89516607,59.968787880970325,-73.62181097032305
(c),3,39,BUS39_Freq,90009,23.934000000008382,59.91982713774594,59.968787880970325,-48.96074322438437
(c),3,39,BUS39_Freq,90010,23.96700000000419,59.902715334078685,59.968787880970325,-66.07254689163966
(c),3,39,BUS39_Freq,90011,24.0,59.90648516488556,59.968787880970325,-62.302716084765564
(c),3,39,BUS39_Freq,90012,24.03399999999965,59.88384654933431,59.968787880970325,-84.94133163601703
(c),3,39,BUS39_Freq,90013,24.067000000005464,59.890945485102186,59.968787880970325,-77.84239586813868
(c),3,39,BUS39_Freq,90014,24.10000000000582,59.868875569998046,59.968787880970325,-99.91231097227882
(c),3,39,BUS39_Freq,90015,24.13400000000547,59.89478694586336,59.968787880970325,-74.00093510696593
(c),3,39,BUS39_Freq,90016,24.16700000000128,59.906787798428816,59.968787880970325,-62.000082541509016
(c),3,39,BUS39_Freq,90017,24.199999999997544,59.89430155235619,59.968787880970325,-74.48632861413529
(c),3,39,BUS39_Freq,90018,24.23399999999765,59.894993657680686,59.968787880970325,-73.7942232896387
(c),3,39,BUS39_Freq,90019,24.2670000000071,59.8983541236472,59.968787880970325,-70.43375732312285
(c),3,39,BUS39_Freq,90020,24.300000000002456,59.891702558148005,59.968787880970325,-77.08532282232028
(c),3,39,BUS39_Freq,90021,24.33400000000256,59.902401216577786,59.968787880970325,-66.38666439253882
(c),3,39,BUS39_Freq,90022,24.36699999999837,59.88178653533413,59.968787880970325,-87.00134563619599
(c),3,39,BUS39_Freq,90023,24.40000000000964,59.89588720639105,59.968787880970325,-72.90067457927307
(c),3,39,BUS39_Freq,90024,24.434000000008382,59.89812242699842,59.968787880970325,-70.66545397190538
(c),3,39,BUS39_Freq,90025,24.46700000000419,59.90194751388501,59.968787880970325,-66.84036708531238
(c),3,39,BUS39_Freq,90026,24.5,59.86815655762376,59.968787880970325,-100.63132334656189
(c),3,39,BUS39_Freq,90027,24.53399999999965,59.88343093588699,59.968787880970325,-85.35694508333336
(c),3,39,BUS39_Freq,90028,24.567000000005464,59.89373987175499,59.968787880970325,-75.04800921533672
(c),3,39,BUS39_Freq,90029,24.60000000000582,59.89779555485972,59.968787880970325,-70.99232611060557
(c),3,39,BUS39_Freq,90030,24.63400000000547,59.90128544043445,59.968787880970325,-67.50244053587551
(c),3,39,BUS39_Freq,90031,24.66700000000128,59.87527138220453,59.968787880970325,-93.51649876579415
(c),3,39,BUS39_Freq,90032,24.699999999997544,59.90802013360113,59.968787880970325,-60.76774736919788
(c),3,39,BUS39_Freq,90033,24.73399999999765,59.89020006844296,59.968787880970325,-78.5878125273669
(c),3,39,BUS39_Freq,90034,24.7670000000071,59.88276255750152,59.968787880970325,-86.0253234688031
(c),3,39,BUS39_Freq,90035,24.800000000002456,59.884053040514274,59.968787880970325,-84.73484045605062
(c),3,39,BUS39_Freq,90036,24.83400000000256,59.89186651427468,59.968787880970325,-76.9213666956432
(c),3,39,BUS39_Freq,90037,24.86699999999837,59.87991881040245,59.968787880970325,-88.86907056787408
(c),3,39,BUS39_Freq,90038,24.90000000000964,59.89656323606972,59.968787880970325,-72.22464490060787
(c),3,39,BUS39_Freq,90039,24.934000000008382,59.89365016,59.968787880970325,-75.137720970325
(c),3,39,BUS39_Freq,90040,24.96700000000419,59.898409357352186,59.968787880970325,-70.3785236181389
(c),3,39,BUS39_Freq,90041,25.0,59.88049874,59.968787880970325,-88.28914097032481
(c),3,39,BUS39_Freq,90042,25.03399999999965,59.889176842708814,59.968787880970325,-79.61103826151117
(c),3,39,BUS39_Freq,90043,25.067000000005464,59.89283632207614,59.968787880970325,-75.95155889418237
(c),3,39,BUS39_Freq,90044,25.10000000000582,59.89560354183633,59.968787880970325,-73.18433913399502
(c),3,39,BUS39_Freq,90045,25.13400000000547,59.89919171877703,59.968787880970325,-69.59616219329234
(c),3,39,BUS39_Freq,90046,25.16700000000128,59.90141945002636,59.968787880970325,-67.36843094396505
(c),3,39,BUS39_Freq,90047,25.199999999997544,59.89445664208871,59.968787880970325,-74.3312388816122
(c),3,39,BUS39_Freq,90048,25.23399999999765,59.89893129505529,59.968787880970325,-69.85658591503352
(c),3,39,BUS39_Freq,90049,25.2670000000071,59.89578227291248,59.968787880970325,-73.00560805784784
(c),3,39,BUS39_Freq,90050,25.300000000002456,59.89721084486276,59.968787880970325,-71.57703610756272
(c),3,39,BUS39_Freq,90051,25.33400000000256,59.89997036344874,59.968787880970325,-68.81751752158749
(c),3,39,BUS39_Freq,90052,25.36699999999837,59.898995320826046,59.968787880970325,-69.79256014427904
(c),3,39,BUS39_Freq,90053,25.40000000000964,59.89228606769666,59.968787880970325,-76.50181327366568
(c),3,39,BUS39_Freq,90054,25.434000000008382,59.89490241792073,59.968787880970325,-73.8854630495922
(c),3,39,BUS39_Freq,90055,25.46700000000419,59.90274333618617,59.968787880970325,-66.04454478415533
(c),3,39,BUS39_Freq,90056,25.5,59.91600422976636,59.968787880970325,-52.783651203967
(c),3,39,BUS39_Freq,90057,25.53399999999965,59.88986787023118,59.968787880970325,-78.92001073914656
(c),3,39,BUS39_Freq,90058,25.567000000005464,59.873905613361785,59.968787880970325,-94.8822676085399
(c),3,39,BUS39_Freq,90059,25.60000000000582,59.90472992880896,59.968787880970325,-64.05795216136312
(c),3,39,BUS39_Freq,90060,25.63400000000547,59.902543872255166,59.968787880970325,-66.24400871515945
(c),3,39,BUS39_Freq,90061,25.66700000000128,59.88847482200671,59.968787880970325,-80.31305896361829
(c),3,39,BUS39_Freq,90062,25.699999999997544,59.89857020682024,59.968787880970325,-70.2176741500864
(c),3,39,BUS39_Freq,90063,25.73399999999765,59.904378289841375,59.968787880970325,-64.40959112894973
(c),3,39,BUS39_Freq,90064,25.7670000000071,59.89149398640941,59.968787880970325,-77.29389456091695
(c),3,39,BUS39_Freq,90065,25.800000000002456,59.89169479459572,59.968787880970325,-77.0930863746031
(c),3,39,BUS39_Freq,90066,25.83400000000256,59.88817918784325,59.968787880970325,-80.60869312707553
(c),3,39,BUS39_Freq,90067,25.86699999999837,59.89203872503249,59.968787880970325,-76.74915593783282
(c),3,39,BUS39_Freq,90068,25.90000000000964,59.89278356323661,59.968787880970325,-76.00431773371241
(c),3,39,BUS39_Freq,90069,25.934000000008382,59.886770103038295,59.968787880970325,-82.01777793203036
(c),3,39,BUS39_Freq,90070,25.96700000000419,59.87960978508805,59.968787880970325,-89.17809588227499
(c),3,39,BUS39_Freq,90071,26.0,59.91411938065918,59.968787880970325,-54.668500311144896
(c),3,39,BUS39_Freq,90072,26.03399999999965,59.89671583346984,59.968787880970325,-72.0720475004839
(c),3,39,BUS39_Freq,90073,26.067000000005464,59.89855581351561,59.968787880970325,-70.2320674547181
(c),3,39,BUS39_Freq,90074,26.10000000000582,59.89706217189062,59.968787880970325,-71.72570907970766
(c),3,39,BUS39_Freq,90075,26.13400000000547,59.89990777014588,59.968787880970325,-68.88011082444478
(c),3,39,BUS39_Freq,90076,26.16700000000128,59.88860997136502,59.968787880970325,-80.17790960530391
(c),3,39,BUS39_Freq,90077,26.199999999997544,59.91172151617533,59.968787880970325,-57.06636479499849
(c),3,39,BUS39_Freq,90078,26.23399999999765,59.89798389107386,59.968787880970325,-70.80398989646852
(c),3,39,BUS39_Freq,90079,26.2670000000071,59.88507816589615,59.968787880970325,-83.70971507417835
(c),3,39,BUS39_Freq,90080,26.300000000002456,59.89299389097666,59.968787880970325,-75.79398999366305
(c),3,39,BUS39_Freq,90081,26.33400000000256,59.88733370990152,59.968787880970325,-81.45417106880615
(c),3,39,BUS39_Freq,90082,26.36699999999837,59.90222344018149,59.968787880970325,-66.56444078883794
(c),3,39,BUS39_Freq,90083,26.40000000000964,59.90010592556988,59.968787880970325,-68.68195540044297
(c),3,39,BUS39_Freq,90084,26.434000000008382,59.90222278790254,59.968787880970325,-66.56509306778702
(c),3,39,BUS39_Freq,90085,26.46700000000419,59.91269705889313,59.968787880970325,-56.09082207719496
(c),3,39,BUS39_Freq,90086,26.5,59.91127148513254,59.968787880970325,-57.516395837787115
(c),3,39,BUS39_Freq,90087,26.53399999999965,59.91148227753257,59.968787880970325,-57.30560343775437
(c),3,39,BUS39_Freq,90088,26.567000000005464,59.89119843443908,59.968787880970325,-77.58944653124189
(c),3,39,BUS39_Freq,90089,26.60000000000582,59.89795992593196,59.968787880970325,-70.82795503836792
(c),3,39,BUS39_Freq,90090,26.63400000000547,59.90702742648008,59.968787880970325,-61.760454490247696
(c),3,39,BUS39_Freq,90091,26.66700000000128,59.885913567314645,59.968787880970325,-82.87431365567954
(c),3,39,BUS39_Freq,90092,26.699999999997544,59.88451836218625,59.968787880970325,-84.26951878407607
(c),3,39,BUS39_Freq,90093,26.73399999999765,59.89389136120886,59.968787880970325,-74.8965197614666
(c),3,39,BUS39_Freq,90094,26.7670000000071,59.88617140155135,59.968787880970325,-82.61647941897365
(c),3,39,BUS39_Freq,90095,26.800000000002456,59.88761685,59.968787880970325,-81.17103097032441
(c),3,39,BUS39_Freq,90096,26.83400000000256,59.88904399489795,59.968787880970325,-79.7438860723716
(c),3,39,BUS39_Freq,90097,26.86699999999837,59.89977840711294,59.968787880970325,-69.00947385738476
(c),3,39,BUS39_Freq,90098,26.90000000000964,59.904794684363566,59.968787880970325,-63.993196606759284
(c),3,39,BUS39_Freq,90099,26.934000000008382,59.8982279,59.968787880970325,-70.55998097032301
(c),3,39,BUS39_Freq,90100,26.96700000000419,59.88135310009993,59.968787880970325,-87.43478087039591
(c),3,39,BUS39_Freq,90101,27.0,59.89746342028226,59.968787880970325,-71.32446068806786
(c),3,39,BUS39_Freq,90102,27.03399999999965,59.885401610533535,59.968787880970325,-83.38627043679026
(c),3,39,BUS39_Freq,90103,27.067000000005464,59.89111478817389,59.968787880970325,-77.67309279643797
(c),3,39,BUS39_Freq,90104,27.10000000000582,59.88181937124274,59.968787880970325,-86.96850972758341
(c),3,39,BUS39_Freq,90105,27.13400000000547,59.88713054967271,59.968787880970325,-81.65733129761321
(c),3,39,BUS39_Freq,90106,27.16700000000128,59.91264834465718,59.968787880970325,-56.13953631314672
(c),3,39,BUS39_Freq,90107,27.199999999997544,59.88613953578941,59.968787880970325,-82.6483451809139
(c),3,39,BUS39_Freq,90108,27.23399999999765,59.87406755452127,59.968787880970325,-94.72032644905681
(c),3,39,BUS39_Freq,90109,27.2670000000071,59.89882271955544,59.968787880970325,-69.96516141488485
(c),3,39,BUS39_Freq,90110,27.300000000002456,59.90559515901886,59.968787880970325,-63.192721951466524
(c),3,39,BUS39_Freq,90111,27.33400000000256,59.90034918796764,59.968787880970325,-68.43869300268324
(c),3,39,BUS39_Freq,90112,27.36699999999837,59.89336685303194,59.968787880970325,-75.42102793838268
(c),3,39,BUS39_Freq,90113,27.40000000000964,59.89894865994516,59.968787880970325,-69.8392210251626
(c),3,39,BUS39_Freq,90114,27.434000000008382,59.88842723,59.968787880970325,-80.36065097032719
(c),3,39,BUS39_Freq,90115,27.46700000000419,59.87234395762687,59.968787880970325,-96.44392334345753
(c),3,39,BUS39_Freq,90116,27.5,59.89814713689675,59.968787880970325,-70.64074407357168
(c),3,39,BUS39_Freq,90117,27.53399999999965,59.89523443820916,59.968787880970325,-73.55344276116682
(c),3,39,BUS39_Freq,90118,27.567000000005464,59.88306287040088,59.968787880970325,-85.72501056944759
(c),3,39,BUS39_Freq,90119,27.60000000000582,59.89073218019407,59.968787880970325,-78.0557007762539
(c),3,39,BUS39_Freq,90120,27.63400000000547,59.88851900029317,59.968787880970325,-80.26888067715277
(c),3,39,BUS39_Freq,90121,27.66700000000128,59.88373912054679,59.968787880970325,-85.0487604235326
(c),3,39,BUS39_Freq,90122,27.699999999997544,59.89683483261282,59.968787880970325,-71.95304835750704
(c),3,39,BUS39_Freq,90123,27.73399999999765,59.91036721979401,59.968787880970325,-58.420661176313615
(c),3,39,BUS39_Freq,90124,27.7670000000071,59.92092634738623,59.968787880970325,-47.86153358409706
(c),3,39,BUS39_Freq,90125,27.800000000002456,59.90678372347509,59.968787880970325,-62.00415749523813
(c),3,39,BUS39_Freq,90126,27.83400000000256,59.88628036,59.968787880970325,-82.50752097032432
(c),3,39,BUS39_Freq,90127,27.86699999999837,59.88500889642239,59.968787880970325,-83.77898454793353
(c),3,39,BUS39_Freq,90128,27.90000000000964,59.90298864875061,59.968787880970325,-65.7992322197174
(c),3,39,BUS39_Freq,90129,27.934000000008382,59.89617991074128,59.968787880970325,-72.60797022904342
(c),3,39,BUS39_Freq,90130,27.96700000000419,59.88951980311305,59.968787880970325,-79.26807785727163
(c),3,39,BUS39_Freq,90131,28.0,59.88454246136272,59.968787880970325,-84.24541960760479
(c),3,39,BUS39_Freq,90132,28.03399999999965,59.88488020360136,59.968787880970325,-83.90767736896265
(c),3,39,BUS39_Freq,90133,28.067000000005464,59.89809897314628,59.968787880970325,-70.68890782404225
(c),3,39,BUS39_Freq,90134,28.10000000000582,59.879756478910544,59.968787880970325,-89.03140205978133
(c),3,39,BUS39_Freq,90135,28.13400000000547,59.90274340633636,59.968787880970325,-66.04447463396212
(c),3,39,BUS39_Freq,90136,28.16700000000128,59.88561298445407,59.968787880970325,-83.17489651625465
(c),3,39,BUS39_Freq,90137,28.199999999997544,59.89456975266717,59.968787880970325,-74.21812830315844
(c),3,39,BUS39_Freq,90138,28.23399999999765,59.893837015138445,59.968787880970325,-74.95086583188026
(c),3,39,BUS39_Freq,90139,28.2670000000071,59.90053339015774,59.968787880970325,-68.25449081258483
(c),3,39,BUS39_Freq,90140,28.300000000002456,59.89235395039883,59.968787880970325,-76.43393057149694
(c),3,39,BUS39_Freq,90141,28.33400000000256,59.88619345553009,59.968787880970325,-82.59442544023443
(c),3,39,BUS39_Freq,90142,28.36699999999837,59.921013209473735,59.968787880970325,-47.774671496590315
(c),3,39,BUS39_Freq,90143,28.40000000000964,59.888762552202245,59.968787880970325,-80.02532876808033
(c),3,39,BUS39_Freq,90144,28.434000000008382,59.90565673804393,59.968787880970325,-63.131142926394546
(c),3,39,BUS39_Freq,90145,28.46700000000419,59.89499151665108,59.968787880970325,-73.79636431924297
(c),3,39,BUS39_Freq,90146,28.5,59.88910476422199,59.968787880970325,-79.68311674833473
(c),3,39,BUS39_Freq,90147,28.53399999999965,59.89235597102614,59.968787880970325,-76.43190994418347
(c),3,39,BUS39_Freq,90148,28.567000000005464,59.89764170248414,59.968787880970325,-71.1461784861882
(c),3,39,BUS39_Freq,90149,28.60000000000582,59.88551423408533,59.968787880970325,-83.27364688499728
(c),3,39,BUS39_Freq,90150,28.63400000000547,59.89897719104922,59.968787880970325,-69.8106899211055
(c),3,39,BUS39_Freq,90151,28.66700000000128,59.90046562136263,59.968787880970325,-68.32225960769733
(c),3,39,BUS39_Freq,90152,28.699999999997544,59.88965883823802,59.968787880970325,-79.12904273230481
(c),3,39,BUS39_Freq,90153,28.73399999999765,59.92304049146807,59.968787880970325,-45.7473895022531
(c),3,39,BUS39_Freq,90154,28.7670000000071,59.8860466844725,59.968787880970325,-82.74119649782818
(c),3,39,BUS39_Freq,90155,28.800000000002456,59.89618225935113,59.968787880970325,-72.60562161919637
(c),3,39,BUS39_Freq,90156,28.83400000000256,59.86401022371032,59.968787880970325,-104.77765726000143
(c),3,39,BUS39_Freq,90157,28.86699999999837,59.89425385211928,59.968787880970325,-74.53402885104765
(c),3,39,BUS39_Freq,90158,28.90000000000964,59.89234296211576,59.968787880970325,-76.44491885456262
(c),3,39,BUS39_Freq,90159,28.934000000008382,59.882867576648906,59.968787880970325,-85.9203043214194
(c),3,39,BUS39_Freq,90160,28.96700000000419,59.89663436094989,59.968787880970325,-72.15352002043574
(c),3,39,BUS39_Freq,90161,29.0,59.90425061967528,59.968787880970325,-64.53726129504389
(c),3,39,BUS39_Freq,90162,29.03399999999965,59.88987178817576,59.968787880970325,-78.91609279456446
(c),3,39,BUS39_Freq,90163,29.067000000005464,59.88431027287081,59.968787880970325,-84.47760809951177
(c),3,39,BUS39_Freq,90164,29.10000000000582,59.90892695330531,59.968787880970325,-59.86092766501372
(c),3,39,BUS39_Freq,90165,29.13400000000547,59.88857543084185,59.968787880970325,-80.212450128478
(c),3,39,BUS39_Freq,90166,29.16700000000128,59.88626353430687,59.968787880970325,-82.52434666345465
(c),3,39,BUS39_Freq,90167,29.199999999997544,59.903930325341165,59.968787880970325,-64.8575556291604
(c),3,39,BUS39_Freq,90168,29.23399999999765,59.898131869963336,59.968787880970325,-70.6560110069887
(c),3,39,BUS39_Freq,90169,29.2670000000071,59.903538810639965,59.968787880970325,-65.24907033035987
(c),3,39,BUS39_Freq,90170,29.300000000002456,59.901417254429525,59.968787880970325,-67.37062654080006
(c),3,39,BUS39_Freq,90171,29.33400000000256,59.88586143372958,59.968787880970325,-82.9264472407445
(c),3,39,BUS39_Freq,90172,29.36699999999837,59.90143927933204,59.968787880970325,-67.34860163828671
(c),3,39,BUS39_Freq,90173,29.40000000000964,59.89692313248701,59.968787880970325,-71.86474848331414
(c),3,39,BUS39_Freq,90174,29.434000000008382,59.900559937853416,59.968787880970325,-68.22794311690927
(c),3,39,BUS39_Freq,90175,29.46700000000419,59.89020380101859,59.968787880970325,-78.58407995173167
(c),3,39,BUS39_Freq,90176,29.5,59.89679656663845,59.968787880970325,-71.99131433187489
(c),3,39,BUS39_Freq,90177,29.53399999999965,59.90260366611571,59.968787880970325,-66.18421485461567
(c),3,39,BUS39_Freq,90178,29.567000000005464,59.916867458752506,59.968787880970325,-51.920422217818896
(c),3,39,BUS39_Freq,90179,29.60000000000582,59.882528257585385,59.968787880970325,-86.2596233849402
(c),3,39,BUS39_Freq,90180,29.63400000000547,59.89073725042336,59.968787880970325,-78.05063054696149
(c),3,39,BUS39_Freq,90181,29.66700000000128,59.89642379425601,59.968787880970325,-72.36408671431604
(c),3,39,BUS39_Freq,90182,29.699999999997544,59.888613884385,59.968787880970325,-80.17399658532298
(c),3,39,BUS39_Freq,90183,29.73399999999765,59.88475214427443,59.968787880970325,-84.03573669589548
(c),3,39,BUS39_Freq,90184,29.7670000000071,59.88705617158113,59.968787880970325,-81.73170938919583
(c),3,39,BUS39_Freq,90185,29.800000000002456,59.87786047,59.968787880970325,-90.92741097032331
(c),3,39,BUS39_Freq,90186,29.83400000000256,59.88897589215101,59.968787880970325,-79.81198881931562
(c),3,39,BUS39_Freq,90187,29.86699999999837,59.89179548218829,59.968787880970325,-76.99239878203201
(c),3,39,BUS39_Freq,90188,29.90000000000964,59.90225890643176,59.968787880970325,-66.52897453856355
(c),3,39,BUS39_Freq,90189,29.934000000008382,59.90814393675674,59.968787880970325,-60.643944213587986
(c),3,39,BUS39_Freq,90190,29.96700000000419,59.89819584,59.968787880970325,-70.59204097032534
(c),3,39,BUS39_Freq,90191,30.0,59.90589979426512,59.968787880970325,-62.88808670520751
(c),3,39,BUS39_Freq,90192,30.03399999999965,59.885878800715375,59.968787880970325,-82.90908025495014
(c),3,39,BUS39_Freq,90193,30.067000000005464,59.90988832045416,59.968787880970325,-58.89956051616707
(c),3,39,BUS39_Freq,90194,30.10000000000582,59.89601593181127,59.968787880970325,-72.77194915905483
(c),3,39,BUS39_Freq,90195,30.13400000000547,59.88897375990217,59.968787880970325,-79.81412106815355
(c),3,39,BUS39_Freq,90196,30.16700000000128,59.88824986649659,59.968787880970325,-80.53801447373843
(c),3,39,BUS39_Freq,90197,30.199999999997544,59.88715774526331,59.968787880970325,-81.63013570701594
(c),3,39,BUS39_Freq,90198,30.23399999999765,59.89947180180058,59.968787880970325,-69.31607916974514
(c),3,39,BUS39_Freq,90199,30.2670000000071,59.88186412304645,59.968787880970325,-86.92375792387708
(c),3,39,BUS39_Freq,90200,30.300000000002456,59.87772095911613,59.968787880970325,-91.06692185419263
(c),3,39,BUS39_Freq,90201,30.33400000000256,59.89432161266552,59.968787880970325,-74.4662683048034
(c),3,39,BUS39_Freq,90202,30.36699999999837,59.87961592007152,59.968787880970325,-89.17196089880264
(c),3,39,BUS39_Freq,90203,30.40000000000964,59.89695873938092,59.968787880970325,-71.82914158940434
(c),3,39,BUS39_Freq,90204,30.434000000008382,59.89135832766061,59.968787880970325,-77.42955330971313
(c),3,39,BUS39_Freq,90205,30.46700000000419,59.88994991244888,59.968787880970325,-78.83796852144798
(c),3,39,BUS39_Freq,90206,30.5,59.901380477743885,59.968787880970325,-67.40740322644001
(c),3,39,BUS39_Freq,90207,30.53399999999965,59.888153953321336,59.968787880970325,-80.63392764898936
(c),3,39,BUS39_Freq,90208,30.567000000005464,59.88467694979333,59.968787880970325,-84.11093117699409
(c),3,39,BUS39_Freq,90209,30.60000000000582,59.90873742570377,59.968787880970325,-60.0504552665555
(c),3,39,BUS39_Freq,90210,30.63400000000547,59.89418777461506,59.968787880970325,-74.6001063552626
(c),3,39,BUS39_Freq,90211,30.66700000000128,59.89332535072895,59.968787880970325,-75.46253024137428
(c),3,39,BUS39_Freq,90212,30.699999999997544,59.88712832122151,59.968787880970325,-81.65955974881456
(c),3,39,BUS39_Freq,90213,30.73399999999765,59.89725015083264,59.968787880970325,-71.53773013768472
(c),3,39,BUS39_Freq,90214,30.7670000000071,59.90104508633165,59.968787880970325,-67.74279463867572
(c),3,39,BUS39_Freq,90215,30.800000000002456,59.88480715,59.968787880970325,-83.98073097032466
(c),3,39,BUS39_Freq,90216,30.83400000000256,59.89896490473376,59.968787880970325,-69.82297623656564
(c),3,39,BUS39_Freq,90217,30.86699999999837,59.88164905365799,59.968787880970325,-87.13882731233724
(c),3,39,BUS39_Freq,90218,30.90000000000964,59.89798778249662,59.968787880970325,-70.80009847370405
(c),3,39,BUS39_Freq,90219,30.934000000008382,59.89318171680994,59.968787880970325,-75.60616416038357
(c),3,39,BUS39_Freq,90220,30.96700000000419,59.89249407200589,59.968787880970325,-76.2938089644365
(c),3,39,BUS39_Freq,90221,31.0,59.897572268202325,59.968787880970325,-71.21561276800037
(c),3,39,BUS39_Freq,90222,31.03399999999965,59.896910012179085,59.968787880970325,-71.87786879124047
(c),3,39,BUS39_Freq,90223,31.067000000005464,59.905544499609206,59.968787880970325,-63.24338136111862
(c),3,39,BUS39_Freq,90224,31.10000000000582,59.89994238647031,59.968787880970325,-68.84549450001742
(c),3,39,BUS39_Freq,90225,31.13400000000547,59.88111426535688,59.968787880970325,-87.673615613447
(c),3,39,BUS39_Freq,90226,31.16700000000128,59.91039795,59.968787880970325,-58.38993097032841
(c),3,39,BUS39_Freq,90227,31.199999999997544,59.88532687560558,59.968787880970325,-83.46100536474665
(c),3,39,BUS39_Freq,90228,31.23399999999765,59.88492854448797,59.968787880970325,-83.85933648235522
(c),3,39,BUS39_Freq,90229,31.2670000000071,59.91782769793633,59.968787880970325,-50.96018303399319
(c),3,39,BUS39_Freq,90230,31.300000000002456,59.90038690744259,59.968787880970325,-68.40097352773711
(c),3,39,BUS39_Freq,90231,31.33400000000256,59.89439891,59.968787880970325,-74.38897097032537
(c),3,39,BUS39_Freq,90232,31.36699999999837,59.89933894916265,59.968787880970325,-69.44893180767764
(c),3,39,BUS39_Freq,90233,31.40000000000964,59.89430614660549,59.968787880970325,-74.48173436483785
(c),3,39,BUS39_Freq,90234,31.434000000008382,59.88224421781223,59.968787880970325,-86.54366315809625
(c),3,39,BUS39_Freq,90235,31.46700000000419,59.90369252,59.968787880970325,-65.09536097032509
(c),3,39,BUS39_Freq,90236,31.5,59.87938110530079,59.968787880970325,-89.40677566953781
(c),3,39,BUS39_Freq,90237,31.53399999999965,59.88975768196649,59.968787880970325,-79.03019900383157
(c),3,39,BUS39_Freq,90238,31.567000000005464,59.893941417184266,59.968787880970325,-74.8464637860593
(c),3,39,BUS39_Freq,90239,31.60000000000582,59.89752026,59.968787880970325,-71.26762097032469
(c),3,39,BUS39_Freq,90240,31.63400000000547,59.90552997,59.968787880970325,-63.25791097032152
(c),3,39,BUS39_Freq,90241,31.66700000000128,59.90077642541401,59.968787880970325,-68.01145555631649
(c),3,39,BUS39_Freq,90242,31.699999999997544,59.90839327813152,59.968787880970325,-60.394602838805156
(c),3,39,BUS39_Freq,90243,31.73399999999765,59.90463737803292,59.968787880970325,-64.15050293740165
(c),3,39,BUS39_Freq,90244,31.7670000000071,59.88830744092793,59.968787880970325,-80.4804400423933
(c),3,39,BUS39_Freq,90245,31.800000000002456,59.88681270358379,59.968787880970325,-81.97517738653204
(c),3,39,BUS39_Freq,90246,31.83400000000256,59.88820445670544,59.968787880970325,-80.58342426488707
(c),3,39,BUS39_Freq,90247,31.86699999999837,59.91539312469819,59.968787880970325,-53.39475627213375
(c),3,39,BUS39_Freq,90248,31.90000000000964,59.91232840439561,59.968787880970325,-56.45947657471595
(c),3,39,BUS39_Freq,90249,31.934000000008382,59.88134098260313,59.968787880970325,-87.44689836719743
(c),3,39,BUS39_Freq,90250,31.96700000000419,59.91312050497369,59.968787880970325,-55.667375996634405
(c),3,39,BUS39_Freq,90251,32.0,59.90371424912095,59.968787880970325,-65.07363184937276
(c),3,39,BUS39_Freq,90252,32.03399999999965,59.870631050837154,59.968787880970325,-98.15683013317056
(c),3,39,BUS39_Freq,90253,32.067000000005464,59.88517288168653,59.968787880970325,-83.61499928379601
(c),3,39,BUS39_Freq,90254,32.10000000000582,59.88788107940364,59.968787880970325,-80.90680156668384
(c),3,39,BUS39_Freq,90255,32.13400000000547,59.901858485489306,59.968787880970325,-66.92939548101862
(c),3,39,BUS39_Freq,90256,32.16700000000128,59.89894696910962,59.968787880970325,-69.84091186070174
(c),3,39,BUS39_Freq,90257,32.199999999997544,59.88478713917901,59.968787880970325,-84.00074179131423
(c),3,39,BUS39_Freq,90258,32.23399999999765,59.88968694,59.968787880970325,-79.10094097032783
(c),3,39,BUS39_Freq,90259,32.2670000000071,59.89498731435063,59.968787880970325,-73.80056661969547
(c),3,39,BUS39_Freq,90260,32.300000000002456,59.88759940114272,59.968787880970325,-81.18847982760258
(c),3,39,BUS39_Freq,90261,32.33400000000256,59.90380865057473,59.968787880970325,-64.97923039559339
(c),3,39,BUS39_Freq,90262,32.36699999999837,59.90033479,59.968787880970325,-68.4530909703227
(c),3,39,BUS39_Freq,90263,32.40000000000964,59.89006574808255,59.968787880970325,-78.7221328877763
(c),3,39,BUS39_Freq,90264,32.43400000000838,59.898810878505245,59.968787880970325,-69.97700246508032
(c),3,39,BUS39_Freq,90265,32.46700000000419,59.873602178849936,59.968787880970325,-95.18570212038924
(c),3,39,BUS39_Freq,90266,32.5,59.92010052426891,59.968787880970325,-48.68735670141433
(c),3,39,BUS39_Freq,90267,32.53399999999965,59.88780192285079,59.968787880970325,-80.98595811953402
(c),3,39,BUS39_Freq,90268,32.567000000005464,59.88634579408676,59.968787880970325,-82.44208688356736
(c),3,39,BUS39_Freq,90269,32.60000000000582,59.88743312826306,59.968787880970325,-81.35475270726289
(c),3,39,BUS39_Freq,90270,32.63400000000547,59.89778955603384,59.968787880970325,-70.9983249364825
(c),3,39,BUS39_Freq,90271,32.66700000000128,59.88045623068879,59.968787880970325,-88.33165028153189
(c),3,39,BUS39_Freq,90272,32.699999999997544,59.89787048090728,59.968787880970325,-70.91740006304548
(c),3,39,BUS39_Freq,90273,32.73399999999765,59.89608793653922,59.968787880970325,-72.69994443110761
(c),3,39,BUS39_Freq,90274,32.7670000000071,59.90106877231419,59.968787880970325,-67.71910865613506
(c),3,39,BUS39_Freq,90275,32.800000000002456,59.88729796,59.968787880970325,-81.48992097032703
(c),3,39,BUS39_Freq,90276,32.83400000000256,59.88933156125355,59.968787880970325,-79.45631971677614
(c),3,39,BUS39_Freq,90277,32.86699999999837,59.89118514059679,59.968787880970325,-77.60274037353554
(c),3,39,BUS39_Freq,90278,32.90000000000964,59.90706756042622,59.968787880970325,-61.72032054410437
(c),3,39,BUS39_Freq,90279,32.93400000000838,59.90880430867652,59.968787880970325,-59.98357229380247
(c),3,39,BUS39_Freq,90280,32.96700000000419,59.88492551454283,59.968787880970325,-83.86236642749623
(c),3,39,BUS39_Freq,90281,33.0,59.87611502094298,59.968787880970325,-92.6728600273421
(c),3,39,BUS39_Freq,90282,33.03399999999965,59.91115847847222,59.968787880970325,-57.62940249810811
(c),3,39,BUS39_Freq,90283,33.067000000005464,59.89200540955005,59.968787880970325,-76.78247142027317
(c),3,39,BUS39_Freq,90284,33.10000000000582,59.87899860529448,59.968787880970325,-89.78927567584805
(c),3,39,BUS39_Freq,90285,33.13400000000547,59.88254913034327,59.968787880970325,-86.23875062705366
(c),3,39,BUS39_Freq,90286,33.16700000000128,59.90932338102952,59.968787880970325,-59.46449994080183
(c),3,39,BUS39_Freq,90287,33.199999999997544,59.90695568014506,59.968787880970325,-61.83220082526475
(c),3,39,BUS39_Freq,90288,33.23399999999765,59.904995466377166,59.968787880970325,-63.79241459315921
(c),3,39,BUS39_Freq,90289,33.2670000000071,59.90551446314707,59.968787880970325,-63.27341782325391
(c),3,39,BUS39_Freq,90290,33.300000000002456,59.91970369,59.968787880970325,-49.08419097032635
(c),3,39,BUS39_Freq,90291,33.33400000000256,59.89854957769533,59.968787880970325,-70.2383032749978
(c),3,39,BUS39_Freq,90292,33.36699999999837,59.89467333307385,59.968787880970325,-74.1145478964782
(c),3,39,BUS39_Freq,90293,33.40000000000964,59.90737537,59.968787880970325,-61.41251097032807
(c),3,39,BUS39_Freq,90294,33.43400000000838,59.89657575336416,59.968787880970325,-72.21212760616424
(c),3,39,BUS39_Freq,90295,33.46700000000419,59.88420177724232,59.968787880970325,-84.58610372800734
(c),3,39,BUS39_Freq,90296,33.5,59.90451142948038,59.968787880970325,-64.27645148994543
(c),3,39,BUS39_Freq,90297,33.53399999999965,59.88338724391215,59.968787880970325,-85.40063705817147
(c),3,39,BUS39_Freq,90298,33.567000000005464,59.90905677942261,59.968787880970325,-59.73110154771177
(c),3,39,BUS39_Freq,90299,33.60000000000582,59.88221826613517,59.968787880970325,-86.56961483515602
(c),3,39,BUS39_Freq,90300,33.63400000000547,59.900475459581735,59.968787880970325,-68.3124213885904
(c),3,39,BUS39_Freq,90301,33.66700000000128,59.87763694542436,59.968787880970325,-91.15093554596143
(c),3,39,BUS39_Freq,90302,33.699999999997544,59.91398608569752,59.968787880970325,-54.80179527280171
(c),3,39,BUS39_Freq,90303,33.73399999999765,59.897937234754174,59.968787880970325,-70.85064621615089
(c),3,39,BUS39_Freq,90304,33.7670000000071,59.89449221518928,59.968787880970325,-74.29566578104385
(c),3,39,BUS39_Freq,90305,33.800000000002456,59.88849481597304,59.968787880970325,-80.29306499728506
(c),3,39,BUS39_Freq,90306,33.83400000000256,59.89810118815285,59.968787880970325,-70.68669281747475
(c),3,39,BUS39_Freq,90307,33.86699999999837,59.90498048344829,59.968787880970325,-63.80739752203368
(c),3,39,BUS39_Freq,90308,33.90000000000964,59.89117213591687,59.968787880970325,-77.61574505345692
(c),3,39,BUS39_Freq,90309,33.93400000000838,59.883335921531085,59.968787880970325,-85.45195943924
(c),3,39,BUS39_Freq,90310,33.96700000000419,59.89091131309503,59.968787880970325,-77.87656787529329
(c),3,39,BUS39_Freq,90311,34.0,59.88361999977889,59.968787880970325,-85.16788119143825
(c),3,39,BUS39_Freq,90312,34.03399999999965,59.880354418274464,59.968787880970325,-88.4334626958605
(c),3,39,BUS39_Freq,90313,34.067000000005464,59.894602767833376,59.968787880970325,-74.18511313694864
(c),3,39,BUS39_Freq,90314,34.10000000000582,59.89462615,59.968787880970325,-74.16173097032441
(c),3,39,BUS39_Freq,90315,34.13400000000547,59.91110700647145,59.968787880970325,-57.680874498878154
(c),3,39,BUS39_Freq,90316,34.16700000000128,59.90879625142998,59.968787880970325,-59.99162954034176
(c),3,39,BUS39_Freq,90317,34.199999999997544,59.90117707590543,59.968787880970325,-67.61080506489492
(c),3,39,BUS39_Freq,90318,34.23399999999765,59.90060589395853,59.968787880970325,-68.18198701179767
(c),3,39,BUS39_Freq,90319,34.2670000000071,59.88378464323862,59.968787880970325,-85.00323773170493
(c),3,39,BUS39_Freq,90320,34.300000000002456,59.88237791598996,59.968787880970325,-86.40996498036202
(c),3,39,BUS39_Freq,90321,34.33400000000256,59.874755000527344,59.968787880970325,-94.03288044298108
(c),3,39,BUS39_Freq,90322,34.36699999999837,59.89186234276568,59.968787880970325,-76.92553820464809
(c),3,39,BUS39_Freq,90323,34.40000000000964,59.86317729,59.968787880970325,-105.610590970322
(c),3,39,BUS39_Freq,90324,34.43400000000838,59.904394371498384,59.968787880970325,-64.393509471941
(c),3,39,BUS39_Freq,90325,34.46700000000419,59.90256557329699,59.968787880970325,-66.22230767333548
(c),3,39,BUS39_Freq,90326,34.5,59.898232888185234,59.968787880970325,-70.55499278509103
(c),3,39,BUS39_Freq,90327,34.53399999999965,59.89521592567754,59.968787880970325,-73.57195529278471
(c),3,39,BUS39_Freq,90328,34.567000000005464,59.89547187676393,59.968787880970325,-73.31600420639717
(c),3,39,BUS39_Freq,90329,34.60000000000582,59.89832653095862,59.968787880970325,-70.46135001170484
(c),3,39,BUS39_Freq,90330,34.63400000000547,59.905666455052746,59.968787880970325,-63.12142591757919
(c),3,39,BUS39_Freq,90331,34.66700000000128,59.88990299184176,59.968787880970325,-78.88488912856673
(c),3,39,BUS39_Freq,90332,34.699999999997544,59.89080790926679,59.968787880970325,-77.97997170353455
(c),3,39,BUS39_Freq,90333,34.73399999999765,59.900849406119946,59.968787880970325,-67.9384748503793
(c),3,39,BUS39_Freq,90334,34.7670000000071,59.91168976672228,59.968787880970325,-57.09811424804201
(c),3,39,BUS39_Freq,90335,34.800000000002456,59.89792329562181,59.968787880970325,-70.86458534851658
(c),3,39,BUS39_Freq,90336,34.83400000000256,59.880976915443895,59.968787880970325,-87.81096552642964
(c),3,39,BUS39_Freq,90337,34.86699999999837,59.905764216311695,59.968787880970325,-63.02366465862974
(c),3,39,BUS39_Freq,90338,34.90000000000964,59.88370346156174,59.968787880970325,-85.08441940858802
(c),3,39,BUS39_Freq,90339,34.93400000000838,59.90493805008249,59.968787880970325,-63.84983088783258
(c),3,39,BUS39_Freq,90340,34.96700000000419,59.89019404,59.968787880970325,-78.59384097032773
(c),3,39,BUS39_Freq,90341,35.0,59.87347325669784,59.968787880970325,-95.31462427248272
(d),4,6,BUS6_IA_MAG,116242,-3.0,725.8899126263207,728.2033986190476,0.9968230222529665
(d),4,6,BUS6_IA_MAG,116243,-2.966999999989639,727.9631204657386,728.2033986190476,0.9996700397804177
(d),4,6,BUS6_IA_MAG,116244,-2.9329999999899883,723.4318711648223,728.2033986190476,0.9934475347639493
(d),4,6,BUS6_IA_MAG,116245,-2.8999999999937245,728.2936686198826,728.2033986190476,1.0001239626195184
(d),4,6,BUS6_IA_MAG,116246,-2.86699999999837,726.0105886400303,728.2033986190476,0.996988739707648
(d),4,6,BUS6_IA_MAG,116247,-2.8329999999987194,728.138413929925,728.2033986190476,0.9999107602501639
(d),4,6,BUS6_IA_MAG,116248,-2.799999999992906,727.1832850332435,728.2033986190476,0.9985991364669011
(d),4,6,BUS6_IA_MAG,116249,-2.766999999993004,722.4390780318517,728.2033986190476,0.9920841888432173
(d),4,6,BUS6_IA_MAG,116250,-2.7329999999928987,733.2002874822438,728.2033986190476,1.0068619411453892
(d),4,6,BUS6_IA_MAG,116251,-2.6999999999970896,725.1738815934199,728.2033986190476,0.9958397378653095
(d),4,6,BUS6_IA_MAG,116252,-2.667000000000826,723.5300613263968,728.2033986190476,0.9935823736863723
(d),4,6,BUS6_IA_MAG,116253,-2.63300000000163,732.9054295912422,728.2033986190476,1.0064570296995474
(d),4,6,BUS6_IA_MAG,116254,-2.599999999991269,724.4549783794105,728.2033986190476,0.9948525092759173
(d),4,6,BUS6_IA_MAG,116255,-2.5669999999959145,732.4324763751317,728.2033986190476,1.0058075501489063
(d),4,6,BUS6_IA_MAG,116256,-2.532999999995809,728.967253905467,728.2033986190476,1.001048958694601
(d),4,6,BUS6_IA_MAG,116257,-2.5,730.2477075694392,728.2033986190476,1.002807332339108
(d),4,6,BUS6_IA_MAG,116258,-2.466999999989639,730.9787277606636,728.2033986190476,1.0038112004789859
(d),4,6,BUS6_IA_MAG,116259,-2.4329999999899883,725.4108805511554,728.2033986190476,0.9961651949535145
(d),4,6,BUS6_IA_MAG,116260,-2.3999999999937245,724.8313268521864,728.2033986190476,0.9953693270681572
(d),4,6,BUS6_IA_MAG,116261,-2.36699999999837,733.9495183949736,728.2033986190476,1.0078908170256042
(d),4,6,BUS6_IA_MAG,116262,-2.3329999999987194,728.2479324744935,728.2033986190476,1.0000611557918164
(d),4,6,BUS6_IA_MAG,116263,-2.299999999992906,728.8186950716533,728.2033986190476,1.0008449513608046
(d),4,6,BUS6_IA_MAG,116264,-2.266999999993004,727.2982033179665,728.2033986190476,0.9987569471622932
(d),4,6,BUS6_IA_MAG,116265,-2.2329999999928987,720.7624713337427,728.2033986190476,0.9897818009371891
(d),4,6,BUS6_IA_MAG,116266,-2.1999999999970896,726.5145288080705,728.2033986190476,0.997680771863768
(d),4,6,BUS6_IA_MAG,116267,-2.167000000000826,725.3294362486049,728.2033986190476,0.9960533521597225
(d),4,6,BUS6_IA_MAG,116268,-2.13300000000163,728.2939296237195,728.2033986190476,1.0001243210411317
(d),4,6,BUS6_IA_MAG,116269,-2.099999999991269,729.7166633700399,728.2033986190476,1.002078079769831
(d),4,6,BUS6_IA_MAG,116270,-2.0669999999959145,729.681353776649,728.2033986190476,1.0020295911285284
(d),4,6,BUS6_IA_MAG,116271,-2.032999999995809,731.0942086964878,728.2033986190476,1.0039697838308945
(d),4,6,BUS6_IA_MAG,116272,-2.0,726.0244034956492,728.2033986190476,0.9970077108572541
(d),4,6,BUS6_IA_MAG,116273,-1.966999999989639,726.3902478596304,728.2033986190476,0.9975101039587901
(d),4,6,BUS6_IA_MAG,116274,-1.9329999999899883,733.2792420874404,728.2033986190476,1.006970364980469
(d),4,6,BUS6_IA_MAG,116275,-1.8999999999937245,727.0032620520342,728.2033986190476,0.9983519212224369
(d),4,6,BUS6_IA_MAG,116276,-1.8669999999983702,728.8924147882831,728.2033986190476,1.0009461864233842
(d),4,6,BUS6_IA_MAG,116277,-1.8329999999987194,730.1028095892706,728.2033986190476,1.002608352245849
(d),4,6,BUS6_IA_MAG,116278,-1.799999999992906,725.5342569250731,728.2033986190476,0.9963346206581346
(d),4,6,BUS6_IA_MAG,116279,-1.7669999999930042,727.7657453660614,728.2033986190476,0.999398995865968
(d),4,6,BUS6_IA_MAG,116280,-1.7329999999928987,734.2804128191785,728.2033986190476,1.0083452153775379
(d),4,6,BUS6_IA_MAG,116281,-1.6999999999970896,729.8723742652045,728.2033986190476,1.002291908619655
(d),4,6,BUS6_IA_MAG,116282,-1.6670000000008258,727.853401821573,728.2033986190476,0.9995193694534545
(d),4,6,BUS6_IA_MAG,116283,-1.6330000000016298,728.8895994224417,728.2033986190476,1.0009423202427996
(d),4,6,BUS6_IA_MAG,116284,-1.5999999999912689,728.2476075084562,728.2033986190476,1.0000607095345786
(d),4,6,BUS6_IA_MAG,116285,-1.5669999999959145,731.3205112611308,728.2033986190476,1.0042805521753875
(d),4,6,BUS6_IA_MAG,116286,-1.532999999995809,730.3784703538489,728.2033986190476,1.0029869013780026
(d),4,6,BUS6_IA_MAG,116287,-1.5,731.5103663650561,728.2033986190476,1.0045412693105797
(d),4,6,BUS6_IA_MAG,116288,-1.466999999989639,723.6248839875759,728.2033986190476,0.9937125882134659
(d),4,6,BUS6_IA_MAG,116289,-1.4329999999899883,723.1704820797423,728.2033986190476,0.9930885841114591
(d),4,6,BUS6_IA_MAG,116290,-1.3999999999937245,730.8634623037906,728.2033986190476,1.0036529130319736
(d),4,6,BUS6_IA_MAG,116291,-1.3669999999983702,730.117724697448,728.2033986190476,1.0026288343092475
(d),4,6,BUS6_IA_MAG,116292,-1.3329999999987194,723.3292546694795,728.2033986190476,0.993306617410999
(d),4,6,BUS6_IA_MAG,116293,-1.299999999992906,730.8532980303228,728.2033986190476,1.003638955017651
(d),4,6,BUS6_IA_MAG,116294,-1.2669999999930042,730.8983813007317,728.2033986190476,1.0037008652895534
(d),4,6,BUS6_IA_MAG,116295,-1.2329999999928987,729.6324676340822,728.2033986190476,1.0019624585902025
(d),4,6,BUS6_IA_MAG,116296,-1.1999999999970896,728.7480114952638,728.2033986190476,1.000747885655641
(d),4,6,BUS6_IA_MAG,116297,-1.1670000000008258,725.9249397192825,728.2033986190476,0.9968711229526175
(d),4,6,BUS6_IA_MAG,116298,-1.1330000000016298,726.6488694999651,728.2033986190476,0.9978652542379912
(d),4,6,BUS6_IA_MAG,116299,-1.0999999999912689,730.0396296965284,728.2033986190476,1.0025215909194645
(d),4,6,BUS6_IA_MAG,116300,-1.0669999999959145,727.9815553100517,728.2033986190476,0.9996953552957641
(d),4,6,BUS6_IA_MAG,116301,-1.032999999995809,729.8790830364803,728.2033986190476,1.0023011213908237
(d),4,6,BUS6_IA_MAG,116302,-1.0,730.7675402115622,728.2033986190476,1.0035211887192195
(d),4,6,BUS6_IA_MAG,116303,-0.966999999989639,723.4250042004569,728.2033986190476,0.9934381047552754
(d),4,6,BUS6_IA_MAG,116304,-0.9329999999899883,731.6834621355881,728.2033986190476,1.004778971813562
(d),4,6,BUS6_IA_MAG,116305,-0.8999999999937245,723.4630033280225,728.2033986190476,0.993490286779745
(d),4,6,BUS6_IA_MAG,116306,-0.8669999999983702,726.6277818345085,728.2033986190476,0.9978362957553796
(d),4,6,BUS6_IA_MAG,116307,-0.8329999999987194,729.6855209594974,728.2033986190476,1.002035313681947
(d),4,6,BUS6_IA_MAG,116308,-0.7999999999929059,727.1156560071131,728.2033986190476,0.9985062654005773
(d),4,6,BUS6_IA_MAG,116309,-0.7669999999930042,723.4853390246037,728.2033986190476,0.9935209591119856
(d),4,6,BUS6_IA_MAG,116310,-0.7329999999928987,729.213087444136,728.2033986190476,1.001386547806565
(d),4,6,BUS6_IA_MAG,116311,-0.6999999999970896,725.9853996119698,728.2033986190476,0.9969541490587878
(d),4,6,BUS6_IA_MAG,116312,-0.6670000000008258,722.2206431235672,728.2033986190476,0.991784224700371
(d),4,6,BUS6_IA_MAG,116313,-0.6330000000016298,719.8865113210755,728.2033986190476,0.9885788952458283
(d),4,6,BUS6_IA_MAG,116314,-0.5999999999912689,723.5868662534144,728.2033986190476,0.9936603806376243
(d),4,6,BUS6_IA_MAG,116315,-0.5669999999959145,733.592340170088,728.2033986190476,1.0074003246363035
(d),4,6,BUS6_IA_MAG,116316,-0.532999999995809,734.0180315315837,728.2033986190476,1.0079849021901888
(d),4,6,BUS6_IA_MAG,116317,-0.5,723.474916816778,728.2033986190476,0.9935066468911892
(d),4,6,BUS6_IA_MAG,116318,-0.46699999998963904,731.4922817358373,728.2033986190476,1.0045164347255544
(d),4,6,BUS6_IA_MAG,116319,-0.4329999999899883,732.4992843168247,728.2033986190476,1.005899293667022
(d),4,6,BUS6_IA_MAG,116320,-0.3999999999937245,727.3896782528299,728.2033986190476,0.9988825644486681
(d),4,6,BUS6_IA_MAG,116321,-0.3669999999983702,725.2973957298232,728.2033986190476,0.996009352751257
(d),4,6,BUS6_IA_MAG,116322,-0.33299999999871943,727.4571891554925,728.2033986190476,0.9989752733028023
(d),4,6,BUS6_IA_MAG,116323,-0.29999999999290594,729.5657955473671,728.2033986190476,1.0018709016339433
(d),4,6,BUS6_IA_MAG,116324,-0.26699999999300417,728.1569817456922,728.2033986190476,0.9999362583675888
(d),4,6,BUS6_IA_MAG,116325,-0.23299999999289867,728.1591897296389,728.2033986190476,0.9999392904654215
(d),4,6,BUS6_IA_MAG,116326,-0.19999999999708962,726.3455970674904,728.2033986190476,0.9974487875845125
(d),4,6,BUS6_IA_MAG,116327,-0.16700000000082582,726.5262723710299,728.2033986190476,0.9976968986258535
(d),4,6,BUS6_IA_MAG,116328,-0.13300000000162981,729.1559155876593,728.2033986190476,1.0013080369721126
(d),4,6,BUS6_IA_MAG,116329,-0.09999999999126885,729.3994456829344,728.2033986190476,1.0016424628972551
(d),4,6,BUS6_IA_MAG,116330,-0.06699999999591455,731.785489830183,728.2033986190476,1.0049190806001846
(d),4,6,BUS6_IA_MAG,116331,-0.03299999999580905,729.6530921539515,728.2033986190476,1.0019907810615183
(d),4,6,BUS6_IA_MAG,116332,0.0,754.202379299433,728.2033986190476,1.0357029103814805
(d),4,6,BUS6_IA_MAG,116333,0.033000000010360964,813.1239323640557,728.2033986190476,1.1166165028974735
(d),4,6,BUS6_IA_MAG,116334,0.06700000001001172,815.5200047595293,728.2033986190476,1.1199068918190542
(d),4,6,BUS6_IA_MAG,116335,0.10000000000627551,814.9252440099226,728.2033986190476,1.1190901409624465
(d),4,6,BUS6_IA_MAG,116336,0.13300000000162981,807.1680658096743,728.2033986190476,1.1084376526398723
(d),4,6,BUS6_IA_MAG,116337,0.16700000000128057,812.2267559185267,728.2033986190476,1.115384461894602
(d),4,6,BUS6_IA_MAG,116338,0.20000000000709406,810.5595912372728,728.2033986190476,1.113095040169277
(d),4,6,BUS6_IA_MAG,116339,0.23300000000699583,810.9473608139181,728.2033986190476,1.1136275419090116
(d),4,6,BUS6_IA_MAG,116340,0.26700000000710133,806.4298980721823,728.2033986190476,1.107423969184272
(d),4,6,BUS6_IA_MAG,116341,0.3000000000029104,806.6144410657646,728.2033986190476,1.1076773915027236
(d),4,6,BUS6_IA_MAG,116342,0.3329999999991742,807.5962660148011,728.2033986190476,1.1090256754449552
(d),4,6,BUS6_IA_MAG,116343,0.3669999999983702,804.57623381914,728.2033986190476,1.1048784382837606
(d),4,6,BUS6_IA_MAG,116344,0.40000000000873115,800.0255351553539,728.2033986190476,1.0986292245717455
(d),4,6,BUS6_IA_MAG,116345,0.43300000000408545,801.024204516821,728.2033986190476,1.1000006399803537
(d),4,6,BUS6_IA_MAG,116346,0.46700000000419095,805.9184520286434,728.2033986190476,1.1067216296394295
(d),4,6,BUS6_IA_MAG,116347,0.5,803.2807157066162,728.2033986190476,1.1030993774952766
(d),4,6,BUS6_IA_MAG,116348,0.533000000010361,799.2154318825309,728.2033986190476,1.0975167561675068
(d),4,6,BUS6_IA_MAG,116349,0.5670000000100117,795.0665165207863,728.2033986190476,1.091819288441302
(d),4,6,BUS6_IA_MAG,116350,0.6000000000062755,798.5014088013045,728.2033986190476,1.096536229184825
(d),4,6,BUS6_IA_MAG,116351,0.6330000000016298,798.3095707045912,728.2033986190476,1.096272788919266
(d),4,6,BUS6_IA_MAG,116352,0.6670000000012806,806.9315904524524,728.2033986190476,1.1081129145822495
(d),4,6,BUS6_IA_MAG,116353,0.7000000000070941,798.3123990617777,728.2033986190476,1.0962766729401203
(d),4,6,BUS6_IA_MAG,116354,0.7330000000069958,808.2902575477202,728.2033986190476,1.1099786942501888
(d),4,6,BUS6_IA_MAG,116355,0.7670000000071013,806.5745182516208,728.2033986190476,1.1076225677897067
(d),4,6,BUS6_IA_MAG,116356,0.8000000000029104,807.8637407664559,728.2033986190476,1.1093929831946332
(d),4,6,BUS6_IA_MAG,116357,0.8329999999991742,803.5563970449358,728.2033986190476,1.10347795488017
(d),4,6,BUS6_IA_MAG,116358,0.8669999999983702,806.2493528011165,728.2033986190476,1.107176036709076
(d),4,6,BUS6_IA_MAG,116359,0.9000000000087311,809.7346744972024,728.2033986190476,1.1119622292793048
(d),4,6,BUS6_IA_MAG,116360,0.9330000000040855,807.0012792493633,728.2033986190476,1.1082086142137577
(d),4,6,BUS6_IA_MAG,116361,0.967000000004191,810.3843577094635,728.2033986190476,1.112854402006723
(d),4,6,BUS6_IA_MAG,116362,1.0,814.2949286868725,728.2033986190476,1.118224565047468
(d),4,6,BUS6_IA_MAG,116363,1.033000000010361,817.9999291814429,728.2033986190476,1.1233124299236779
(d),4,6,BUS6_IA_MAG,116364,1.0670000000100117,815.9755795403349,728.2033986190476,1.1205325065603058
(d),4,6,BUS6_IA_MAG,116365,1.1000000000062755,815.6451047330435,728.2033986190476,1.1200786844442348
(d),4,6,BUS6_IA_MAG,116366,1.1330000000016298,809.834551011337,728.2033986190476,1.1120993839730677
(d),4,6,BUS6_IA_MAG,116367,1.1670000000012806,814.8008102381658,728.2033986190476,1.1189192631939648
(d),4,6,BUS6_IA_MAG,116368,1.200000000007094,811.9480405138652,728.2033986190476,1.1150017180002587
(d),4,6,BUS6_IA_MAG,116369,1.2330000000069958,815.0396214875328,728.2033986190476,1.11924720899842
(d),4,6,BUS6_IA_MAG,116370,1.2670000000071013,815.690881682551,728.2033986190476,1.1201415473058944
(d),4,6,BUS6_IA_MAG,116371,1.3000000000029104,814.5246740141663,728.2033986190476,1.118540061140633
(d),4,6,BUS6_IA_MAG,116372,1.3329999999991742,817.1588487279605,728.2033986190476,1.1221574223322859
(d),4,6,BUS6_IA_MAG,116373,1.3669999999983702,812.6188530382424,728.2033986190476,1.1159229064012595
(d),4,6,BUS6_IA_MAG,116374,1.4000000000087311,811.9495936141645,728.2033986190476,1.1150038507839044
(d),4,6,BUS6_IA_MAG,116375,1.4330000000040855,815.5946222530008,728.2033986190476,1.1200093597471263
(d),4,6,BUS6_IA_MAG,116376,1.467000000004191,822.0856004551323,728.2033986190476,1.1289230481677528
(d),4,6,BUS6_IA_MAG,116377,1.5,815.9385444699224,728.2033986190476,1.1204816484202824
(d),4,6,BUS6_IA_MAG,116378,1.533000000010361,815.6193282968114,728.2033986190476,1.120043287141392
(d),4,6,BUS6_IA_MAG,116379,1.5670000000100117,812.4991534351508,728.2033986190476,1.1157585297953294
(d),4,6,BUS6_IA_MAG,116380,1.6000000000062755,822.7861260415274,728.2033986190476,1.1298850398142124
(d),4,6,BUS6_IA_MAG,116381,1.6330000000016298,815.143046960691,728.2033986190476,1.1193892372742482
(d),4,6,BUS6_IA_MAG,116382,1.6670000000012806,814.9375646635071,728.2033986190476,1.1191070602100193
(d),4,6,BUS6_IA_MAG,116383,1.700000000007094,815.8562336260552,728.2033986190476,1.1203686156549544
(d),4,6,BUS6_IA_MAG,116384,1.7330000000069958,815.820056249549,728.2033986190476,1.120318935336825
(d),4,6,BUS6_IA_MAG,116385,1.7670000000071013,815.8015171195938,728.2033986190476,1.120293476611982
(d),4,6,BUS6_IA_MAG,116386,1.8000000000029104,814.644361378439,728.2033986190476,1.1187044209396944
(d),4,6,BUS6_IA_MAG,116387,1.8329999999991742,818.1455937861369,728.2033986190476,1.1235124627784685
(d),4,6,BUS6_IA_MAG,116388,1.8669999999983702,819.0087714320838,728.2033986190476,1.1246978151780642
(d),4,6,BUS6_IA_MAG,116389,1.9000000000087311,824.35797657311,728.2033986190476,1.1320435720794606
(d),4,6,BUS6_IA_MAG,116390,1.9330000000040855,820.5368344729455,728.2033986190476,1.126796216591405
(d),4,6,BUS6_IA_MAG,116391,1.967000000004191,815.8861596953291,728.2033986190476,1.1204097114110723
(d),4,6,BUS6_IA_MAG,116392,2.0,818.1305623406749,728.2033986190476,1.1234918209557436
(d),4,6,BUS6_IA_MAG,116393,2.033000000010361,814.7885254346796,728.2033986190476,1.118902393177278
(d),4,6,BUS6_IA_MAG,116394,2.0670000000100117,813.429858563035,728.2033986190476,1.1170366138164276
(d),4,6,BUS6_IA_MAG,116395,2.1000000000062755,817.6223015075516,728.2033986190476,1.1227938554778465
(d),4,6,BUS6_IA_MAG,116396,2.13300000000163,813.2340793560238,728.2033986190476,1.1167677614499287
(d),4,6,BUS6_IA_MAG,116397,2.1670000000012806,811.1190036450581,728.2033986190476,1.113863249173583
(d),4,6,BUS6_IA_MAG,116398,2.200000000007094,813.1212531572328,728.2033986190476,1.1166128236962667
(d),4,6,BUS6_IA_MAG,116399,2.233000000006996,810.3235348066265,728.2033986190476,1.1127708773995153
(d),4,6,BUS6_IA_MAG,116400,2.2670000000071013,819.0098469009642,728.2033986190476,1.1246992920578516
(d),4,6,BUS6_IA_MAG,116401,2.3000000000029104,813.1777801137446,728.2033986190476,1.1166904489265512
(d),4,6,BUS6_IA_MAG,116402,2.332999999999174,812.2326878287329,728.2033986190476,1.1153926078469794
(d),4,6,BUS6_IA_MAG,116403,2.36699999999837,807.5252392093155,728.2033986190476,1.1089281384029415
(d),4,6,BUS6_IA_MAG,116404,2.400000000008731,813.0512842229264,728.2033986190476,1.1165167393681255
(d),4,6,BUS6_IA_MAG,116405,2.4330000000040855,813.022182449526,728.2033986190476,1.1164767755702971
(d),4,6,BUS6_IA_MAG,116406,2.467000000004191,816.8513909576156,728.2033986190476,1.1217352081941372
(d),4,6,BUS6_IA_MAG,116407,2.5,806.0804952807503,728.2033986190476,1.1069441543521872
(d),4,6,BUS6_IA_MAG,116408,2.533000000010361,817.0619552227682,728.2033986190476,1.1220243640337721
(d),4,6,BUS6_IA_MAG,116409,2.5670000000100117,814.2108733733728,728.2033986190476,1.1181091367019549
(d),4,6,BUS6_IA_MAG,116410,2.6000000000062755,819.8957413441235,728.2033986190476,1.125915840133347
(d),4,6,BUS6_IA_MAG,116411,2.63300000000163,820.5149192052253,728.2033986190476,1.1267661216100278
(d),4,6,BUS6_IA_MAG,116412,2.6670000000012806,817.5490927938877,728.2033986190476,1.1226933221463589
(d),4,6,BUS6_IA_MAG,116413,2.700000000007094,816.8568603879595,728.2033986190476,1.1217427190494207
(d),4,6,BUS6_IA_MAG,116414,2.733000000006996,821.3276970388113,728.2033986190476,1.1278822628353053
(d),4,6,BUS6_IA_MAG,116415,2.7670000000071013,821.4708886030728,728.2033986190476,1.1280788996053797
(d),4,6,BUS6_IA_MAG,116416,2.8000000000029104,819.6407434000006,728.2033986190476,1.1255656660685094
(d),4,6,BUS6_IA_MAG,116417,2.832999999999174,822.4827084165652,728.2033986190476,1.1294683737762103
(d),4,6,BUS6_IA_MAG,116418,2.86699999999837,824.9471006202057,728.2033986190476,1.132852582375503
(d),4,6,BUS6_IA_MAG,116419,2.900000000008731,826.3188249706388,728.2033986190476,1.1347362928237574
(d),4,6,BUS6_IA_MAG,116420,2.9330000000040855,819.0131710787316,728.2033986190476,1.1247038569606982
(d),4,6,BUS6_IA_MAG,116421,2.967000000004191,823.61421179629,728.2033986190476,1.1310222025304713
(d),4,6,BUS6_IA_MAG,116422,3.0,828.6457695647116,728.2033986190476,1.1379317524968178
(d),4,6,BUS6_IA_MAG,116423,3.033000000010361,822.3170704285835,728.2033986190476,1.1292409126186604
(d),4,6,BUS6_IA_MAG,116424,3.0670000000100117,819.0878807560439,728.2033986190476,1.1248064514795566
(d),4,6,BUS6_IA_MAG,116425,3.1000000000062755,817.5441706956726,728.2033986190476,1.1226865629109248
(d),4,6,BUS6_IA_MAG,116426,3.13300000000163,821.6255694738608,728.2033986190476,1.1282913139817494
(d),4,6,BUS6_IA_MAG,116427,3.1670000000012806,821.0740254604019,728.2033986190476,1.1275339101924993
(d),4,6,BUS6_IA_MAG,116428,3.200000000007094,822.8829984711533,728.2033986190476,1.1300180691708588
(d),4,6,BUS6_IA_MAG,116429,3.233000000006996,821.3942436590814,728.2033986190476,1.1279736474956852
(d),4,6,BUS6_IA_MAG,116430,3.2670000000071013,819.589493124785,728.2033986190476,1.125495287002286
(d),4,6,BUS6_IA_MAG,116431,3.3000000000029104,825.619941482708,728.2033986190476,1.1337765561770234
(d),4,6,BUS6_IA_MAG,116432,3.332999999999174,823.3097919430314,728.2033986190476,1.1306041601897794
(d),4,6,BUS6_IA_MAG,116433,3.36699999999837,823.704546811604,728.2033986190476,1.1311462544306483
(d),4,6,BUS6_IA_MAG,116434,3.400000000008731,827.3133320034992,728.2033986190476,1.1361019923449986
(d),4,6,BUS6_IA_MAG,116435,3.4330000000040855,817.4645752270677,728.2033986190476,1.1225772590148488
(d),4,6,BUS6_IA_MAG,116436,3.467000000004191,821.4003297303265,728.2033986190476,1.1279820051485834
(d),4,6,BUS6_IA_MAG,116437,3.5,822.640952672831,728.2033986190476,1.1296856815456686
(d),4,6,BUS6_IA_MAG,116438,3.533000000010361,822.0654658059447,728.2033986190476,1.1288953984077739
(d),4,6,BUS6_IA_MAG,116439,3.5670000000100117,827.4814996618168,728.2033986190476,1.1363329273538665
(d),4,6,BUS6_IA_MAG,116440,3.6000000000062755,818.1410848303065,728.2033986190476,1.1235062708877974
(d),4,6,BUS6_IA_MAG,116441,3.63300000000163,826.8321057770783,728.2033986190476,1.135441151943356
(d),4,6,BUS6_IA_MAG,116442,3.6670000000012806,819.6743653893662,728.2033986190476,1.1256118372199069
(d),4,6,BUS6_IA_MAG,116443,3.700000000007094,822.484513455897,728.2033986190476,1.1294708525332928
(d),4,6,BUS6_IA_MAG,116444,3.733000000006996,826.0414161661168,728.2033986190476,1.1343553432085152
(d),4,6,BUS6_IA_MAG,116445,3.7670000000071013,824.6212605291238,728.2033986190476,1.132405124849625
(d),4,6,BUS6_IA_MAG,116446,3.8000000000029104,819.7599212492329,728.2033986190476,1.1257293261797618
(d),4,6,BUS6_IA_MAG,116447,3.832999999999174,823.7677572115243,728.2033986190476,1.131233057650793
(d),4,6,BUS6_IA_MAG,116448,3.86699999999837,824.8423211911648,728.2033986190476,1.132708694789645
(d),4,6,BUS6_IA_MAG,116449,3.900000000008731,823.0568536369485,728.2033986190476,1.1302568145078413
(d),4,6,BUS6_IA_MAG,116450,3.9330000000040855,823.8620899394182,728.2033986190476,1.1313625993805798
(d),4,6,BUS6_IA_MAG,116451,3.967000000004191,816.9264372328123,728.2033986190476,1.1218382649435825
(d),4,6,BUS6_IA_MAG,116452,4.0,824.2018876863797,728.2033986190476,1.131829224155479
(d),4,6,BUS6_IA_MAG,116453,4.033000000010361,828.9688251600681,728.2033986190476,1.1383753862342725
(d),4,6,BUS6_IA_MAG,116454,4.067000000010012,820.9429962264568,728.2033986190476,1.1273539752537258
(d),4,6,BUS6_IA_MAG,116455,4.1000000000062755,826.8855768473642,728.2033986190476,1.1355145807001943
(d),4,6,BUS6_IA_MAG,116456,4.13300000000163,825.1751769462059,728.2033986190476,1.133165786524828
(d),4,6,BUS6_IA_MAG,116457,4.167000000001281,827.1104286737722,728.2033986190476,1.1358233568289988
(d),4,6,BUS6_IA_MAG,116458,4.200000000007094,824.289117049307,728.2033986190476,1.1319490112411927
(d),4,6,BUS6_IA_MAG,116459,4.233000000006996,827.0160963612067,728.2033986190476,1.1356938156695586
(d),4,6,BUS6_IA_MAG,116460,4.267000000007101,825.4865570405681,728.2033986190476,1.1335933869657937
(d),4,6,BUS6_IA_MAG,116461,4.30000000000291,823.2011590348134,728.2033986190476,1.1304549808417785
(d),4,6,BUS6_IA_MAG,116462,4.332999999999174,826.5333224661779,728.2033986190476,1.1350308499433008
(d),4,6,BUS6_IA_MAG,116463,4.36699999999837,824.0342298946254,728.2033986190476,1.1315989893171465
(d),4,6,BUS6_IA_MAG,116464,4.400000000008731,826.9047286921653,728.2033986190476,1.1355408808312255
(d),4,6,BUS6_IA_MAG,116465,4.4330000000040855,825.886563350439,728.2033986190476,1.1341426927100808
(d),4,6,BUS6_IA_MAG,116466,4.467000000004191,824.536208309151,728.2033986190476,1.1322883275095768
(d),4,6,BUS6_IA_MAG,116467,4.5,824.7824082385055,728.2033986190476,1.1326264197648743
(d),4,6,BUS6_IA_MAG,116468,4.533000000010361,824.1584943969916,728.2033986190476,1.1317696346376735
(d),4,6,BUS6_IA_MAG,116469,4.567000000010012,828.3837707386583,728.2033986190476,1.1375719645219882
(d),4,6,BUS6_IA_MAG,116470,4.6000000000062755,835.0398236431843,728.2033986190476,1.146712340572345
(d),4,6,BUS6_IA_MAG,116471,4.63300000000163,827.6115511385543,728.2033986190476,1.1365115195946938
(d),4,6,BUS6_IA_MAG,116472,4.667000000001281,825.2803401668139,728.2033986190476,1.1333102011496532
(d),4,6,BUS6_IA_MAG,116473,4.700000000007094,826.0731112884799,728.2033986190476,1.1343988683038706
(d),4,6,BUS6_IA_MAG,116474,4.733000000006996,822.4880450878865,728.2033986190476,1.1294757023211355
(d),4,6,BUS6_IA_MAG,116475,4.767000000007101,821.5157516034532,728.2033986190476,1.128140507393074
(d),4,6,BUS6_IA_MAG,116476,4.80000000000291,823.8971723861046,728.2033986190476,1.1314107760943288
(d),4,6,BUS6_IA_MAG,116477,4.832999999999174,827.6895451105238,728.2033986190476,1.136618624247209
(d),4,6,BUS6_IA_MAG,116478,4.86699999999837,823.0447649104733,728.2033986190476,1.130240213752478
(d),4,6,BUS6_IA_MAG,116479,4.900000000008731,824.0782723797743,728.2033986190476,1.1316594703382903
(d),4,6,BUS6_IA_MAG,116480,4.9330000000040855,824.359778923895,728.2033986190476,1.1320460471445157
(d),4,6,BUS6_IA_MAG,116481,4.967000000004191,827.7499848268943,728.2033986190476,1.1367016226463995
(d),4,6,BUS6_IA_MAG,116482,5.0,827.200197227809,728.2033986190476,1.1359466308403632
(d),4,6,BUS6_IA_MAG,116483,5.033000000010361,824.2292210169624,728.2033986190476,1.1318667594521208
(d),4,6,BUS6_IA_MAG,116484,5.067000000010012,825.648700344067,728.2033986190476,1.133816049073395
(d),4,6,BUS6_IA_MAG,116485,5.1000000000062755,823.9601359386368,728.2033986190476,1.1314972403331
(d),4,6,BUS6_IA_MAG,116486,5.13300000000163,827.4174204715185,728.2033986190476,1.136244931073679
(d),4,6,BUS6_IA_MAG,116487,5.167000000001281,825.2090076250098,728.2033986190476,1.1332122442574726
(d),4,6,BUS6_IA_MAG,116488,5.200000000007094,827.7675111438707,728.2033986190476,1.1367256905332148
(d),4,6,BUS6_IA_MAG,116489,5.233000000006996,822.8548349135207,728.2033986190476,1.1299793937709828
(d),4,6,BUS6_IA_MAG,116490,5.267000000007101,826.7351811057667,728.2033986190476,1.1353080508461966
(d),4,6,BUS6_IA_MAG,116491,5.30000000000291,830.1938616788551,728.2033986190476,1.1400576586887956
(d),4,6,BUS6_IA_MAG,116492,5.332999999999174,828.1041092400488,728.2033986190476,1.1371879214110387
(d),4,6,BUS6_IA_MAG,116493,5.36699999999837,827.9438183401127,728.2033986190476,1.1369678031031043
(d),4,6,BUS6_IA_MAG,116494,5.400000000008731,827.1153388460586,728.2033986190476,1.1358300996872386
(d),4,6,BUS6_IA_MAG,116495,5.4330000000040855,827.218158105426,728.2033986190476,1.135971295484405
(d),4,6,BUS6_IA_MAG,116496,5.467000000004191,824.8748948301005,728.2033986190476,1.132753426301469
(d),4,6,BUS6_IA_MAG,116497,5.5,828.9438382621382,728.2033986190476,1.1383410731591381
(d),4,6,BUS6_IA_MAG,116498,5.533000000010361,823.8669686566005,728.2033986190476,1.1313692990433273
(d),4,6,BUS6_IA_MAG,116499,5.567000000010012,824.1518199603266,728.2033986190476,1.1317604690162584
(d),4,6,BUS6_IA_MAG,116500,5.6000000000062755,822.0158121270252,728.2033986190476,1.128827211855756
(d),4,6,BUS6_IA_MAG,116501,5.63300000000163,826.6543048400337,728.2033986190476,1.1351969881048163
(d),4,6,BUS6_IA_MAG,116502,5.667000000001281,825.758151980448,728.2033986190476,1.1339663527338675
(d),4,6,BUS6_IA_MAG,116503,5.700000000007094,825.1743487280266,728.2033986190476,1.1331646491802607
(d),4,6,BUS6_IA_MAG,116504,5.733000000006996,830.0313597242831,728.2033986190476,1.139834504066227
(d),4,6,BUS6_IA_MAG,116505,5.767000000007101,826.3319330475529,728.2033986190476,1.1347542933946677
(d),4,6,BUS6_IA_MAG,116506,5.80000000000291,828.3109077403986,728.2033986190476,1.137471905941655
(d),4,6,BUS6_IA_MAG,116507,5.832999999999174,830.4806010561306,728.2033986190476,1.1404514214449422
(d),4,6,BUS6_IA_MAG,116508,5.86699999999837,817.3159872110908,728.2033986190476,1.1223732116068599
(d),4,6,BUS6_IA_MAG,116509,5.900000000008731,822.1200158595316,728.2033986190476,1.1289703088705516
(d),4,6,BUS6_IA_MAG,116510,5.9330000000040855,824.0484893178302,728.2033986190476,1.1316185709659439
(d),4,6,BUS6_IA_MAG,116511,5.967000000004191,831.0869286866009,728.2033986190476,1.1412840564362374
(d),4,6,BUS6_IA_MAG,116512,6.0,823.6744146765988,728.2033986190476,1.1311048756962694
(d),4,6,BUS6_IA_MAG,116513,6.033000000010361,826.8283891011841,728.2033986190476,1.1354360480453227
(d),4,6,BUS6_IA_MAG,116514,6.067000000010012,820.6097808390797,728.2033986190476,1.126896389656063
(d),4,6,BUS6_IA_MAG,116515,6.1000000000062755,830.0611936414322,728.2033986190476,1.1398754732751124
(d),4,6,BUS6_IA_MAG,116516,6.13300000000163,822.4844129903978,728.2033986190476,1.1294707145697798
(d),4,6,BUS6_IA_MAG,116517,6.167000000001281,822.963080171613,728.2033986190476,1.130128040781279
(d),4,6,BUS6_IA_MAG,116518,6.200000000007094,822.1870912356759,728.2033986190476,1.1290624196410748
(d),4,6,BUS6_IA_MAG,116519,6.233000000006996,823.6303931202992,728.2033986190476,1.1310444234155153
(d),4,6,BUS6_IA_MAG,116520,6.267000000007101,828.0622490656386,728.2033986190476,1.1371304372321822
(d),4,6,BUS6_IA_MAG,116521,6.30000000000291,820.8989788040204,728.2033986190476,1.127293528649769
(d),4,6,BUS6_IA_MAG,116522,6.332999999999174,824.0464080383858,728.2033986190476,1.131615712864144
(d),4,6,BUS6_IA_MAG,116523,6.36699999999837,826.8049041244615,728.2033986190476,1.1354037974725195
(d),4,6,BUS6_IA_MAG,116524,6.400000000008731,819.9175413090803,728.2033986190476,1.1259457767760461
(d),4,6,BUS6_IA_MAG,116525,6.4330000000040855,825.2863104910227,728.2033986190476,1.1333183998537792
(d),4,6,BUS6_IA_MAG,116526,6.467000000004191,824.5805733681732,728.2033986190476,1.1323492515029367
(d),4,6,BUS6_IA_MAG,116527,6.5,831.630080995598,728.2033986190476,1.1420299363786093
(d),4,6,BUS6_IA_MAG,116528,6.533000000010361,826.7389422705559,728.2033986190476,1.1353132158382802
(d),4,6,BUS6_IA_MAG,116529,6.567000000010012,824.1114178195425,728.2033986190476,1.1317049870714326
(d),4,6,BUS6_IA_MAG,116530,6.6000000000062755,824.067085493569,728.2033986190476,1.1316441080284927
(d),4,6,BUS6_IA_MAG,116531,6.63300000000163,823.5612097158181,728.2033986190476,1.1309494178104709
(d),4,6,BUS6_IA_MAG,116532,6.667000000001281,827.6199707878264,728.2033986190476,1.1365230818165786
(d),4,6,BUS6_IA_MAG,116533,6.700000000007094,833.8481175311505,728.2033986190476,1.1450758388555256
(d),4,6,BUS6_IA_MAG,116534,6.733000000006996,826.7328987817028,728.2033986190476,1.1353049166613407
(d),4,6,BUS6_IA_MAG,116535,6.767000000007101,827.1134043344315,728.2033986190476,1.1358274431332718
(d),4,6,BUS6_IA_MAG,116536,6.80000000000291,821.7502456632113,728.2033986190476,1.1284625246484217
(d),4,6,BUS6_IA_MAG,116537,6.832999999999174,827.4304401666711,728.2033986190476,1.136262810274981
(d),4,6,BUS6_IA_MAG,116538,6.86699999999837,826.8486672790739,728.2033986190476,1.1354638949050437
(d),4,6,BUS6_IA_MAG,116539,6.900000000008731,828.5457162198113,728.2033986190476,1.1377943549714973
(d),4,6,BUS6_IA_MAG,116540,6.9330000000040855,836.6827609935071,728.2033986190476,1.1489684922923704
(d),4,6,BUS6_IA_MAG,116541,6.967000000004191,827.3844658350008,728.2033986190476,1.1361996763597073
(d),4,6,BUS6_IA_MAG,116542,7.0,829.3706172336279,728.2033986190476,1.1389271442655062
(d),4,6,BUS6_IA_MAG,116543,7.033000000010361,826.7130761471889,728.2033986190476,1.1352776953732342
(d),4,6,BUS6_IA_MAG,116544,7.067000000010012,832.0080913293034,728.2033986190476,1.1425490363092363
(d),4,6,BUS6_IA_MAG,116545,7.1000000000062755,833.798408600892,728.2033986190476,1.1450075764300098
(d),4,6,BUS6_IA_MAG,116546,7.13300000000163,825.3436473278331,728.2033986190476,1.1333971372462703
(d),4,6,BUS6_IA_MAG,116547,7.167000000001281,828.54459579157,728.2033986190476,1.137792816351596
(d),4,6,BUS6_IA_MAG,116548,7.200000000007094,828.1602190932543,728.2033986190476,1.1372649738572536
(d),4,6,BUS6_IA_MAG,116549,7.233000000006996,830.6886091923996,728.2033986190476,1.1407370670992516
(d),4,6,BUS6_IA_MAG,116550,7.267000000007101,827.2896938672869,728.2033986190476,1.1360695314470448
(d),4,6,BUS6_IA_MAG,116551,7.30000000000291,827.9588427812758,728.2033986190476,1.136988435307227
(d),4,6,BUS6_IA_MAG,116552,7.332999999999174,824.7415071931609,728.2033986190476,1.132570252703004
(d),4,6,BUS6_IA_MAG,116553,7.36699999999837,833.9393352184312,728.2033986190476,1.1452011028785356
(d),4,6,BUS6_IA_MAG,116554,7.400000000008731,822.246022273402,728.2033986190476,1.129143346258333
(d),4,6,BUS6_IA_MAG,116555,7.4330000000040855,831.2184112291552,728.2033986190476,1.1414646138777484
(d),4,6,BUS6_IA_MAG,116556,7.467000000004191,826.0625515569528,728.2033986190476,1.1343843672296554
(d),4,6,BUS6_IA_MAG,116557,7.5,824.2605071290685,728.2033986190476,1.1319097228771275
(d),4,6,BUS6_IA_MAG,116558,7.533000000010361,834.6349581520764,728.2033986190476,1.1461563619929045
(d),4,6,BUS6_IA_MAG,116559,7.567000000010012,822.6244441727328,728.2033986190476,1.1296630113684496
(d),4,6,BUS6_IA_MAG,116560,7.6000000000062755,825.8309844082048,728.2033986190476,1.134066369333481
(d),4,6,BUS6_IA_MAG,116561,7.63300000000163,832.2808510509115,728.2033986190476,1.1429236016053133
(d),4,6,BUS6_IA_MAG,116562,7.667000000001281,825.0120108910809,728.2033986190476,1.132941719931024
(d),4,6,BUS6_IA_MAG,116563,7.700000000007094,827.3062700568036,728.2033986190476,1.1360922945782634
(d),4,6,BUS6_IA_MAG,116564,7.733000000006996,823.261609955722,728.2033986190476,1.1305379946275191
(d),4,6,BUS6_IA_MAG,116565,7.767000000007101,825.6925211884776,728.2033986190476,1.1338762257280133
(d),4,6,BUS6_IA_MAG,116566,7.80000000000291,837.3313394898234,728.2033986190476,1.1498591479766838
(d),4,6,BUS6_IA_MAG,116567,7.832999999999174,824.4386214225494,728.2033986190476,1.1321543170301054
(d),4,6,BUS6_IA_MAG,116568,7.86699999999837,825.7559934928073,728.2033986190476,1.1339633886064757
(d),4,6,BUS6_IA_MAG,116569,7.900000000008731,829.3995726734848,728.2033986190476,1.1389669071118647
(d),4,6,BUS6_IA_MAG,116570,7.9330000000040855,832.6693931215299,728.2033986190476,1.143457164166756
(d),4,6,BUS6_IA_MAG,116571,7.967000000004191,830.8794545807674,728.2033986190476,1.140999144135324
(d),4,6,BUS6_IA_MAG,116572,8.0,829.1711079018742,728.2033986190476,1.1386531695324411
(d),4,6,BUS6_IA_MAG,116573,8.033000000010361,826.5155242890032,728.2033986190476,1.1350064087264535
(d),4,6,BUS6_IA_MAG,116574,8.067000000010012,822.031943211185,728.2033986190476,1.1288493637492936
(d),4,6,BUS6_IA_MAG,116575,8.100000000006276,826.0184252490184,728.2033986190476,1.1343237710994833
(d),4,6,BUS6_IA_MAG,116576,8.13300000000163,828.7840550689979,728.2033986190476,1.138121652055854
(d),4,6,BUS6_IA_MAG,116577,8.16700000000128,825.8277388286054,728.2033986190476,1.1340619123649944
(d),4,6,BUS6_IA_MAG,116578,8.200000000007094,827.8813059588766,728.2033986190476,1.1368819584320213
(d),4,6,BUS6_IA_MAG,116579,8.233000000006996,827.8694579364682,728.2033986190476,1.13686568822176
(d),4,6,BUS6_IA_MAG,116580,8.267000000007101,827.731472283446,728.2033986190476,1.1366762004312831
(d),4,6,BUS6_IA_MAG,116581,8.30000000000291,823.7701667351699,728.2033986190476,1.1312363665115455
(d),4,6,BUS6_IA_MAG,116582,8.332999999999174,829.4838782390485,728.2033986190476,1.1390826791141975
(d),4,6,BUS6_IA_MAG,116583,8.36699999999837,822.1892845466464,728.2033986190476,1.12906543158935
(d),4,6,BUS6_IA_MAG,116584,8.400000000008731,822.8890299242984,728.2033986190476,1.1300263518198501
(d),4,6,BUS6_IA_MAG,116585,8.433000000004085,825.8856459763006,728.2033986190476,1.1341414329327437
(d),4,6,BUS6_IA_MAG,116586,8.467000000004191,828.7854051112926,728.2033986190476,1.1381235059915773
(d),4,6,BUS6_IA_MAG,116587,8.5,823.9999345205661,728.2033986190476,1.1315518934451356
(d),4,6,BUS6_IA_MAG,116588,8.533000000010361,828.9630563356596,728.2033986190476,1.138367464238276
(d),4,6,BUS6_IA_MAG,116589,8.567000000010012,832.4172408473163,728.2033986190476,1.143110897897343
(d),4,6,BUS6_IA_MAG,116590,8.600000000006276,828.5350625277003,728.2033986190476,1.1377797248665964
(d),4,6,BUS6_IA_MAG,116591,8.63300000000163,824.7715351276187,728.2033986190476,1.1326114883447418
(d),4,6,BUS6_IA_MAG,116592,8.66700000000128,826.8118180522818,728.2033986190476,1.135413291973415
(d),4,6,BUS6_IA_MAG,116593,8.700000000007094,825.4037956535607,728.2033986190476,1.133479735495388
(d),4,6,BUS6_IA_MAG,116594,8.733000000006996,828.2553556865388,728.2033986190476,1.1373956194893187
(d),4,6,BUS6_IA_MAG,116595,8.767000000007101,824.8863869670838,728.2033986190476,1.1327692077946687
(d),4,6,BUS6_IA_MAG,116596,8.80000000000291,834.9073243922234,728.2033986190476,1.1465303869434382
(d),4,6,BUS6_IA_MAG,116597,8.832999999999174,824.1886201912862,728.2033986190476,1.1318110046647178
(d),4,6,BUS6_IA_MAG,116598,8.86699999999837,826.4752302056866,728.2033986190476,1.1349510751707559
(d),4,6,BUS6_IA_MAG,116599,8.900000000008731,818.8532994510193,728.2033986190476,1.1244843144152838
(d),4,6,BUS6_IA_MAG,116600,8.933000000004085,826.8083053826631,728.2033986190476,1.1354084682255097
(d),4,6,BUS6_IA_MAG,116601,8.967000000004191,825.8822548430378,728.2033986190476,1.1341367760837517
(d),4,6,BUS6_IA_MAG,116602,9.0,824.0489813107424,728.2033986190476,1.1316192465916182
(d),4,6,BUS6_IA_MAG,116603,9.033000000010361,822.437899007589,728.2033986190476,1.1294068395825205
(d),4,6,BUS6_IA_MAG,116604,9.067000000010012,825.2764614792959,728.2033986190476,1.1333048747703403
(d),4,6,BUS6_IA_MAG,116605,9.100000000006276,821.9370346613132,728.2033986190476,1.12871903127618
(d),4,6,BUS6_IA_MAG,116606,9.13300000000163,823.9078502249473,728.2033986190476,1.1314254393585528
(d),4,6,BUS6_IA_MAG,116607,9.16700000000128,828.0309539505712,728.2033986190476,1.1370874614439248
(d),4,6,BUS6_IA_MAG,116608,9.200000000007094,822.4181261947356,728.2033986190476,1.1293796867116457
(d),4,6,BUS6_IA_MAG,116609,9.233000000006996,825.3861089881013,728.2033986190476,1.1334554474111895
(d),4,6,BUS6_IA_MAG,116610,9.267000000007101,825.3167171696465,728.2033986190476,1.1333601556031776
(d),4,6,BUS6_IA_MAG,116611,9.30000000000291,825.1753126733902,728.2033986190476,1.1331659729111927
(d),4,6,BUS6_IA_MAG,116612,9.332999999999174,829.3386658402477,728.2033986190476,1.1388832672478477
(d),4,6,BUS6_IA_MAG,116613,9.36699999999837,825.5479859341791,728.2033986190476,1.133677743745407
(d),4,6,BUS6_IA_MAG,116614,9.400000000008731,822.1004115359933,728.2033986190476,1.1289433873763985
(d),4,6,BUS6_IA_MAG,116615,9.433000000004085,828.4597757144471,728.2033986190476,1.1376763378000212
(d),4,6,BUS6_IA_MAG,116616,9.467000000004191,820.2840327774156,728.2033986190476,1.1264490585089113
(d),4,6,BUS6_IA_MAG,116617,9.5,826.7443759544253,728.2033986190476,1.1353206776049785
(d),4,6,BUS6_IA_MAG,116618,9.533000000010361,826.7369171565549,728.2033986190476,1.1353104348652652
(d),4,6,BUS6_IA_MAG,116619,9.567000000010012,827.611403669505,728.2033986190476,1.1365113170838985
(d),4,6,BUS6_IA_MAG,116620,9.600000000006276,821.869194094808,728.2033986190476,1.128625869713581
(d),4,6,BUS6_IA_MAG,116621,9.63300000000163,825.5136290620134,728.2033986190476,1.1336305634215704
(d),4,6,BUS6_IA_MAG,116622,9.66700000000128,826.1969216889078,728.2033986190476,1.1345688900322264
(d),4,6,BUS6_IA_MAG,116623,9.700000000007094,818.8419528621749,728.2033986190476,1.1244687327950031
(d),4,6,BUS6_IA_MAG,116624,9.733000000006996,829.3707982537367,728.2033986190476,1.1389273928500487
(d),4,6,BUS6_IA_MAG,116625,9.767000000007101,830.6542783844349,728.2033986190476,1.1406899225678888
(d),4,6,BUS6_IA_MAG,116626,9.80000000000291,826.5005215578685,728.2033986190476,1.1349858063354687
(d),4,6,BUS6_IA_MAG,116627,9.832999999999174,826.7080728561687,728.2033986190476,1.1352708246403733
(d),4,6,BUS6_IA_MAG,116628,9.86699999999837,827.3467958224323,728.2033986190476,1.1361479462900044
(d),4,6,BUS6_IA_MAG,116629,9.900000000008731,822.6465549170244,728.2033986190476,1.1296933747866011
(d),4,6,BUS6_IA_MAG,116630,9.933000000004085,830.393580346839,728.2033986190476,1.1403319208913103
(d),4,6,BUS6_IA_MAG,116631,9.967000000004191,819.9300315124912,728.2033986190476,1.12596292885668
(d),4,6,BUS6_IA_MAG,116632,10.0,829.1657886148503,728.2033986190476,1.1386458648603757
(d),4,6,BUS6_IA_MAG,116633,10.033000000010361,820.4130376870958,728.2033986190476,1.126626213559169
(d),4,6,BUS6_IA_MAG,116634,10.067000000010012,823.1272427885174,728.2033986190476,1.1303534758962699
(d),4,6,BUS6_IA_MAG,116635,10.100000000006276,825.5146823323969,728.2033986190476,1.133632009817434
(d),4,6,BUS6_IA_MAG,116636,10.13300000000163,821.0639473370662,728.2033986190476,1.1275200704832165
(d),4,6,BUS6_IA_MAG,116637,10.16700000000128,824.0479477786694,728.2033986190476,1.1316178273012454
(d),4,6,BUS6_IA_MAG,116638,10.200000000007094,823.6329936344006,728.2033986190476,1.1310479945525167
(d),4,6,BUS6_IA_MAG,116639,10.233000000006996,820.7339567462101,728.2033986190476,1.1270669133138296
(d),4,6,BUS6_IA_MAG,116640,10.267000000007101,828.8157959505461,728.2033986190476,1.1381652399896762
(d),4,6,BUS6_IA_MAG,116641,10.30000000000291,830.4982204657633,728.2033986190476,1.140475617170568
(d),4,6,BUS6_IA_MAG,116642,10.332999999999174,827.4242334542762,728.2033986190476,1.1362542869525043
(d),4,6,BUS6_IA_MAG,116643,10.36699999999837,822.5151486310123,728.2033986190476,1.1295129220638298
(d),4,6,BUS6_IA_MAG,116644,10.400000000008731,829.8006444131427,728.2033986190476,1.1395176759498271
(d),4,6,BUS6_IA_MAG,116645,10.433000000004085,829.0765977958492,728.2033986190476,1.138523384219431
(d),4,6,BUS6_IA_MAG,116646,10.467000000004191,824.9616863308788,728.2033986190476,1.1328726120961836
(d),4,6,BUS6_IA_MAG,116647,10.5,821.37393531531,728.2033986190476,1.1279457592108872
(d),4,6,BUS6_IA_MAG,116648,10.533000000010361,825.4052419054358,728.2033986190476,1.1334817215502153
(d),4,6,BUS6_IA_MAG,116649,10.567000000010012,826.2798643251073,728.2033986190476,1.1346827904017618
(d),4,6,BUS6_IA_MAG,116650,10.600000000006276,826.3910072484962,728.2033986190476,1.1348354166097685
(d),4,6,BUS6_IA_MAG,116651,10.63300000000163,822.7632123151193,728.2033986190476,1.1298535737067328
(d),4,6,BUS6_IA_MAG,116652,10.66700000000128,819.2960281622936,728.2033986190476,1.1250922883853502
(d),4,6,BUS6_IA_MAG,116653,10.700000000007094,820.6398930986944,728.2033986190476,1.1269377410967072
(d),4,6,BUS6_IA_MAG,116654,10.733000000006996,824.1614911466805,728.2033986190476,1.1317737499023024
(d),4,6,BUS6_IA_MAG,116655,10.767000000007101,824.3153874648718,728.2033986190476,1.1319850868975474
(d),4,6,BUS6_IA_MAG,116656,10.80000000000291,820.7242702142657,728.2033986190476,1.1270536113545655
(d),4,6,BUS6_IA_MAG,116657,10.832999999999174,824.7082190637735,728.2033986190476,1.132524540022384
(d),4,6,BUS6_IA_MAG,116658,10.86699999999837,820.5875656736039,728.2033986190476,1.1268658828422828
(d),4,6,BUS6_IA_MAG,116659,10.900000000008731,823.5039956283825,728.2033986190476,1.1308708489826624
(d),4,6,BUS6_IA_MAG,116660,10.933000000004085,824.9406810064013,728.2033986190476,1.1328437666877202
(d),4,6,BUS6_IA_MAG,116661,10.967000000004191,820.5157715437731,728.2033986190476,1.126767292077715
(d),4,6,BUS6_IA_MAG,116662,11.0,828.3810285028636,728.2033986190476,1.1375681987667061
(d),4,6,BUS6_IA_MAG,116663,11.033000000010361,825.6266518944608,728.2033986190476,1.1337857712009654
(d),4,6,BUS6_IA_MAG,116664,11.067000000010012,822.5019206224356,728.2033986190476,1.1294947567976394
(d),4,6,BUS6_IA_MAG,116665,11.100000000006276,821.3683202532227,728.2033986190476,1.1279380483678756
(d),4,6,BUS6_IA_MAG,116666,11.13300000000163,824.2456304294479,728.2033986190476,1.1318892935579994
(d),4,6,BUS6_IA_MAG,116667,11.16700000000128,823.6685723981649,728.2033986190476,1.1310968528300689
(d),4,6,BUS6_IA_MAG,116668,11.200000000007094,827.2324322318296,728.2033986190476,1.1359908973242627
(d),4,6,BUS6_IA_MAG,116669,11.233000000006996,819.2974450252768,728.2033986190476,1.1250942340820964
(d),4,6,BUS6_IA_MAG,116670,11.267000000007101,826.9543644726917,728.2033986190476,1.1356090428044057
(d),4,6,BUS6_IA_MAG,116671,11.30000000000291,827.2540257265955,728.2033986190476,1.1360205504332799
(d),4,6,BUS6_IA_MAG,116672,11.332999999999174,827.8313230012827,728.2033986190476,1.1368133197004682
(d),4,6,BUS6_IA_MAG,116673,11.36699999999837,822.9550788593468,728.2033986190476,1.130117053037633
(d),4,6,BUS6_IA_MAG,116674,11.400000000008731,825.4463556377518,728.2033986190476,1.1335381806829166
(d),4,6,BUS6_IA_MAG,116675,11.433000000004085,829.563948685692,728.2033986190476,1.1391926352703967
(d),4,6,BUS6_IA_MAG,116676,11.467000000004191,826.1327110105202,728.2033986190476,1.1344807131869805
(d),4,6,BUS6_IA_MAG,116677,11.5,825.524836055739,728.2033986190476,1.1336459533438736
(d),4,6,BUS6_IA_MAG,116678,11.533000000010361,826.9246319008566,728.2033986190476,1.1355682127672329
(d),4,6,BUS6_IA_MAG,116679,11.567000000010012,825.8457459187532,728.2033986190476,1.1340866404700567
(d),4,6,BUS6_IA_MAG,116680,11.600000000006276,822.1581493670685,728.2033986190476,1.1290226754313357
(d),4,6,BUS6_IA_MAG,116681,11.63300000000163,828.0447217943429,728.2033986190476,1.137106368034855
(d),4,6,BUS6_IA_MAG,116682,11.66700000000128,823.7960515446143,728.2033986190476,1.1312719126371107
(d),4,6,BUS6_IA_MAG,116683,11.700000000007094,827.4887961016929,728.2033986190476,1.1363429471366495
(d),4,6,BUS6_IA_MAG,116684,11.733000000006996,822.0213040200443,728.2033986190476,1.1288347535577443
(d),4,6,BUS6_IA_MAG,116685,11.767000000007101,823.1037320169487,728.2033986190476,1.1303211899008827
(d),4,6,BUS6_IA_MAG,116686,11.80000000000291,821.5721591761741,728.2033986190476,1.1282179686804392
(d),4,6,BUS6_IA_MAG,116687,11.832999999999174,824.0908254295491,728.2033986190476,1.1316767087222346
(d),4,6,BUS6_IA_MAG,116688,11.86699999999837,828.0788372746313,728.2033986190476,1.1371532168690586
(d),4,6,BUS6_IA_MAG,116689,11.900000000008731,824.0525183283617,728.2033986190476,1.1316241037752375
(d),4,6,BUS6_IA_MAG,116690,11.933000000004085,828.5850853589404,728.2033986190476,1.137848418354343
(d),4,6,BUS6_IA_MAG,116691,11.967000000004191,823.2443585887187,728.2033986190476,1.1305143043137469
(d),4,6,BUS6_IA_MAG,116692,12.0,825.206916277852,728.2033986190476,1.1332093723302585
(d),4,6,BUS6_IA_MAG,116693,12.033000000010361,823.7464056438938,728.2033986190476,1.1312037367664478
(d),4,6,BUS6_IA_MAG,116694,12.067000000010012,825.1075465419873,728.2033986190476,1.1330729135660547
(d),4,6,BUS6_IA_MAG,116695,12.100000000006276,829.4533268674511,728.2033986190476,1.1390407246662295
(d),4,6,BUS6_IA_MAG,116696,12.13300000000163,820.462505076314,728.2033986190476,1.1266941442902147
(d),4,6,BUS6_IA_MAG,116697,12.16700000000128,821.6871042825804,728.2033986190476,1.1283758162085122
(d),4,6,BUS6_IA_MAG,116698,12.200000000007094,826.8314305875452,728.2033986190476,1.1354402247442599
(d),4,6,BUS6_IA_MAG,116699,12.233000000006996,824.1227756090987,728.2033986190476,1.131720584073009
(d),4,6,BUS6_IA_MAG,116700,12.267000000007101,821.1672003652184,728.2033986190476,1.1276618619501992
(d),4,6,BUS6_IA_MAG,116701,12.30000000000291,828.259410492898,728.2033986190476,1.1374011877225443
(d),4,6,BUS6_IA_MAG,116702,12.332999999999174,824.5712231109094,728.2033986190476,1.1323364113304224
(d),4,6,BUS6_IA_MAG,116703,12.36699999999837,823.657981705533,728.2033986190476,1.1310823092387428
(d),4,6,BUS6_IA_MAG,116704,12.400000000008731,830.7103655523039,728.2033986190476,1.140766943861631
(d),4,6,BUS6_IA_MAG,116705,12.433000000004085,823.864112267137,728.2033986190476,1.1313653765273533
(d),4,6,BUS6_IA_MAG,116706,12.467000000004191,824.0817949275632,728.2033986190476,1.1316643076513209
(d),4,6,BUS6_IA_MAG,116707,12.5,830.8083742900568,728.2033986190476,1.1409015336451156
(d),4,6,BUS6_IA_MAG,116708,12.533000000010361,822.9702128354262,728.2033986190476,1.1301378356597798
(d),4,6,BUS6_IA_MAG,116709,12.567000000010012,825.6629283512854,728.2033986190476,1.1338355875804182
(d),4,6,BUS6_IA_MAG,116710,12.600000000006276,822.4672869397945,728.2033986190476,1.1294471963458388
(d),4,6,BUS6_IA_MAG,116711,12.63300000000163,821.7522295318006,728.2033986190476,1.1284652489814762
(d),4,6,BUS6_IA_MAG,116712,12.66700000000128,823.7053100677456,728.2033986190476,1.1311473025665717
(d),4,6,BUS6_IA_MAG,116713,12.700000000007094,828.4951758447775,728.2033986190476,1.1377249507705147
(d),4,6,BUS6_IA_MAG,116714,12.733000000006996,822.6480298937013,728.2033986190476,1.1296954002875528
(d),4,6,BUS6_IA_MAG,116715,12.767000000007101,826.7746237440318,728.2033986190476,1.135362215161194
(d),4,6,BUS6_IA_MAG,116716,12.80000000000291,821.1723979942983,728.2033986190476,1.1276689995563816
(d),4,6,BUS6_IA_MAG,116717,12.832999999999174,831.1765543765185,728.2033986190476,1.141407134260493
(d),4,6,BUS6_IA_MAG,116718,12.86699999999837,830.100688374805,728.2033986190476,1.1399297091293363
(d),4,6,BUS6_IA_MAG,116719,12.900000000008731,823.5288933901948,728.2033986190476,1.1309050396522742
(d),4,6,BUS6_IA_MAG,116720,12.933000000004085,825.528246017787,728.2033986190476,1.1336506360493572
(d),4,6,BUS6_IA_MAG,116721,12.967000000004191,828.51330433038,728.2033986190476,1.1377498455809991
(d),4,6,BUS6_IA_MAG,116722,13.0,825.1821978288654,728.2033986190476,1.1331754279006754
(d),4,6,BUS6_IA_MAG,116723,13.033000000010361,831.752149682367,728.2033986190476,1.1421975663114008
(d),4,6,BUS6_IA_MAG,116724,13.067000000010012,826.3699776148732,728.2033986190476,1.1348065378189487
(d),4,6,BUS6_IA_MAG,116725,13.100000000006276,825.7611535563283,728.2033986190476,1.1339704746260284
(d),4,6,BUS6_IA_MAG,116726,13.13300000000163,821.1908301383052,728.2033986190476,1.1276943113635522
(d),4,6,BUS6_IA_MAG,116727,13.16700000000128,822.1743925326755,728.2033986190476,1.1290449812399022
(d),4,6,BUS6_IA_MAG,116728,13.200000000007094,826.0565628883628,728.2033986190476,1.1343761433342419
(d),4,6,BUS6_IA_MAG,116729,13.233000000006996,824.4646765751609,728.2033986190476,1.132190097078181
(d),4,6,BUS6_IA_MAG,116730,13.267000000007101,823.0359146514776,728.2033986190476,1.1302280601989345
(d),4,6,BUS6_IA_MAG,116731,13.30000000000291,829.1762193583925,728.2033986190476,1.1386601888027823
(d),4,6,BUS6_IA_MAG,116732,13.332999999999174,824.8041941612397,728.2033986190476,1.132656337124194
(d),4,6,BUS6_IA_MAG,116733,13.36699999999837,822.0433646862272,728.2033986190476,1.1288650482064986
(d),4,6,BUS6_IA_MAG,116734,13.400000000008731,822.5490176296264,728.2033986190476,1.129559432418874
(d),4,6,BUS6_IA_MAG,116735,13.433000000004085,825.7895296620969,728.2033986190476,1.1340094419060802
(d),4,6,BUS6_IA_MAG,116736,13.467000000004191,819.7608633602706,728.2033986190476,1.1257306199268653
(d),4,6,BUS6_IA_MAG,116737,13.5,826.3342669449769,728.2033986190476,1.1347574984022637
(d),4,6,BUS6_IA_MAG,116738,13.533000000010361,823.4584046059392,728.2033986190476,1.1308082414439862
(d),4,6,BUS6_IA_MAG,116739,13.567000000010012,825.8789102424101,728.2033986190476,1.1341321831353612
(d),4,6,BUS6_IA_MAG,116740,13.600000000006276,823.8076433424194,728.2033986190476,1.1312878309888064
(d),4,6,BUS6_IA_MAG,116741,13.63300000000163,822.9117360253875,728.2033986190476,1.1300575328073768
(d),4,6,BUS6_IA_MAG,116742,13.66700000000128,822.1709401162514,728.2033986190476,1.1290402402342563
(d),4,6,BUS6_IA_MAG,116743,13.700000000007094,820.3821897174214,728.2033986190476,1.1265838518100577
(d),4,6,BUS6_IA_MAG,116744,13.733000000006996,819.3694465286321,728.2033986190476,1.1251931096208425
(d),4,6,BUS6_IA_MAG,116745,13.767000000007101,826.573799577024,728.2033986190476,1.135086434840217
(d),4,6,BUS6_IA_MAG,116746,13.80000000000291,829.7100864091113,728.2033986190476,1.1393933178320224
(d),4,6,BUS6_IA_MAG,116747,13.832999999999174,826.6869796472278,728.2033986190476,1.1352418585452124
(d),4,6,BUS6_IA_MAG,116748,13.86699999999837,823.1621308084593,728.2033986190476,1.1304013856149118
(d),4,6,BUS6_IA_MAG,116749,13.900000000008731,824.39533364451,728.2033986190476,1.1320948724049889
(d),4,6,BUS6_IA_MAG,116750,13.933000000004085,824.2120281039237,728.2033986190476,1.1318431494098287
(d),4,6,BUS6_IA_MAG,116751,13.967000000004191,822.09087192106,728.2033986190476,1.1289302871698472
(d),4,6,BUS6_IA_MAG,116752,14.0,829.6386056428291,728.2033986190476,1.1392951573916594
(d),4,6,BUS6_IA_MAG,116753,14.033000000010361,830.5393083668122,728.2033986190476,1.14053204083067
(d),4,6,BUS6_IA_MAG,116754,14.067000000010012,827.861488409296,728.2033986190476,1.1368547441267622
(d),4,6,BUS6_IA_MAG,116755,14.100000000006276,826.2257888079796,728.2033986190476,1.1346085315927117
(d),4,6,BUS6_IA_MAG,116756,14.13300000000163,826.6548947122251,728.2033986190476,1.1351977981424959
(d),4,6,BUS6_IA_MAG,116757,14.16700000000128,825.6439082811706,728.2033986190476,1.1338094684080129
(d),4,6,BUS6_IA_MAG,116758,14.200000000007094,824.3491325933919,728.2033986190476,1.1320314271488894
(d),4,6,BUS6_IA_MAG,116759,14.233000000006996,822.8197387748771,728.2033986190476,1.1299311982548534
(d),4,6,BUS6_IA_MAG,116760,14.267000000007101,823.1538867555549,728.2033986190476,1.130390064529457
(d),4,6,BUS6_IA_MAG,116761,14.30000000000291,822.1517257264807,728.2033986190476,1.1290138542138022
(d),4,6,BUS6_IA_MAG,116762,14.332999999999174,819.3250012209917,728.2033986190476,1.1251320754266536
(d),4,6,BUS6_IA_MAG,116763,14.36699999999837,821.3167958628827,728.2033986190476,1.127867292875059
(d),4,6,BUS6_IA_MAG,116764,14.400000000008731,827.3881698470225,728.2033986190476,1.1362047628671703
(d),4,6,BUS6_IA_MAG,116765,14.433000000004085,823.3546142043194,728.2033986190476,1.1306657120328125
(d),4,6,BUS6_IA_MAG,116766,14.467000000004191,821.2804484630333,728.2033986190476,1.1278173790736152
(d),4,6,BUS6_IA_MAG,116767,14.5,829.0044121792564,728.2033986190476,1.1384242558485256
(d),4,6,BUS6_IA_MAG,116768,14.533000000010361,825.790802070309,728.2033986190476,1.1340111892313667
(d),4,6,BUS6_IA_MAG,116769,14.567000000010012,830.6821326540406,728.2033986190476,1.1407281732402403
(d),4,6,BUS6_IA_MAG,116770,14.600000000006276,822.4198645883383,728.2033986190476,1.1293820739479674
(d),4,6,BUS6_IA_MAG,116771,14.63300000000163,823.7504584164795,728.2033986190476,1.131209302206809
(d),4,6,BUS6_IA_MAG,116772,14.66700000000128,824.3915398952194,728.2033986190476,1.1320896626664767
(d),4,6,BUS6_IA_MAG,116773,14.700000000007094,829.897762522392,728.2033986190476,1.1396510426842223
(d),4,6,BUS6_IA_MAG,116774,14.733000000006996,817.405823889741,728.2033986190476,1.122496579169852
(d),4,6,BUS6_IA_MAG,116775,14.767000000007101,820.4404682419307,728.2033986190476,1.1266638823683053
(d),4,6,BUS6_IA_MAG,116776,14.80000000000291,828.6741659941418,728.2033986190476,1.1379707476861896
(d),4,6,BUS6_IA_MAG,116777,14.832999999999174,826.7122347171905,728.2033986190476,1.1352765398856328
(d),4,6,BUS6_IA_MAG,116778,14.86699999999837,827.6537277169139,728.2033986190476,1.1365694382729636
(d),4,6,BUS6_IA_MAG,116779,14.900000000008731,823.6770395587342,728.2033986190476,1.131108480296496
(d),4,6,BUS6_IA_MAG,116780,14.933000000004085,823.6793318331225,728.2033986190476,1.131111628145562
(d),4,6,BUS6_IA_MAG,116781,14.967000000004191,821.4421017340609,728.2033986190476,1.1280393682477032
(d),4,6,BUS6_IA_MAG,116782,15.0,824.6822536526043,728.2033986190476,1.1324888832110886
(d),4,6,BUS6_IA_MAG,116783,15.033000000010361,820.4833566501504,728.2033986190476,1.1267227785617329
(d),4,6,BUS6_IA_MAG,116784,15.067000000010012,830.4644318263075,728.2033986190476,1.1404292171681512
(d),4,6,BUS6_IA_MAG,116785,15.100000000006276,822.4640230860864,728.2033986190476,1.1294427142825658
(d),4,6,BUS6_IA_MAG,116786,15.13300000000163,821.0393050207588,728.2033986190476,1.127486230602279
(d),4,6,BUS6_IA_MAG,116787,15.16700000000128,823.80051295276,728.2033986190476,1.1312780392332706
(d),4,6,BUS6_IA_MAG,116788,15.200000000007094,830.828113283831,728.2033986190476,1.140928640074187
(d),4,6,BUS6_IA_MAG,116789,15.233000000006996,821.9257826852718,728.2033986190476,1.12870357958224
(d),4,6,BUS6_IA_MAG,116790,15.267000000007101,818.5996817742928,728.2033986190476,1.12413603579257
(d),4,6,BUS6_IA_MAG,116791,15.30000000000291,829.5923338795095,728.2033986190476,1.1392316150305453
(d),4,6,BUS6_IA_MAG,116792,15.332999999999174,823.5679292341674,728.2033986190476,1.1309586453399798
(d),4,6,BUS6_IA_MAG,116793,15.36699999999837,827.2247291515512,728.2033986190476,1.1359803191255162
(d),4,6,BUS6_IA_MAG,116794,15.400000000008731,827.4269155615491,728.2033986190476,1.1362579701367328
(d),4,6,BUS6_IA_MAG,116795,15.433000000004085,825.1398949191563,728.2033986190476,1.1331173357388025
(d),4,6,BUS6_IA_MAG,116796,15.467000000004191,829.9576382470863,728.2033986190476,1.1397332665859616
(d),4,6,BUS6_IA_MAG,116797,15.5,822.6492896115986,728.2033986190476,1.129697130185957
(d),4,6,BUS6_IA_MAG,116798,15.533000000010361,827.1036765913667,728.2033986190476,1.1358140845811375
(d),4,6,BUS6_IA_MAG,116799,15.567000000010012,832.3647059203395,728.2033986190476,1.1430387546924687
(d),4,6,BUS6_IA_MAG,116800,15.600000000006276,827.8381745548628,728.2033986190476,1.1368227285463937
(d),4,6,BUS6_IA_MAG,116801,15.63300000000163,820.4071497825711,728.2033986190476,1.1266181280372725
(d),4,6,BUS6_IA_MAG,116802,15.66700000000128,824.1062382550884,728.2033986190476,1.131697874272366
(d),4,6,BUS6_IA_MAG,116803,15.700000000007094,824.5805226212161,728.2033986190476,1.1323491818150484
(d),4,6,BUS6_IA_MAG,116804,15.733000000006996,827.7460586159611,728.2033986190476,1.136696231005904
(d),4,6,BUS6_IA_MAG,116805,15.767000000007101,821.5278892923197,728.2033986190476,1.1281571753856836
(d),4,6,BUS6_IA_MAG,116806,15.80000000000291,817.9067255744374,728.2033986190476,1.1231844387509062
(d),4,6,BUS6_IA_MAG,116807,15.832999999999174,825.4264924399336,728.2033986190476,1.1335109036915485
(d),4,6,BUS6_IA_MAG,116808,15.86699999999837,825.3733411333457,728.2033986190476,1.1334379140478739
(d),4,6,BUS6_IA_MAG,116809,15.900000000008731,821.7448315714944,728.2033986190476,1.1284550897865036
(d),4,6,BUS6_IA_MAG,116810,15.933000000004085,823.9294982426226,728.2033986190476,1.1314551673407571
(d),4,6,BUS6_IA_MAG,116811,15.967000000004191,819.1454381693299,728.2033986190476,1.124885491777082
(d),4,6,BUS6_IA_MAG,116812,16.0,819.509780733352,728.2033986190476,1.12538582254279
(d),4,6,BUS6_IA_MAG,116813,16.03300000001036,827.0786926190466,728.2033986190476,1.1357797755235755
(d),4,6,BUS6_IA_MAG,116814,16.06700000001001,823.256766373002,728.2033986190476,1.1305313432129156
(d),4,6,BUS6_IA_MAG,116815,16.100000000006276,824.852622713291,728.2033986190476,1.1327228412796855
(d),4,6,BUS6_IA_MAG,116816,16.13300000000163,824.220847630784,728.2033986190476,1.1318552607606918
(d),4,6,BUS6_IA_MAG,116817,16.16700000000128,824.324788250025,728.2033986190476,1.1319979964571167
(d),4,6,BUS6_IA_MAG,116818,16.200000000007094,820.7550871303634,728.2033986190476,1.1270959304595796
(d),4,6,BUS6_IA_MAG,116819,16.233000000006996,823.3675338935092,728.2033986190476,1.1306834539016561
(d),4,6,BUS6_IA_MAG,116820,16.2670000000071,830.3952289088446,728.2033986190476,1.1403341847670472
(d),4,6,BUS6_IA_MAG,116821,16.30000000000291,818.8278449442225,728.2033986190476,1.1244493591996874
(d),4,6,BUS6_IA_MAG,116822,16.332999999999174,824.2455137380072,728.2033986190476,1.1318891333123304
(d),4,6,BUS6_IA_MAG,116823,16.36699999999837,825.1459983848682,728.2033986190476,1.1331257172785254
(d),4,6,BUS6_IA_MAG,116824,16.40000000000873,825.6382129929056,728.2033986190476,1.1338016473949883
(d),4,6,BUS6_IA_MAG,116825,16.433000000004085,830.357141707627,728.2033986190476,1.1402818817960778
(d),4,6,BUS6_IA_MAG,116826,16.46700000000419,827.7114978144048,728.2033986190476,1.1366487706375206
(d),4,6,BUS6_IA_MAG,116827,16.5,828.2276272365679,728.2033986190476,1.137357541597862
(d),4,6,BUS6_IA_MAG,116828,16.53300000001036,820.2323816986848,728.2033986190476,1.126378129042187
(d),4,6,BUS6_IA_MAG,116829,16.56700000001001,822.7514977161449,728.2033986190476,1.129837486719228
(d),4,6,BUS6_IA_MAG,116830,16.600000000006276,820.0682242601586,728.2033986190476,1.1261527010383663
(d),4,6,BUS6_IA_MAG,116831,16.63300000000163,828.9755559584818,728.2033986190476,1.1383846292540474
(d),4,6,BUS6_IA_MAG,116832,16.66700000000128,826.8488930711462,728.2033986190476,1.1354642049723584
(d),4,6,BUS6_IA_MAG,116833,16.700000000007094,829.6874387907369,728.2033986190476,1.1393622171554567
(d),4,6,BUS6_IA_MAG,116834,16.733000000006996,821.80853142272,728.2033986190476,1.1285425651420793
(d),4,6,BUS6_IA_MAG,116835,16.7670000000071,824.8738543500998,728.2033986190476,1.1327519974699054
(d),4,6,BUS6_IA_MAG,116836,16.80000000000291,819.5031593039604,728.2033986190476,1.125376729713226
(d),4,6,BUS6_IA_MAG,116837,16.832999999999174,820.5601016299757,728.2033986190476,1.126828168044906
(d),4,6,BUS6_IA_MAG,116838,16.86699999999837,827.5886440256528,728.2033986190476,1.1364800625691636
(d),4,6,BUS6_IA_MAG,116839,16.90000000000873,824.4803231801642,728.2033986190476,1.1322115836642543
(d),4,6,BUS6_IA_MAG,116840,16.933000000004085,826.8960892775032,728.2033986190476,1.1355290168181236
(d),4,6,BUS6_IA_MAG,116841,16.96700000000419,823.981372047301,728.2033986190476,1.1315264026642626
(d),4,6,BUS6_IA_MAG,116842,17.0,826.7054185364409,728.2033986190476,1.1352671796151883
(d),4,6,BUS6_IA_MAG,116843,17.03300000001036,822.360694296963,728.2033986190476,1.1293008187773823
(d),4,6,BUS6_IA_MAG,116844,17.06700000001001,820.2373708718343,728.2033986190476,1.126384980387785
(d),4,6,BUS6_IA_MAG,116845,17.100000000006276,821.1113613465786,728.2033986190476,1.1275851814255744
(d),4,6,BUS6_IA_MAG,116846,17.13300000000163,824.9683564457612,728.2033986190476,1.1328817717827424
(d),4,6,BUS6_IA_MAG,116847,17.16700000000128,823.7506650856209,728.2033986190476,1.1312095860136984
(d),4,6,BUS6_IA_MAG,116848,17.200000000007094,821.6477676826559,728.2033986190476,1.1283217975098916
(d),4,6,BUS6_IA_MAG,116849,17.233000000006996,828.549761326712,728.2033986190476,1.1377999098850122
(d),4,6,BUS6_IA_MAG,116850,17.2670000000071,819.3770457983263,728.2033986190476,1.1252035452624622
(d),4,6,BUS6_IA_MAG,116851,17.30000000000291,822.2925005442287,728.2033986190476,1.1292071722043733
(d),4,6,BUS6_IA_MAG,116852,17.332999999999174,828.9182289888976,728.2033986190476,1.1383059054116527
(d),4,6,BUS6_IA_MAG,116853,17.36699999999837,822.6489988344485,728.2033986190476,1.129696730878359
(d),4,6,BUS6_IA_MAG,116854,17.40000000000873,825.433355026305,728.2033986190476,1.1335203276881742
(d),4,6,BUS6_IA_MAG,116855,17.433000000004085,829.0402898750724,728.2033986190476,1.1384735246323352
(d),4,6,BUS6_IA_MAG,116856,17.46700000000419,828.2270247139135,728.2033986190476,1.1373567141880263
(d),4,6,BUS6_IA_MAG,116857,17.5,826.0363973286303,728.2033986190476,1.134348451126583
(d),4,6,BUS6_IA_MAG,116858,17.53300000001036,824.723496334003,728.2033986190476,1.1325455194221759
(d),4,6,BUS6_IA_MAG,116859,17.56700000001001,821.3769206843187,728.2033986190476,1.1279498588470802
(d),4,6,BUS6_IA_MAG,116860,17.600000000006276,823.5875424512357,728.2033986190476,1.1309855790471082
(d),4,6,BUS6_IA_MAG,116861,17.63300000000163,825.4097202854605,728.2033986190476,1.1334878714528844
(d),4,6,BUS6_IA_MAG,116862,17.66700000000128,824.1673525990118,728.2033986190476,1.1317817990989174
(d),4,6,BUS6_IA_MAG,116863,17.700000000007094,827.1626256585299,728.2033986190476,1.1358950359571884
(d),4,6,BUS6_IA_MAG,116864,17.733000000006996,824.0913276738282,728.2033986190476,1.1316773984255235
(d),4,6,BUS6_IA_MAG,116865,17.7670000000071,822.4411478436568,728.2033986190476,1.1294113010229287
(d),4,6,BUS6_IA_MAG,116866,17.80000000000291,832.3046314391398,728.2033986190476,1.1429562578498096
(d),4,6,BUS6_IA_MAG,116867,17.832999999999174,826.7847913890008,728.2033986190476,1.1353761778054061
(d),4,6,BUS6_IA_MAG,116868,17.86699999999837,831.2099977529294,728.2033986190476,1.1414530601329544
(d),4,6,BUS6_IA_MAG,116869,17.90000000000873,827.8489016077759,728.2033986190476,1.1368374593934805
(d),4,6,BUS6_IA_MAG,116870,17.933000000004085,821.8661643588347,728.2033986190476,1.128621709150778
(d),4,6,BUS6_IA_MAG,116871,17.96700000000419,830.3903982515044,728.2033986190476,1.140327551102127
(d),4,6,BUS6_IA_MAG,116872,18.0,820.1944594292237,728.2033986190476,1.1263260525625483
(d),4,6,BUS6_IA_MAG,116873,18.03300000001036,824.6494750580127,728.2033986190476,1.1324438702454065
(d),4,6,BUS6_IA_MAG,116874,18.06700000001001,824.3988437232777,728.2033986190476,1.132099692595027
(d),4,6,BUS6_IA_MAG,116875,18.100000000006276,827.7452138190393,728.2033986190476,1.1366950708946995
(d),4,6,BUS6_IA_MAG,116876,18.13300000000163,823.5346589600736,728.2033986190476,1.1309129571790115
(d),4,6,BUS6_IA_MAG,116877,18.16700000000128,824.5502749926744,728.2033986190476,1.132307644480014
(d),4,6,BUS6_IA_MAG,116878,18.200000000007094,826.5523550257066,728.2033986190476,1.1350569862667028
(d),4,6,BUS6_IA_MAG,116879,18.233000000006996,826.7062214863016,728.2033986190476,1.1352682822602216
(d),4,6,BUS6_IA_MAG,116880,18.2670000000071,823.9410820715017,728.2033986190476,1.1314710747491834
(d),4,6,BUS6_IA_MAG,116881,18.30000000000291,830.4715172314006,728.2033986190476,1.1404389471489595
(d),4,6,BUS6_IA_MAG,116882,18.332999999999174,821.111922883093,728.2033986190476,1.1275859525514926
(d),4,6,BUS6_IA_MAG,116883,18.36699999999837,817.7558865772758,728.2033986190476,1.1229773001994416
(d),4,6,BUS6_IA_MAG,116884,18.40000000000873,822.1272086606319,728.2033986190476,1.1289801863321427
(d),4,6,BUS6_IA_MAG,116885,18.433000000004085,826.6848566313796,728.2033986190476,1.1352389431292007
(d),4,6,BUS6_IA_MAG,116886,18.46700000000419,824.0043594533555,728.2033986190476,1.1315579699517788
(d),4,6,BUS6_IA_MAG,116887,18.5,820.146527399703,728.2033986190476,1.1262602302529965
(d),4,6,BUS6_IA_MAG,116888,18.53300000001036,819.2519587078898,728.2033986190476,1.125031770328874
(d),4,6,BUS6_IA_MAG,116889,18.56700000001001,822.5979244369473,728.2033986190476,1.1296265933349225
(d),4,6,BUS6_IA_MAG,116890,18.600000000006276,827.364831460514,728.2033986190476,1.1361727135983084
(d),4,6,BUS6_IA_MAG,116891,18.63300000000163,823.479440597713,728.2033986190476,1.1308371289660901
(d),4,6,BUS6_IA_MAG,116892,18.66700000000128,826.5023040956052,728.2033986190476,1.1349882541924001
(d),4,6,BUS6_IA_MAG,116893,18.700000000007094,824.3264819723927,728.2033986190476,1.1320003223489912
(d),4,6,BUS6_IA_MAG,116894,18.733000000006996,824.3257706666611,728.2033986190476,1.131999345553589
(d),4,6,BUS6_IA_MAG,116895,18.7670000000071,821.9610614171835,728.2033986190476,1.1287520258432415
(d),4,6,BUS6_IA_MAG,116896,18.80000000000291,822.6387571793707,728.2033986190476,1.1296826666003053
(d),4,6,BUS6_IA_MAG,116897,18.832999999999174,831.2994524513299,728.2033986190476,1.1415759031443578
(d),4,6,BUS6_IA_MAG,116898,18.86699999999837,818.1175670686538,728.2033986190476,1.1234739752933287
(d),4,6,BUS6_IA_MAG,116899,18.90000000000873,824.9928225014729,728.2033986190476,1.1329153696151035
(d),4,6,BUS6_IA_MAG,116900,18.933000000004085,828.9488950064667,728.2033986190476,1.1383480172963643
(d),4,6,BUS6_IA_MAG,116901,18.96700000000419,821.6514836339863,728.2033986190476,1.1283269004129233
(d),4,6,BUS6_IA_MAG,116902,19.0,826.4437671205409,728.2033986190476,1.134907868718815
(d),4,6,BUS6_IA_MAG,116903,19.03300000001036,826.9091504256968,728.2033986190476,1.1355469529445112
(d),4,6,BUS6_IA_MAG,116904,19.06700000001001,825.5973364352742,728.2033986190476,1.1337455139606913
(d),4,6,BUS6_IA_MAG,116905,19.100000000006276,830.51631780741,728.2033986190476,1.140500469212842
(d),4,6,BUS6_IA_MAG,116906,19.13300000000163,823.9461574072512,728.2033986190476,1.1314780444169426
(d),4,6,BUS6_IA_MAG,116907,19.16700000000128,824.7120659942896,728.2033986190476,1.1325298227916258
(d),4,6,BUS6_IA_MAG,116908,19.200000000007094,825.4371030135186,728.2033986190476,1.1335254745842485
(d),4,6,BUS6_IA_MAG,116909,19.233000000006996,823.6423757890307,728.2033986190476,1.1310608785278562
(d),4,6,BUS6_IA_MAG,116910,19.2670000000071,821.9533156195041,728.2033986190476,1.1287413889831361
(d),4,6,BUS6_IA_MAG,116911,19.30000000000291,823.3188197633799,728.2033986190476,1.1306165575781542
(d),4,6,BUS6_IA_MAG,116912,19.332999999999174,827.8126185670939,728.2033986190476,1.1367876339727931
(d),4,6,BUS6_IA_MAG,116913,19.36699999999837,826.9851936003023,728.2033986190476,1.1356513786787905
(d),4,6,BUS6_IA_MAG,116914,19.40000000000873,824.373247400614,728.2033986190476,1.132064542631827
(d),4,6,BUS6_IA_MAG,116915,19.433000000004085,822.5786800408173,728.2033986190476,1.1296001661084545
(d),4,6,BUS6_IA_MAG,116916,19.46700000000419,830.5573604702555,728.2033986190476,1.1405568307499117
(d),4,6,BUS6_IA_MAG,116917,19.5,824.1334716696224,728.2033986190476,1.1317352723600234
(d),4,6,BUS6_IA_MAG,116918,19.53300000001036,829.7781230411138,728.2033986190476,1.1394867486401337
(d),4,6,BUS6_IA_MAG,116919,19.56700000001001,826.6270962945919,728.2033986190476,1.135159624168458
(d),4,6,BUS6_IA_MAG,116920,19.600000000006276,824.3758070970091,728.2033986190476,1.1320680577162112
(d),4,6,BUS6_IA_MAG,116921,19.63300000000163,819.9901539687568,728.2033986190476,1.126045491580748
(d),4,6,BUS6_IA_MAG,116922,19.66700000000128,826.71657109482,728.2033986190476,1.1352824947845495
(d),4,6,BUS6_IA_MAG,116923,19.700000000007094,821.5168496329668,728.2033986190476,1.128142015254086
(d),4,6,BUS6_IA_MAG,116924,19.733000000006996,826.5028621043887,728.2033986190476,1.1349890204738875
(d),4,6,BUS6_IA_MAG,116925,19.7670000000071,827.5027655527836,728.2033986190476,1.1363621305833584
(d),4,6,BUS6_IA_MAG,116926,19.80000000000291,821.0106983617269,728.2033986190476,1.127446946716642
(d),4,6,BUS6_IA_MAG,116927,19.832999999999174,824.847632810918,728.2033986190476,1.1327159889326868
(d),4,6,BUS6_IA_MAG,116928,19.86699999999837,829.4631027098748,728.2033986190476,1.1390541492704571
(d),4,6,BUS6_IA_MAG,116929,19.90000000000873,821.8702605903381,728.2033986190476,1.1286273342707804
(d),4,6,BUS6_IA_MAG,116930,19.933000000004085,827.8050636515155,728.2033986190476,1.1367772592401393
(d),4,6,BUS6_IA_MAG,116931,19.96700000000419,829.1669902811021,728.2033986190476,1.1386475150397817
(d),4,6,BUS6_IA_MAG,116932,20.0,825.7533845996771,728.2033986190476,1.133959805963034
(d),4,6,BUS6_IA_MAG,116933,20.03300000001036,827.8829087612311,728.2033986190476,1.1368841594686512
(d),4,6,BUS6_IA_MAG,116934,20.06700000001001,823.0421145392718,728.2033986190476,1.130236574149578
(d),4,6,BUS6_IA_MAG,116935,20.100000000006276,830.897980077824,728.2033986190476,1.1410245841388884
(d),4,6,BUS6_IA_MAG,116936,20.13300000000163,826.4152773729252,728.2033986190476,1.1348687453809265
(d),4,6,BUS6_IA_MAG,116937,20.16700000000128,822.7288494647439,728.2033986190476,1.1298063851733633
(d),4,6,BUS6_IA_MAG,116938,20.200000000007094,821.5046995803999,728.2033986190476,1.1281253302831151
(d),4,6,BUS6_IA_MAG,116939,20.233000000006996,826.1539018628968,728.2033986190476,1.1345098133702765
(d),4,6,BUS6_IA_MAG,116940,20.2670000000071,822.6242287767823,728.2033986190476,1.1296627155775334
(d),4,6,BUS6_IA_MAG,116941,20.30000000000291,828.747966068314,728.2033986190476,1.1380720930991772
(d),4,6,BUS6_IA_MAG,116942,20.332999999999174,820.495637892215,728.2033986190476,1.1267396436877235
(d),4,6,BUS6_IA_MAG,116943,20.36699999999837,824.4237064133431,728.2033986190476,1.1321338351026184
(d),4,6,BUS6_IA_MAG,116944,20.40000000000873,827.1647967658489,728.2033986190476,1.1358980174144615
(d),4,6,BUS6_IA_MAG,116945,20.433000000004085,827.6649752948899,728.2033986190476,1.1365848839272923
(d),4,6,BUS6_IA_MAG,116946,20.46700000000419,826.3181199847967,728.2033986190476,1.1347353247070973
(d),4,6,BUS6_IA_MAG,116947,20.5,828.4416421157803,728.2033986190476,1.137651435968059
(d),4,6,BUS6_IA_MAG,116948,20.53300000001036,823.0444556165469,728.2033986190476,1.130239789016852
(d),4,6,BUS6_IA_MAG,116949,20.56700000001001,822.8958540066086,728.2033986190476,1.130035722941055
(d),4,6,BUS6_IA_MAG,116950,20.600000000006276,824.0548145444538,728.2033986190476,1.1316272570372197
(d),4,6,BUS6_IA_MAG,116951,20.63300000000163,826.5198507494049,728.2033986190476,1.1350123500066094
(d),4,6,BUS6_IA_MAG,116952,20.66700000000128,824.4650957953495,728.2033986190476,1.1321906727692441
(d),4,6,BUS6_IA_MAG,116953,20.700000000007094,827.4318884998708,728.2033986190476,1.136264799187972
(d),4,6,BUS6_IA_MAG,116954,20.733000000006996,821.8787629425016,728.2033986190476,1.1286390100638068
(d),4,6,BUS6_IA_MAG,116955,20.7670000000071,819.4095184184961,728.2033986190476,1.1252481380510038
(d),4,6,BUS6_IA_MAG,116956,20.80000000000291,828.9072934044177,728.2033986190476,1.1382908882001146
(d),4,6,BUS6_IA_MAG,116957,20.832999999999174,825.3932574371674,728.2033986190476,1.1334652639666734
(d),4,6,BUS6_IA_MAG,116958,20.86699999999837,826.9103211774434,728.2033986190476,1.1355485606707987
(d),4,6,BUS6_IA_MAG,116959,20.90000000000873,833.976824548216,728.2033986190476,1.1452525848269253
(d),4,6,BUS6_IA_MAG,116960,20.933000000004085,830.663369789874,728.2033986190476,1.140702407274025
(d),4,6,BUS6_IA_MAG,116961,20.96700000000419,827.0513266146615,728.2033986190476,1.1357421953578732
(d),4,6,BUS6_IA_MAG,116962,21.0,823.5150863534568,728.2033986190476,1.1308860792398892
(d),4,6,BUS6_IA_MAG,116963,21.03300000001036,819.9946132299831,728.2033986190476,1.1260516152286666
(d),4,6,BUS6_IA_MAG,116964,21.06700000001001,826.3280269875726,728.2033986190476,1.1347489294263209
(d),4,6,BUS6_IA_MAG,116965,21.100000000006276,821.8281416168815,728.2033986190476,1.128569494698023
(d),4,6,BUS6_IA_MAG,116966,21.13300000000163,826.3379768223892,728.2033986190476,1.1347625929643317
(d),4,6,BUS6_IA_MAG,116967,21.16700000000128,824.5873541051658,728.2033986190476,1.1323585631005006
(d),4,6,BUS6_IA_MAG,116968,21.200000000007094,826.0981927086813,728.2033986190476,1.134433311181024
(d),4,6,BUS6_IA_MAG,116969,21.233000000006996,822.2661700918422,728.2033986190476,1.1291710141028917
(d),4,6,BUS6_IA_MAG,116970,21.2670000000071,821.6984817722152,728.2033986190476,1.128391440263078
(d),4,6,BUS6_IA_MAG,116971,21.30000000000291,819.8551420831917,728.2033986190476,1.1258600874947178
(d),4,6,BUS6_IA_MAG,116972,21.332999999999174,824.0113182577447,728.2033986190476,1.131567526079095
(d),4,6,BUS6_IA_MAG,116973,21.36699999999837,824.8357250957274,728.2033986190476,1.1326996367497484
(d),4,6,BUS6_IA_MAG,116974,21.40000000000873,822.6116640389049,728.2033986190476,1.1296454611429878
(d),4,6,BUS6_IA_MAG,116975,21.433000000004085,826.6993253598295,728.2033986190476,1.1352588122048974
(d),4,6,BUS6_IA_MAG,116976,21.46700000000419,818.851550422813,728.2033986190476,1.1244819125750705
(d),4,6,BUS6_IA_MAG,116977,21.5,820.8573095616515,728.2033986190476,1.127236306666944
(d),4,6,BUS6_IA_MAG,116978,21.53300000001036,823.9847519826318,728.2033986190476,1.1315310441357762
(d),4,6,BUS6_IA_MAG,116979,21.56700000001001,823.7968912190738,728.2033986190476,1.1312730657139312
(d),4,6,BUS6_IA_MAG,116980,21.600000000006276,825.6189620523531,728.2033986190476,1.1337752111814403
(d),4,6,BUS6_IA_MAG,116981,21.63300000000163,823.8720217371426,728.2033986190476,1.1313762381492856
(d),4,6,BUS6_IA_MAG,116982,21.66700000000128,820.9396191480246,728.2033986190476,1.1273493377054273
(d),4,6,BUS6_IA_MAG,116983,21.700000000007094,823.1863302871789,728.2033986190476,1.1304346173723652
(d),4,6,BUS6_IA_MAG,116984,21.733000000006996,824.7766657044288,728.2033986190476,1.132618533871884
(d),4,6,BUS6_IA_MAG,116985,21.7670000000071,825.1841048455196,728.2033986190476,1.1331780466973713
(d),4,6,BUS6_IA_MAG,116986,21.80000000000291,822.7497868994476,728.2033986190476,1.1298351373526905
(d),4,6,BUS6_IA_MAG,116987,21.832999999999174,826.3841280675881,728.2033986190476,1.1348259698248164
(d),4,6,BUS6_IA_MAG,116988,21.86699999999837,824.5425752053212,728.2033986190476,1.1322970708032531
(d),4,6,BUS6_IA_MAG,116989,21.90000000000873,825.2952668858119,728.2033986190476,1.133330699157526
(d),4,6,BUS6_IA_MAG,116990,21.933000000004085,828.8604455873625,728.2033986190476,1.1382265547774142
(d),4,6,BUS6_IA_MAG,116991,21.96700000000419,820.4715368378747,728.2033986190476,1.1267065470908306
(d),4,6,BUS6_IA_MAG,116992,22.0,826.1179108157621,728.2033986190476,1.1344603889275964
(d),4,6,BUS6_IA_MAG,116993,22.03300000001036,820.7314298825729,728.2033986190476,1.1270634433167903
(d),4,6,BUS6_IA_MAG,116994,22.06700000001001,830.6223850924664,728.2033986190476,1.1406461253375697
(d),4,6,BUS6_IA_MAG,116995,22.100000000006276,821.2545319275599,728.2033986190476,1.1277817893805122
(d),4,6,BUS6_IA_MAG,116996,22.13300000000163,823.6756585288049,728.2033986190476,1.1311065838072292
(d),4,6,BUS6_IA_MAG,116997,22.16700000000128,827.3557527585192,728.2033986190476,1.1361602463370846
(d),4,6,BUS6_IA_MAG,116998,22.200000000007094,827.8073022348854,728.2033986190476,1.1367803333584063
(d),4,6,BUS6_IA_MAG,116999,22.233000000006996,833.6374212024399,728.2033986190476,1.144786501660574
(d),4,6,BUS6_IA_MAG,117000,22.2670000000071,828.0390052593109,728.2033986190476,1.137098517844863
(d),4,6,BUS6_IA_MAG,117001,22.30000000000291,832.5831702114766,728.2033986190476,1.1433387591851027
(d),4,6,BUS6_IA_MAG,117002,22.332999999999174,823.6728814108666,728.2033986190476,1.1311027701502983
(d),4,6,BUS6_IA_MAG,117003,22.36699999999837,829.6638759086286,728.2033986190476,1.1393298595996517
(d),4,6,BUS6_IA_MAG,117004,22.40000000000873,829.5512535589296,728.2033986190476,1.1391752017802668
(d),4,6,BUS6_IA_MAG,117005,22.433000000004085,825.6272807668959,728.2033986190476,1.1337866347954448
(d),4,6,BUS6_IA_MAG,117006,22.46700000000419,821.8468889620066,728.2033986190476,1.1285952393528278
(d),4,6,BUS6_IA_MAG,117007,22.5,826.2664409782404,728.2033986190476,1.1346643568886907
(d),4,6,BUS6_IA_MAG,117008,22.53300000001036,829.2763795742457,728.2033986190476,1.1387977330878587
(d),4,6,BUS6_IA_MAG,117009,22.56700000001001,824.4682178208847,728.2033986190476,1.1321949600680141
(d),4,6,BUS6_IA_MAG,117010,22.600000000006276,823.4945287514691,728.2033986190476,1.1308578486630658
(d),4,6,BUS6_IA_MAG,117011,22.63300000000163,832.2116727055214,728.2033986190476,1.142828602947629
(d),4,6,BUS6_IA_MAG,117012,22.66700000000128,822.0915767911862,728.2033986190476,1.1289312551276012
(d),4,6,BUS6_IA_MAG,117013,22.700000000007094,826.2015888145966,728.2033986190476,1.1345752991285005
(d),4,6,BUS6_IA_MAG,117014,22.733000000006996,825.7525072803429,728.2033986190476,1.1339586011906644
(d),4,6,BUS6_IA_MAG,117015,22.7670000000071,823.8349214673035,728.2033986190476,1.1313252904746256
(d),4,6,BUS6_IA_MAG,117016,22.80000000000291,824.4284734817725,728.2033986190476,1.1321403814445312
(d),4,6,BUS6_IA_MAG,117017,22.832999999999174,822.1164706239749,728.2033986190476,1.12896544040171
(d),4,6,BUS6_IA_MAG,117018,22.86699999999837,823.7062559284989,728.2033986190476,1.1311486014629446
(d),4,6,BUS6_IA_MAG,117019,22.90000000000873,823.5505219204393,728.2033986190476,1.1309347408735064
(d),4,6,BUS6_IA_MAG,117020,22.933000000004085,826.1793836849611,728.2033986190476,1.1345448060963648
(d),4,6,BUS6_IA_MAG,117021,22.96700000000419,824.5630544087602,728.2033986190476,1.1323251937198417
(d),4,6,BUS6_IA_MAG,117022,23.0,826.8313552155923,728.2033986190476,1.1354401212402758
(d),4,6,BUS6_IA_MAG,117023,23.03300000001036,830.5819321431721,728.2033986190476,1.1405905736203283
(d),4,6,BUS6_IA_MAG,117024,23.06700000001001,825.779245532393,728.2033986190476,1.1339953193000563
(d),4,6,BUS6_IA_MAG,117025,23.100000000006276,814.5153152561809,728.2033986190476,1.1185272092945648
(d),4,6,BUS6_IA_MAG,117026,23.13300000000163,823.86475051654,728.2033986190476,1.1313662529986854
(d),4,6,BUS6_IA_MAG,117027,23.16700000000128,826.7425263146775,728.2033986190476,1.1353181376007004
(d),4,6,BUS6_IA_MAG,117028,23.200000000007094,824.1073703927657,728.2033986190476,1.1316994289721647
(d),4,6,BUS6_IA_MAG,117029,23.233000000006996,822.9239480079123,728.2033986190476,1.13007430282321
(d),4,6,BUS6_IA_MAG,117030,23.2670000000071,818.0432315859614,728.2033986190476,1.1233718946345
(d),4,6,BUS6_IA_MAG,117031,23.30000000000291,825.4184395370919,728.2033986190476,1.1334998451015215
(d),4,6,BUS6_IA_MAG,117032,23.332999999999174,825.1277390109042,728.2033986190476,1.1331006427265544
(d),4,6,BUS6_IA_MAG,117033,23.36699999999837,827.5329444771523,728.2033986190476,1.136403573570889
(d),4,6,BUS6_IA_MAG,117034,23.40000000000873,821.1150134083624,728.2033986190476,1.1275901965927526
(d),4,6,BUS6_IA_MAG,117035,23.433000000004085,824.8401201831651,728.2033986190476,1.1327056722714806
(d),4,6,BUS6_IA_MAG,117036,23.46700000000419,820.6184799432746,728.2033986190476,1.1269083356373801
(d),4,6,BUS6_IA_MAG,117037,23.5,820.6141175222075,728.2033986190476,1.126902344974503
(d),4,6,BUS6_IA_MAG,117038,23.53300000001036,823.279531551156,728.2033986190476,1.13056260532759
(d),4,6,BUS6_IA_MAG,117039,23.56700000001001,827.6806237756283,728.2033986190476,1.136606373089205
(d),4,6,BUS6_IA_MAG,117040,23.600000000006276,822.5968379998682,728.2033986190476,1.1296251013931364
(d),4,6,BUS6_IA_MAG,117041,23.63300000000163,826.3868027590023,728.2033986190476,1.134829642825271
(d),4,6,BUS6_IA_MAG,117042,23.66700000000128,822.9522893428351,728.2033986190476,1.1301132223544517
(d),4,6,BUS6_IA_MAG,117043,23.700000000007094,821.7187302154546,728.2033986190476,1.1284192462899072
(d),4,6,BUS6_IA_MAG,117044,23.733000000006996,820.5160151611972,728.2033986190476,1.1267676266235638
(d),4,6,BUS6_IA_MAG,117045,23.7670000000071,822.6179382041624,728.2033986190476,1.1296540770946153
(d),4,6,BUS6_IA_MAG,117046,23.80000000000291,821.7042665039792,728.2033986190476,1.128399384103734
(d),4,6,BUS6_IA_MAG,117047,23.832999999999174,819.590877941111,728.2033986190476,1.125497188691194
(d),4,6,BUS6_IA_MAG,117048,23.86699999999837,827.1626249514158,728.2033986190476,1.1358950349861492
(d),4,6,BUS6_IA_MAG,117049,23.90000000000873,822.4664467281553,728.2033986190476,1.1294460425313404
(d),4,6,BUS6_IA_MAG,117050,23.933000000004085,820.634137371761,728.2033986190476,1.1269298370867227
(d),4,6,BUS6_IA_MAG,117051,23.96700000000419,821.7409466074721,728.2033986190476,1.128449754788027
(d),4,6,BUS6_IA_MAG,117052,24.0,825.2296020814521,728.2033986190476,1.1332405254444065
(d),4,6,BUS6_IA_MAG,117053,24.03300000001036,818.4583906052678,728.2033986190476,1.1239420087263783
(d),4,6,BUS6_IA_MAG,117054,24.06700000001001,822.5821918414447,728.2033986190476,1.129604988663024
(d),4,6,BUS6_IA_MAG,117055,24.100000000006276,823.016381573292,728.2033986190476,1.1302012365419418
(d),4,6,BUS6_IA_MAG,117056,24.13300000000163,822.4415300626073,728.2033986190476,1.1294118259023116
(d),4,6,BUS6_IA_MAG,117057,24.16700000000128,819.1131560604532,728.2033986190476,1.124841160606783
(d),4,6,BUS6_IA_MAG,117058,24.200000000007094,826.9139684944311,728.2033986190476,1.1355535693222203
(d),4,6,BUS6_IA_MAG,117059,24.233000000006996,822.0554567695453,728.2033986190476,1.128881653571622
(d),4,6,BUS6_IA_MAG,117060,24.2670000000071,826.090480953208,728.2033986190476,1.1344227210691298
(d),4,6,BUS6_IA_MAG,117061,24.30000000000291,824.5962954650607,728.2033986190476,1.1323708417576888
(d),4,6,BUS6_IA_MAG,117062,24.332999999999174,826.6358862339328,728.2033986190476,1.135171694888476
(d),4,6,BUS6_IA_MAG,117063,24.36699999999837,823.9082770861918,728.2033986190476,1.13142602554264
(d),4,6,BUS6_IA_MAG,117064,24.40000000000873,822.7297751393214,728.2033986190476,1.1298076563492179
(d),4,6,BUS6_IA_MAG,117065,24.433000000004085,826.6860130147212,728.2033986190476,1.1352405311241809
(d),4,6,BUS6_IA_MAG,117066,24.46700000000419,826.4086651927687,728.2033986190476,1.134859665252807
(d),4,6,BUS6_IA_MAG,117067,24.5,824.7208741474553,728.2033986190476,1.1325419185236458
(d),4,6,BUS6_IA_MAG,117068,24.53300000001036,825.8874291658286,728.2033986190476,1.1341438816847427
(d),4,6,BUS6_IA_MAG,117069,24.56700000001001,828.36899151045,728.2033986190476,1.1375516690547651
(d),4,6,BUS6_IA_MAG,117070,24.600000000006276,822.0580730300236,728.2033986190476,1.1288852463322203
(d),4,6,BUS6_IA_MAG,117071,24.63300000000163,823.7598610064645,728.2033986190476,1.1312222142448505
(d),4,6,BUS6_IA_MAG,117072,24.66700000000128,820.5410485200019,728.2033986190476,1.1268020035007553
(d),4,6,BUS6_IA_MAG,117073,24.700000000007094,819.9226947321082,728.2033986190476,1.1259528536765904
(d),4,6,BUS6_IA_MAG,117074,24.733000000006996,822.2571492805216,728.2033986190476,1.1291586263396134
(d),4,6,BUS6_IA_MAG,117075,24.7670000000071,822.3061395619529,728.2033986190476,1.1292259018858746
(d),4,6,BUS6_IA_MAG,117076,24.80000000000291,820.0043966237844,728.2033986190476,1.1260650502027685
(d),4,6,BUS6_IA_MAG,117077,24.832999999999174,822.525653464561,728.2033986190476,1.129527347749797
(d),4,6,BUS6_IA_MAG,117078,24.86699999999837,824.4911803252658,728.2033986190476,1.132226493159489
(d),4,6,BUS6_IA_MAG,117079,24.90000000000873,820.3312180948278,728.2033986190476,1.1265138554015126
(d),4,6,BUS6_IA_MAG,117080,24.933000000004085,823.7146199589315,728.2033986190476,1.1311600873066643
(d),4,6,BUS6_IA_MAG,117081,24.96700000000419,823.781772514527,728.2033986190476,1.1312523040633051
(d),4,6,BUS6_IA_MAG,117082,25.0,822.696345248229,728.2033986190476,1.1297617489953717
(d),4,6,BUS6_IA_MAG,117083,25.03300000001036,823.8070883076559,728.2033986190476,1.13128706879137
(d),4,6,BUS6_IA_MAG,117084,25.06700000001001,828.4508976862791,728.2033986190476,1.1376641461126646
(d),4,6,BUS6_IA_MAG,117085,25.100000000006276,818.5743697373811,728.2033986190476,1.124101276222703
(d),4,6,BUS6_IA_MAG,117086,25.13300000000163,826.3286936980359,728.2033986190476,1.1347498449815965
(d),4,6,BUS6_IA_MAG,117087,25.16700000000128,825.1905292991643,728.2033986190476,1.1331868690314293
(d),4,6,BUS6_IA_MAG,117088,25.200000000007094,823.1346904319199,728.2033986190476,1.1303637033181917
(d),4,6,BUS6_IA_MAG,117089,25.233000000006996,821.8697055985597,728.2033986190476,1.128626572132373
(d),4,6,BUS6_IA_MAG,117090,25.2670000000071,822.4239554163966,728.2033986190476,1.1293876916477281
(d),4,6,BUS6_IA_MAG,117091,25.30000000000291,825.5769485287451,728.2033986190476,1.1337175164169173
(d),4,6,BUS6_IA_MAG,117092,25.332999999999174,822.4946075936398,728.2033986190476,1.1294847142342435
(d),4,6,BUS6_IA_MAG,117093,25.36699999999837,821.3660557120472,728.2033986190476,1.1279349386032416
(d),4,6,BUS6_IA_MAG,117094,25.40000000000873,820.8171533913053,728.2033986190476,1.127181162499226
(d),4,6,BUS6_IA_MAG,117095,25.433000000004085,822.2388006048836,728.2033986190476,1.1291334291547708
(d),4,6,BUS6_IA_MAG,117096,25.46700000000419,821.2066633724506,728.2033986190476,1.1277160542367324
(d),4,6,BUS6_IA_MAG,117097,25.5,823.9846698003099,728.2033986190476,1.1315309312795028
(d),4,6,BUS6_IA_MAG,117098,25.53300000001036,826.272496292631,728.2033986190476,1.1346726723049632
(d),4,6,BUS6_IA_MAG,117099,25.56700000001001,823.5892224494863,728.2033986190476,1.130987886092439
(d),4,6,BUS6_IA_MAG,117100,25.600000000006276,822.3002650912593,728.2033986190476,1.1292178348118884
(d),4,6,BUS6_IA_MAG,117101,25.63300000000163,823.2090863196995,728.2033986190476,1.1304658669278653
(d),4,6,BUS6_IA_MAG,117102,25.66700000000128,825.850825093538,728.2033986190476,1.1340936154097432
(d),4,6,BUS6_IA_MAG,117103,25.700000000007094,822.6698192119042,728.2033986190476,1.1297253223096748
(d),4,6,BUS6_IA_MAG,117104,25.733000000006996,827.1503627620256,728.2033986190476,1.1358781960241044
(d),4,6,BUS6_IA_MAG,117105,25.7670000000071,827.7450420886239,728.2033986190476,1.1366948350671604
(d),4,6,BUS6_IA_MAG,117106,25.80000000000291,822.3051512284906,728.2033986190476,1.1292245446641638
(d),4,6,BUS6_IA_MAG,117107,25.832999999999174,824.5364382529515,728.2033986190476,1.1322886432782218
(d),4,6,BUS6_IA_MAG,117108,25.86699999999837,819.8519912189091,728.2033986190476,1.1258557605933486
(d),4,6,BUS6_IA_MAG,117109,25.90000000000873,820.2724833060427,728.2033986190476,1.1264331982816798
(d),4,6,BUS6_IA_MAG,117110,25.933000000004085,817.9798014029332,728.2033986190476,1.1232847895988072
(d),4,6,BUS6_IA_MAG,117111,25.96700000000419,821.3173688691684,728.2033986190476,1.1278680797517568
(d),4,6,BUS6_IA_MAG,117112,26.0,824.476938490234,728.2033986190476,1.132206935663522
(d),4,6,BUS6_IA_MAG,117113,26.03300000001036,826.1433048027582,728.2033986190476,1.1344952610348182
(d),4,6,BUS6_IA_MAG,117114,26.06700000001001,822.7690119727727,728.2033986190476,1.1298615380442576
(d),4,6,BUS6_IA_MAG,117115,26.100000000006276,828.9234939297475,728.2033986190476,1.1383131354532317
(d),4,6,BUS6_IA_MAG,117116,26.13300000000163,822.2604744477512,728.2033986190476,1.1291631926012318
(d),4,6,BUS6_IA_MAG,117117,26.16700000000128,828.9190583633349,728.2033986190476,1.1383070443440428
(d),4,6,BUS6_IA_MAG,117118,26.200000000007094,819.9246157886485,728.2033986190476,1.125955491753457
(d),4,6,BUS6_IA_MAG,117119,26.233000000006996,827.3315419200256,728.2033986190476,1.1361269989799045
(d),4,6,BUS6_IA_MAG,117120,26.2670000000071,823.4459833916301,728.2033986190476,1.1307911841021325
(d),4,6,BUS6_IA_MAG,117121,26.30000000000291,823.7918726120575,728.2033986190476,1.1312661739484906
(d),4,6,BUS6_IA_MAG,117122,26.332999999999174,827.79334383218,728.2033986190476,1.1367611650838119
(d),4,6,BUS6_IA_MAG,117123,26.36699999999837,823.4835929735551,728.2033986190476,1.1308428311858958
(d),4,6,BUS6_IA_MAG,117124,26.40000000000873,822.9580576561259,728.2033986190476,1.1301211436485594
(d),4,6,BUS6_IA_MAG,117125,26.433000000004085,822.8983885396626,728.2033986190476,1.1300392034700648
(d),4,6,BUS6_IA_MAG,117126,26.46700000000419,817.2856045878556,728.2033986190476,1.1223314888913483
(d),4,6,BUS6_IA_MAG,117127,26.5,819.7400342474563,728.2033986190476,1.1257020164997817
(d),4,6,BUS6_IA_MAG,117128,26.53300000001036,826.0873128796421,728.2033986190476,1.1344183705352378
(d),4,6,BUS6_IA_MAG,117129,26.56700000001001,820.8301979262966,728.2033986190476,1.127199075811655
(d),4,6,BUS6_IA_MAG,117130,26.600000000006276,821.0983111300437,728.2033986190476,1.1275672603110072
(d),4,6,BUS6_IA_MAG,117131,26.63300000000163,825.8065608378442,728.2033986190476,1.1340328298438178
(d),4,6,BUS6_IA_MAG,117132,26.66700000000128,822.3631356205818,728.2033986190476,1.129304171307216
(d),4,6,BUS6_IA_MAG,117133,26.700000000007094,823.5672682634771,728.2033986190476,1.1309577376668056
(d),4,6,BUS6_IA_MAG,117134,26.733000000006996,820.4015676509254,728.2033986190476,1.1266104624157494
(d),4,6,BUS6_IA_MAG,117135,26.7670000000071,823.852103334263,728.2033986190476,1.13134888534797
(d),4,6,BUS6_IA_MAG,117136,26.80000000000291,825.8170054575444,728.2033986190476,1.134047172841557
(d),4,6,BUS6_IA_MAG,117137,26.832999999999174,825.160813949487,728.2033986190476,1.1331460626444587
(d),4,6,BUS6_IA_MAG,117138,26.86699999999837,822.1764330311075,728.2033986190476,1.1290477833394748
(d),4,6,BUS6_IA_MAG,117139,26.90000000000873,826.6140742408774,728.2033986190476,1.1351417417282783
(d),4,6,BUS6_IA_MAG,117140,26.933000000004085,818.9046535135438,728.2033986190476,1.1245548360066715
(d),4,6,BUS6_IA_MAG,117141,26.96700000000419,826.4521369601266,728.2033986190476,1.1349193625399117
(d),4,6,BUS6_IA_MAG,117142,27.0,819.3759074199214,728.2033986190476,1.1252019819926298
(d),4,6,BUS6_IA_MAG,117143,27.03300000001036,825.6616045371537,728.2033986190476,1.1338337696623282
(d),4,6,BUS6_IA_MAG,117144,27.06700000001001,826.0402414429865,728.2033986190476,1.1343537300285538
(d),4,6,BUS6_IA_MAG,117145,27.100000000006276,824.9371039334017,728.2033986190476,1.1328388544983423
(d),4,6,BUS6_IA_MAG,117146,27.13300000000163,825.6589689205125,728.2033986190476,1.1338301503210202
(d),4,6,BUS6_IA_MAG,117147,27.16700000000128,823.9049254932766,728.2033986190476,1.1314214229921415
(d),4,6,BUS6_IA_MAG,117148,27.200000000007094,825.8864719560423,728.2033986190476,1.134142567203393
(d),4,6,BUS6_IA_MAG,117149,27.233000000006996,820.2810775184956,728.2033986190476,1.126445000221178
(d),4,6,BUS6_IA_MAG,117150,27.2670000000071,822.1699708912596,728.2033986190476,1.1290389092531135
(d),4,6,BUS6_IA_MAG,117151,27.30000000000291,823.7093336444882,728.2033986190476,1.1311528279139544
(d),4,6,BUS6_IA_MAG,117152,27.332999999999174,820.9997506911824,728.2033986190476,1.1274319129080037
(d),4,6,BUS6_IA_MAG,117153,27.36699999999837,827.1150732589645,728.2033986190476,1.1358297349717006
(d),4,6,BUS6_IA_MAG,117154,27.40000000000873,826.3311957023202,728.2033986190476,1.1347532808407108
(d),4,6,BUS6_IA_MAG,117155,27.433000000004085,817.448885516678,728.2033986190476,1.1225557132346184
(d),4,6,BUS6_IA_MAG,117156,27.46700000000419,825.869895443579,728.2033986190476,1.1341198036286901
(d),4,6,BUS6_IA_MAG,117157,27.5,824.1543878808096,728.2033986190476,1.1317639953943113
(d),4,6,BUS6_IA_MAG,117158,27.53300000001036,820.9887259502048,728.2033986190476,1.127416773262956
(d),4,6,BUS6_IA_MAG,117159,27.56700000001001,826.3496313825506,728.2033986190476,1.1347785975039746
(d),4,6,BUS6_IA_MAG,117160,27.600000000006276,829.8040648259746,728.2033986190476,1.1395223730067736
(d),4,6,BUS6_IA_MAG,117161,27.63300000000163,825.1318793797927,728.2033986190476,1.1331063284578988
(d),4,6,BUS6_IA_MAG,117162,27.66700000000128,821.1816959663266,728.2033986190476,1.127681767928578
(d),4,6,BUS6_IA_MAG,117163,27.700000000007094,819.3217101474968,728.2033986190476,1.1251275559840073
(d),4,6,BUS6_IA_MAG,117164,27.733000000006996,821.6746746135877,728.2033986190476,1.1283587472563263
(d),4,6,BUS6_IA_MAG,117165,27.7670000000071,817.4160715320255,728.2033986190476,1.1225106516697936
(d),4,6,BUS6_IA_MAG,117166,27.80000000000291,827.5962937227204,728.2033986190476,1.1364905674598056
(d),4,6,BUS6_IA_MAG,117167,27.832999999999174,820.4485663295633,728.2033986190476,1.1266750030080166
(d),4,6,BUS6_IA_MAG,117168,27.86699999999837,822.1692586782133,728.2033986190476,1.129037931211748
(d),4,6,BUS6_IA_MAG,117169,27.90000000000873,827.409207675565,728.2033986190476,1.1362336529116035
(d),4,6,BUS6_IA_MAG,117170,27.933000000004085,821.125561812662,728.2033986190476,1.1276046821119352
(d),4,6,BUS6_IA_MAG,117171,27.96700000000419,822.9264401868576,728.2033986190476,1.1300777251897494
(d),4,6,BUS6_IA_MAG,117172,28.0,826.7773850544415,728.2033986190476,1.1353660071105518
(d),4,6,BUS6_IA_MAG,117173,28.03300000001036,824.8963541168097,728.2033986190476,1.132782895110252
(d),4,6,BUS6_IA_MAG,117174,28.06700000001001,818.790025545525,728.2033986190476,1.1243974239865735
(d),4,6,BUS6_IA_MAG,117175,28.100000000006276,822.8329961764716,728.2033986190476,1.129949403884791
(d),4,6,BUS6_IA_MAG,117176,28.13300000000163,821.5714374448759,728.2033986190476,1.128216977568204
(d),4,6,BUS6_IA_MAG,117177,28.16700000000128,819.2202400683968,728.2033986190476,1.1249882129387916
(d),4,6,BUS6_IA_MAG,117178,28.200000000007094,823.9078536306635,728.2033986190476,1.1314254440354277
(d),4,6,BUS6_IA_MAG,117179,28.233000000006996,825.6939034551582,728.2033986190476,1.1338781239156395
(d),4,6,BUS6_IA_MAG,117180,28.2670000000071,819.3847216114685,728.2033986190476,1.125214086016813
(d),4,6,BUS6_IA_MAG,117181,28.30000000000291,825.5933114878238,728.2033986190476,1.133739986730994
(d),4,6,BUS6_IA_MAG,117182,28.332999999999174,821.5978339095712,728.2033986190476,1.1282532263206067
(d),4,6,BUS6_IA_MAG,117183,28.36699999999837,822.3622078740739,728.2033986190476,1.1293028972860981
(d),4,6,BUS6_IA_MAG,117184,28.40000000000873,825.9756899681274,728.2033986190476,1.134265085187042
(d),4,6,BUS6_IA_MAG,117185,28.433000000004085,823.1639955052789,728.2033986190476,1.1304039462962037
(d),4,6,BUS6_IA_MAG,117186,28.46700000000419,823.8144877166002,728.2033986190476,1.1312972299756743
(d),4,6,BUS6_IA_MAG,117187,28.5,822.0324530275961,728.2033986190476,1.1288500638509575
(d),4,6,BUS6_IA_MAG,117188,28.53300000001036,818.5282804610449,728.2033986190476,1.1240379844605064
(d),4,6,BUS6_IA_MAG,117189,28.56700000001001,827.2083684731751,728.2033986190476,1.135957851943398
(d),4,6,BUS6_IA_MAG,117190,28.600000000006276,826.1123849286525,728.2033986190476,1.1344528005434718
(d),4,6,BUS6_IA_MAG,117191,28.63300000000163,824.4471014963185,728.2033986190476,1.1321659622294895
(d),4,6,BUS6_IA_MAG,117192,28.66700000000128,821.0239120062596,728.2033986190476,1.1274650922575138
(d),4,6,BUS6_IA_MAG,117193,28.700000000007094,824.9139578425783,728.2033986190476,1.132807069298126
(d),4,6,BUS6_IA_MAG,117194,28.733000000006996,824.009982865613,728.2033986190476,1.1315656922616009
(d),4,6,BUS6_IA_MAG,117195,28.7670000000071,823.2852732117615,728.2033986190476,1.1305704900210924
(d),4,6,BUS6_IA_MAG,117196,28.80000000000291,822.8387961634264,728.2033986190476,1.1299573686745266
(d),4,6,BUS6_IA_MAG,117197,28.832999999999174,822.0142719010747,728.2033986190476,1.128825096751716
(d),4,6,BUS6_IA_MAG,117198,28.86699999999837,826.5116250605951,728.2033986190476,1.1350010541395132
(d),4,6,BUS6_IA_MAG,117199,28.90000000000873,823.0735998484283,728.2033986190476,1.1302798111204795
(d),4,6,BUS6_IA_MAG,117200,28.933000000004085,820.6873086660139,728.2033986190476,1.1270028541783124
(d),4,6,BUS6_IA_MAG,117201,28.96700000000419,823.7360726917524,728.2033986190476,1.1311895471153683
(d),4,6,BUS6_IA_MAG,117202,29.0,828.6948755364114,728.2033986190476,1.1379991869138955
(d),4,6,BUS6_IA_MAG,117203,29.03300000001036,823.2336607202335,728.2033986190476,1.1304996135439627
(d),4,6,BUS6_IA_MAG,117204,29.06700000001001,828.3631871124417,728.2033986190476,1.1375436982075824
(d),4,6,BUS6_IA_MAG,117205,29.100000000006276,822.3459163216886,728.2033986190476,1.1292805250307418
(d),4,6,BUS6_IA_MAG,117206,29.13300000000163,825.9614643872231,728.2033986190476,1.1342455500119366
(d),4,6,BUS6_IA_MAG,117207,29.16700000000128,822.5275610291493,728.2033986190476,1.1295299672989394
(d),4,6,BUS6_IA_MAG,117208,29.200000000007094,821.9642395585715,728.2033986190476,1.1287563902026967
(d),4,6,BUS6_IA_MAG,117209,29.233000000006996,831.9617908456827,728.2033986190476,1.1424854545081784
(d),4,6,BUS6_IA_MAG,117210,29.2670000000071,825.7143455174636,728.2033986190476,1.1339061958284375
(d),4,6,BUS6_IA_MAG,117211,29.30000000000291,828.1136892823532,728.2033986190476,1.1372010771341823
(d),4,6,BUS6_IA_MAG,117212,29.332999999999174,823.707593883441,728.2033986190476,1.1311504387997995
(d),4,6,BUS6_IA_MAG,117213,29.36699999999837,825.3285211207,728.2033986190476,1.1333763652927724
(d),4,6,BUS6_IA_MAG,117214,29.40000000000873,821.1689995841223,728.2033986190476,1.1276643327144216
(d),4,6,BUS6_IA_MAG,117215,29.433000000004085,824.0228609464722,728.2033986190476,1.1315833769921082
(d),4,6,BUS6_IA_MAG,117216,29.46700000000419,823.9533417617627,728.2033986190476,1.1314879102793172
(d),4,6,BUS6_IA_MAG,117217,29.5,823.4301858036993,728.2033986190476,1.1307694901798566
(d),4,6,BUS6_IA_MAG,117218,29.53300000001036,824.8535719085035,728.2033986190476,1.1327241447550802
(d),4,6,BUS6_IA_MAG,117219,29.56700000001001,824.0358856752009,728.2033986190476,1.1316012631057317
(d),4,6,BUS6_IA_MAG,117220,29.600000000006276,822.4835967520614,728.2033986190476,1.1294695936764443
(d),4,6,BUS6_IA_MAG,117221,29.63300000000163,818.613358774786,728.2033986190476,1.1241548176336313
(d),4,6,BUS6_IA_MAG,117222,29.66700000000128,825.8190791421724,728.2033986190476,1.134050020513831
(d),4,6,BUS6_IA_MAG,117223,29.700000000007094,817.1403132635985,728.2033986190476,1.122131968641192
(d),4,6,BUS6_IA_MAG,117224,29.733000000006996,822.9939665934609,728.2033986190476,1.130170455334557
(d),4,6,BUS6_IA_MAG,117225,29.7670000000071,826.9833236877586,728.2033986190476,1.1356488108350435
(d),4,6,BUS6_IA_MAG,117226,29.80000000000291,822.9609343243646,728.2033986190476,1.1301250940122136
(d),4,6,BUS6_IA_MAG,117227,29.832999999999174,821.5128228007816,728.2033986190476,1.1281364854361906
(d),4,6,BUS6_IA_MAG,117228,29.86699999999837,820.5550500615692,728.2033986190476,1.1268212310154768
(d),4,6,BUS6_IA_MAG,117229,29.90000000000873,825.209512597,728.2033986190476,1.133212937706571
(d),4,6,BUS6_IA_MAG,117230,29.933000000004085,823.9529328350279,728.2033986190476,1.1314873487236645
(d),4,6,BUS6_IA_MAG,117231,29.96700000000419,819.4572677577647,728.2033986190476,1.125313709482501
(d),4,6,BUS6_IA_MAG,117232,30.0,819.3827485832988,728.2033986190476,1.1252113765702856
(d),4,6,BUS6_IA_MAG,117233,30.03300000001036,819.0179689353362,728.2033986190476,1.1247104455822479
(d),4,6,BUS6_IA_MAG,117234,30.06700000001001,821.8494262358976,728.2033986190476,1.128598723645672
(d),4,6,BUS6_IA_MAG,117235,30.100000000006276,822.2571131031439,728.2033986190476,1.1291585766592935
(d),4,6,BUS6_IA_MAG,117236,30.13300000000163,820.5318064531681,728.2033986190476,1.126789311899959
(d),4,6,BUS6_IA_MAG,117237,30.16700000000128,818.3138055787002,728.2033986190476,1.1237434583943668
(d),4,6,BUS6_IA_MAG,117238,30.200000000007094,822.9715255349469,728.2033986190476,1.1301396383148115
(d),4,6,BUS6_IA_MAG,117239,30.233000000006996,825.6889657831945,728.2033986190476,1.133871343293669
(d),4,6,BUS6_IA_MAG,117240,30.2670000000071,831.3747127062685,728.2033986190476,1.1416792537399212
(d),4,6,BUS6_IA_MAG,117241,30.30000000000291,822.7981658660997,728.2033986190476,1.1299015734153948
(d),4,6,BUS6_IA_MAG,117242,30.332999999999174,826.050914131334,728.2033986190476,1.1343683862198979
(d),4,6,BUS6_IA_MAG,117243,30.36699999999837,819.5266232180178,728.2033986190476,1.1254089513618777
(d),4,6,BUS6_IA_MAG,117244,30.40000000000873,827.0724102427887,728.2033986190476,1.1357711482962516
(d),4,6,BUS6_IA_MAG,117245,30.433000000004085,828.9499510183729,728.2033986190476,1.1383494674570036
(d),4,6,BUS6_IA_MAG,117246,30.46700000000419,825.4104652033221,728.2033986190476,1.1334888944058987
(d),4,6,BUS6_IA_MAG,117247,30.5,823.0583644858393,728.2033986190476,1.130258889270049
(d),4,6,BUS6_IA_MAG,117248,30.53300000001036,825.6154086734833,728.2033986190476,1.133770331529853
(d),4,6,BUS6_IA_MAG,117249,30.56700000001001,823.8954200402801,728.2033986190476,1.1314083696982207
(d),4,6,BUS6_IA_MAG,117250,30.600000000006276,830.214849463199,728.2033986190476,1.1400864800103985
(d),4,6,BUS6_IA_MAG,117251,30.63300000000163,823.5018043800409,728.2033986190476,1.1308678398668772
(d),4,6,BUS6_IA_MAG,117252,30.66700000000128,819.4151053450371,728.2033986190476,1.1252558102570818
(d),4,6,BUS6_IA_MAG,117253,30.700000000007094,822.999851231179,728.2033986190476,1.1301785363703354
(d),4,6,BUS6_IA_MAG,117254,30.733000000006996,827.4723676167607,728.2033986190476,1.136320386839673
(d),4,6,BUS6_IA_MAG,117255,30.7670000000071,824.1418258462155,728.2033986190476,1.1317467446720297
(d),4,6,BUS6_IA_MAG,117256,30.80000000000291,824.4278428486899,728.2033986190476,1.1321395154322553
(d),4,6,BUS6_IA_MAG,117257,30.832999999999174,823.3386662318642,728.2033986190476,1.1306438115960864
(d),4,6,BUS6_IA_MAG,117258,30.86699999999837,824.4004838071216,728.2033986190476,1.1321019448281904
(d),4,6,BUS6_IA_MAG,117259,30.90000000000873,824.3134512634782,728.2033986190476,1.1319824280231212
(d),4,6,BUS6_IA_MAG,117260,30.933000000004085,820.2562310528505,728.2033986190476,1.1264108799936534
(d),4,6,BUS6_IA_MAG,117261,30.96700000000419,824.5457291041689,728.2033986190476,1.1323014018718167
(d),4,6,BUS6_IA_MAG,117262,31.0,827.8031034865572,728.2033986190476,1.136774567457923
(d),4,6,BUS6_IA_MAG,117263,31.03300000001036,826.6962435760036,728.2033986190476,1.135254580167761
(d),4,6,BUS6_IA_MAG,117264,31.06700000001001,824.0926463612371,728.2033986190476,1.1316792093033792
(d),4,6,BUS6_IA_MAG,117265,31.100000000006276,819.0353418187069,728.2033986190476,1.1247343027674843
(d),4,6,BUS6_IA_MAG,117266,31.13300000000163,823.9761057946017,728.2033986190476,1.1315191708211962
(d),4,6,BUS6_IA_MAG,117267,31.16700000000128,821.8562214518101,728.2033986190476,1.128608055126307
(d),4,6,BUS6_IA_MAG,117268,31.200000000007094,823.2091607407569,728.2033986190476,1.130465969126039
(d),4,6,BUS6_IA_MAG,117269,31.233000000006996,824.1950697341928,728.2033986190476,1.1318198614524213
(d),4,6,BUS6_IA_MAG,117270,31.2670000000071,826.8215004319455,728.2033986190476,1.13542658823059
(d),4,6,BUS6_IA_MAG,117271,31.30000000000291,823.4685958645438,728.2033986190476,1.130822236515451
(d),4,6,BUS6_IA_MAG,117272,31.332999999999174,821.4585509888296,728.2033986190476,1.1280619570667063
(d),4,6,BUS6_IA_MAG,117273,31.36699999999837,826.1974136192475,728.2033986190476,1.1345695655719736
(d),4,6,BUS6_IA_MAG,117274,31.40000000000873,827.824908480151,728.2033986190476,1.136804511006161
(d),4,6,BUS6_IA_MAG,117275,31.433000000004085,819.4625649697574,728.2033986190476,1.125320983840191
(d),4,6,BUS6_IA_MAG,117276,31.46700000000419,827.2007007539876,728.2033986190476,1.1359473223040113
(d),4,6,BUS6_IA_MAG,117277,31.5,821.6481222704309,728.2033986190476,1.1283222844449645
(d),4,6,BUS6_IA_MAG,117278,31.53300000001036,824.8165209054602,728.2033986190476,1.1326732647356879
(d),4,6,BUS6_IA_MAG,117279,31.56700000001001,829.7379697875933,728.2033986190476,1.1394316084779255
(d),4,6,BUS6_IA_MAG,117280,31.600000000006276,823.8129753105842,728.2033986190476,1.1312951530751558
(d),4,6,BUS6_IA_MAG,117281,31.63300000000163,823.9116424324186,728.2033986190476,1.131430646979773
(d),4,6,BUS6_IA_MAG,117282,31.66700000000128,822.6544781306337,728.2033986190476,1.1297042552818368
(d),4,6,BUS6_IA_MAG,117283,31.700000000007094,821.9772446221046,728.2033986190476,1.1287742493112338
(d),4,6,BUS6_IA_MAG,117284,31.733000000006996,822.1177772608524,728.2033986190476,1.1289672347312611
(d),4,6,BUS6_IA_MAG,117285,31.7670000000071,825.1488408254104,728.2033986190476,1.1331296206392452
(d),4,6,BUS6_IA_MAG,117286,31.80000000000291,826.2065944224192,728.2033986190476,1.1345821730428933
(d),4,6,BUS6_IA_MAG,117287,31.832999999999174,821.158732401048,728.2033986190476,1.1276502333802334
(d),4,6,BUS6_IA_MAG,117288,31.86699999999837,822.9324422038782,728.2033986190476,1.1300859674157977
(d),4,6,BUS6_IA_MAG,117289,31.90000000000873,822.0539554432321,728.2033986190476,1.1288795918862244
(d),4,6,BUS6_IA_MAG,117290,31.933000000004085,819.9011332905623,728.2033986190476,1.1259232445844234
(d),4,6,BUS6_IA_MAG,117291,31.96700000000419,819.2512569207628,728.2033986190476,1.125030806604826
(d),4,6,BUS6_IA_MAG,117292,32.0,824.3444317167374,728.2033986190476,1.132024971704348
(d),4,6,BUS6_IA_MAG,117293,32.03300000001036,826.3620419597333,728.2033986190476,1.134795640238472
(d),4,6,BUS6_IA_MAG,117294,32.06700000001001,817.9037739089365,728.2033986190476,1.1231803853978095
(d),4,6,BUS6_IA_MAG,117295,32.100000000006276,825.1615630886547,728.2033986190476,1.1331470913943507
(d),4,6,BUS6_IA_MAG,117296,32.13300000000163,821.1640449996414,728.2033986190476,1.1276575288674604
(d),4,6,BUS6_IA_MAG,117297,32.16700000000128,815.7538408400384,728.2033986190476,1.1202280055092024
(d),4,6,BUS6_IA_MAG,117298,32.200000000007094,815.5700881906724,728.2033986190476,1.1199756685251752
(d),4,6,BUS6_IA_MAG,117299,32.233000000006996,824.4213530796326,728.2033986190476,1.132130603404284
(d),4,6,BUS6_IA_MAG,117300,32.2670000000071,830.5889266129428,728.2033986190476,1.1406001787248692
(d),4,6,BUS6_IA_MAG,117301,32.30000000000291,818.4465835563207,728.2033986190476,1.1239257947826236
(d),4,6,BUS6_IA_MAG,117302,32.332999999999174,821.9784861057852,728.2033986190476,1.1287759541696334
(d),4,6,BUS6_IA_MAG,117303,32.36699999999837,822.3324032939616,728.2033986190476,1.1292619683640843
(d),4,6,BUS6_IA_MAG,117304,32.40000000000873,820.4107628483828,728.2033986190476,1.1266230896535168
(d),4,6,BUS6_IA_MAG,117305,32.433000000004085,823.7056265371136,728.2033986190476,1.1311477371558205
(d),4,6,BUS6_IA_MAG,117306,32.46700000000419,824.9231161975986,728.2033986190476,1.1328196459422857
(d),4,6,BUS6_IA_MAG,117307,32.5,828.8459918960282,728.2033986190476,1.1382067063513264
(d),4,6,BUS6_IA_MAG,117308,32.53300000001036,831.5417668470861,728.2033986190476,1.1419086596190127
(d),4,6,BUS6_IA_MAG,117309,32.56700000001001,822.2124848140138,728.2033986190476,1.12909729118711
(d),4,6,BUS6_IA_MAG,117310,32.600000000006276,829.2457084202956,728.2033986190476,1.1387556141496495
(d),4,6,BUS6_IA_MAG,117311,32.63300000000163,816.7130595020794,728.2033986190476,1.1215452455328827
(d),4,6,BUS6_IA_MAG,117312,32.66700000000128,822.8775150098086,728.2033986190476,1.1300105390476058
(d),4,6,BUS6_IA_MAG,117313,32.700000000007094,825.1775033721541,728.2033986190476,1.1331689812722745
(d),4,6,BUS6_IA_MAG,117314,32.733000000006996,826.7767464855555,728.2033986190476,1.1353651302004917
(d),4,6,BUS6_IA_MAG,117315,32.7670000000071,824.5362866279356,728.2033986190476,1.132288435060276
(d),4,6,BUS6_IA_MAG,117316,32.80000000000291,821.5180701602534,728.2033986190476,1.1281436913342704
(d),4,6,BUS6_IA_MAG,117317,32.832999999999174,821.0401417114581,728.2033986190476,1.1274873795816727
(d),4,6,BUS6_IA_MAG,117318,32.86699999999837,823.5012069450554,728.2033986190476,1.1308670194436459
(d),4,6,BUS6_IA_MAG,117319,32.90000000000873,826.4486038314797,728.2033986190476,1.1349145106967953
(d),4,6,BUS6_IA_MAG,117320,32.933000000004085,818.3459341724551,728.2033986190476,1.123787578751146
(d),4,6,BUS6_IA_MAG,117321,32.96700000000419,824.5821577688945,728.2033986190476,1.1323514272696584
(d),4,6,BUS6_IA_MAG,117322,33.0,828.3954164510685,728.2033986190476,1.1375879569115215
(d),4,6,BUS6_IA_MAG,117323,33.03300000001036,823.2275102550618,728.2033986190476,1.1304911674625748
(d),4,6,BUS6_IA_MAG,117324,33.06700000001001,821.6904031982464,728.2033986190476,1.1283803464203628
(d),4,6,BUS6_IA_MAG,117325,33.100000000006276,821.1468374300952,728.2033986190476,1.1276338986982262
(d),4,6,BUS6_IA_MAG,117326,33.13300000000163,828.7897270545216,728.2033986190476,1.138129441068559
(d),4,6,BUS6_IA_MAG,117327,33.16700000000128,824.3861268229558,728.2033986190476,1.1320822292045156
(d),4,6,BUS6_IA_MAG,117328,33.200000000007094,824.1043467441251,728.2033986190476,1.131695276768747
(d),4,6,BUS6_IA_MAG,117329,33.233000000006996,826.8092810720234,728.2033986190476,1.1354098080837995
(d),4,6,BUS6_IA_MAG,117330,33.2670000000071,826.8646063958233,728.2033986190476,1.1354857831807366
(d),4,6,BUS6_IA_MAG,117331,33.30000000000291,823.7898630415173,728.2033986190476,1.1312634143204197
(d),4,6,BUS6_IA_MAG,117332,33.332999999999174,822.0606620424783,728.2033986190476,1.1288888016746694
(d),4,6,BUS6_IA_MAG,117333,33.36699999999837,827.036719852128,728.2033986190476,1.135722136727879
(d),4,6,BUS6_IA_MAG,117334,33.40000000000873,821.9092641140924,728.2033986190476,1.1286808955749823
(d),4,6,BUS6_IA_MAG,117335,33.433000000004085,821.4602794665548,728.2033986190476,1.1280643306861213
(d),4,6,BUS6_IA_MAG,117336,33.46700000000419,828.6337521921656,728.2033986190476,1.1379152497277167
(d),4,6,BUS6_IA_MAG,117337,33.5,824.5375519070765,728.2033986190476,1.1322901725956174
(d),4,6,BUS6_IA_MAG,117338,33.53300000001036,829.0108628556072,728.2033986190476,1.138433114192723
(d),4,6,BUS6_IA_MAG,117339,33.56700000001001,818.1039927622259,728.2033986190476,1.1234553344761427
(d),4,6,BUS6_IA_MAG,117340,33.600000000006276,826.352672139863,728.2033986190476,1.134782773201751
(d),4,6,BUS6_IA_MAG,117341,33.63300000000163,823.5229805110602,728.2033986190476,1.130896919834177
(d),4,6,BUS6_IA_MAG,117342,33.66700000000128,822.107891596106,728.2033986190476,1.1289536593143308
(d),4,6,BUS6_IA_MAG,117343,33.700000000007094,816.382493133997,728.2033986190476,1.121091297681624
(d),4,6,BUS6_IA_MAG,117344,33.733000000006996,819.1735617463258,728.2033986190476,1.1249241122738407
(d),4,6,BUS6_IA_MAG,117345,33.7670000000071,821.4091594084693,728.2033986190476,1.127994130439621
(d),4,6,BUS6_IA_MAG,117346,33.80000000000291,824.1851511363476,728.2033986190476,1.1318062408103535
(d),4,6,BUS6_IA_MAG,117347,33.832999999999174,822.4627936032648,728.2033986190476,1.1294410259042584
(d),4,6,BUS6_IA_MAG,117348,33.86699999999837,818.0293364922795,728.2033986190476,1.1233528132985595
(d),4,6,BUS6_IA_MAG,117349,33.90000000000873,814.8567638336085,728.2033986190476,1.1189961010603477
(d),4,6,BUS6_IA_MAG,117350,33.933000000004085,813.3965227945779,728.2033986190476,1.116990835715803
(d),4,6,BUS6_IA_MAG,117351,33.96700000000419,815.7719549431424,728.2033986190476,1.1202528805690255
(d),4,6,BUS6_IA_MAG,117352,34.0,823.193621892125,728.2033986190476,1.130444630515616
(d),4,6,BUS6_IA_MAG,117353,34.03300000001036,821.7200744827811,728.2033986190476,1.128421092295198
(d),4,6,BUS6_IA_MAG,117354,34.06700000001001,830.8153401362496,728.2033986190476,1.1409110994425369
(d),4,6,BUS6_IA_MAG,117355,34.100000000006276,822.728342345194,728.2033986190476,1.1298056887751444
(d),4,6,BUS6_IA_MAG,117356,34.13300000000163,824.0759937939728,728.2033986190476,1.131656341286976
(d),4,6,BUS6_IA_MAG,117357,34.16700000000128,825.1411123128073,728.2033986190476,1.1331190075157447
(d),4,6,BUS6_IA_MAG,117358,34.200000000007094,822.3875411103818,728.2033986190476,1.1293376859678812
(d),4,6,BUS6_IA_MAG,117359,34.233000000006996,823.718947210864,728.2033986190476,1.1311660296737842
(d),4,6,BUS6_IA_MAG,117360,34.2670000000071,824.8647449695299,728.2033986190476,1.132739488079552
(d),4,6,BUS6_IA_MAG,117361,34.30000000000291,821.5503643016845,728.2033986190476,1.128188039028187
(d),4,6,BUS6_IA_MAG,117362,34.332999999999174,825.4344813198616,728.2033986190476,1.133521874362577
(d),4,6,BUS6_IA_MAG,117363,34.36699999999837,822.1277979224855,728.2033986190476,1.1289809955316805
(d),4,6,BUS6_IA_MAG,117364,34.40000000000873,816.6142938381983,728.2033986190476,1.1214096163061194
(d),4,6,BUS6_IA_MAG,117365,34.433000000004085,826.2005143186673,728.2033986190476,1.1345738235848113
(d),4,6,BUS6_IA_MAG,117366,34.46700000000419,825.2953755346932,728.2033986190476,1.1333308483588092
(d),4,6,BUS6_IA_MAG,117367,34.5,826.8426748244912,728.2033986190476,1.1354556658105432
(d),4,6,BUS6_IA_MAG,117368,34.53300000001036,827.8113543115309,728.2033986190476,1.1367858978430725
(d),4,6,BUS6_IA_MAG,117369,34.56700000001001,825.7046871101808,728.2033986190476,1.1338929324911597
(d),4,6,BUS6_IA_MAG,117370,34.600000000006276,824.7231639842704,728.2033986190476,1.1325450630253322
(d),4,6,BUS6_IA_MAG,117371,34.63300000000163,826.3338124251347,728.2033986190476,1.1347568742362093
(d),4,6,BUS6_IA_MAG,117372,34.66700000000128,818.5346590760506,728.2033986190476,1.1240467438469879
(d),4,6,BUS6_IA_MAG,117373,34.700000000007094,821.9457378719667,728.2033986190476,1.1287309828966612
(d),4,6,BUS6_IA_MAG,117374,34.733000000006996,827.059560853176,728.2033986190476,1.1357535029657888
(d),4,6,BUS6_IA_MAG,117375,34.7670000000071,827.1971846501916,728.2033986190476,1.135942493840147
(d),4,6,BUS6_IA_MAG,117376,34.80000000000291,821.5085390556592,728.2033986190476,1.12813060281448
(d),4,6,BUS6_IA_MAG,117377,34.832999999999174,817.2095250983425,728.2033986190476,1.122227013287887
(d),4,6,BUS6_IA_MAG,117378,34.86699999999837,830.0052504154501,728.2033986190476,1.1397986496485155
(d),4,6,BUS6_IA_MAG,117379,34.90000000000873,818.7735644356001,728.2033986190476,1.1243748188875637
(d),4,6,BUS6_IA_MAG,117380,34.933000000004085,820.8773220748262,728.2033986190476,1.127263788704535
(d),4,6,BUS6_IA_MAG,117381,34.96700000000419,817.9277786963187,728.2033986190476,1.1232133497968053
(d),4,6,BUS6_IA_MAG,117382,35.0,827.9000363500371,728.2033986190476,1.1369076798049178
(d),4,6,BUS6_IA_MAG,117383,35.03300000001036,820.2788854057609,728.2033986190476,1.1264419899183713
(d),4,6,BUS6_IA_MAG,117384,35.06700000001001,821.5239043039927,728.2033986190476,1.128151703029561
(d),4,6,BUS6_IA_MAG,117385,35.100000000006276,829.3251941600599,728.2033986190476,1.1388647673613965
(d),4,6,BUS6_IA_MAG,117386,35.13300000000163,825.2309506828364,728.2033986190476,1.1332423774014104
(d),4,6,BUS6_IA_MAG,117387,35.16700000000128,826.3042265037111,728.2033986190476,1.134716245585643
(d),4,6,BUS6_IA_MAG,117388,35.200000000007094,820.0706627603422,728.2033986190476,1.1261560496909382
(d),4,6,BUS6_IA_MAG,117389,35.233000000006996,824.8814867606554,728.2033986190476,1.132762478621971
(d),4,6,BUS6_IA_MAG,117390,35.2670000000071,818.3093331914029,728.2033986190476,1.123737316721167
(d),4,6,BUS6_IA_MAG,117391,35.30000000000291,827.6256153783105,728.2033986190476,1.1365308332092456
(d),4,6,BUS6_IA_MAG,117392,35.332999999999174,821.1702880536243,728.2033986190476,1.1276661020957572
(d),4,6,BUS6_IA_MAG,117393,35.36699999999837,819.3805262062116,728.2033986190476,1.1252083247071776
(d),4,6,BUS6_IA_MAG,117394,35.40000000000873,819.6541636592149,728.2033986190476,1.1255840953414842
(d),4,6,BUS6_IA_MAG,117395,35.433000000004085,813.8139149684969,728.2033986190476,1.117564016470947
(d),4,6,BUS6_IA_MAG,117396,35.46700000000419,826.1096823621782,728.2033986190476,1.1344490892637942
(d),4,6,BUS6_IA_MAG,117397,35.5,821.0239251796551,728.2033986190476,1.127465110347783
(d),4,6,BUS6_IA_MAG,117398,35.53300000001036,820.9559879697891,728.2033986190476,1.1273718160703947
(d),4,6,BUS6_IA_MAG,117399,35.56700000001001,825.9412296350512,728.2033986190476,1.1342177627862655
(d),4,6,BUS6_IA_MAG,117400,35.600000000006276,828.1117790690386,728.2033986190476,1.1371984539476958
(d),4,6,BUS6_IA_MAG,117401,35.63300000000163,822.3567725833943,728.2033986190476,1.1292954333128595
(d),4,6,BUS6_IA_MAG,117402,35.66700000000128,821.3646298970979,728.2033986190476,1.1279329806132732
(d),4,6,BUS6_IA_MAG,117403,35.700000000007094,826.9938762119754,728.2033986190476,1.1356633020118725
(d),4,6,BUS6_IA_MAG,117404,35.733000000006996,825.982580343811,728.2033986190476,1.1342745473451377
(d),4,6,BUS6_IA_MAG,117405,35.7670000000071,824.6507107229578,728.2033986190476,1.1324455671132698
(d),4,6,BUS6_IA_MAG,117406,35.80000000000291,824.8024714380688,728.2033986190476,1.1326539714071784
(d),4,6,BUS6_IA_MAG,117407,35.832999999999174,825.6680165820288,728.2033986190476,1.1338425749561338
(d),4,6,BUS6_IA_MAG,117408,35.86699999999837,829.1381225397138,728.2033986190476,1.138607872624705
(d),4,6,BUS6_IA_MAG,117409,35.90000000000873,826.1975104034585,728.2033986190476,1.1345696984801847
(d),4,6,BUS6_IA_MAG,117410,35.933000000004085,818.8855510715293,728.2033986190476,1.124528603717656
(d),4,6,BUS6_IA_MAG,117411,35.96700000000419,821.8792936825746,728.2033986190476,1.1286397388987368
(d),4,6,BUS6_IA_MAG,117412,36.0,818.0699251385421,728.2033986190476,1.1234085513606717
(d),4,6,BUS6_IA_MAG,117413,36.03300000001036,817.6501068793377,728.2033986190476,1.1228320390016242
(d),4,6,BUS6_IA_MAG,117414,36.06700000001001,825.1971665698763,728.2033986190476,1.133195983614971
(d),4,6,BUS6_IA_MAG,117415,36.100000000006276,819.1017723112049,728.2033986190476,1.1248255279562487
(d),4,6,BUS6_IA_MAG,117416,36.13300000000163,824.7273943888418,728.2033986190476,1.1325508723975206
(d),4,6,BUS6_IA_MAG,117417,36.16700000000128,821.9981373629024,728.2033986190476,1.128802940114981
(d),4,6,BUS6_IA_MAG,117418,36.200000000007094,821.7913563715869,728.2033986190476,1.1285189796285184
(d),4,6,BUS6_IA_MAG,117419,36.233000000006996,824.6666810618623,728.2033986190476,1.132467498264559
(d),4,6,BUS6_IA_MAG,117420,36.2670000000071,823.3207329188238,728.2033986190476,1.130619184804898
(d),4,6,BUS6_IA_MAG,117421,36.30000000000291,816.4736013945865,728.2033986190476,1.1212164114352294
(d),4,6,BUS6_IA_MAG,117422,36.332999999999174,819.7833957971249,728.2033986190476,1.1257615624312494
(d),4,6,BUS6_IA_MAG,117423,36.36699999999837,830.8817485211199,728.2033986190476,1.1410022942721632
(d),4,6,BUS6_IA_MAG,117424,36.40000000000873,818.2942697437028,728.2033986190476,1.1237166309516022
(d),4,6,BUS6_IA_MAG,117425,36.433000000004085,825.4484034122131,728.2033986190476,1.1335409927742433
(d),4,6,BUS6_IA_MAG,117426,36.46700000000419,819.0445283788093,728.2033986190476,1.124746918144067
(d),4,6,BUS6_IA_MAG,117427,36.5,817.9561906634859,728.2033986190476,1.1232523663232608
(d),4,6,BUS6_IA_MAG,117428,36.53300000001036,824.2469359729583,728.2033986190476,1.1318910863860923
(d),4,6,BUS6_IA_MAG,117429,36.56700000001001,822.5413234139038,728.2033986190476,1.1295488663933142
(d),4,6,BUS6_IA_MAG,117430,36.600000000006276,821.0807140759799,728.2033986190476,1.1275430952850032
(d),4,6,BUS6_IA_MAG,117431,36.63300000000163,822.7392927534162,728.2033986190476,1.1298207263432785
(d),4,6,BUS6_IA_MAG,117432,36.66700000000128,820.9929331374483,728.2033986190476,1.1274225507521185
(d),4,6,BUS6_IA_MAG,117433,36.700000000007094,824.3011785425363,728.2033986190476,1.1319655745986998
(d),4,6,BUS6_IA_MAG,117434,36.733000000006996,824.1260505748006,728.2033986190476,1.1317250813957462
(d),4,6,BUS6_IA_MAG,117435,36.7670000000071,825.8757616058742,728.2033986190476,1.134127859293229
(d),4,6,BUS6_IA_MAG,117436,36.80000000000291,823.047624689494,728.2033986190476,1.130244140923137
(d),4,6,BUS6_IA_MAG,117437,36.832999999999174,824.1528727057122,728.2033986190476,1.1317619146911722
(d),4,6,BUS6_IA_MAG,117438,36.86699999999837,825.4303149805165,728.2033986190476,1.1335161529674929
(d),4,6,BUS6_IA_MAG,117439,36.90000000000873,827.4529159529287,728.2033986190476,1.1362936749843466
(d),4,6,BUS6_IA_MAG,117440,36.933000000004085,824.81374701245,728.2033986190476,1.132669455507366
(d),4,6,BUS6_IA_MAG,117441,36.96700000000419,828.7015798897711,728.2033986190476,1.138008393618193
(d),4,6,BUS6_IA_MAG,117442,37.0,819.7996393496192,728.2033986190476,1.125783868771106
(d),4,6,BUS6_IA_MAG,117443,37.03300000001036,827.274503037109,728.2033986190476,1.1360486707504225
(d),4,6,BUS6_IA_MAG,117444,37.06700000001001,825.7162594910212,728.2033986190476,1.1339088241786504
(d),4,6,BUS6_IA_MAG,117445,37.100000000006276,822.6481919890862,728.2033986190476,1.1296956228838564
(d),4,6,BUS6_IA_MAG,117446,37.13300000000163,822.1187041835743,728.2033986190476,1.1289685076211209
(d),4,6,BUS6_IA_MAG,117447,37.16700000000128,823.9224213142977,728.2033986190476,1.131445449000609
(d),4,6,BUS6_IA_MAG,117448,37.200000000007094,827.585667860934,728.2033986190476,1.1364759755726948
(d),4,6,BUS6_IA_MAG,117449,37.233000000006996,821.6643132274472,728.2033986190476,1.128344518558465
(d),4,6,BUS6_IA_MAG,117450,37.2670000000071,821.4125329937656,728.2033986190476,1.127998763190996
(d),4,6,BUS6_IA_MAG,117451,37.30000000000291,824.0260816244592,728.2033986190476,1.1315877997646373
(d),4,6,BUS6_IA_MAG,117452,37.332999999999174,823.7077371639082,728.2033986190476,1.131150635558655
(d),4,6,BUS6_IA_MAG,117453,37.36699999999837,824.5267130793816,728.2033986190476,1.1322752882546276
(d),4,6,BUS6_IA_MAG,117454,37.40000000000873,816.7195394931869,728.2033986190476,1.1215541441333559
(d),4,6,BUS6_IA_MAG,117455,37.433000000004085,830.1312392558824,728.2033986190476,1.139971662903701
(d),4,6,BUS6_IA_MAG,117456,37.46700000000419,817.7843410987464,728.2033986190476,1.1230163751632836
(d),4,6,BUS6_IA_MAG,117457,37.5,827.1307856226198,728.2033986190476,1.1358513118603626
(d),4,6,BUS6_IA_MAG,117458,37.53300000001036,819.7602646534809,728.2033986190476,1.1257297977571379
(d),4,6,BUS6_IA_MAG,117459,37.56700000001001,816.1127610720358,728.2033986190476,1.12072089009705
(d),4,6,BUS6_IA_MAG,117460,37.600000000006276,822.9557560917497,728.2033986190476,1.1301179830420853
(d),4,6,BUS6_IA_MAG,117461,37.63300000000163,824.353204094887,728.2033986190476,1.1320370183085884
(d),4,6,BUS6_IA_MAG,117462,37.66700000000128,822.6932286421887,728.2033986190476,1.1297574691388836
(d),4,6,BUS6_IA_MAG,117463,37.700000000007094,819.4773442577646,728.2033986190476,1.1253412793895323
(d),4,6,BUS6_IA_MAG,117464,37.733000000006996,823.1841941090928,728.2033986190476,1.1304316838814061
(d),4,6,BUS6_IA_MAG,117465,37.7670000000071,821.4314219009547,728.2033986190476,1.1280247022448715
(d),4,6,BUS6_IA_MAG,117466,37.80000000000291,814.7533404301391,728.2033986190476,1.1188540756267045
(d),4,6,BUS6_IA_MAG,117467,37.832999999999174,822.7184772565347,728.2033986190476,1.1297921416141752
(d),4,6,BUS6_IA_MAG,117468,37.86699999999837,816.737719123278,728.2033986190476,1.1215791091776355
(d),4,6,BUS6_IA_MAG,117469,37.90000000000873,823.4774145773081,728.2033986190476,1.1308343467483626
(d),4,6,BUS6_IA_MAG,117470,37.933000000004085,819.4481435053149,728.2033986190476,1.1253011796694472
(d),4,6,BUS6_IA_MAG,117471,37.96700000000419,821.1191479946025,728.2033986190476,1.1275958743831171
(d),4,6,BUS6_IA_MAG,117472,38.0,822.317815649249,728.2033986190476,1.1292419359874981
(d),4,6,BUS6_IA_MAG,117473,38.03300000001036,826.0297741290818,728.2033986190476,1.1343393558661639
(d),4,6,BUS6_IA_MAG,117474,38.06700000001001,823.481700630906,728.2033986190476,1.13084023254017
(d),4,6,BUS6_IA_MAG,117475,38.100000000006276,828.8112798811544,728.2033986190476,1.1381590383303593
(d),4,6,BUS6_IA_MAG,117476,38.13300000000163,817.7144999492392,728.2033986190476,1.1229204663146848
(d),4,6,BUS6_IA_MAG,117477,38.16700000000128,827.6776423401383,728.2033986190476,1.1366022788546881
(d),4,6,BUS6_IA_MAG,117478,38.200000000007094,823.3427760106225,728.2033986190476,1.1306494553197577
(d),4,6,BUS6_IA_MAG,117479,38.233000000006996,815.7673274485732,728.2033986190476,1.1202465258958971
(d),4,6,BUS6_IA_MAG,117480,38.2670000000071,823.3547832012177,728.2033986190476,1.1306659441065692
(d),4,6,BUS6_IA_MAG,117481,38.30000000000291,825.5420852754067,728.2033986190476,1.133669640708833
(d),4,6,BUS6_IA_MAG,117482,38.332999999999174,824.6405483018453,728.2033986190476,1.1324316116426805
(d),4,6,BUS6_IA_MAG,117483,38.36699999999837,821.9803222491405,728.2033986190476,1.128778475640089
(d),4,6,BUS6_IA_MAG,117484,38.40000000000873,828.4219442302438,728.2033986190476,1.1376243859905748
(d),4,6,BUS6_IA_MAG,117485,38.433000000004085,822.0598673469301,728.2033986190476,1.1288877103648107
(d),4,6,BUS6_IA_MAG,117486,38.46700000000419,822.7815000890963,728.2033986190476,1.129878687258814
(d),4,6,BUS6_IA_MAG,117487,38.5,825.7043365839853,728.2033986190476,1.1338924511336212
(d),4,6,BUS6_IA_MAG,117488,38.53300000001036,823.2232445679298,728.2033986190476,1.1304853096388676
(d),4,6,BUS6_IA_MAG,117489,38.56700000001001,823.2848725244271,728.2033986190476,1.130569939780136
(d),4,6,BUS6_IA_MAG,117490,38.600000000006276,821.4084171890609,728.2033986190476,1.1279931111922379
(d),4,6,BUS6_IA_MAG,117491,38.63300000000163,825.5260409302764,728.2033986190476,1.1336476079290345
(d),4,6,BUS6_IA_MAG,117492,38.66700000000128,828.5588864051389,728.2033986190476,1.1378124408323331
(d),4,6,BUS6_IA_MAG,117493,38.700000000007094,811.1573029791821,728.2033986190476,1.1139158434545169
(d),4,6,BUS6_IA_MAG,117494,38.733000000006996,824.333189485486,728.2033986190476,1.1320095333923699
(d),4,6,BUS6_IA_MAG,117495,38.7670000000071,827.3738889720601,728.2033986190476,1.1361851517599035
(d),4,6,BUS6_IA_MAG,117496,38.80000000000291,825.5172397165652,728.2033986190476,1.1336355217265697
(d),4,6,BUS6_IA_MAG,117497,38.832999999999174,822.7696729492469,728.2033986190476,1.1298624457253745
(d),4,6,BUS6_IA_MAG,117498,38.86699999999837,827.0194211490917,728.2033986190476,1.135698381410245
(d),4,6,BUS6_IA_MAG,117499,38.90000000000873,818.8074466763643,728.2033986190476,1.124421347427294
(d),4,6,BUS6_IA_MAG,117500,38.933000000004085,822.8617271573188,728.2033986190476,1.129988858494453
(d),4,6,BUS6_IA_MAG,117501,38.96700000000419,824.6734866487203,728.2033986190476,1.1324768439870192
(d),4,6,BUS6_IA_MAG,117502,39.0,823.7262743436319,728.2033986190476,1.1311760916053568
(d),4,6,BUS6_IA_MAG,117503,39.03300000001036,828.139246997738,728.2033986190476,1.1372361740802186
(d),4,6,BUS6_IA_MAG,117504,39.06700000001001,825.1988415205351,728.2033986190476,1.1331982837287329
(d),4,6,BUS6_IA_MAG,117505,39.100000000006276,823.8869302358175,728.2033986190476,1.1313967111362329
(d),4,6,BUS6_IA_MAG,117506,39.13300000000163,824.3311571233731,728.2033986190476,1.1320067424659384
(d),4,6,BUS6_IA_MAG,117507,39.16700000000128,824.8507441031263,728.2033986190476,1.132720261491994
(d),4,6,BUS6_IA_MAG,117508,39.200000000007094,820.6716160512061,728.2033986190476,1.1269813044096109
(d),4,6,BUS6_IA_MAG,117509,39.233000000006996,821.7525932010565,728.2033986190476,1.1284657483876264
(d),4,6,BUS6_IA_MAG,117510,39.2670000000071,824.40282804464,728.2033986190476,1.1321051640352455
(d),4,6,BUS6_IA_MAG,117511,39.30000000000291,834.089807090859,728.2033986190476,1.1454077372786404
(d),4,6,BUS6_IA_MAG,117512,39.332999999999174,821.8115794574674,728.2033986190476,1.12854675083354
(d),4,6,BUS6_IA_MAG,117513,39.36699999999837,824.029832354933,728.2033986190476,1.1315929504278737
(d),4,6,BUS6_IA_MAG,117514,39.40000000000873,828.6717961766884,728.2033986190476,1.1379674933516755
(d),4,6,BUS6_IA_MAG,117515,39.433000000004085,822.5446887260032,728.2033986190476,1.129553487783582
(d),4,6,BUS6_IA_MAG,117516,39.46700000000419,820.7872426243906,728.2033986190476,1.127140087756961
(d),4,6,BUS6_IA_MAG,117517,39.5,821.823269732429,728.2033986190476,1.1285628044182718
(d),4,6,BUS6_IA_MAG,117518,39.53300000001036,821.3793155411271,728.2033986190476,1.1279531475667055
(d),4,6,BUS6_IA_MAG,117519,39.56700000001001,822.3593532458191,728.2033986190476,1.129298977188691
(d),4,6,BUS6_IA_MAG,117520,39.600000000006276,826.4715952244386,728.2033986190476,1.1349460834592988
(d),4,6,BUS6_IA_MAG,117521,39.63300000000163,820.2347401650059,728.2033986190476,1.1263813677888417
(d),4,6,BUS6_IA_MAG,117522,39.66700000000128,816.3234133876483,728.2033986190476,1.121010166851336
(d),4,6,BUS6_IA_MAG,117523,39.700000000007094,826.22792812502,728.2033986190476,1.1346114693942166
(d),4,6,BUS6_IA_MAG,117524,39.733000000006996,825.5804587265569,728.2033986190476,1.1337223367704319
(d),4,6,BUS6_IA_MAG,117525,39.7670000000071,823.2153861450716,728.2033986190476,1.130474518117058
(d),4,6,BUS6_IA_MAG,117526,39.80000000000291,827.5861197009934,728.2033986190476,1.136476596058757
(d),4,6,BUS6_IA_MAG,117527,39.832999999999174,826.1631116304708,728.2033986190476,1.1345224606163502
(d),4,6,BUS6_IA_MAG,117528,39.86699999999837,819.2151804352745,728.2033986190476,1.1249812648345505
(d),4,6,BUS6_IA_MAG,117529,39.90000000000873,820.1869029090705,728.2033986190476,1.1263156756264237
(d),4,6,BUS6_IA_MAG,117530,39.933000000004085,824.0659531580999,728.2033986190476,1.1316425530570777
(d),4,6,BUS6_IA_MAG,117531,39.96700000000419,823.3711487732828,728.2033986190476,1.1306884180089103
(d),4,6,BUS6_IA_MAG,117532,40.0,826.6190820506614,728.2033986190476,1.1351486186664985
(d),4,10,BUS10_IA_MAG,116242,-3.0,621.8429798804395,626.1722116015806,0.9930861963515308
(d),4,10,BUS10_IA_MAG,116243,-2.966999999989639,626.240817023716,626.1722116015806,1.0001095631854373
(d),4,10,BUS10_IA_MAG,116244,-2.9329999999899883,624.9579656165726,626.1722116015806,0.9980608433869936
(d),4,10,BUS10_IA_MAG,116245,-2.8999999999937245,628.3563662414631,626.1722116015806,1.0034881053477223
(d),4,10,BUS10_IA_MAG,116246,-2.86699999999837,626.3387607450211,626.1722116015806,1.0002659797741815
(d),4,10,BUS10_IA_MAG,116247,-2.8329999999987194,624.3568990386136,626.1722116015806,0.9971009372033233
(d),4,10,BUS10_IA_MAG,116248,-2.799999999992906,629.4228954088769,626.1722116015806,1.00519135750049
(d),4,10,BUS10_IA_MAG,116249,-2.766999999993004,627.7288506609478,626.1722116015806,1.002485959981178
(d),4,10,BUS10_IA_MAG,116250,-2.7329999999928987,623.6788486395075,626.1722116015806,0.9960180874911461
(d),4,10,BUS10_IA_MAG,116251,-2.6999999999970896,629.2096110042392,626.1722116015806,1.0048507412919039
(d),4,10,BUS10_IA_MAG,116252,-2.667000000000826,624.3439532691634,626.1722116015806,0.9970802627479413
(d),4,10,BUS10_IA_MAG,116253,-2.63300000000163,626.1613741604735,626.1722116015806,0.9999826925550093
(d),4,10,BUS10_IA_MAG,116254,-2.599999999991269,626.5137151400238,626.1722116015806,1.0005453827750832
(d),4,10,BUS10_IA_MAG,116255,-2.5669999999959145,630.678446568469,626.1722116015806,1.0071964786737544
(d),4,10,BUS10_IA_MAG,116256,-2.532999999995809,624.1227515766614,626.1722116015806,0.9967270025929812
(d),4,10,BUS10_IA_MAG,116257,-2.5,626.2930114019113,626.1722116015806,1.0001929178556515
(d),4,10,BUS10_IA_MAG,116258,-2.466999999989639,626.1494979322946,626.1722116015806,0.9999637261621243
(d),4,10,BUS10_IA_MAG,116259,-2.4329999999899883,626.7252372598866,626.1722116015806,1.0008831846065023
(d),4,10,BUS10_IA_MAG,116260,-2.3999999999937245,624.8812742034675,626.1722116015806,0.9979383668355208
(d),4,10,BUS10_IA_MAG,116261,-2.36699999999837,626.1438058749698,626.1722116015806,0.9999546359195051
(d),4,10,BUS10_IA_MAG,116262,-2.3329999999987194,624.7298531189423,626.1722116015806,0.9976965466433761
(d),4,10,BUS10_IA_MAG,116263,-2.299999999992906,620.9637236090405,626.1722116015806,0.9916820199043676
(d),4,10,BUS10_IA_MAG,116264,-2.266999999993004,625.8557536172464,626.1722116015806,0.9994946150939455
(d),4,10,BUS10_IA_MAG,116265,-2.2329999999928987,618.9147135336392,626.1722116015806,0.9884097410688688
(d),4,10,BUS10_IA_MAG,116266,-2.1999999999970896,624.6071470840948,626.1722116015806,0.9975005845221353
(d),4,10,BUS10_IA_MAG,116267,-2.167000000000826,626.2682851309833,626.1722116015806,1.0001534298833814
(d),4,10,BUS10_IA_MAG,116268,-2.13300000000163,625.5413346181588,626.1722116015806,0.9989924864570272
(d),4,10,BUS10_IA_MAG,116269,-2.099999999991269,622.4409655279904,626.1722116015806,0.9940411822746867
(d),4,10,BUS10_IA_MAG,116270,-2.0669999999959145,624.7740776691202,626.1722116015806,0.9977671734603419
(d),4,10,BUS10_IA_MAG,116271,-2.032999999995809,626.985951444448,626.1722116015806,1.0012995463992025
(d),4,10,BUS10_IA_MAG,116272,-2.0,623.5445265778458,626.1722116015806,0.9958035745198371
(d),4,10,BUS10_IA_MAG,116273,-1.966999999989639,623.5177502213039,626.1722116015806,0.9957608125510916
(d),4,10,BUS10_IA_MAG,116274,-1.9329999999899883,626.588466079701,626.1722116015806,1.0006647603812628
(d),4,10,BUS10_IA_MAG,116275,-1.8999999999937245,622.1696815487514,626.1722116015806,0.9936079404696166
(d),4,10,BUS10_IA_MAG,116276,-1.8669999999983702,623.9353029767482,626.1722116015806,0.9964276462874151
(d),4,10,BUS10_IA_MAG,116277,-1.8329999999987194,630.1459304180851,626.1722116015806,1.0063460478489468
(d),4,10,BUS10_IA_MAG,116278,-1.799999999992906,627.430526923963,626.1722116015806,1.002009535554387
(d),4,10,BUS10_IA_MAG,116279,-1.7669999999930042,627.7618226409722,626.1722116015806,1.0025386163900916
(d),4,10,BUS10_IA_MAG,116280,-1.7329999999928987,621.1441782369865,626.1722116015806,0.9919702068034387
(d),4,10,BUS10_IA_MAG,116281,-1.6999999999970896,625.3144766723532,626.1722116015806,0.9986301932386403
(d),4,10,BUS10_IA_MAG,116282,-1.6670000000008258,629.3932786731189,626.1722116015806,1.0051440594326275
(d),4,10,BUS10_IA_MAG,116283,-1.6330000000016298,623.3612198719821,626.1722116015806,0.9955108328387671
(d),4,10,BUS10_IA_MAG,116284,-1.5999999999912689,623.3926342304563,626.1722116015806,0.9955610017186569
(d),4,10,BUS10_IA_MAG,116285,-1.5669999999959145,623.4590494497685,626.1722116015806,0.9956670671397689
(d),4,10,BUS10_IA_MAG,116286,-1.532999999995809,627.1517146227237,626.1722116015806,1.0015642709832777
(d),4,10,BUS10_IA_MAG,116287,-1.5,626.2357756177844,626.1722116015806,1.0001015120361878
(d),4,10,BUS10_IA_MAG,116288,-1.466999999989639,627.832401724286,626.1722116015806,1.0026513315218175
(d),4,10,BUS10_IA_MAG,116289,-1.4329999999899883,629.1225392171903,626.1722116015806,1.0047116872338737
(d),4,10,BUS10_IA_MAG,116290,-1.3999999999937245,629.2496533654529,626.1722116015806,1.0049146891332035
(d),4,10,BUS10_IA_MAG,116291,-1.3669999999983702,626.3295228368279,626.1722116015806,1.0002512267908614
(d),4,10,BUS10_IA_MAG,116292,-1.3329999999987194,620.9749157096621,626.1722116015806,0.99169989374229
(d),4,10,BUS10_IA_MAG,116293,-1.299999999992906,628.2676007257503,626.1722116015806,1.0033463463969605
(d),4,10,BUS10_IA_MAG,116294,-1.2669999999930042,626.1830490426875,626.1722116015806,1.0000173074449905
(d),4,10,BUS10_IA_MAG,116295,-1.2329999999928987,629.4384419135474,626.1722116015806,1.005216185342388
(d),4,10,BUS10_IA_MAG,116296,-1.1999999999970896,628.4680638062038,626.1722116015806,1.0036664868898462
(d),4,10,BUS10_IA_MAG,116297,-1.1670000000008258,624.406446743354,626.1722116015806,0.9971800651234423
(d),4,10,BUS10_IA_MAG,116298,-1.1330000000016298,622.1851223037456,626.1722116015806,0.9936325994287785
(d),4,10,BUS10_IA_MAG,116299,-1.0999999999912689,625.7944011543965,626.1722116015806,0.9993966349189822
(d),4,10,BUS10_IA_MAG,116300,-1.0669999999959145,624.3118579525792,626.1722116015806,0.997029006374711
(d),4,10,BUS10_IA_MAG,116301,-1.032999999995809,624.828442458622,626.1722116015806,0.9978539942877351
(d),4,10,BUS10_IA_MAG,116302,-1.0,625.566667744624,626.1722116015806,0.9990329435804766
(d),4,10,BUS10_IA_MAG,116303,-0.966999999989639,627.9433732916934,626.1722116015806,1.0028285536427475
(d),4,10,BUS10_IA_MAG,116304,-0.9329999999899883,626.9866409995449,626.1722116015806,1.0013006476219717
(d),4,10,BUS10_IA_MAG,116305,-0.8999999999937245,619.8117436009363,626.1722116015806,0.9898423023526134
(d),4,10,BUS10_IA_MAG,116306,-0.8669999999983702,626.7009500999575,626.1722116015806,1.000844397896586
(d),4,10,BUS10_IA_MAG,116307,-0.8329999999987194,628.9238875353836,626.1722116015806,1.004394439553242
(d),4,10,BUS10_IA_MAG,116308,-0.7999999999929059,627.6064211029811,626.1722116015806,1.0022904393948309
(d),4,10,BUS10_IA_MAG,116309,-0.7669999999930042,623.6755793905004,626.1722116015806,0.9960128664849331
(d),4,10,BUS10_IA_MAG,116310,-0.7329999999928987,625.6524817623555,626.1722116015806,0.9991699889749247
(d),4,10,BUS10_IA_MAG,116311,-0.6999999999970896,627.267030245794,626.1722116015806,1.0017484305817614
(d),4,10,BUS10_IA_MAG,116312,-0.6670000000008258,628.838063645003,626.1722116015806,1.0042573783921263
(d),4,10,BUS10_IA_MAG,116313,-0.6330000000016298,628.4828322035617,626.1722116015806,1.0036900720906652
(d),4,10,BUS10_IA_MAG,116314,-0.5999999999912689,624.8693613875995,626.1722116015806,0.9979193420119223
(d),4,10,BUS10_IA_MAG,116315,-0.5669999999959145,625.2500317602978,626.1722116015806,0.9985272744075883
(d),4,10,BUS10_IA_MAG,116316,-0.532999999995809,625.7364001047398,626.1722116015806,0.9993040069668278
(d),4,10,BUS10_IA_MAG,116317,-0.5,625.8882210817284,626.1722116015806,0.9995464657891384
(d),4,10,BUS10_IA_MAG,116318,-0.46699999998963904,625.3754079925966,626.1722116015806,0.9987275008468581
(d),4,10,BUS10_IA_MAG,116319,-0.4329999999899883,628.3970671449174,626.1722116015806,1.003553104884112
(d),4,10,BUS10_IA_MAG,116320,-0.3999999999937245,626.8882213282488,626.1722116015806,1.0011434709388283
(d),4,10,BUS10_IA_MAG,116321,-0.3669999999983702,627.8983096790884,626.1722116015806,1.0027565868390949
(d),4,10,BUS10_IA_MAG,116322,-0.33299999999871943,629.218038877882,626.1722116015806,1.0048642006461945
(d),4,10,BUS10_IA_MAG,116323,-0.29999999999290594,621.0683143900625,626.1722116015806,0.991849051879093
(d),4,10,BUS10_IA_MAG,116324,-0.26699999999300417,626.8683549155018,626.1722116015806,1.0011117441831867
(d),4,10,BUS10_IA_MAG,116325,-0.23299999999289867,632.2384204304503,626.1722116015806,1.0096877643505675
(d),4,10,BUS10_IA_MAG,116326,-0.19999999999708962,627.0121256578919,626.1722116015806,1.001341346742557
(d),4,10,BUS10_IA_MAG,116327,-0.16700000000082582,627.9849158571759,626.1722116015806,1.0028948973173992
(d),4,10,BUS10_IA_MAG,116328,-0.13300000000162981,624.2483386537557,626.1722116015806,0.9969275657523925
(d),4,10,BUS10_IA_MAG,116329,-0.09999999999126885,626.9180108908254,626.1722116015806,1.0011910450119421
(d),4,10,BUS10_IA_MAG,116330,-0.06699999999591455,627.3017016326955,626.1722116015806,1.0018038009515402
(d),4,10,BUS10_IA_MAG,116331,-0.03299999999580905,625.8037857436601,626.1722116015806,0.9994116221526693
(d),4,10,BUS10_IA_MAG,116332,0.0,638.688385952547,626.1722116015806,1.0199883899653635
(d),4,10,BUS10_IA_MAG,116333,0.033000000010360964,667.5106438172619,626.1722116015806,1.0660176728538444
(d),4,10,BUS10_IA_MAG,116334,0.06700000001001172,671.3050575974726,626.1722116015806,1.072077369707056
(d),4,10,BUS10_IA_MAG,116335,0.10000000000627551,664.724478316448,626.1722116015806,1.0615681532980537
(d),4,10,BUS10_IA_MAG,116336,0.13300000000162981,671.7763462331172,626.1722116015806,1.0728300198996272
(d),4,10,BUS10_IA_MAG,116337,0.16700000000128057,669.6329408954688,626.1722116015806,1.0694069913813762
(d),4,10,BUS10_IA_MAG,116338,0.20000000000709406,669.5470118246014,626.1722116015806,1.0692697622465228
(d),4,10,BUS10_IA_MAG,116339,0.23300000000699583,669.4868998899253,626.1722116015806,1.069173763200953
(d),4,10,BUS10_IA_MAG,116340,0.26700000000710133,661.3290295207862,626.1722116015806,1.0561456054226424
(d),4,10,BUS10_IA_MAG,116341,0.3000000000029104,664.198966398408,626.1722116015806,1.0607289082656113
(d),4,10,BUS10_IA_MAG,116342,0.3329999999991742,664.6601934810705,626.1722116015806,1.0614654901102174
(d),4,10,BUS10_IA_MAG,116343,0.3669999999983702,663.6657503603353,626.1722116015806,1.0598773597168363
(d),4,10,BUS10_IA_MAG,116344,0.40000000000873115,664.5780068870329,626.1722116015806,1.0613342377286603
(d),4,10,BUS10_IA_MAG,116345,0.43300000000408545,662.9783202492758,626.1722116015806,1.0587795305600598
(d),4,10,BUS10_IA_MAG,116346,0.46700000000419095,663.6523781772177,626.1722116015806,1.0598560042767993
(d),4,10,BUS10_IA_MAG,116347,0.5,659.448464432357,626.1722116015806,1.0531423340324617
(d),4,10,BUS10_IA_MAG,116348,0.533000000010361,660.9540715943751,626.1722116015806,1.0555467958308655
(d),4,10,BUS10_IA_MAG,116349,0.5670000000100117,664.6409143099687,626.1722116015806,1.0614347011822762
(d),4,10,BUS10_IA_MAG,116350,0.6000000000062755,659.0020279259192,626.1722116015806,1.0524293728084304
(d),4,10,BUS10_IA_MAG,116351,0.6330000000016298,666.4219718600301,626.1722116015806,1.0642790585604263
(d),4,10,BUS10_IA_MAG,116352,0.6670000000012806,660.57107908997,626.1722116015806,1.05493515497982
(d),4,10,BUS10_IA_MAG,116353,0.7000000000070941,663.0601307168419,626.1722116015806,1.0589101822658529
(d),4,10,BUS10_IA_MAG,116354,0.7330000000069958,665.1822305576252,626.1722116015806,1.0622991858042814
(d),4,10,BUS10_IA_MAG,116355,0.7670000000071013,665.9284172682189,626.1722116015806,1.0634908495299602
(d),4,10,BUS10_IA_MAG,116356,0.8000000000029104,668.3612340423762,626.1722116015806,1.0673760694887553
(d),4,10,BUS10_IA_MAG,116357,0.8329999999991742,661.1192345735592,626.1722116015806,1.055810561894137
(d),4,10,BUS10_IA_MAG,116358,0.8669999999983702,666.2408443643893,626.1722116015806,1.0639897970884462
(d),4,10,BUS10_IA_MAG,116359,0.9000000000087311,673.5418548804604,626.1722116015806,1.0756495456061856
(d),4,10,BUS10_IA_MAG,116360,0.9330000000040855,669.3798937118185,626.1722116015806,1.0690028738255954
(d),4,10,BUS10_IA_MAG,116361,0.967000000004191,666.6098586136802,626.1722116015806,1.064579114599594
(d),4,10,BUS10_IA_MAG,116362,1.0,666.2233245750281,626.1722116015806,1.0639618179015122
(d),4,10,BUS10_IA_MAG,116363,1.033000000010361,671.210345490535,626.1722116015806,1.0719261140218264
(d),4,10,BUS10_IA_MAG,116364,1.0670000000100117,670.9195040768445,626.1722116015806,1.0714616389009222
(d),4,10,BUS10_IA_MAG,116365,1.1000000000062755,668.214692975707,626.1722116015806,1.0671420427083358
(d),4,10,BUS10_IA_MAG,116366,1.1330000000016298,668.1043290071296,626.1722116015806,1.0669657909256274
(d),4,10,BUS10_IA_MAG,116367,1.1670000000012806,671.6997567265743,626.1722116015806,1.0727077060934187
(d),4,10,BUS10_IA_MAG,116368,1.200000000007094,672.4955862363454,626.1722116015806,1.0739786496054848
(d),4,10,BUS10_IA_MAG,116369,1.2330000000069958,667.4918041745174,626.1722116015806,1.06598758585478
(d),4,10,BUS10_IA_MAG,116370,1.2670000000071013,669.8828285062986,626.1722116015806,1.0698060630843358
(d),4,10,BUS10_IA_MAG,116371,1.3000000000029104,672.8029164315493,626.1722116015806,1.0744694573888864
(d),4,10,BUS10_IA_MAG,116372,1.3329999999991742,666.950786968946,626.1722116015806,1.0651235788044071
(d),4,10,BUS10_IA_MAG,116373,1.3669999999983702,668.6463207971362,626.1722116015806,1.0678313543919784
(d),4,10,BUS10_IA_MAG,116374,1.4000000000087311,669.9385773331021,626.1722116015806,1.0698950942258822
(d),4,10,BUS10_IA_MAG,116375,1.4330000000040855,673.0325350190399,626.1722116015806,1.0748361593651738
(d),4,10,BUS10_IA_MAG,116376,1.467000000004191,670.4201341143612,626.1722116015806,1.070664142695835
(d),4,10,BUS10_IA_MAG,116377,1.5,670.9782316809635,626.1722116015806,1.0715554271640084
(d),4,10,BUS10_IA_MAG,116378,1.533000000010361,672.2562109870818,626.1722116015806,1.0735963661939432
(d),4,10,BUS10_IA_MAG,116379,1.5670000000100117,673.8168472260888,626.1722116015806,1.0760887096900165
(d),4,10,BUS10_IA_MAG,116380,1.6000000000062755,669.5281465038919,626.1722116015806,1.0692396342396264
(d),4,10,BUS10_IA_MAG,116381,1.6330000000016298,679.5662936151534,626.1722116015806,1.0852706029176944
(d),4,10,BUS10_IA_MAG,116382,1.6670000000012806,672.8761661794356,626.1722116015806,1.0745864375846363
(d),4,10,BUS10_IA_MAG,116383,1.700000000007094,671.2835348392833,626.1722116015806,1.0720429977598656
(d),4,10,BUS10_IA_MAG,116384,1.7330000000069958,674.837570802976,626.1722116015806,1.0777188100968622
(d),4,10,BUS10_IA_MAG,116385,1.7670000000071013,671.2508811451687,626.1722116015806,1.0719908496550636
(d),4,10,BUS10_IA_MAG,116386,1.8000000000029104,675.5943403934964,626.1722116015806,1.0789273747321162
(d),4,10,BUS10_IA_MAG,116387,1.8329999999991742,672.2898570970909,626.1722116015806,1.0736500991916487
(d),4,10,BUS10_IA_MAG,116388,1.8669999999983702,672.948944077392,626.1722116015806,1.074702664233804
(d),4,10,BUS10_IA_MAG,116389,1.9000000000087311,669.3059857232098,626.1722116015806,1.0688848424162813
(d),4,10,BUS10_IA_MAG,116390,1.9330000000040855,670.5669877513152,626.1722116015806,1.0708986686524857
(d),4,10,BUS10_IA_MAG,116391,1.967000000004191,674.0989149764748,626.1722116015806,1.076539173228896
(d),4,10,BUS10_IA_MAG,116392,2.0,667.4247451131198,626.1722116015806,1.0658804922147955
(d),4,10,BUS10_IA_MAG,116393,2.033000000010361,671.2273988533806,626.1722116015806,1.0719533483233965
(d),4,10,BUS10_IA_MAG,116394,2.0670000000100117,671.379140509138,626.1722116015806,1.0721956804693236
(d),4,10,BUS10_IA_MAG,116395,2.1000000000062755,671.6182247172802,626.1722116015806,1.0725774990868102
(d),4,10,BUS10_IA_MAG,116396,2.13300000000163,669.9823686294839,626.1722116015806,1.069965029134475
(d),4,10,BUS10_IA_MAG,116397,2.1670000000012806,671.4253375269591,626.1722116015806,1.0722694573264968
(d),4,10,BUS10_IA_MAG,116398,2.200000000007094,669.7976351036287,626.1722116015806,1.0696700088150928
(d),4,10,BUS10_IA_MAG,116399,2.233000000006996,671.7738203238093,626.1722116015806,1.0728259860104492
(d),4,10,BUS10_IA_MAG,116400,2.2670000000071013,671.4580109978898,626.1722116015806,1.072321637014968
(d),4,10,BUS10_IA_MAG,116401,2.3000000000029104,670.1419175458664,626.1722116015806,1.0702198295127519
(d),4,10,BUS10_IA_MAG,116402,2.332999999999174,667.5668532086219,626.1722116015806,1.0661074395191779
(d),4,10,BUS10_IA_MAG,116403,2.36699999999837,672.0406465420853,626.1722116015806,1.0732521087500602
(d),4,10,BUS10_IA_MAG,116404,2.400000000008731,673.5196806645719,626.1722116015806,1.0756141332779512
(d),4,10,BUS10_IA_MAG,116405,2.4330000000040855,670.358390652959,626.1722116015806,1.070565538094324
(d),4,10,BUS10_IA_MAG,116406,2.467000000004191,672.8233041169212,626.1722116015806,1.0745020166193893
(d),4,10,BUS10_IA_MAG,116407,2.5,679.7467495396187,626.1722116015806,1.085558791887313
(d),4,10,BUS10_IA_MAG,116408,2.533000000010361,670.2948771796404,626.1722116015806,1.0704641067753644
(d),4,10,BUS10_IA_MAG,116409,2.5670000000100117,667.1239056867385,626.1722116015806,1.0654000502200736
(d),4,10,BUS10_IA_MAG,116410,2.6000000000062755,676.1981342911673,626.1722116015806,1.0798916364583377
(d),4,10,BUS10_IA_MAG,116411,2.63300000000163,670.9622574200981,626.1722116015806,1.0715299161934329
(d),4,10,BUS10_IA_MAG,116412,2.6670000000012806,669.5758356535243,626.1722116015806,1.0693157940383988
(d),4,10,BUS10_IA_MAG,116413,2.700000000007094,672.7731900046512,626.1722116015806,1.0744219841437515
(d),4,10,BUS10_IA_MAG,116414,2.733000000006996,677.5139006975836,626.1722116015806,1.0819929216671638
(d),4,10,BUS10_IA_MAG,116415,2.7670000000071013,675.7473931405814,626.1722116015806,1.079171800697129
(d),4,10,BUS10_IA_MAG,116416,2.8000000000029104,680.2852336105267,626.1722116015806,1.0864187535095808
(d),4,10,BUS10_IA_MAG,116417,2.832999999999174,679.7251884529901,626.1722116015806,1.0855243587294228
(d),4,10,BUS10_IA_MAG,116418,2.86699999999837,677.1728808023784,626.1722116015806,1.0814483112726319
(d),4,10,BUS10_IA_MAG,116419,2.900000000008731,678.816003633292,626.1722116015806,1.0840723862482857
(d),4,10,BUS10_IA_MAG,116420,2.9330000000040855,682.3993965364679,626.1722116015806,1.0897950817572586
(d),4,10,BUS10_IA_MAG,116421,2.967000000004191,674.6081267494415,626.1722116015806,1.0773523868521326
(d),4,10,BUS10_IA_MAG,116422,3.0,680.4226141999321,626.1722116015806,1.0866381509642429
(d),4,10,BUS10_IA_MAG,116423,3.033000000010361,678.721983882697,626.1722116015806,1.083922236259428
(d),4,10,BUS10_IA_MAG,116424,3.0670000000100117,673.7705591983411,626.1722116015806,1.0760147874895578
(d),4,10,BUS10_IA_MAG,116425,3.1000000000062755,674.2352998484421,626.1722116015806,1.0767569805180734
(d),4,10,BUS10_IA_MAG,116426,3.13300000000163,677.4732367604481,626.1722116015806,1.0819279811661608
(d),4,10,BUS10_IA_MAG,116427,3.1670000000012806,672.864594775562,626.1722116015806,1.0745679579976166
(d),4,10,BUS10_IA_MAG,116428,3.200000000007094,676.9562906327187,626.1722116015806,1.0811024157415834
(d),4,10,BUS10_IA_MAG,116429,3.233000000006996,677.8676115841417,626.1722116015806,1.0825577996352445
(d),4,10,BUS10_IA_MAG,116430,3.2670000000071013,677.3868899413534,626.1722116015806,1.0817900848854014
(d),4,10,BUS10_IA_MAG,116431,3.3000000000029104,676.299735738681,626.1722116015806,1.080053894453233
(d),4,10,BUS10_IA_MAG,116432,3.332999999999174,674.8915061347526,626.1722116015806,1.0778049450782257
(d),4,10,BUS10_IA_MAG,116433,3.36699999999837,679.2246670733668,626.1722116015806,1.084725023705687
(d),4,10,BUS10_IA_MAG,116434,3.400000000008731,674.8204642023995,626.1722116015806,1.0776914907743826
(d),4,10,BUS10_IA_MAG,116435,3.4330000000040855,675.7542995931973,626.1722116015806,1.0791828303348037
(d),4,10,BUS10_IA_MAG,116436,3.467000000004191,673.2330089639421,626.1722116015806,1.075156317208636
(d),4,10,BUS10_IA_MAG,116437,3.5,679.7546129981318,626.1722116015806,1.0855713498679571
(d),4,10,BUS10_IA_MAG,116438,3.533000000010361,678.2907988875365,626.1722116015806,1.0832336317714428
(d),4,10,BUS10_IA_MAG,116439,3.5670000000100117,679.22031730066,626.1722116015806,1.0847180770979865
(d),4,10,BUS10_IA_MAG,116440,3.6000000000062755,678.6230085292665,626.1722116015806,1.0837641721492732
(d),4,10,BUS10_IA_MAG,116441,3.63300000000163,678.2330618349297,626.1722116015806,1.0831414254238325
(d),4,10,BUS10_IA_MAG,116442,3.6670000000012806,680.3134040441342,626.1722116015806,1.0864637418260306
(d),4,10,BUS10_IA_MAG,116443,3.700000000007094,680.1535993530184,626.1722116015806,1.0862085329742883
(d),4,10,BUS10_IA_MAG,116444,3.733000000006996,681.8770221978154,626.1722116015806,1.0889608474540207
(d),4,10,BUS10_IA_MAG,116445,3.7670000000071013,679.4782057767944,626.1722116015806,1.0851299262208898
(d),4,10,BUS10_IA_MAG,116446,3.8000000000029104,680.403881153785,626.1722116015806,1.0866082342004517
(d),4,10,BUS10_IA_MAG,116447,3.832999999999174,676.2317204810779,626.1722116015806,1.0799452737633606
(d),4,10,BUS10_IA_MAG,116448,3.86699999999837,675.7287753565789,626.1722116015806,1.079142068007531
(d),4,10,BUS10_IA_MAG,116449,3.900000000008731,676.492498570807,626.1722116015806,1.0803617376129175
(d),4,10,BUS10_IA_MAG,116450,3.9330000000040855,675.1154593287192,626.1722116015806,1.0781625993941106
(d),4,10,BUS10_IA_MAG,116451,3.967000000004191,675.630096071606,626.1722116015806,1.0789844767201109
(d),4,10,BUS10_IA_MAG,116452,4.0,683.6172377093743,626.1722116015806,1.0917399799024374
(d),4,10,BUS10_IA_MAG,116453,4.033000000010361,679.4230551457949,626.1722116015806,1.0850418504008874
(d),4,10,BUS10_IA_MAG,116454,4.067000000010012,677.041453013649,626.1722116015806,1.081238420468961
(d),4,10,BUS10_IA_MAG,116455,4.1000000000062755,678.6357827974907,626.1722116015806,1.0837845727163817
(d),4,10,BUS10_IA_MAG,116456,4.13300000000163,675.8542026062748,626.1722116015806,1.0793423759218268
(d),4,10,BUS10_IA_MAG,116457,4.167000000001281,676.0456501748004,626.1722116015806,1.0796481185992859
(d),4,10,BUS10_IA_MAG,116458,4.200000000007094,677.8770382400163,626.1722116015806,1.0825728540495092
(d),4,10,BUS10_IA_MAG,116459,4.233000000006996,674.2374392965842,626.1722116015806,1.0767603972269317
(d),4,10,BUS10_IA_MAG,116460,4.267000000007101,680.1153033392558,626.1722116015806,1.0861473740581737
(d),4,10,BUS10_IA_MAG,116461,4.30000000000291,684.819997454547,626.1722116015806,1.0936607929357982
(d),4,10,BUS10_IA_MAG,116462,4.332999999999174,674.2939972429048,626.1722116015806,1.076850720536195
(d),4,10,BUS10_IA_MAG,116463,4.36699999999837,676.1212707121495,626.1722116015806,1.0797688849570832
(d),4,10,BUS10_IA_MAG,116464,4.400000000008731,676.9013023964834,626.1722116015806,1.0810145992667919
(d),4,10,BUS10_IA_MAG,116465,4.4330000000040855,679.1790068703681,626.1722116015806,1.0846521041443382
(d),4,10,BUS10_IA_MAG,116466,4.467000000004191,682.0069370592003,626.1722116015806,1.0891683221055266
(d),4,10,BUS10_IA_MAG,116467,4.5,680.976178686155,626.1722116015806,1.087522196081491
(d),4,10,BUS10_IA_MAG,116468,4.533000000010361,678.9098807243462,626.1722116015806,1.0842223084091784
(d),4,10,BUS10_IA_MAG,116469,4.567000000010012,677.4607531754531,626.1722116015806,1.081908044821552
(d),4,10,BUS10_IA_MAG,116470,4.6000000000062755,684.7336333537385,626.1722116015806,1.0935228690560597
(d),4,10,BUS10_IA_MAG,116471,4.63300000000163,675.9616132012769,626.1722116015806,1.0795139111528895
(d),4,10,BUS10_IA_MAG,116472,4.667000000001281,682.6853732795765,626.1722116015806,1.0902517879761071
(d),4,10,BUS10_IA_MAG,116473,4.700000000007094,677.4232147799175,626.1722116015806,1.0818480958253491
(d),4,10,BUS10_IA_MAG,116474,4.733000000006996,678.1622479106979,626.1722116015806,1.0830283352500438
(d),4,10,BUS10_IA_MAG,116475,4.767000000007101,684.9526560666297,626.1722116015806,1.093872649370218
(d),4,10,BUS10_IA_MAG,116476,4.80000000000291,682.8295208175396,626.1722116015806,1.0904819922797993
(d),4,10,BUS10_IA_MAG,116477,4.832999999999174,681.0770904023489,626.1722116015806,1.0876833525721883
(d),4,10,BUS10_IA_MAG,116478,4.86699999999837,682.2582832418444,626.1722116015806,1.0895697231546106
(d),4,10,BUS10_IA_MAG,116479,4.900000000008731,680.8246910153525,626.1722116015806,1.0872802695507449
(d),4,10,BUS10_IA_MAG,116480,4.9330000000040855,678.7235605726831,626.1722116015806,1.0839247542408348
(d),4,10,BUS10_IA_MAG,116481,4.967000000004191,680.4606054211804,626.1722116015806,1.0866988231252623
(d),4,10,BUS10_IA_MAG,116482,5.0,681.1049654336673,626.1722116015806,1.0877278691297774
(d),4,10,BUS10_IA_MAG,116483,5.033000000010361,676.6929452537194,626.1722116015806,1.0806818519188521
(d),4,10,BUS10_IA_MAG,116484,5.067000000010012,675.1880954429686,626.1722116015806,1.078278599614024
(d),4,10,BUS10_IA_MAG,116485,5.1000000000062755,680.8304835319121,626.1722116015806,1.0872895202272397
(d),4,10,BUS10_IA_MAG,116486,5.13300000000163,677.3082488490523,626.1722116015806,1.08166449468698
(d),4,10,BUS10_IA_MAG,116487,5.167000000001281,680.6497943245274,626.1722116015806,1.0870009587036893
(d),4,10,BUS10_IA_MAG,116488,5.200000000007094,675.9106498003883,626.1722116015806,1.0794325223592887
(d),4,10,BUS10_IA_MAG,116489,5.233000000006996,684.1269757092615,626.1722116015806,1.0925540339125688
(d),4,10,BUS10_IA_MAG,116490,5.267000000007101,673.7802463348206,626.1722116015806,1.0760302578925875
(d),4,10,BUS10_IA_MAG,116491,5.30000000000291,678.5828563798076,626.1722116015806,1.0837000489756239
(d),4,10,BUS10_IA_MAG,116492,5.332999999999174,678.0838688936919,626.1722116015806,1.082903163587115
(d),4,10,BUS10_IA_MAG,116493,5.36699999999837,675.7334234547103,626.1722116015806,1.0791494910423531
(d),4,10,BUS10_IA_MAG,116494,5.400000000008731,679.805576812198,626.1722116015806,1.0856527393214044
(d),4,10,BUS10_IA_MAG,116495,5.4330000000040855,682.1942323537572,626.1722116015806,1.0894674335817096
(d),4,10,BUS10_IA_MAG,116496,5.467000000004191,681.1432425623134,626.1722116015806,1.0877889978862711
(d),4,10,BUS10_IA_MAG,116497,5.5,680.1687531158633,626.1722116015806,1.0862327336056228
(d),4,10,BUS10_IA_MAG,116498,5.533000000010361,678.8389691687868,626.1722116015806,1.084109062317695
(d),4,10,BUS10_IA_MAG,116499,5.567000000010012,678.1022054798407,626.1722116015806,1.0829324472024031
(d),4,10,BUS10_IA_MAG,116500,5.6000000000062755,677.8236254875936,626.1722116015806,1.0824875536298595
(d),4,10,BUS10_IA_MAG,116501,5.63300000000163,679.0801138393921,626.1722116015806,1.0844941715035346
(d),4,10,BUS10_IA_MAG,116502,5.667000000001281,677.6765501912957,626.1722116015806,1.0822526736821823
(d),4,10,BUS10_IA_MAG,116503,5.700000000007094,676.7468669578093,626.1722116015806,1.080767965136735
(d),4,10,BUS10_IA_MAG,116504,5.733000000006996,681.5366494543847,626.1722116015806,1.0884172705639503
(d),4,10,BUS10_IA_MAG,116505,5.767000000007101,677.7273570171885,626.1722116015806,1.0823338124247701
(d),4,10,BUS10_IA_MAG,116506,5.80000000000291,679.353760765336,626.1722116015806,1.0849311869457305
(d),4,10,BUS10_IA_MAG,116507,5.832999999999174,689.4285181560999,626.1722116015806,1.1010206224142822
(d),4,10,BUS10_IA_MAG,116508,5.86699999999837,686.306824049566,626.1722116015806,1.0960352620793843
(d),4,10,BUS10_IA_MAG,116509,5.900000000008731,681.538308044327,626.1722116015806,1.0884199193399764
(d),4,10,BUS10_IA_MAG,116510,5.9330000000040855,681.7851771456867,626.1722116015806,1.0888141704689562
(d),4,10,BUS10_IA_MAG,116511,5.967000000004191,676.7385091579082,626.1722116015806,1.0807546176905434
(d),4,10,BUS10_IA_MAG,116512,6.0,680.2381637896945,626.1722116015806,1.086343582781848
(d),4,10,BUS10_IA_MAG,116513,6.033000000010361,674.3306875052044,626.1722116015806,1.0769093150595863
(d),4,10,BUS10_IA_MAG,116514,6.067000000010012,681.0836537500479,626.1722116015806,1.087693834269679
(d),4,10,BUS10_IA_MAG,116515,6.1000000000062755,686.7148794771103,626.1722116015806,1.0966869285378824
(d),4,10,BUS10_IA_MAG,116516,6.13300000000163,680.4782310911958,626.1722116015806,1.0867269714041046
(d),4,10,BUS10_IA_MAG,116517,6.167000000001281,684.4933151328065,626.1722116015806,1.093139079714279
(d),4,10,BUS10_IA_MAG,116518,6.200000000007094,678.6983277044451,626.1722116015806,1.083884457230251
(d),4,10,BUS10_IA_MAG,116519,6.233000000006996,683.1526895724875,626.1722116015806,1.0909980943184403
(d),4,10,BUS10_IA_MAG,116520,6.267000000007101,679.9278886172134,626.1722116015806,1.0858480718557284
(d),4,10,BUS10_IA_MAG,116521,6.30000000000291,682.2758461702085,626.1722116015806,1.0895977712347373
(d),4,10,BUS10_IA_MAG,116522,6.332999999999174,680.0139046582948,626.1722116015806,1.0859854398824274
(d),4,10,BUS10_IA_MAG,116523,6.36699999999837,677.0431438944049,626.1722116015806,1.0812411208135702
(d),4,10,BUS10_IA_MAG,116524,6.400000000008731,678.0565724577656,626.1722116015806,1.082859571049119
(d),4,10,BUS10_IA_MAG,116525,6.4330000000040855,675.9086561632566,626.1722116015806,1.0794293385113076
(d),4,10,BUS10_IA_MAG,116526,6.467000000004191,680.1042576323175,626.1722116015806,1.0861297340116598
(d),4,10,BUS10_IA_MAG,116527,6.5,679.5541734330433,626.1722116015806,1.0852512469292208
(d),4,10,BUS10_IA_MAG,116528,6.533000000010361,685.2523726671276,626.1722116015806,1.0943512982066639
(d),4,10,BUS10_IA_MAG,116529,6.567000000010012,674.4696151779088,626.1722116015806,1.0771311832136345
(d),4,10,BUS10_IA_MAG,116530,6.6000000000062755,675.3220178376932,626.1722116015806,1.0784924743153337
(d),4,10,BUS10_IA_MAG,116531,6.63300000000163,678.9541617288766,626.1722116015806,1.0842930253840137
(d),4,10,BUS10_IA_MAG,116532,6.667000000001281,677.5783213540857,626.1722116015806,1.082095801761982
(d),4,10,BUS10_IA_MAG,116533,6.700000000007094,681.6352253942446,626.1722116015806,1.0885746968087333
(d),4,10,BUS10_IA_MAG,116534,6.733000000006996,679.2164059189898,626.1722116015806,1.0847118306028567
(d),4,10,BUS10_IA_MAG,116535,6.767000000007101,677.782975868002,626.1722116015806,1.0824226359940423
(d),4,10,BUS10_IA_MAG,116536,6.80000000000291,684.206921904639,626.1722116015806,1.0926817083668106
(d),4,10,BUS10_IA_MAG,116537,6.832999999999174,682.128771213492,626.1722116015806,1.0893628918293732
(d),4,10,BUS10_IA_MAG,116538,6.86699999999837,680.9450740991091,626.1722116015806,1.0874725219080454
(d),4,10,BUS10_IA_MAG,116539,6.900000000008731,673.1384717820354,626.1722116015806,1.0750053408795126
(d),4,10,BUS10_IA_MAG,116540,6.9330000000040855,678.4848952082972,626.1722116015806,1.083543604518819
(d),4,10,BUS10_IA_MAG,116541,6.967000000004191,675.5745716118098,626.1722116015806,1.0788958038937424
(d),4,10,BUS10_IA_MAG,116542,7.0,679.4047552374898,626.1722116015806,1.0850126253602896
(d),4,10,BUS10_IA_MAG,116543,7.033000000010361,682.1734232493029,626.1722116015806,1.0894342013429281
(d),4,10,BUS10_IA_MAG,116544,7.067000000010012,682.2969207502914,626.1722116015806,1.0896314274393604
(d),4,10,BUS10_IA_MAG,116545,7.1000000000062755,683.2632136788935,626.1722116015806,1.0911746018420228
(d),4,10,BUS10_IA_MAG,116546,7.13300000000163,678.6460503236319,626.1722116015806,1.0838009700044615
(d),4,10,BUS10_IA_MAG,116547,7.167000000001281,675.8843535097255,626.1722116015806,1.079390527058035
(d),4,10,BUS10_IA_MAG,116548,7.200000000007094,681.145662163552,626.1722116015806,1.0877928620009567
(d),4,10,BUS10_IA_MAG,116549,7.233000000006996,679.3886892462962,626.1722116015806,1.0849869678959436
(d),4,10,BUS10_IA_MAG,116550,7.267000000007101,683.2965230663732,626.1722116015806,1.0912277970922473
(d),4,10,BUS10_IA_MAG,116551,7.30000000000291,675.4357798066054,626.1722116015806,1.0786741527207377
(d),4,10,BUS10_IA_MAG,116552,7.332999999999174,680.4834422585391,626.1722116015806,1.086735293663136
(d),4,10,BUS10_IA_MAG,116553,7.36699999999837,677.7111331237186,626.1722116015806,1.0823079027897378
(d),4,10,BUS10_IA_MAG,116554,7.400000000008731,681.7571160387636,626.1722116015806,1.0887693567477414
(d),4,10,BUS10_IA_MAG,116555,7.4330000000040855,684.6739700085067,626.1722116015806,1.0934275864099658
(d),4,10,BUS10_IA_MAG,116556,7.467000000004191,678.9898696021172,626.1722116015806,1.0843500510274056
(d),4,10,BUS10_IA_MAG,116557,7.5,678.1632981464777,626.1722116015806,1.083030012481579
(d),4,10,BUS10_IA_MAG,116558,7.533000000010361,683.0295539151514,626.1722116015806,1.0908014460880417
(d),4,10,BUS10_IA_MAG,116559,7.567000000010012,680.7085178513711,626.1722116015806,1.0870947404553475
(d),4,10,BUS10_IA_MAG,116560,7.6000000000062755,683.3186068352534,626.1722116015806,1.0912630649761792
(d),4,10,BUS10_IA_MAG,116561,7.63300000000163,673.1897109636528,626.1722116015806,1.075087170096249
(d),4,10,BUS10_IA_MAG,116562,7.667000000001281,681.5866552963721,626.1722116015806,1.088497130131432
(d),4,10,BUS10_IA_MAG,116563,7.700000000007094,678.052171693797,626.1722116015806,1.082852543008131
(d),4,10,BUS10_IA_MAG,116564,7.733000000006996,678.9950119171946,626.1722116015806,1.084358263329041
(d),4,10,BUS10_IA_MAG,116565,7.767000000007101,676.9539170332982,626.1722116015806,1.08109862509202
(d),4,10,BUS10_IA_MAG,116566,7.80000000000291,683.0992467038204,626.1722116015806,1.0909127458030048
(d),4,10,BUS10_IA_MAG,116567,7.832999999999174,682.6696882221635,626.1722116015806,1.0902267388648206
(d),4,10,BUS10_IA_MAG,116568,7.86699999999837,680.4100437356404,626.1722116015806,1.086618075872984
(d),4,10,BUS10_IA_MAG,116569,7.900000000008731,682.4176874430239,626.1722116015806,1.0898242924220198
(d),4,10,BUS10_IA_MAG,116570,7.9330000000040855,679.5032888803574,626.1722116015806,1.085169984056575
(d),4,10,BUS10_IA_MAG,116571,7.967000000004191,679.0644339839763,626.1722116015806,1.0844691306998624
(d),4,10,BUS10_IA_MAG,116572,8.0,678.9342142916558,626.1722116015806,1.0842611692319022
(d),4,10,BUS10_IA_MAG,116573,8.033000000010361,677.2619862182514,626.1722116015806,1.0815906130455661
(d),4,10,BUS10_IA_MAG,116574,8.067000000010012,684.2381544948037,626.1722116015806,1.0927315869618455
(d),4,10,BUS10_IA_MAG,116575,8.100000000006276,683.216130016438,626.1722116015806,1.0910994090091517
(d),4,10,BUS10_IA_MAG,116576,8.13300000000163,680.9298094162376,626.1722116015806,1.087448144136901
(d),4,10,BUS10_IA_MAG,116577,8.16700000000128,680.3488916534745,626.1722116015806,1.086520415706926
(d),4,10,BUS10_IA_MAG,116578,8.200000000007094,676.3272917836509,626.1722116015806,1.0800979015881065
(d),4,10,BUS10_IA_MAG,116579,8.233000000006996,680.5337123552868,626.1722116015806,1.0868155752467266
(d),4,10,BUS10_IA_MAG,116580,8.267000000007101,683.804267908409,626.1722116015806,1.0920386680198104
(d),4,10,BUS10_IA_MAG,116581,8.30000000000291,684.0087596275177,626.1722116015806,1.092365242267789
(d),4,10,BUS10_IA_MAG,116582,8.332999999999174,676.2240389520841,626.1722116015806,1.0799330063250243
(d),4,10,BUS10_IA_MAG,116583,8.36699999999837,681.7361405591713,626.1722116015806,1.0887358588070735
(d),4,10,BUS10_IA_MAG,116584,8.400000000008731,677.0982886392528,626.1722116015806,1.0813291872333604
(d),4,10,BUS10_IA_MAG,116585,8.433000000004085,678.30841892272,626.1722116015806,1.0832617710514316
(d),4,10,BUS10_IA_MAG,116586,8.467000000004191,681.3314355549176,626.1722116015806,1.0880895429905049
(d),4,10,BUS10_IA_MAG,116587,8.5,683.0278343414458,626.1722116015806,1.0907986999206556
(d),4,10,BUS10_IA_MAG,116588,8.533000000010361,681.7304872717859,626.1722116015806,1.088726830480232
(d),4,10,BUS10_IA_MAG,116589,8.567000000010012,683.5744826009466,626.1722116015806,1.091671699790935
(d),4,10,BUS10_IA_MAG,116590,8.600000000006276,678.0126756473309,626.1722116015806,1.0827894676340815
(d),4,10,BUS10_IA_MAG,116591,8.63300000000163,677.6404383351414,626.1722116015806,1.082195002876156
(d),4,10,BUS10_IA_MAG,116592,8.66700000000128,678.0853201164672,626.1722116015806,1.082905481196789
(d),4,10,BUS10_IA_MAG,116593,8.700000000007094,682.0745021197015,626.1722116015806,1.089276223828486
(d),4,10,BUS10_IA_MAG,116594,8.733000000006996,681.7215832139326,626.1722116015806,1.0887126106574925
(d),4,10,BUS10_IA_MAG,116595,8.767000000007101,680.3471201545312,626.1722116015806,1.0865175866146883
(d),4,10,BUS10_IA_MAG,116596,8.80000000000291,682.5027220109832,626.1722116015806,1.089960093031475
(d),4,10,BUS10_IA_MAG,116597,8.832999999999174,683.0265571577953,626.1722116015806,1.0907966602522916
(d),4,10,BUS10_IA_MAG,116598,8.86699999999837,680.1798265913313,626.1722116015806,1.0862504179986106
(d),4,10,BUS10_IA_MAG,116599,8.900000000008731,681.7542761841343,626.1722116015806,1.088764821486392
(d),4,10,BUS10_IA_MAG,116600,8.933000000004085,683.9992659190633,626.1722116015806,1.092350080770235
(d),4,10,BUS10_IA_MAG,116601,8.967000000004191,676.9039367036153,626.1722116015806,1.08101880626781
(d),4,10,BUS10_IA_MAG,116602,9.0,682.2475760971988,626.1722116015806,1.0895526237936886
(d),4,10,BUS10_IA_MAG,116603,9.033000000010361,677.5940624152656,626.1722116015806,1.0821209403115506
(d),4,10,BUS10_IA_MAG,116604,9.067000000010012,679.9655022950344,626.1722116015806,1.085908141078099
(d),4,10,BUS10_IA_MAG,116605,9.100000000006276,677.8491724773141,626.1722116015806,1.0825283522939444
(d),4,10,BUS10_IA_MAG,116606,9.13300000000163,675.4774521618098,626.1722116015806,1.0787407036701926
(d),4,10,BUS10_IA_MAG,116607,9.16700000000128,679.8707884549245,626.1722116015806,1.085756882624985
(d),4,10,BUS10_IA_MAG,116608,9.200000000007094,679.0038072431154,626.1722116015806,1.0843723095063669
(d),4,10,BUS10_IA_MAG,116609,9.233000000006996,677.6389782025477,626.1722116015806,1.0821926710374594
(d),4,10,BUS10_IA_MAG,116610,9.267000000007101,683.9744233974295,626.1722116015806,1.0923104071450351
(d),4,10,BUS10_IA_MAG,116611,9.30000000000291,680.5779064993342,626.1722116015806,1.0868861535049574
(d),4,10,BUS10_IA_MAG,116612,9.332999999999174,677.135383782465,626.1722116015806,1.0813884283534947
(d),4,10,BUS10_IA_MAG,116613,9.36699999999837,676.3328061140062,626.1722116015806,1.08010670799991
(d),4,10,BUS10_IA_MAG,116614,9.400000000008731,683.3622004900018,626.1722116015806,1.0913326842501436
(d),4,10,BUS10_IA_MAG,116615,9.433000000004085,678.1265140269044,626.1722116015806,1.0829712680676753
(d),4,10,BUS10_IA_MAG,116616,9.467000000004191,673.48251091056,626.1722116015806,1.075554773004015
(d),4,10,BUS10_IA_MAG,116617,9.5,678.6611070768836,626.1722116015806,1.0838250157110143
(d),4,10,BUS10_IA_MAG,116618,9.533000000010361,686.8217188434245,626.1722116015806,1.0968575515140135
(d),4,10,BUS10_IA_MAG,116619,9.567000000010012,675.1755366919181,626.1722116015806,1.078258543228867
(d),4,10,BUS10_IA_MAG,116620,9.600000000006276,681.304766053515,626.1722116015806,1.088046951669925
(d),4,10,BUS10_IA_MAG,116621,9.63300000000163,680.7601512295912,626.1722116015806,1.0871771992059331
(d),4,10,BUS10_IA_MAG,116622,9.66700000000128,677.009691151242,626.1722116015806,1.0811876966236378
(d),4,10,BUS10_IA_MAG,116623,9.700000000007094,678.1671133548124,626.1722116015806,1.0830361053874347
(d),4,10,BUS10_IA_MAG,116624,9.733000000006996,679.3108249720258,626.1722116015806,1.0848626182796117
(d),4,10,BUS10_IA_MAG,116625,9.767000000007101,685.9399930926043,626.1722116015806,1.09544943129647
(d),4,10,BUS10_IA_MAG,116626,9.80000000000291,680.86487460615,626.1722116015806,1.0873444429363615
(d),4,10,BUS10_IA_MAG,116627,9.832999999999174,676.1325624241928,626.1722116015806,1.0797869178749198
(d),4,10,BUS10_IA_MAG,116628,9.86699999999837,676.4336436988611,626.1722116015806,1.0802677461025063
(d),4,10,BUS10_IA_MAG,116629,9.900000000008731,676.3394299854364,626.1722116015806,1.080117286354087
(d),4,10,BUS10_IA_MAG,116630,9.933000000004085,677.4587427064341,626.1722116015806,1.081904834092967
(d),4,10,BUS10_IA_MAG,116631,9.967000000004191,678.4130503826253,626.1722116015806,1.0834288679905273
(d),4,10,BUS10_IA_MAG,116632,10.0,682.8897150163639,626.1722116015806,1.090578122701605
(d),4,10,BUS10_IA_MAG,116633,10.033000000010361,678.9937776751659,626.1722116015806,1.084356292238651
(d),4,10,BUS10_IA_MAG,116634,10.067000000010012,682.9872781578742,626.1722116015806,1.090733931502607
(d),4,10,BUS10_IA_MAG,116635,10.100000000006276,679.5602262587038,626.1722116015806,1.085260913320588
(d),4,10,BUS10_IA_MAG,116636,10.13300000000163,680.6041591074654,626.1722116015806,1.0869280790450002
(d),4,10,BUS10_IA_MAG,116637,10.16700000000128,682.4260479601328,626.1722116015806,1.0898376442076054
(d),4,10,BUS10_IA_MAG,116638,10.200000000007094,681.585817700901,626.1722116015806,1.0884957924874807
(d),4,10,BUS10_IA_MAG,116639,10.233000000006996,679.9765743358334,626.1722116015806,1.0859258231799136
(d),4,10,BUS10_IA_MAG,116640,10.267000000007101,680.9936651676468,626.1722116015806,1.087550122075599
(d),4,10,BUS10_IA_MAG,116641,10.30000000000291,683.5078891725957,626.1722116015806,1.0915653497691407
(d),4,10,BUS10_IA_MAG,116642,10.332999999999174,679.1846988045063,626.1722116015806,1.0846611941902278
(d),4,10,BUS10_IA_MAG,116643,10.36699999999837,675.674810114244,626.1722116015806,1.0790558852588636
(d),4,10,BUS10_IA_MAG,116644,10.400000000008731,680.1791079691768,626.1722116015806,1.0862492703556121
(d),4,10,BUS10_IA_MAG,116645,10.433000000004085,675.407674087342,626.1722116015806,1.0786292677534033
(d),4,10,BUS10_IA_MAG,116646,10.467000000004191,677.9484919249195,626.1722116015806,1.0826869659241332
(d),4,10,BUS10_IA_MAG,116647,10.5,679.0238773586444,626.1722116015806,1.0844043615763201
(d),4,10,BUS10_IA_MAG,116648,10.533000000010361,681.2815490893722,626.1722116015806,1.0880098740677693
(d),4,10,BUS10_IA_MAG,116649,10.567000000010012,679.7659330873512,626.1722116015806,1.0855894281042786
(d),4,10,BUS10_IA_MAG,116650,10.600000000006276,678.4241139684939,626.1722116015806,1.0834465365897776
(d),4,10,BUS10_IA_MAG,116651,10.63300000000163,678.3563562586156,626.1722116015806,1.0833383272048467
(d),4,10,BUS10_IA_MAG,116652,10.66700000000128,677.5137335352265,626.1722116015806,1.0819926547080845
(d),4,10,BUS10_IA_MAG,116653,10.700000000007094,679.1502771697103,626.1722116015806,1.0846062226757494
(d),4,10,BUS10_IA_MAG,116654,10.733000000006996,679.0864571367146,626.1722116015806,1.0845043017795273
(d),4,10,BUS10_IA_MAG,116655,10.767000000007101,677.0541085067536,626.1722116015806,1.0812586313516386
(d),4,10,BUS10_IA_MAG,116656,10.80000000000291,677.4737869547749,626.1722116015806,1.0819288598291175
(d),4,10,BUS10_IA_MAG,116657,10.832999999999174,679.9782512307028,626.1722116015806,1.0859285011889952
(d),4,10,BUS10_IA_MAG,116658,10.86699999999837,680.098195993413,626.1722116015806,1.0861200535455002
(d),4,10,BUS10_IA_MAG,116659,10.900000000008731,680.1460364663961,626.1722116015806,1.0861964550083834
(d),4,10,BUS10_IA_MAG,116660,10.933000000004085,677.8518859752436,626.1722116015806,1.0825326857630433
(d),4,10,BUS10_IA_MAG,116661,10.967000000004191,674.7716752386484,626.1722116015806,1.077613574567232
(d),4,10,BUS10_IA_MAG,116662,11.0,679.4765729599688,626.1722116015806,1.0851273186046535
(d),4,10,BUS10_IA_MAG,116663,11.033000000010361,676.5944464057,626.1722116015806,1.080524548790105
(d),4,10,BUS10_IA_MAG,116664,11.067000000010012,677.28846320901,626.1722116015806,1.081632896925732
(d),4,10,BUS10_IA_MAG,116665,11.100000000006276,677.872346772173,626.1722116015806,1.082565361753051
(d),4,10,BUS10_IA_MAG,116666,11.13300000000163,680.5246251297348,626.1722116015806,1.0868010629043012
(d),4,10,BUS10_IA_MAG,116667,11.16700000000128,681.818930885414,626.1722116015806,1.0888680753518334
(d),4,10,BUS10_IA_MAG,116668,11.200000000007094,683.2631960402205,626.1722116015806,1.091174573672978
(d),4,10,BUS10_IA_MAG,116669,11.233000000006996,680.0747623934618,626.1722116015806,1.0860826299749282
(d),4,10,BUS10_IA_MAG,116670,11.267000000007101,681.3491905322679,626.1722116015806,1.088117897773776
(d),4,10,BUS10_IA_MAG,116671,11.30000000000291,676.6549104055448,626.1722116015806,1.0806211100854237
(d),4,10,BUS10_IA_MAG,116672,11.332999999999174,680.073624336491,626.1722116015806,1.0860808124925332
(d),4,10,BUS10_IA_MAG,116673,11.36699999999837,678.8462002786052,626.1722116015806,1.0841206104344663
(d),4,10,BUS10_IA_MAG,116674,11.400000000008731,678.4891996675915,626.1722116015806,1.083550478760784
(d),4,10,BUS10_IA_MAG,116675,11.433000000004085,680.3807167650187,626.1722116015806,1.0865712405614223
(d),4,10,BUS10_IA_MAG,116676,11.467000000004191,679.5517904850857,626.1722116015806,1.0852474413499993
(d),4,10,BUS10_IA_MAG,116677,11.5,680.4660311698768,626.1722116015806,1.0867074880717356
(d),4,10,BUS10_IA_MAG,116678,11.533000000010361,678.9420406299832,626.1722116015806,1.084273667931433
(d),4,10,BUS10_IA_MAG,116679,11.567000000010012,674.7800444237254,626.1722116015806,1.0776269401956038
(d),4,10,BUS10_IA_MAG,116680,11.600000000006276,675.789104837312,626.1722116015806,1.0792384144751885
(d),4,10,BUS10_IA_MAG,116681,11.63300000000163,680.4232418748236,626.1722116015806,1.0866391533640298
(d),4,10,BUS10_IA_MAG,116682,11.66700000000128,672.5355485454246,626.1722116015806,1.074042469603145
(d),4,10,BUS10_IA_MAG,116683,11.700000000007094,676.3631829443588,626.1722116015806,1.0801552199424551
(d),4,10,BUS10_IA_MAG,116684,11.733000000006996,676.8000620447831,626.1722116015806,1.0808529179436277
(d),4,10,BUS10_IA_MAG,116685,11.767000000007101,674.6155168699052,626.1722116015806,1.0773641889096606
(d),4,10,BUS10_IA_MAG,116686,11.80000000000291,680.143795668636,626.1722116015806,1.0861928764437032
(d),4,10,BUS10_IA_MAG,116687,11.832999999999174,674.512994321474,626.1722116015806,1.0772004599122191
(d),4,10,BUS10_IA_MAG,116688,11.86699999999837,678.7993634108886,626.1722116015806,1.0840458117339669
(d),4,10,BUS10_IA_MAG,116689,11.900000000008731,680.3109691153428,626.1722116015806,1.0864598532331702
(d),4,10,BUS10_IA_MAG,116690,11.933000000004085,675.8914506304966,626.1722116015806,1.0794018611936604
(d),4,10,BUS10_IA_MAG,116691,11.967000000004191,678.4356546581838,626.1722116015806,1.0834649671261
(d),4,10,BUS10_IA_MAG,116692,12.0,680.5641701531725,626.1722116015806,1.0868642164948072
(d),4,10,BUS10_IA_MAG,116693,12.033000000010361,674.7178502808129,626.1722116015806,1.0775276158535774
(d),4,10,BUS10_IA_MAG,116694,12.067000000010012,672.8484879756294,626.1722116015806,1.0745422353615204
(d),4,10,BUS10_IA_MAG,116695,12.100000000006276,679.2028514377259,626.1722116015806,1.0846901840318133
(d),4,10,BUS10_IA_MAG,116696,12.13300000000163,676.9023032956495,626.1722116015806,1.0810161977075203
(d),4,10,BUS10_IA_MAG,116697,12.16700000000128,679.6874466119245,626.1722116015806,1.085464084829741
(d),4,10,BUS10_IA_MAG,116698,12.200000000007094,677.4085975980205,626.1722116015806,1.0818247521163404
(d),4,10,BUS10_IA_MAG,116699,12.233000000006996,681.9999979132917,626.1722116015806,1.0891572402565082
(d),4,10,BUS10_IA_MAG,116700,12.267000000007101,676.6094502425744,626.1722116015806,1.0805485099889518
(d),4,10,BUS10_IA_MAG,116701,12.30000000000291,679.828089420178,626.1722116015806,1.0856886920634183
(d),4,10,BUS10_IA_MAG,116702,12.332999999999174,675.7465440325631,626.1722116015806,1.0791704446675854
(d),4,10,BUS10_IA_MAG,116703,12.36699999999837,678.5223176292984,626.1722116015806,1.0836033683031387
(d),4,10,BUS10_IA_MAG,116704,12.400000000008731,676.8075599101381,626.1722116015806,1.0808648920702597
(d),4,10,BUS10_IA_MAG,116705,12.433000000004085,683.9218495275552,626.1722116015806,1.0922264464248046
(d),4,10,BUS10_IA_MAG,116706,12.467000000004191,677.3103467727591,626.1722116015806,1.0816678450811175
(d),4,10,BUS10_IA_MAG,116707,12.5,680.8448598805178,626.1722116015806,1.0873124793243367
(d),4,10,BUS10_IA_MAG,116708,12.533000000010361,680.7047324227879,626.1722116015806,1.0870886951078964
(d),4,10,BUS10_IA_MAG,116709,12.567000000010012,681.3021074334148,626.1722116015806,1.0880427058409807
(d),4,10,BUS10_IA_MAG,116710,12.600000000006276,680.9126018090739,626.1722116015806,1.0874206635064212
(d),4,10,BUS10_IA_MAG,116711,12.63300000000163,678.3024310296249,626.1722116015806,1.0832522083576805
(d),4,10,BUS10_IA_MAG,116712,12.66700000000128,674.0274248731929,626.1722116015806,1.0764250031939482
(d),4,10,BUS10_IA_MAG,116713,12.700000000007094,684.278077004634,626.1722116015806,1.092795343399916
(d),4,10,BUS10_IA_MAG,116714,12.733000000006996,678.9193816331576,626.1722116015806,1.0842374814057365
(d),4,10,BUS10_IA_MAG,116715,12.767000000007101,678.2099109625154,626.1722116015806,1.0831044533704817
(d),4,10,BUS10_IA_MAG,116716,12.80000000000291,675.7920674234364,626.1722116015806,1.0792431457393192
(d),4,10,BUS10_IA_MAG,116717,12.832999999999174,679.5107923890981,626.1722116015806,1.0851819671957206
(d),4,10,BUS10_IA_MAG,116718,12.86699999999837,674.3907050741112,626.1722116015806,1.0770051634025737
(d),4,10,BUS10_IA_MAG,116719,12.900000000008731,676.8757114577776,626.1722116015806,1.0809737304159683
(d),4,10,BUS10_IA_MAG,116720,12.933000000004085,679.5479393569126,626.1722116015806,1.085241291079991
(d),4,10,BUS10_IA_MAG,116721,12.967000000004191,682.8489856743404,626.1722116015806,1.090513077748685
(d),4,10,BUS10_IA_MAG,116722,13.0,675.1817823486429,626.1722116015806,1.0782685175723608
(d),4,10,BUS10_IA_MAG,116723,13.033000000010361,677.1551668498821,626.1722116015806,1.0814200220062478
(d),4,10,BUS10_IA_MAG,116724,13.067000000010012,677.9464845062969,626.1722116015806,1.0826837600670456
(d),4,10,BUS10_IA_MAG,116725,13.100000000006276,679.0426883533805,626.1722116015806,1.0844344028243786
(d),4,10,BUS10_IA_MAG,116726,13.13300000000163,680.0263549293163,626.1722116015806,1.0860053230244622
(d),4,10,BUS10_IA_MAG,116727,13.16700000000128,678.0938396649522,626.1722116015806,1.0829190869562384
(d),4,10,BUS10_IA_MAG,116728,13.200000000007094,681.4674385130811,626.1722116015806,1.0883067403615216
(d),4,10,BUS10_IA_MAG,116729,13.233000000006996,678.0898910577225,626.1722116015806,1.0829127810117132
(d),4,10,BUS10_IA_MAG,116730,13.267000000007101,678.6834414509552,626.1722116015806,1.0838606838126288
(d),4,10,BUS10_IA_MAG,116731,13.30000000000291,681.409134382087,626.1722116015806,1.0882136283870298
(d),4,10,BUS10_IA_MAG,116732,13.332999999999174,679.19961424841,626.1722116015806,1.0846850142250797
(d),4,10,BUS10_IA_MAG,116733,13.36699999999837,679.601281098413,626.1722116015806,1.0853264780948602
(d),4,10,BUS10_IA_MAG,116734,13.400000000008731,675.1696761663296,626.1722116015806,1.0782491839416295
(d),4,10,BUS10_IA_MAG,116735,13.433000000004085,681.4302633153969,626.1722116015806,1.0882473713940148
(d),4,10,BUS10_IA_MAG,116736,13.467000000004191,682.1520757474821,626.1722116015806,1.0894001092809915
(d),4,10,BUS10_IA_MAG,116737,13.5,683.4478773987875,626.1722116015806,1.0914695106809533
(d),4,10,BUS10_IA_MAG,116738,13.533000000010361,675.7304936587566,626.1722116015806,1.079144812144281
(d),4,10,BUS10_IA_MAG,116739,13.567000000010012,681.753113671341,626.1722116015806,1.0887629649479325
(d),4,10,BUS10_IA_MAG,116740,13.600000000006276,675.9569992073842,626.1722116015806,1.0795065425826986
(d),4,10,BUS10_IA_MAG,116741,13.63300000000163,684.5863813059725,626.1722116015806,1.0932877068354474
(d),4,10,BUS10_IA_MAG,116742,13.66700000000128,679.5258991343868,626.1722116015806,1.0852060927397942
(d),4,10,BUS10_IA_MAG,116743,13.700000000007094,676.914740055743,626.1722116015806,1.0810360592725388
(d),4,10,BUS10_IA_MAG,116744,13.733000000006996,682.4146987309355,626.1722116015806,1.0898195194346005
(d),4,10,BUS10_IA_MAG,116745,13.767000000007101,672.8440149517334,626.1722116015806,1.0745350919210848
(d),4,10,BUS10_IA_MAG,116746,13.80000000000291,676.6417225040777,626.1722116015806,1.0806000489440593
(d),4,10,BUS10_IA_MAG,116747,13.832999999999174,674.6386503674936,626.1722116015806,1.0774011332153322
(d),4,10,BUS10_IA_MAG,116748,13.86699999999837,679.7934457251781,626.1722116015806,1.0856333659177382
(d),4,10,BUS10_IA_MAG,116749,13.900000000008731,675.6499181184482,626.1722116015806,1.0790161326231915
(d),4,10,BUS10_IA_MAG,116750,13.933000000004085,672.4641325174678,626.1722116015806,1.0739284178668436
(d),4,10,BUS10_IA_MAG,116751,13.967000000004191,678.3617388132675,626.1722116015806,1.0833469231702253
(d),4,10,BUS10_IA_MAG,116752,14.0,682.6550950877651,626.1722116015806,1.0902034335597812
(d),4,10,BUS10_IA_MAG,116753,14.033000000010361,680.8436388647253,626.1722116015806,1.087310529356309
(d),4,10,BUS10_IA_MAG,116754,14.067000000010012,676.6522196452443,626.1722116015806,1.0806168129284264
(d),4,10,BUS10_IA_MAG,116755,14.100000000006276,675.9794796631832,626.1722116015806,1.0795424439775265
(d),4,10,BUS10_IA_MAG,116756,14.13300000000163,680.8217328882488,626.1722116015806,1.0872755454076912
(d),4,10,BUS10_IA_MAG,116757,14.16700000000128,675.0853359072697,626.1722116015806,1.078114492146789
(d),4,10,BUS10_IA_MAG,116758,14.200000000007094,676.5707240396257,626.1722116015806,1.080486664058661
(d),4,10,BUS10_IA_MAG,116759,14.233000000006996,681.4621922885506,626.1722116015806,1.0882983621159954
(d),4,10,BUS10_IA_MAG,116760,14.267000000007101,678.5699629301524,626.1722116015806,1.0836794580752034
(d),4,10,BUS10_IA_MAG,116761,14.30000000000291,672.0842989062329,626.1722116015806,1.0733218217832146
(d),4,10,BUS10_IA_MAG,116762,14.332999999999174,679.9756001134987,626.1722116015806,1.0859242673422116
(d),4,10,BUS10_IA_MAG,116763,14.36699999999837,675.1635229674382,626.1722116015806,1.0782393572537354
(d),4,10,BUS10_IA_MAG,116764,14.400000000008731,682.44060474094,626.1722116015806,1.0898608914557866
(d),4,10,BUS10_IA_MAG,116765,14.433000000004085,675.3314908831624,626.1722116015806,1.0785076028140015
(d),4,10,BUS10_IA_MAG,116766,14.467000000004191,686.5186597294108,626.1722116015806,1.096373564667586
(d),4,10,BUS10_IA_MAG,116767,14.5,678.4469983889785,626.1722116015806,1.08348308311813
(d),4,10,BUS10_IA_MAG,116768,14.533000000010361,678.5575275045998,626.1722116015806,1.083659598641453
(d),4,10,BUS10_IA_MAG,116769,14.567000000010012,677.4754833767635,626.1722116015806,1.0819315690231013
(d),4,10,BUS10_IA_MAG,116770,14.600000000006276,681.7620795715314,626.1722116015806,1.0887772835331784
(d),4,10,BUS10_IA_MAG,116771,14.63300000000163,681.4099073926818,626.1722116015806,1.0882148628886261
(d),4,10,BUS10_IA_MAG,116772,14.66700000000128,680.3466083474573,626.1722116015806,1.086516769256357
(d),4,10,BUS10_IA_MAG,116773,14.700000000007094,678.9663439197212,626.1722116015806,1.0843124804007311
(d),4,10,BUS10_IA_MAG,116774,14.733000000006996,678.4052512892447,626.1722116015806,1.083416412801306
(d),4,10,BUS10_IA_MAG,116775,14.767000000007101,675.6254529832981,626.1722116015806,1.0789770616860008
(d),4,10,BUS10_IA_MAG,116776,14.80000000000291,680.2217025213376,626.1722116015806,1.0863172940579924
(d),4,10,BUS10_IA_MAG,116777,14.832999999999174,677.9845718890648,626.1722116015806,1.0827445857984692
(d),4,10,BUS10_IA_MAG,116778,14.86699999999837,674.4161474881121,626.1722116015806,1.077045795058737
(d),4,10,BUS10_IA_MAG,116779,14.900000000008731,680.1080073630769,626.1722116015806,1.0861357223495163
(d),4,10,BUS10_IA_MAG,116780,14.933000000004085,679.7221601746635,626.1722116015806,1.0855195225545327
(d),4,10,BUS10_IA_MAG,116781,14.967000000004191,678.7499415899782,626.1722116015806,1.083966884850923
(d),4,10,BUS10_IA_MAG,116782,15.0,679.3972660982384,626.1722116015806,1.085000665169287
(d),4,10,BUS10_IA_MAG,116783,15.033000000010361,678.5104384158747,626.1722116015806,1.0835843971428034
(d),4,10,BUS10_IA_MAG,116784,15.067000000010012,678.856855984664,626.1722116015806,1.0841376276477204
(d),4,10,BUS10_IA_MAG,116785,15.100000000006276,677.9074809139354,626.1722116015806,1.0826214711445432
(d),4,10,BUS10_IA_MAG,116786,15.13300000000163,675.3350346293695,626.1722116015806,1.0785132621935483
(d),4,10,BUS10_IA_MAG,116787,15.16700000000128,678.1345480117503,626.1722116015806,1.082984098379684
(d),4,10,BUS10_IA_MAG,116788,15.200000000007094,672.9624224308366,626.1722116015806,1.074724189228358
(d),4,10,BUS10_IA_MAG,116789,15.233000000006996,677.1071430328591,626.1722116015806,1.081343327742061
(d),4,10,BUS10_IA_MAG,116790,15.267000000007101,681.3067532838147,626.1722116015806,1.088050125286165
(d),4,10,BUS10_IA_MAG,116791,15.30000000000291,679.6085447458773,626.1722116015806,1.0853380781744066
(d),4,10,BUS10_IA_MAG,116792,15.332999999999174,680.2976906520352,626.1722116015806,1.0864386474641157
(d),4,10,BUS10_IA_MAG,116793,15.36699999999837,680.5145419792109,626.1722116015806,1.0867849600649593
(d),4,10,BUS10_IA_MAG,116794,15.400000000008731,677.8760142956919,626.1722116015806,1.0825712188055534
(d),4,10,BUS10_IA_MAG,116795,15.433000000004085,677.4999399470032,626.1722116015806,1.0819706262820896
(d),4,10,BUS10_IA_MAG,116796,15.467000000004191,680.8395661905461,626.1722116015806,1.0873040252762751
(d),4,10,BUS10_IA_MAG,116797,15.5,680.4016021285477,626.1722116015806,1.0866045945863085
(d),4,10,BUS10_IA_MAG,116798,15.533000000010361,679.7904707626842,626.1722116015806,1.0856286148884866
(d),4,10,BUS10_IA_MAG,116799,15.567000000010012,681.1052228429832,626.1722116015806,1.087728280213679
(d),4,10,BUS10_IA_MAG,116800,15.600000000006276,675.9170392133893,626.1722116015806,1.0794427262822393
(d),4,10,BUS10_IA_MAG,116801,15.63300000000163,674.9719463424186,626.1722116015806,1.0779334084724415
(d),4,10,BUS10_IA_MAG,116802,15.66700000000128,674.2944040691501,626.1722116015806,1.0768513702396436
(d),4,10,BUS10_IA_MAG,116803,15.700000000007094,676.7694249995611,626.1722116015806,1.0808039904366986
(d),4,10,BUS10_IA_MAG,116804,15.733000000006996,679.7966588520156,626.1722116015806,1.0856384972965794
(d),4,10,BUS10_IA_MAG,116805,15.767000000007101,676.431264805482,626.1722116015806,1.0802639469984658
(d),4,10,BUS10_IA_MAG,116806,15.80000000000291,679.0708185470183,626.1722116015806,1.0844793268774053
(d),4,10,BUS10_IA_MAG,116807,15.832999999999174,678.4379980930414,626.1722116015806,1.083468709602713
(d),4,10,BUS10_IA_MAG,116808,15.86699999999837,675.1702143073306,626.1722116015806,1.0782500433553677
(d),4,10,BUS10_IA_MAG,116809,15.900000000008731,681.899401288956,626.1722116015806,1.088996586969007
(d),4,10,BUS10_IA_MAG,116810,15.933000000004085,681.4080933483239,626.1722116015806,1.0882119658511589
(d),4,10,BUS10_IA_MAG,116811,15.967000000004191,677.2226325779677,626.1722116015806,1.0815277650948671
(d),4,10,BUS10_IA_MAG,116812,16.0,678.7081980115346,626.1722116015806,1.0839002201576162
(d),4,10,BUS10_IA_MAG,116813,16.03300000001036,678.089035448796,626.1722116015806,1.0829114146001884
(d),4,10,BUS10_IA_MAG,116814,16.06700000001001,679.8610407046184,626.1722116015806,1.0857413154213857
(d),4,10,BUS10_IA_MAG,116815,16.100000000006276,677.3699951406982,626.1722116015806,1.0817631038084035
(d),4,10,BUS10_IA_MAG,116816,16.13300000000163,683.1840684740608,626.1722116015806,1.0910482065734908
(d),4,10,BUS10_IA_MAG,116817,16.16700000000128,683.576788971074,626.1722116015806,1.091675383074998
(d),4,10,BUS10_IA_MAG,116818,16.200000000007094,677.8326818524502,626.1722116015806,1.0825020166876074
(d),4,10,BUS10_IA_MAG,116819,16.233000000006996,680.2897156068805,626.1722116015806,1.0864259112790742
(d),4,10,BUS10_IA_MAG,116820,16.2670000000071,685.651056372419,626.1722116015806,1.0949879979801524
(d),4,10,BUS10_IA_MAG,116821,16.30000000000291,680.8505925325624,626.1722116015806,1.0873216343969163
(d),4,10,BUS10_IA_MAG,116822,16.332999999999174,678.6277726256383,626.1722116015806,1.083771780433837
(d),4,10,BUS10_IA_MAG,116823,16.36699999999837,683.0529022495209,626.1722116015806,1.0908387334890746
(d),4,10,BUS10_IA_MAG,116824,16.40000000000873,688.2087737564491,626.1722116015806,1.099072684806941
(d),4,10,BUS10_IA_MAG,116825,16.433000000004085,677.4338195723233,626.1722116015806,1.0818650317292575
(d),4,10,BUS10_IA_MAG,116826,16.46700000000419,674.1588137811277,626.1722116015806,1.0766348319048051
(d),4,10,BUS10_IA_MAG,116827,16.5,677.821097446239,626.1722116015806,1.0824835163357929
(d),4,10,BUS10_IA_MAG,116828,16.53300000001036,685.3315254037731,626.1722116015806,1.0944777055035368
(d),4,10,BUS10_IA_MAG,116829,16.56700000001001,679.4281272655695,626.1722116015806,1.0850499506002904
(d),4,10,BUS10_IA_MAG,116830,16.600000000006276,678.9227375536035,626.1722116015806,1.0842428408266493
(d),4,10,BUS10_IA_MAG,116831,16.63300000000163,676.4283076893848,626.1722116015806,1.0802592244699947
(d),4,10,BUS10_IA_MAG,116832,16.66700000000128,675.3267655955427,626.1722116015806,1.0785000565071996
(d),4,10,BUS10_IA_MAG,116833,16.700000000007094,681.4658737088876,626.1722116015806,1.0883042413617823
(d),4,10,BUS10_IA_MAG,116834,16.733000000006996,676.7703270077275,626.1722116015806,1.0808054309480302
(d),4,10,BUS10_IA_MAG,116835,16.7670000000071,678.9937784649826,626.1722116015806,1.084356293499992
(d),4,10,BUS10_IA_MAG,116836,16.80000000000291,678.3342862885104,626.1722116015806,1.083303081357624
(d),4,10,BUS10_IA_MAG,116837,16.832999999999174,681.6345908607987,626.1722116015806,1.0885736834558024
(d),4,10,BUS10_IA_MAG,116838,16.86699999999837,679.3983114497701,626.1722116015806,1.0850023346006548
(d),4,10,BUS10_IA_MAG,116839,16.90000000000873,681.7386346269567,626.1722116015806,1.0887398418451883
(d),4,10,BUS10_IA_MAG,116840,16.933000000004085,678.0243385921781,626.1722116015806,1.0828080934124715
(d),4,10,BUS10_IA_MAG,116841,16.96700000000419,683.3503285313684,626.1722116015806,1.091313724675743
(d),4,10,BUS10_IA_MAG,116842,17.0,678.442716368798,626.1722116015806,1.0834762447115363
(d),4,10,BUS10_IA_MAG,116843,17.03300000001036,683.496666059772,626.1722116015806,1.0915474264045841
(d),4,10,BUS10_IA_MAG,116844,17.06700000001001,675.9721177815206,626.1722116015806,1.0795306870174983
(d),4,10,BUS10_IA_MAG,116845,17.100000000006276,685.0877861185253,626.1722116015806,1.0940884527057733
(d),4,10,BUS10_IA_MAG,116846,17.13300000000163,675.2898567364304,626.1722116015806,1.0784411128836586
(d),4,10,BUS10_IA_MAG,116847,17.16700000000128,679.917396112588,626.1722116015806,1.0858313152759393
(d),4,10,BUS10_IA_MAG,116848,17.200000000007094,677.9582624095051,626.1722116015806,1.0827025694344847
(d),4,10,BUS10_IA_MAG,116849,17.233000000006996,679.3213021014604,626.1722116015806,1.0848793503051481
(d),4,10,BUS10_IA_MAG,116850,17.2670000000071,676.9859533714875,626.1722116015806,1.081149787276473
(d),4,10,BUS10_IA_MAG,116851,17.30000000000291,679.5701191927024,626.1722116015806,1.0852767123832345
(d),4,10,BUS10_IA_MAG,116852,17.332999999999174,678.9331360989522,626.1722116015806,1.0842594473530267
(d),4,10,BUS10_IA_MAG,116853,17.36699999999837,680.2133316814935,626.1722116015806,1.0863039257869498
(d),4,10,BUS10_IA_MAG,116854,17.40000000000873,677.3357163235559,626.1722116015806,1.0817083603743973
(d),4,10,BUS10_IA_MAG,116855,17.433000000004085,676.0712166978851,626.1722116015806,1.0796889484582466
(d),4,10,BUS10_IA_MAG,116856,17.46700000000419,678.8264113178129,626.1722116015806,1.0840890073699647
(d),4,10,BUS10_IA_MAG,116857,17.5,675.7397504598302,626.1722116015806,1.079159595299621
(d),4,10,BUS10_IA_MAG,116858,17.53300000001036,678.4589760091351,626.1722116015806,1.0835022114344854
(d),4,10,BUS10_IA_MAG,116859,17.56700000001001,679.9121083583959,626.1722116015806,1.085822870707346
(d),4,10,BUS10_IA_MAG,116860,17.600000000006276,678.9343975023986,626.1722116015806,1.08426146182033
(d),4,10,BUS10_IA_MAG,116861,17.63300000000163,683.5829943324843,626.1722116015806,1.0916852930666827
(d),4,10,BUS10_IA_MAG,116862,17.66700000000128,679.5056269861022,626.1722116015806,1.0851737180225693
(d),4,10,BUS10_IA_MAG,116863,17.700000000007094,679.0081263897238,626.1722116015806,1.0843792072040424
(d),4,10,BUS10_IA_MAG,116864,17.733000000006996,679.5792077778608,626.1722116015806,1.0852912268969577
(d),4,10,BUS10_IA_MAG,116865,17.7670000000071,681.9004998239913,626.1722116015806,1.0889983413346829
(d),4,10,BUS10_IA_MAG,116866,17.80000000000291,681.1472648474357,626.1722116015806,1.0877954214947414
(d),4,10,BUS10_IA_MAG,116867,17.832999999999174,680.0951703810865,626.1722116015806,1.086115221628225
(d),4,10,BUS10_IA_MAG,116868,17.86699999999837,670.5397455100494,626.1722116015806,1.0708551626636202
(d),4,10,BUS10_IA_MAG,116869,17.90000000000873,676.9278531068353,626.1722116015806,1.081057000877499
(d),4,10,BUS10_IA_MAG,116870,17.933000000004085,672.5363705567981,626.1722116015806,1.074043782359218
(d),4,10,BUS10_IA_MAG,116871,17.96700000000419,678.736675543907,626.1722116015806,1.083945698912254
(d),4,10,BUS10_IA_MAG,116872,18.0,680.7297179707048,626.1722116015806,1.087128597146751
(d),4,10,BUS10_IA_MAG,116873,18.03300000001036,676.3903661729273,626.1722116015806,1.0801986316877623
(d),4,10,BUS10_IA_MAG,116874,18.06700000001001,676.397715803917,626.1722116015806,1.0802103690834077
(d),4,10,BUS10_IA_MAG,116875,18.100000000006276,674.805071322822,626.1722116015806,1.0776669082724888
(d),4,10,BUS10_IA_MAG,116876,18.13300000000163,677.6793444287018,626.1722116015806,1.0822571360926092
(d),4,10,BUS10_IA_MAG,116877,18.16700000000128,681.7215085963194,626.1722116015806,1.0887124914928092
(d),4,10,BUS10_IA_MAG,116878,18.200000000007094,678.9710228666694,626.1722116015806,1.0843199527012604
(d),4,10,BUS10_IA_MAG,116879,18.233000000006996,681.6083423741325,626.1722116015806,1.0885317644977588
(d),4,10,BUS10_IA_MAG,116880,18.2670000000071,682.02659271059,626.1722116015806,1.0891997122742783
(d),4,10,BUS10_IA_MAG,116881,18.30000000000291,679.1482170481445,626.1722116015806,1.0846029326518107
(d),4,10,BUS10_IA_MAG,116882,18.332999999999174,678.5474330215554,626.1722116015806,1.0836434777040218
(d),4,10,BUS10_IA_MAG,116883,18.36699999999837,680.4028212301324,626.1722116015806,1.0866065414973374
(d),4,10,BUS10_IA_MAG,116884,18.40000000000873,687.3212037146806,626.1722116015806,1.0976552312289574
(d),4,10,BUS10_IA_MAG,116885,18.433000000004085,675.4273333578868,626.1722116015806,1.078660663701963
(d),4,10,BUS10_IA_MAG,116886,18.46700000000419,679.9142548439391,626.1722116015806,1.0858262986549672
(d),4,10,BUS10_IA_MAG,116887,18.5,675.54663075212,626.1722116015806,1.0788511822079312
(d),4,10,BUS10_IA_MAG,116888,18.53300000001036,678.0562968463821,626.1722116015806,1.0828591308964286
(d),4,10,BUS10_IA_MAG,116889,18.56700000001001,679.1284299662267,626.1722116015806,1.0845713325878807
(d),4,10,BUS10_IA_MAG,116890,18.600000000006276,680.2704733761906,626.1722116015806,1.0863951813451465
(d),4,10,BUS10_IA_MAG,116891,18.63300000000163,682.9251223530208,626.1722116015806,1.0906346683866432
(d),4,10,BUS10_IA_MAG,116892,18.66700000000128,677.0703742955627,626.1722116015806,1.0812846078937268
(d),4,10,BUS10_IA_MAG,116893,18.700000000007094,676.7812514973427,626.1722116015806,1.0808228774099027
(d),4,10,BUS10_IA_MAG,116894,18.733000000006996,674.62047799313,626.1722116015806,1.0773721118470456
(d),4,10,BUS10_IA_MAG,116895,18.7670000000071,674.5152012484689,626.1722116015806,1.0772039843851262
(d),4,10,BUS10_IA_MAG,116896,18.80000000000291,676.4457197836574,626.1722116015806,1.0802870316673598
(d),4,10,BUS10_IA_MAG,116897,18.832999999999174,679.2151579359183,626.1722116015806,1.0847098375679562
(d),4,10,BUS10_IA_MAG,116898,18.86699999999837,674.063968818802,626.1722116015806,1.0764833640488887
(d),4,10,BUS10_IA_MAG,116899,18.90000000000873,676.780573939423,626.1722116015806,1.0808217953466823
(d),4,10,BUS10_IA_MAG,116900,18.933000000004085,675.8236674340833,626.1722116015806,1.0792936111066118
(d),4,10,BUS10_IA_MAG,116901,18.96700000000419,681.9646927846823,626.1722116015806,1.0891008577982078
(d),4,10,BUS10_IA_MAG,116902,19.0,675.420039564963,626.1722116015806,1.0786490154799742
(d),4,10,BUS10_IA_MAG,116903,19.03300000001036,677.8777872408746,626.1722116015806,1.0825740502074421
(d),4,10,BUS10_IA_MAG,116904,19.06700000001001,672.6473488595162,626.1722116015806,1.074221015236471
(d),4,10,BUS10_IA_MAG,116905,19.100000000006276,675.8611419890709,626.1722116015806,1.0793534581491557
(d),4,10,BUS10_IA_MAG,116906,19.13300000000163,676.7010966665855,626.1722116015806,1.0806948697639673
(d),4,10,BUS10_IA_MAG,116907,19.16700000000128,679.20884635197,626.1722116015806,1.0846997579383728
(d),4,10,BUS10_IA_MAG,116908,19.200000000007094,676.6975918796857,626.1722116015806,1.0806892726026196
(d),4,10,BUS10_IA_MAG,116909,19.233000000006996,679.1663817384365,626.1722116015806,1.0846319417485983
(d),4,10,BUS10_IA_MAG,116910,19.2670000000071,679.3592833819511,626.1722116015806,1.0849400065907304
(d),4,10,BUS10_IA_MAG,116911,19.30000000000291,676.7644127739371,626.1722116015806,1.080795985888539
(d),4,10,BUS10_IA_MAG,116912,19.332999999999174,683.1091972032298,626.1722116015806,1.090928636797886
(d),4,10,BUS10_IA_MAG,116913,19.36699999999837,680.9718817714848,626.1722116015806,1.0875153338883268
(d),4,10,BUS10_IA_MAG,116914,19.40000000000873,676.3535964815962,626.1722116015806,1.0801399103158302
(d),4,10,BUS10_IA_MAG,116915,19.433000000004085,675.7129288362905,626.1722116015806,1.0791167610392645
(d),4,10,BUS10_IA_MAG,116916,19.46700000000419,681.7516015589151,626.1722116015806,1.0887605500971966
(d),4,10,BUS10_IA_MAG,116917,19.5,682.2332389418965,626.1722116015806,1.0895297272884832
(d),4,10,BUS10_IA_MAG,116918,19.53300000001036,676.0545281526074,626.1722116015806,1.0796622967720673
(d),4,10,BUS10_IA_MAG,116919,19.56700000001001,683.3949545016361,626.1722116015806,1.0913849925625014
(d),4,10,BUS10_IA_MAG,116920,19.600000000006276,680.6755649718976,626.1722116015806,1.0870421145501046
(d),4,10,BUS10_IA_MAG,116921,19.63300000000163,678.53891943722,626.1722116015806,1.0836298814693477
(d),4,10,BUS10_IA_MAG,116922,19.66700000000128,675.7421812809009,626.1722116015806,1.0791634773324317
(d),4,10,BUS10_IA_MAG,116923,19.700000000007094,674.0723564116693,626.1722116015806,1.076496759074589
(d),4,10,BUS10_IA_MAG,116924,19.733000000006996,677.1845994816299,626.1722116015806,1.0814670260591306
(d),4,10,BUS10_IA_MAG,116925,19.7670000000071,684.2080808562769,626.1722116015806,1.0926835592180881
(d),4,10,BUS10_IA_MAG,116926,19.80000000000291,677.0981126180724,626.1722116015806,1.081328906126698
(d),4,10,BUS10_IA_MAG,116927,19.832999999999174,676.5527927628397,626.1722116015806,1.0804580277243525
(d),4,10,BUS10_IA_MAG,116928,19.86699999999837,680.1084438501671,626.1722116015806,1.0861364194214753
(d),4,10,BUS10_IA_MAG,116929,19.90000000000873,676.3845539780767,626.1722116015806,1.0801893495849433
(d),4,10,BUS10_IA_MAG,116930,19.933000000004085,677.9517485962066,626.1722116015806,1.0826921668436673
(d),4,10,BUS10_IA_MAG,116931,19.96700000000419,684.3172248118755,626.1722116015806,1.0928578626342673
(d),4,10,BUS10_IA_MAG,116932,20.0,683.6828097816217,626.1722116015806,1.091844698813677
(d),4,10,BUS10_IA_MAG,116933,20.03300000001036,681.8453458114856,626.1722116015806,1.088910260114399
(d),4,10,BUS10_IA_MAG,116934,20.06700000001001,681.1992251040075,626.1722116015806,1.0878784022716093
(d),4,10,BUS10_IA_MAG,116935,20.100000000006276,676.5411655973427,626.1722116015806,1.0804394590857551
(d),4,10,BUS10_IA_MAG,116936,20.13300000000163,683.7090770363202,626.1722116015806,1.0918866477443574
(d),4,10,BUS10_IA_MAG,116937,20.16700000000128,676.504216633559,626.1722116015806,1.0803804514148636
(d),4,10,BUS10_IA_MAG,116938,20.200000000007094,677.956543383451,626.1722116015806,1.0826998241417007
(d),4,10,BUS10_IA_MAG,116939,20.233000000006996,677.6647329891846,626.1722116015806,1.0822338015542081
(d),4,10,BUS10_IA_MAG,116940,20.2670000000071,677.8801569330187,626.1722116015806,1.0825778346170667
(d),4,10,BUS10_IA_MAG,116941,20.30000000000291,678.8186336225154,626.1722116015806,1.084076586353584
(d),4,10,BUS10_IA_MAG,116942,20.332999999999174,678.1126316173338,626.1722116015806,1.0829490977935663
(d),4,10,BUS10_IA_MAG,116943,20.36699999999837,674.9074837274212,626.1722116015806,1.0778304613697067
(d),4,10,BUS10_IA_MAG,116944,20.40000000000873,674.8008851778553,626.1722116015806,1.0776602229790677
(d),4,10,BUS10_IA_MAG,116945,20.433000000004085,678.8063812269652,626.1722116015806,1.0840570192196177
(d),4,10,BUS10_IA_MAG,116946,20.46700000000419,683.9071244566283,626.1722116015806,1.092202930416502
(d),4,10,BUS10_IA_MAG,116947,20.5,680.4122901086891,626.1722116015806,1.0866216633414265
(d),4,10,BUS10_IA_MAG,116948,20.53300000001036,684.251136465068,626.1722116015806,1.0927523192300999
(d),4,10,BUS10_IA_MAG,116949,20.56700000001001,683.5695232094549,626.1722116015806,1.0916637796191362
(d),4,10,BUS10_IA_MAG,116950,20.600000000006276,680.0020034395266,626.1722116015806,1.0859664335794523
(d),4,10,BUS10_IA_MAG,116951,20.63300000000163,678.8241438376641,626.1722116015806,1.0840853861933828
(d),4,10,BUS10_IA_MAG,116952,20.66700000000128,677.2672995647806,626.1722116015806,1.0815990984852435
(d),4,10,BUS10_IA_MAG,116953,20.700000000007094,680.9332526220239,626.1722116015806,1.0874536429529176
(d),4,10,BUS10_IA_MAG,116954,20.733000000006996,682.2382925556717,626.1722116015806,1.0895377979337173
(d),4,10,BUS10_IA_MAG,116955,20.7670000000071,683.5272746365852,626.1722116015806,1.091596308447329
(d),4,10,BUS10_IA_MAG,116956,20.80000000000291,679.009402574253,626.1722116015806,1.0843812452768051
(d),4,10,BUS10_IA_MAG,116957,20.832999999999174,680.2211561186357,626.1722116015806,1.0863164214502787
(d),4,10,BUS10_IA_MAG,116958,20.86699999999837,681.2507275912423,626.1722116015806,1.0879606519886689
(d),4,10,BUS10_IA_MAG,116959,20.90000000000873,678.8439737386788,626.1722116015806,1.0841170546396142
(d),4,10,BUS10_IA_MAG,116960,20.933000000004085,679.4882776586468,626.1722116015806,1.0851460110641098
(d),4,10,BUS10_IA_MAG,116961,20.96700000000419,678.889610543167,626.1722116015806,1.0841899368334305
(d),4,10,BUS10_IA_MAG,116962,21.0,678.2701899610805,626.1722116015806,1.0832007192178768
(d),4,10,BUS10_IA_MAG,116963,21.03300000001036,681.24347671046,626.1722116015806,1.0879490722975742
(d),4,10,BUS10_IA_MAG,116964,21.06700000001001,679.4809960784356,626.1722116015806,1.0851343823458812
(d),4,10,BUS10_IA_MAG,116965,21.100000000006276,683.8395685592827,626.1722116015806,1.0920950433271457
(d),4,10,BUS10_IA_MAG,116966,21.13300000000163,682.3269806864972,626.1722116015806,1.089679433300446
(d),4,10,BUS10_IA_MAG,116967,21.16700000000128,676.8859026327901,626.1722116015806,1.0809900057709325
(d),4,10,BUS10_IA_MAG,116968,21.200000000007094,677.4464217021218,626.1722116015806,1.0818851573904815
(d),4,10,BUS10_IA_MAG,116969,21.233000000006996,681.7089428075698,626.1722116015806,1.0886924238684135
(d),4,10,BUS10_IA_MAG,116970,21.2670000000071,675.5226022559598,626.1722116015806,1.078812808585284
(d),4,10,BUS10_IA_MAG,116971,21.30000000000291,677.349577943302,626.1722116015806,1.0817304974470578
(d),4,10,BUS10_IA_MAG,116972,21.332999999999174,679.6270269268713,626.1722116015806,1.0853675943053551
(d),4,10,BUS10_IA_MAG,116973,21.36699999999837,676.6305236308332,626.1722116015806,1.0805821642902258
(d),4,10,BUS10_IA_MAG,116974,21.40000000000873,678.0331229502438,626.1722116015806,1.0828221220740808
(d),4,10,BUS10_IA_MAG,116975,21.433000000004085,680.943375657161,626.1722116015806,1.0874698094881767
(d),4,10,BUS10_IA_MAG,116976,21.46700000000419,684.0293473652548,626.1722116015806,1.0923981209828701
(d),4,10,BUS10_IA_MAG,116977,21.5,679.1165752080626,626.1722116015806,1.0845524004827116
(d),4,10,BUS10_IA_MAG,116978,21.53300000001036,681.1126912792756,626.1722116015806,1.087740207341958
(d),4,10,BUS10_IA_MAG,116979,21.56700000001001,672.0728090945876,626.1722116015806,1.0733034724993713
(d),4,10,BUS10_IA_MAG,116980,21.600000000006276,680.0710046234532,626.1722116015806,1.0860766287983523
(d),4,10,BUS10_IA_MAG,116981,21.63300000000163,677.3173738541608,626.1722116015806,1.0816790673635366
(d),4,10,BUS10_IA_MAG,116982,21.66700000000128,675.7755588605845,626.1722116015806,1.0792167814859301
(d),4,10,BUS10_IA_MAG,116983,21.700000000007094,676.9426686244473,626.1722116015806,1.0810806613295878
(d),4,10,BUS10_IA_MAG,116984,21.733000000006996,676.9269047243006,626.1722116015806,1.0810554863060804
(d),4,10,BUS10_IA_MAG,116985,21.7670000000071,675.8676609849997,626.1722116015806,1.0793638690166585
(d),4,10,BUS10_IA_MAG,116986,21.80000000000291,676.7698798965669,626.1722116015806,1.0808047169093804
(d),4,10,BUS10_IA_MAG,116987,21.832999999999174,678.2385943036194,626.1722116015806,1.0831502608026424
(d),4,10,BUS10_IA_MAG,116988,21.86699999999837,676.4842359414531,626.1722116015806,1.0803485421545422
(d),4,10,BUS10_IA_MAG,116989,21.90000000000873,681.2947266236439,626.1722116015806,1.0880309186526733
(d),4,10,BUS10_IA_MAG,116990,21.933000000004085,682.0213863689149,626.1722116015806,1.0891913977218617
(d),4,10,BUS10_IA_MAG,116991,21.96700000000419,679.1365130449858,626.1722116015806,1.0845842413031022
(d),4,10,BUS10_IA_MAG,116992,22.0,676.8265252544126,626.1722116015806,1.080895179815265
(d),4,10,BUS10_IA_MAG,116993,22.03300000001036,682.7120871662903,626.1722116015806,1.0902944501802403
(d),4,10,BUS10_IA_MAG,116994,22.06700000001001,683.0063452849047,626.1722116015806,1.0907643817951578
(d),4,10,BUS10_IA_MAG,116995,22.100000000006276,679.4660486808377,626.1722116015806,1.0851105112808277
(d),4,10,BUS10_IA_MAG,116996,22.13300000000163,681.487704055028,626.1722116015806,1.0883391045283937
(d),4,10,BUS10_IA_MAG,116997,22.16700000000128,675.3342166615912,626.1722116015806,1.0785119558951162
(d),4,10,BUS10_IA_MAG,116998,22.200000000007094,676.2510432286507,626.1722116015806,1.0799761322831334
(d),4,10,BUS10_IA_MAG,116999,22.233000000006996,680.9351617051053,626.1722116015806,1.0874566917676782
(d),4,10,BUS10_IA_MAG,117000,22.2670000000071,679.5614162611241,626.1722116015806,1.0852628137601128
(d),4,10,BUS10_IA_MAG,117001,22.30000000000291,681.9885672526763,626.1722116015806,1.0891389854371412
(d),4,10,BUS10_IA_MAG,117002,22.332999999999174,679.1784014030223,626.1722116015806,1.0846511372101073
(d),4,10,BUS10_IA_MAG,117003,22.36699999999837,681.1688355775514,626.1722116015806,1.0878298700533264
(d),4,10,BUS10_IA_MAG,117004,22.40000000000873,676.5096022653685,626.1722116015806,1.0803890522944772
(d),4,10,BUS10_IA_MAG,117005,22.433000000004085,675.8314548783333,626.1722116015806,1.079306047692116
(d),4,10,BUS10_IA_MAG,117006,22.46700000000419,680.5630283824308,626.1722116015806,1.0868623930815025
(d),4,10,BUS10_IA_MAG,117007,22.5,676.5993742789314,626.1722116015806,1.0805324186270924
(d),4,10,BUS10_IA_MAG,117008,22.53300000001036,678.1115080227468,626.1722116015806,1.082947303407667
(d),4,10,BUS10_IA_MAG,117009,22.56700000001001,684.8122721247121,626.1722116015806,1.0936484555473103
(d),4,10,BUS10_IA_MAG,117010,22.600000000006276,675.6267480708847,626.1722116015806,1.078979129947036
(d),4,10,BUS10_IA_MAG,117011,22.63300000000163,676.9206591417922,626.1722116015806,1.0810455120811104
(d),4,10,BUS10_IA_MAG,117012,22.66700000000128,681.44233533729,626.1722116015806,1.0882666504703926
(d),4,10,BUS10_IA_MAG,117013,22.700000000007094,678.0848573583082,626.1722116015806,1.0829047421698084
(d),4,10,BUS10_IA_MAG,117014,22.733000000006996,675.6475887961657,626.1722116015806,1.079012412684428
(d),4,10,BUS10_IA_MAG,117015,22.7670000000071,675.8818343474121,626.1722116015806,1.0793865039438395
(d),4,10,BUS10_IA_MAG,117016,22.80000000000291,679.8151063112103,626.1722116015806,1.0856679579766493
(d),4,10,BUS10_IA_MAG,117017,22.832999999999174,673.6118375319137,626.1722116015806,1.0757613082333937
(d),4,10,BUS10_IA_MAG,117018,22.86699999999837,677.2528558870389,626.1722116015806,1.0815760318631957
(d),4,10,BUS10_IA_MAG,117019,22.90000000000873,680.5575515704244,626.1722116015806,1.0868536465866805
(d),4,10,BUS10_IA_MAG,117020,22.933000000004085,680.2074731079657,626.1722116015806,1.0862945696171624
(d),4,10,BUS10_IA_MAG,117021,22.96700000000419,678.2338908136383,626.1722116015806,1.083142749306773
(d),4,10,BUS10_IA_MAG,117022,23.0,677.3931017969667,626.1722116015806,1.0818000052483594
(d),4,10,BUS10_IA_MAG,117023,23.03300000001036,675.0579944455346,626.1722116015806,1.0780708277023623
(d),4,10,BUS10_IA_MAG,117024,23.06700000001001,677.7953030191368,626.1722116015806,1.0824423225130324
(d),4,10,BUS10_IA_MAG,117025,23.100000000006276,672.9305579787082,626.1722116015806,1.074673301546762
(d),4,10,BUS10_IA_MAG,117026,23.13300000000163,680.6173785172173,626.1722116015806,1.0869491905052455
(d),4,10,BUS10_IA_MAG,117027,23.16700000000128,673.2801778793007,626.1722116015806,1.075231646190799
(d),4,10,BUS10_IA_MAG,117028,23.200000000007094,676.7191022281135,626.1722116015806,1.0807236247313619
(d),4,10,BUS10_IA_MAG,117029,23.233000000006996,679.0257604304566,626.1722116015806,1.0844073688509601
(d),4,10,BUS10_IA_MAG,117030,23.2670000000071,677.1562164704916,626.1722116015806,1.081421698255353
(d),4,10,BUS10_IA_MAG,117031,23.30000000000291,680.1793067138183,626.1722116015806,1.0862495877517497
(d),4,10,BUS10_IA_MAG,117032,23.332999999999174,674.7754393055197,626.1722116015806,1.0776195857999273
(d),4,10,BUS10_IA_MAG,117033,23.36699999999837,677.4804596093817,626.1722116015806,1.0819395160902596
(d),4,10,BUS10_IA_MAG,117034,23.40000000000873,675.7814112564238,626.1722116015806,1.0792261277899193
(d),4,10,BUS10_IA_MAG,117035,23.433000000004085,679.8993903838949,626.1722116015806,1.0858025600415813
(d),4,10,BUS10_IA_MAG,117036,23.46700000000419,676.1605778471627,626.1722116015806,1.079831658638644
(d),4,10,BUS10_IA_MAG,117037,23.5,677.7213363489226,626.1722116015806,1.082324197388915
(d),4,10,BUS10_IA_MAG,117038,23.53300000001036,675.3827859556046,626.1722116015806,1.078589521288651
(d),4,10,BUS10_IA_MAG,117039,23.56700000001001,679.3435500363911,626.1722116015806,1.0849148803630435
(d),4,10,BUS10_IA_MAG,117040,23.600000000006276,679.5720012440986,626.1722116015806,1.0852797180282652
(d),4,10,BUS10_IA_MAG,117041,23.63300000000163,676.3642382803598,626.1722116015806,1.0801569053190678
(d),4,10,BUS10_IA_MAG,117042,23.66700000000128,677.8266730229499,626.1722116015806,1.0824924205583175
(d),4,10,BUS10_IA_MAG,117043,23.700000000007094,676.7865794034333,626.1722116015806,1.0808313861012688
(d),4,10,BUS10_IA_MAG,117044,23.733000000006996,678.5464525747088,626.1722116015806,1.0836419119257448
(d),4,10,BUS10_IA_MAG,117045,23.7670000000071,676.9978675269904,626.1722116015806,1.0811688142394749
(d),4,10,BUS10_IA_MAG,117046,23.80000000000291,678.0499979999341,626.1722116015806,1.0828490716086938
(d),4,10,BUS10_IA_MAG,117047,23.832999999999174,681.6825782756388,626.1722116015806,1.08865031958553
(d),4,10,BUS10_IA_MAG,117048,23.86699999999837,677.2638247433099,626.1722116015806,1.0815935491788284
(d),4,10,BUS10_IA_MAG,117049,23.90000000000873,683.4892710858632,626.1722116015806,1.0915356165960814
(d),4,10,BUS10_IA_MAG,117050,23.933000000004085,678.2937791955823,626.1722116015806,1.0832383913375663
(d),4,10,BUS10_IA_MAG,117051,23.96700000000419,680.6921503286559,626.1722116015806,1.0870686014437274
(d),4,10,BUS10_IA_MAG,117052,24.0,676.3139835339904,626.1722116015806,1.0800766482501045
(d),4,10,BUS10_IA_MAG,117053,24.03300000001036,678.4497986591336,626.1722116015806,1.0834875551628858
(d),4,10,BUS10_IA_MAG,117054,24.06700000001001,676.1325070527294,626.1722116015806,1.0797868294464295
(d),4,10,BUS10_IA_MAG,117055,24.100000000006276,678.0778451808662,626.1722116015806,1.0828935436890836
(d),4,10,BUS10_IA_MAG,117056,24.13300000000163,677.8376581496826,626.1722116015806,1.082509963857955
(d),4,10,BUS10_IA_MAG,117057,24.16700000000128,676.5632796726002,626.1722116015806,1.0804747753691157
(d),4,10,BUS10_IA_MAG,117058,24.200000000007094,673.434470551184,626.1722116015806,1.0754780523216116
(d),4,10,BUS10_IA_MAG,117059,24.233000000006996,676.4992144718772,626.1722116015806,1.0803724629388674
(d),4,10,BUS10_IA_MAG,117060,24.2670000000071,675.6829014004692,626.1722116015806,1.0790688070814474
(d),4,10,BUS10_IA_MAG,117061,24.30000000000291,677.50469476125,626.1722116015806,1.0819782197430556
(d),4,10,BUS10_IA_MAG,117062,24.332999999999174,678.6893892350058,626.1722116015806,1.0838701824520454
(d),4,10,BUS10_IA_MAG,117063,24.36699999999837,683.025898382601,626.1722116015806,1.090795608185173
(d),4,10,BUS10_IA_MAG,117064,24.40000000000873,674.4818476255806,626.1722116015806,1.0771507184907438
(d),4,10,BUS10_IA_MAG,117065,24.433000000004085,673.4432945278467,626.1722116015806,1.0754921442543088
(d),4,10,BUS10_IA_MAG,117066,24.46700000000419,681.3158656469071,626.1722116015806,1.0880646777733618
(d),4,10,BUS10_IA_MAG,117067,24.5,673.6975492115872,626.1722116015806,1.0758981901934765
(d),4,10,BUS10_IA_MAG,117068,24.53300000001036,677.8123629248338,626.1722116015806,1.0824695672635674
(d),4,10,BUS10_IA_MAG,117069,24.56700000001001,676.9693966423692,626.1722116015806,1.0811233461013274
(d),4,10,BUS10_IA_MAG,117070,24.600000000006276,678.7628628202674,626.1722116015806,1.083987520117148
(d),4,10,BUS10_IA_MAG,117071,24.63300000000163,679.1642205138809,626.1722116015806,1.0846284902627041
(d),4,10,BUS10_IA_MAG,117072,24.66700000000128,676.9504420076323,626.1722116015806,1.0810930754595045
(d),4,10,BUS10_IA_MAG,117073,24.700000000007094,674.4682960458297,626.1722116015806,1.0771290765534305
(d),4,10,BUS10_IA_MAG,117074,24.733000000006996,677.2577659259882,626.1722116015806,1.08158387321875
(d),4,10,BUS10_IA_MAG,117075,24.7670000000071,678.4747253227525,626.1722116015806,1.083527363163236
(d),4,10,BUS10_IA_MAG,117076,24.80000000000291,678.4308675985437,626.1722116015806,1.0834573221690875
(d),4,10,BUS10_IA_MAG,117077,24.832999999999174,677.3197547637241,626.1722116015806,1.0816828696874328
(d),4,10,BUS10_IA_MAG,117078,24.86699999999837,683.5839586328194,626.1722116015806,1.091686833058904
(d),4,10,BUS10_IA_MAG,117079,24.90000000000873,680.100600472078,626.1722116015806,1.086123893509364
(d),4,10,BUS10_IA_MAG,117080,24.933000000004085,671.5493514092085,626.1722116015806,1.0724675080862585
(d),4,10,BUS10_IA_MAG,117081,24.96700000000419,680.9736996071933,626.1722116015806,1.087518236980599
(d),4,10,BUS10_IA_MAG,117082,25.0,673.0019931369163,626.1722116015806,1.0747873838341655
(d),4,10,BUS10_IA_MAG,117083,25.03300000001036,680.0231335157455,626.1722116015806,1.0860001784116684
(d),4,10,BUS10_IA_MAG,117084,25.06700000001001,680.290911641977,626.1722116015806,1.0864278213528118
(d),4,10,BUS10_IA_MAG,117085,25.100000000006276,677.4527962323599,626.1722116015806,1.0818953375455889
(d),4,10,BUS10_IA_MAG,117086,25.13300000000163,675.6034534177558,626.1722116015806,1.0789419282751997
(d),4,10,BUS10_IA_MAG,117087,25.16700000000128,676.8046200075224,626.1722116015806,1.0808601970318001
(d),4,10,BUS10_IA_MAG,117088,25.200000000007094,676.8153192569523,626.1722116015806,1.0808772837840253
(d),4,10,BUS10_IA_MAG,117089,25.233000000006996,675.0716001195738,626.1722116015806,1.0780925560285113
(d),4,10,BUS10_IA_MAG,117090,25.2670000000071,677.9629326032131,626.1722116015806,1.0827100277560477
(d),4,10,BUS10_IA_MAG,117091,25.30000000000291,679.6956109545083,626.1722116015806,1.0854771233236769
(d),4,10,BUS10_IA_MAG,117092,25.332999999999174,675.6303488788129,626.1722116015806,1.0789848804544229
(d),4,10,BUS10_IA_MAG,117093,25.36699999999837,681.5943190703209,626.1722116015806,1.088509369214877
(d),4,10,BUS10_IA_MAG,117094,25.40000000000873,675.6831226921912,626.1722116015806,1.07906916048538
(d),4,10,BUS10_IA_MAG,117095,25.433000000004085,676.2778448329179,626.1722116015806,1.0800189345726163
(d),4,10,BUS10_IA_MAG,117096,25.46700000000419,678.5532722869794,626.1722116015806,1.0836528030386756
(d),4,10,BUS10_IA_MAG,117097,25.5,681.7664475563738,626.1722116015806,1.0887842592257457
(d),4,10,BUS10_IA_MAG,117098,25.53300000001036,680.8084253153561,626.1722116015806,1.087254293150491
(d),4,10,BUS10_IA_MAG,117099,25.56700000001001,676.0767297210164,626.1722116015806,1.079697752782407
(d),4,10,BUS10_IA_MAG,117100,25.600000000006276,678.9099516006881,626.1722116015806,1.0842224215990335
(d),4,10,BUS10_IA_MAG,117101,25.63300000000163,677.0161807837326,626.1722116015806,1.08119806059759
(d),4,10,BUS10_IA_MAG,117102,25.66700000000128,675.942354063937,626.1722116015806,1.0794831542189613
(d),4,10,BUS10_IA_MAG,117103,25.700000000007094,678.458601578044,626.1722116015806,1.083501613466252
(d),4,10,BUS10_IA_MAG,117104,25.733000000006996,678.6075994221894,626.1722116015806,1.0837395637319855
(d),4,10,BUS10_IA_MAG,117105,25.7670000000071,675.7310346001012,626.1722116015806,1.079145676030181
(d),4,10,BUS10_IA_MAG,117106,25.80000000000291,679.5441951778232,626.1722116015806,1.0852353116081779
(d),4,10,BUS10_IA_MAG,117107,25.832999999999174,686.8362710746411,626.1722116015806,1.0968807914964769
(d),4,10,BUS10_IA_MAG,117108,25.86699999999837,680.0446177354577,626.1722116015806,1.0860344888127276
(d),4,10,BUS10_IA_MAG,117109,25.90000000000873,679.1463709697716,626.1722116015806,1.0845999844558694
(d),4,10,BUS10_IA_MAG,117110,25.933000000004085,673.832984444317,626.1722116015806,1.0761144809042755
(d),4,10,BUS10_IA_MAG,117111,25.96700000000419,673.6404938150113,626.1722116015806,1.0758070724537896
(d),4,10,BUS10_IA_MAG,117112,26.0,679.4690591074012,626.1722116015806,1.0851153189463671
(d),4,10,BUS10_IA_MAG,117113,26.03300000001036,676.4572041187081,626.1722116015806,1.0803053722050553
(d),4,10,BUS10_IA_MAG,117114,26.06700000001001,679.3842724795425,626.1722116015806,1.084979914298432
(d),4,10,BUS10_IA_MAG,117115,26.100000000006276,673.8482736980941,626.1722116015806,1.076138897915273
(d),4,10,BUS10_IA_MAG,117116,26.13300000000163,676.4181704730297,626.1722116015806,1.080243035287263
(d),4,10,BUS10_IA_MAG,117117,26.16700000000128,677.5855132927404,626.1722116015806,1.0821072873222184
(d),4,10,BUS10_IA_MAG,117118,26.200000000007094,675.7927243727338,626.1722116015806,1.0792441948904716
(d),4,10,BUS10_IA_MAG,117119,26.233000000006996,671.3840162631674,626.1722116015806,1.0722034670716976
(d),4,10,BUS10_IA_MAG,117120,26.2670000000071,672.3422288675974,626.1722116015806,1.0737337371582274
(d),4,10,BUS10_IA_MAG,117121,26.30000000000291,675.4322192915575,626.1722116015806,1.0786684665612725
(d),4,10,BUS10_IA_MAG,117122,26.332999999999174,673.9328379855888,626.1722116015806,1.0762739474845895
(d),4,10,BUS10_IA_MAG,117123,26.36699999999837,676.5602444129528,626.1722116015806,1.0804699280450232
(d),4,10,BUS10_IA_MAG,117124,26.40000000000873,678.3088457833744,626.1722116015806,1.0832624527499268
(d),4,10,BUS10_IA_MAG,117125,26.433000000004085,682.042495740701,626.1722116015806,1.0892251094890002
(d),4,10,BUS10_IA_MAG,117126,26.46700000000419,676.9417473149056,626.1722116015806,1.0810791899938679
(d),4,10,BUS10_IA_MAG,117127,26.5,678.1850047956227,626.1722116015806,1.0830646781035003
(d),4,10,BUS10_IA_MAG,117128,26.53300000001036,677.7421067971303,626.1722116015806,1.082357367893487
(d),4,10,BUS10_IA_MAG,117129,26.56700000001001,675.5881809878884,626.1722116015806,1.0789175381320661
(d),4,10,BUS10_IA_MAG,117130,26.600000000006276,675.2557325322637,626.1722116015806,1.07838661636731
(d),4,10,BUS10_IA_MAG,117131,26.63300000000163,679.609764209508,626.1722116015806,1.0853400256636245
(d),4,10,BUS10_IA_MAG,117132,26.66700000000128,674.5863372371898,626.1722116015806,1.077317588897436
(d),4,10,BUS10_IA_MAG,117133,26.700000000007094,679.6557548365225,626.1722116015806,1.085413472913698
(d),4,10,BUS10_IA_MAG,117134,26.733000000006996,679.7121163884001,626.1722116015806,1.0855034825801018
(d),4,10,BUS10_IA_MAG,117135,26.7670000000071,681.985459102593,626.1722116015806,1.0891340217066758
(d),4,10,BUS10_IA_MAG,117136,26.80000000000291,678.9511565834349,626.1722116015806,1.084288226152451
(d),4,10,BUS10_IA_MAG,117137,26.832999999999174,680.5924572577236,626.1722116015806,1.0869093911353087
(d),4,10,BUS10_IA_MAG,117138,26.86699999999837,672.5002021868,626.1722116015806,1.0739860213003143
(d),4,10,BUS10_IA_MAG,117139,26.90000000000873,675.9990637474453,626.1722116015806,1.0795737198532351
(d),4,10,BUS10_IA_MAG,117140,26.933000000004085,678.058725214297,626.1722116015806,1.082863009011538
(d),4,10,BUS10_IA_MAG,117141,26.96700000000419,678.9231681480869,626.1722116015806,1.0842435284880874
(d),4,10,BUS10_IA_MAG,117142,27.0,682.0196662421637,626.1722116015806,1.0891886506712591
(d),4,10,BUS10_IA_MAG,117143,27.03300000001036,677.17584858192,626.1722116015806,1.0814530508306746
(d),4,10,BUS10_IA_MAG,117144,27.06700000001001,673.7176283795238,626.1722116015806,1.0759302567201678
(d),4,10,BUS10_IA_MAG,117145,27.100000000006276,671.561128469128,626.1722116015806,1.0724863161069615
(d),4,10,BUS10_IA_MAG,117146,27.13300000000163,675.4450509460985,626.1722116015806,1.0786889587746016
(d),4,10,BUS10_IA_MAG,117147,27.16700000000128,679.3682794967094,626.1722116015806,1.084954373428785
(d),4,10,BUS10_IA_MAG,117148,27.200000000007094,681.5016929131245,626.1722116015806,1.0883614448013048
(d),4,10,BUS10_IA_MAG,117149,27.233000000006996,678.7054302011958,626.1722116015806,1.0838957999513414
(d),4,10,BUS10_IA_MAG,117150,27.2670000000071,680.2266894182746,626.1722116015806,1.0863252581561185
(d),4,10,BUS10_IA_MAG,117151,27.30000000000291,678.3155459113148,626.1722116015806,1.0832731528861135
(d),4,10,BUS10_IA_MAG,117152,27.332999999999174,679.5170697344166,626.1722116015806,1.0851919921460491
(d),4,10,BUS10_IA_MAG,117153,27.36699999999837,672.3225317934928,626.1722116015806,1.073702280837203
(d),4,10,BUS10_IA_MAG,117154,27.40000000000873,674.3109878134594,626.1722116015806,1.0768778545581779
(d),4,10,BUS10_IA_MAG,117155,27.433000000004085,680.4108832049559,626.1722116015806,1.0866194165094734
(d),4,10,BUS10_IA_MAG,117156,27.46700000000419,679.6575391976179,626.1722116015806,1.0854163225468536
(d),4,10,BUS10_IA_MAG,117157,27.5,674.8119795652523,626.1722116015806,1.0776779407685055
(d),4,10,BUS10_IA_MAG,117158,27.53300000001036,682.4451708379577,626.1722116015806,1.0898681835344401
(d),4,10,BUS10_IA_MAG,117159,27.56700000001001,676.6292067986084,626.1722116015806,1.0805800613029
(d),4,10,BUS10_IA_MAG,117160,27.600000000006276,680.7300776541359,626.1722116015806,1.0871291715629012
(d),4,10,BUS10_IA_MAG,117161,27.63300000000163,677.5284407204707,626.1722116015806,1.0820161421528667
(d),4,10,BUS10_IA_MAG,117162,27.66700000000128,676.4462737666603,626.1722116015806,1.08028791638085
(d),4,10,BUS10_IA_MAG,117163,27.700000000007094,676.8249677950893,626.1722116015806,1.0808926925453184
(d),4,10,BUS10_IA_MAG,117164,27.733000000006996,682.2700324865798,626.1722116015806,1.0895884867543324
(d),4,10,BUS10_IA_MAG,117165,27.7670000000071,675.5875611710859,626.1722116015806,1.0789165482816845
(d),4,10,BUS10_IA_MAG,117166,27.80000000000291,681.8694867319668,626.1722116015806,1.0889488132792218
(d),4,10,BUS10_IA_MAG,117167,27.832999999999174,676.7471346867761,626.1722116015806,1.0807683927011684
(d),4,10,BUS10_IA_MAG,117168,27.86699999999837,674.4120127920424,626.1722116015806,1.0770391919294493
(d),4,10,BUS10_IA_MAG,117169,27.90000000000873,673.8524650696709,626.1722116015806,1.0761455915556153
(d),4,10,BUS10_IA_MAG,117170,27.933000000004085,677.5028450781082,626.1722116015806,1.081975265790281
(d),4,10,BUS10_IA_MAG,117171,27.96700000000419,680.8741120467934,626.1722116015806,1.087359195173002
(d),4,10,BUS10_IA_MAG,117172,28.0,676.0414643625063,626.1722116015806,1.0796414338371445
(d),4,10,BUS10_IA_MAG,117173,28.03300000001036,672.9272039613745,626.1722116015806,1.0746679451651284
(d),4,10,BUS10_IA_MAG,117174,28.06700000001001,679.8987393316261,626.1722116015806,1.0858015203080116
(d),4,10,BUS10_IA_MAG,117175,28.100000000006276,676.1019202979431,626.1722116015806,1.0797379822535653
(d),4,10,BUS10_IA_MAG,117176,28.13300000000163,675.0386873921483,626.1722116015806,1.07803999424628
(d),4,10,BUS10_IA_MAG,117177,28.16700000000128,682.5341164126162,626.1722116015806,1.0900102300401946
(d),4,10,BUS10_IA_MAG,117178,28.200000000007094,678.7938695054044,626.1722116015806,1.0840370379407795
(d),4,10,BUS10_IA_MAG,117179,28.233000000006996,679.7121352787533,626.1722116015806,1.0855035127480857
(d),4,10,BUS10_IA_MAG,117180,28.2670000000071,674.2788062766314,626.1722116015806,1.0768264604908082
(d),4,10,BUS10_IA_MAG,117181,28.30000000000291,682.307458573519,626.1722116015806,1.0896482563931726
(d),4,10,BUS10_IA_MAG,117182,28.332999999999174,677.6176338844489,626.1722116015806,1.0821585840599421
(d),4,10,BUS10_IA_MAG,117183,28.36699999999837,677.9677972155164,626.1722116015806,1.082717796565032
(d),4,10,BUS10_IA_MAG,117184,28.40000000000873,679.2198962464132,626.1722116015806,1.0847174046723518
(d),4,10,BUS10_IA_MAG,117185,28.433000000004085,679.3769885646897,626.1722116015806,1.0849682818517699
(d),4,10,BUS10_IA_MAG,117186,28.46700000000419,675.126849253467,626.1722116015806,1.0781807891581032
(d),4,10,BUS10_IA_MAG,117187,28.5,677.0456757937523,626.1722116015806,1.0812451642688694
(d),4,10,BUS10_IA_MAG,117188,28.53300000001036,678.9927613756727,626.1722116015806,1.0843546692035269
(d),4,10,BUS10_IA_MAG,117189,28.56700000001001,674.9752492414556,626.1722116015806,1.077938683217912
(d),4,10,BUS10_IA_MAG,117190,28.600000000006276,679.7664270654938,626.1722116015806,1.0855902169897216
(d),4,10,BUS10_IA_MAG,117191,28.63300000000163,674.2202220114946,626.1722116015806,1.0767329011407583
(d),4,10,BUS10_IA_MAG,117192,28.66700000000128,672.8108144725716,626.1722116015806,1.074482070597962
(d),4,10,BUS10_IA_MAG,117193,28.700000000007094,677.663532139183,626.1722116015806,1.0822318837910443
(d),4,10,BUS10_IA_MAG,117194,28.733000000006996,678.5832729112276,626.1722116015806,1.0837007141782826
(d),4,10,BUS10_IA_MAG,117195,28.7670000000071,679.1851406708125,626.1722116015806,1.0846618998528201
(d),4,10,BUS10_IA_MAG,117196,28.80000000000291,675.9048785669629,626.1722116015806,1.0794233056720604
(d),4,10,BUS10_IA_MAG,117197,28.832999999999174,679.2868924894245,626.1722116015806,1.0848243979910748
(d),4,10,BUS10_IA_MAG,117198,28.86699999999837,672.9918950905915,626.1722116015806,1.0747712572061585
(d),4,10,BUS10_IA_MAG,117199,28.90000000000873,678.1619989737726,626.1722116015806,1.0830279376965901
(d),4,10,BUS10_IA_MAG,117200,28.933000000004085,670.8750425022911,626.1722116015806,1.0713906335549013
(d),4,10,BUS10_IA_MAG,117201,28.96700000000419,677.1623592662158,626.1722116015806,1.08143150832934
(d),4,10,BUS10_IA_MAG,117202,29.0,679.3718881852603,626.1722116015806,1.0849601365215638
(d),4,10,BUS10_IA_MAG,117203,29.03300000001036,680.954958338718,626.1722116015806,1.0874883070857104
(d),4,10,BUS10_IA_MAG,117204,29.06700000001001,680.3611326340113,626.1722116015806,1.0865399646110612
(d),4,10,BUS10_IA_MAG,117205,29.100000000006276,673.5893225339336,626.1722116015806,1.0757253516745382
(d),4,10,BUS10_IA_MAG,117206,29.13300000000163,674.6798805342814,626.1722116015806,1.0774669779877828
(d),4,10,BUS10_IA_MAG,117207,29.16700000000128,673.2034881343646,626.1722116015806,1.0751091723033999
(d),4,10,BUS10_IA_MAG,117208,29.200000000007094,675.4945828275133,626.1722116015806,1.0787680614247945
(d),4,10,BUS10_IA_MAG,117209,29.233000000006996,682.0999724917234,626.1722116015806,1.0893169001337422
(d),4,10,BUS10_IA_MAG,117210,29.2670000000071,676.4761329998439,626.1722116015806,1.0803356017182548
(d),4,10,BUS10_IA_MAG,117211,29.30000000000291,677.0971720992231,626.1722116015806,1.0813274041136227
(d),4,10,BUS10_IA_MAG,117212,29.332999999999174,681.0968241699483,626.1722116015806,1.0877148674928983
(d),4,10,BUS10_IA_MAG,117213,29.36699999999837,678.8321007864969,626.1722116015806,1.084098093478512
(d),4,10,BUS10_IA_MAG,117214,29.40000000000873,676.3215906294807,626.1722116015806,1.080088796817782
(d),4,10,BUS10_IA_MAG,117215,29.433000000004085,676.6959957137776,626.1722116015806,1.080686723518073
(d),4,10,BUS10_IA_MAG,117216,29.46700000000419,679.3279791833965,626.1722116015806,1.084890013636756
(d),4,10,BUS10_IA_MAG,117217,29.5,683.7464530397749,626.1722116015806,1.0919463373996348
(d),4,10,BUS10_IA_MAG,117218,29.53300000001036,681.3697226056845,626.1722116015806,1.0881506875926727
(d),4,10,BUS10_IA_MAG,117219,29.56700000001001,681.9745082048362,626.1722116015806,1.0891165330708756
(d),4,10,BUS10_IA_MAG,117220,29.600000000006276,675.0292519873586,626.1722116015806,1.0780249258599561
(d),4,10,BUS10_IA_MAG,117221,29.63300000000163,679.1307511693426,626.1722116015806,1.0845750395602964
(d),4,10,BUS10_IA_MAG,117222,29.66700000000128,678.5085427074954,626.1722116015806,1.0835813696875058
(d),4,10,BUS10_IA_MAG,117223,29.700000000007094,679.430221944682,626.1722116015806,1.0850532958127952
(d),4,10,BUS10_IA_MAG,117224,29.733000000006996,675.2260345766402,626.1722116015806,1.078339188590936
(d),4,10,BUS10_IA_MAG,117225,29.7670000000071,679.6108218540834,626.1722116015806,1.0853417147270417
(d),4,10,BUS10_IA_MAG,117226,29.80000000000291,677.0130804619266,626.1722116015806,1.0811931093689207
(d),4,10,BUS10_IA_MAG,117227,29.832999999999174,675.1102876855141,626.1722116015806,1.0781543402553158
(d),4,10,BUS10_IA_MAG,117228,29.86699999999837,680.5890075517406,626.1722116015806,1.086903881938447
(d),4,10,BUS10_IA_MAG,117229,29.90000000000873,676.6902527720305,626.1722116015806,1.0806775520127894
(d),4,10,BUS10_IA_MAG,117230,29.933000000004085,677.5532231052011,626.1722116015806,1.082055719739146
(d),4,10,BUS10_IA_MAG,117231,29.96700000000419,679.7905287637,626.1722116015806,1.0856287075163846
(d),4,10,BUS10_IA_MAG,117232,30.0,679.0374718533242,626.1722116015806,1.0844260720489791
(d),4,10,BUS10_IA_MAG,117233,30.03300000001036,674.1146787855454,626.1722116015806,1.0765643481069542
(d),4,10,BUS10_IA_MAG,117234,30.06700000001001,674.7537950527951,626.1722116015806,1.0775850198253862
(d),4,10,BUS10_IA_MAG,117235,30.100000000006276,677.3701894498624,626.1722116015806,1.081763414121063
(d),4,10,BUS10_IA_MAG,117236,30.13300000000163,679.1552561021293,626.1722116015806,1.0846141740545023
(d),4,10,BUS10_IA_MAG,117237,30.16700000000128,673.1998176596171,626.1722116015806,1.0751033105377714
(d),4,10,BUS10_IA_MAG,117238,30.200000000007094,675.0457038973552,626.1722116015806,1.0780511996384659
(d),4,10,BUS10_IA_MAG,117239,30.233000000006996,675.3981839069163,626.1722116015806,1.0786141118901282
(d),4,10,BUS10_IA_MAG,117240,30.2670000000071,678.9152673125377,626.1722116015806,1.0842309108161388
(d),4,10,BUS10_IA_MAG,117241,30.30000000000291,680.3490499614063,626.1722116015806,1.086520668525446
(d),4,10,BUS10_IA_MAG,117242,30.332999999999174,681.647862534429,626.1722116015806,1.08859487838171
(d),4,10,BUS10_IA_MAG,117243,30.36699999999837,676.3619410935408,626.1722116015806,1.0801532367007927
(d),4,10,BUS10_IA_MAG,117244,30.40000000000873,679.857378861153,626.1722116015806,1.085735467439956
(d),4,10,BUS10_IA_MAG,117245,30.433000000004085,680.2233955635414,626.1722116015806,1.086319997854444
(d),4,10,BUS10_IA_MAG,117246,30.46700000000419,683.8091911826223,626.1722116015806,1.0920465305121443
(d),4,10,BUS10_IA_MAG,117247,30.5,678.1901644000064,626.1722116015806,1.0830729180162402
(d),4,10,BUS10_IA_MAG,117248,30.53300000001036,679.4974426803319,626.1722116015806,1.0851606476473297
(d),4,10,BUS10_IA_MAG,117249,30.56700000001001,676.2695130934856,626.1722116015806,1.0800056287451172
(d),4,10,BUS10_IA_MAG,117250,30.600000000006276,677.735128891363,626.1722116015806,1.0823462241447899
(d),4,10,BUS10_IA_MAG,117251,30.63300000000163,678.3308453775687,626.1722116015806,1.0832975862064853
(d),4,10,BUS10_IA_MAG,117252,30.66700000000128,678.8192935594196,626.1722116015806,1.0840776402759584
(d),4,10,BUS10_IA_MAG,117253,30.700000000007094,675.2354723867735,626.1722116015806,1.078354260818605
(d),4,10,BUS10_IA_MAG,117254,30.733000000006996,678.8420541821364,626.1722116015806,1.0841139890986866
(d),4,10,BUS10_IA_MAG,117255,30.7670000000071,675.3447059063117,626.1722116015806,1.0785287072688217
(d),4,10,BUS10_IA_MAG,117256,30.80000000000291,674.3835124937582,626.1722116015806,1.076993676817542
(d),4,10,BUS10_IA_MAG,117257,30.832999999999174,679.4916393713213,626.1722116015806,1.0851513797352392
(d),4,10,BUS10_IA_MAG,117258,30.86699999999837,678.9120591498009,626.1722116015806,1.0842257873649903
(d),4,10,BUS10_IA_MAG,117259,30.90000000000873,677.5652672839143,626.1722116015806,1.0820749543498331
(d),4,10,BUS10_IA_MAG,117260,30.933000000004085,674.7932706125648,626.1722116015806,1.0776480624820841
(d),4,10,BUS10_IA_MAG,117261,30.96700000000419,673.4305794055119,626.1722116015806,1.0754718381434671
(d),4,10,BUS10_IA_MAG,117262,31.0,676.8282917613843,626.1722116015806,1.0808980009353004
(d),4,10,BUS10_IA_MAG,117263,31.03300000001036,677.1522063886462,626.1722116015806,1.0814152941355741
(d),4,10,BUS10_IA_MAG,117264,31.06700000001001,679.6701055944999,626.1722116015806,1.08543639114244
(d),4,10,BUS10_IA_MAG,117265,31.100000000006276,673.0080687539328,626.1722116015806,1.0747970866234364
(d),4,10,BUS10_IA_MAG,117266,31.13300000000163,677.2622484614143,626.1722116015806,1.0815910318491444
(d),4,10,BUS10_IA_MAG,117267,31.16700000000128,674.612022451561,626.1722116015806,1.0773586083069453
(d),4,10,BUS10_IA_MAG,117268,31.200000000007094,680.1271608150389,626.1722116015806,1.0861663105033934
(d),4,10,BUS10_IA_MAG,117269,31.233000000006996,674.0169496895454,626.1722116015806,1.0764082742758432
(d),4,10,BUS10_IA_MAG,117270,31.2670000000071,672.1582873265332,626.1722116015806,1.0734399816423228
(d),4,10,BUS10_IA_MAG,117271,31.30000000000291,676.8636967559111,626.1722116015806,1.0809545428799456
(d),4,10,BUS10_IA_MAG,117272,31.332999999999174,682.40123736903,626.1722116015806,1.0897980215756153
(d),4,10,BUS10_IA_MAG,117273,31.36699999999837,675.4703129759401,626.1722116015806,1.0787293023564049
(d),4,10,BUS10_IA_MAG,117274,31.40000000000873,678.276035983193,626.1722116015806,1.083210055342994
(d),4,10,BUS10_IA_MAG,117275,31.433000000004085,674.6071400065962,626.1722116015806,1.0773508110191157
(d),4,10,BUS10_IA_MAG,117276,31.46700000000419,676.5043083599368,626.1722116015806,1.080380597902325
(d),4,10,BUS10_IA_MAG,117277,31.5,675.1973053542293,626.1722116015806,1.0782933078861097
(d),4,10,BUS10_IA_MAG,117278,31.53300000001036,679.1587261826224,626.1722116015806,1.0846197157895534
(d),4,10,BUS10_IA_MAG,117279,31.56700000001001,678.7739351423876,626.1722116015806,1.0840052026682339
(d),4,10,BUS10_IA_MAG,117280,31.600000000006276,681.0515752383475,626.1722116015806,1.087642604733928
(d),4,10,BUS10_IA_MAG,117281,31.63300000000163,678.4320712240245,626.1722116015806,1.0834592443647049
(d),4,10,BUS10_IA_MAG,117282,31.66700000000128,678.8664471838777,626.1722116015806,1.0841529448384803
(d),4,10,BUS10_IA_MAG,117283,31.700000000007094,685.1162889270505,626.1722116015806,1.0941339718265473
(d),4,10,BUS10_IA_MAG,117284,31.733000000006996,675.37478920036,626.1722116015806,1.0785767504324928
(d),4,10,BUS10_IA_MAG,117285,31.7670000000071,676.0943017153502,626.1722116015806,1.0797258153409304
(d),4,10,BUS10_IA_MAG,117286,31.80000000000291,676.0864249866794,626.1722116015806,1.0797132361677815
(d),4,10,BUS10_IA_MAG,117287,31.832999999999174,676.8875513542373,626.1722116015806,1.0809926387869249
(d),4,10,BUS10_IA_MAG,117288,31.86699999999837,681.0128387020812,626.1722116015806,1.0875807423012802
(d),4,10,BUS10_IA_MAG,117289,31.90000000000873,678.8583740565031,626.1722116015806,1.0841400520156674
(d),4,10,BUS10_IA_MAG,117290,31.933000000004085,679.9100990801284,626.1722116015806,1.0858196618803966
(d),4,10,BUS10_IA_MAG,117291,31.96700000000419,678.9865533104933,626.1722116015806,1.0843447548939098
(d),4,10,BUS10_IA_MAG,117292,32.0,677.7325435755616,626.1722116015806,1.0823420953831593
(d),4,10,BUS10_IA_MAG,117293,32.03300000001036,673.0256280708331,626.1722116015806,1.0748251289360384
(d),4,10,BUS10_IA_MAG,117294,32.06700000001001,680.8182788762216,626.1722116015806,1.0872700293340567
(d),4,10,BUS10_IA_MAG,117295,32.100000000006276,676.7934466436619,626.1722116015806,1.0808423531165745
(d),4,10,BUS10_IA_MAG,117296,32.13300000000163,678.4289684512082,626.1722116015806,1.0834542892217605
(d),4,10,BUS10_IA_MAG,117297,32.16700000000128,672.5980508633346,626.1722116015806,1.074142286102108
(d),4,10,BUS10_IA_MAG,117298,32.200000000007094,679.2303333142629,626.1722116015806,1.0847340727193464
(d),4,10,BUS10_IA_MAG,117299,32.233000000006996,674.33836054193,626.1722116015806,1.0769215689357299
(d),4,10,BUS10_IA_MAG,117300,32.2670000000071,673.2196234783474,626.1722116015806,1.07513494052448
(d),4,10,BUS10_IA_MAG,117301,32.30000000000291,679.8918480210583,626.1722116015806,1.0857905148522597
(d),4,10,BUS10_IA_MAG,117302,32.332999999999174,678.6392900766363,626.1722116015806,1.0837901738578577
(d),4,10,BUS10_IA_MAG,117303,32.36699999999837,679.5120349649098,626.1722116015806,1.0851839515952015
(d),4,10,BUS10_IA_MAG,117304,32.40000000000873,672.6576476250362,626.1722116015806,1.0742374624139874
(d),4,10,BUS10_IA_MAG,117305,32.433000000004085,676.9809367725634,626.1722116015806,1.0811417757441324
(d),4,10,BUS10_IA_MAG,117306,32.46700000000419,682.202256894344,626.1722116015806,1.0894802488111914
(d),4,10,BUS10_IA_MAG,117307,32.5,674.969862579388,626.1722116015806,1.0779300806929712
(d),4,10,BUS10_IA_MAG,117308,32.53300000001036,673.1579616348092,626.1722116015806,1.0750364662670862
(d),4,10,BUS10_IA_MAG,117309,32.56700000001001,678.6095435177109,626.1722116015806,1.0837426684617795
(d),4,10,BUS10_IA_MAG,117310,32.600000000006276,676.9794150045201,626.1722116015806,1.0811393454733296
(d),4,10,BUS10_IA_MAG,117311,32.63300000000163,675.9735234028899,626.1722116015806,1.0795329318015103
(d),4,10,BUS10_IA_MAG,117312,32.66700000000128,676.6701210417646,626.1722116015806,1.0806454015438083
(d),4,10,BUS10_IA_MAG,117313,32.700000000007094,675.2490504333049,626.1722116015806,1.0783759450234927
(d),4,10,BUS10_IA_MAG,117314,32.733000000006996,675.6248739072632,626.1722116015806,1.0789761368988189
(d),4,10,BUS10_IA_MAG,117315,32.7670000000071,678.4458707348493,626.1722116015806,1.0834812822491224
(d),4,10,BUS10_IA_MAG,117316,32.80000000000291,675.6259159858754,626.1722116015806,1.0789778011033186
(d),4,10,BUS10_IA_MAG,117317,32.832999999999174,677.6606589081484,626.1722116015806,1.0822272952274172
(d),4,10,BUS10_IA_MAG,117318,32.86699999999837,678.8300747945218,626.1722116015806,1.0840948579596923
(d),4,10,BUS10_IA_MAG,117319,32.90000000000873,675.7289761542139,626.1722116015806,1.079142388682309
(d),4,10,BUS10_IA_MAG,117320,32.933000000004085,679.7453599798058,626.1722116015806,1.0855565727536831
(d),4,10,BUS10_IA_MAG,117321,32.96700000000419,678.2462469401299,626.1722116015806,1.0831624820995458
(d),4,10,BUS10_IA_MAG,117322,33.0,675.3284984746412,626.1722116015806,1.0785028239233612
(d),4,10,BUS10_IA_MAG,117323,33.03300000001036,675.2095643675436,626.1722116015806,1.0783128855886766
(d),4,10,BUS10_IA_MAG,117324,33.06700000001001,681.1646018494056,626.1722116015806,1.087823108769342
(d),4,10,BUS10_IA_MAG,117325,33.100000000006276,678.0575167555742,626.1722116015806,1.0828610790972102
(d),4,10,BUS10_IA_MAG,117326,33.13300000000163,677.9233620995342,626.1722116015806,1.0826468334734753
(d),4,10,BUS10_IA_MAG,117327,33.16700000000128,681.6935795071217,626.1722116015806,1.08866788860453
(d),4,10,BUS10_IA_MAG,117328,33.200000000007094,679.3918938670708,626.1722116015806,1.0849920856905622
(d),4,10,BUS10_IA_MAG,117329,33.233000000006996,674.7817304332328,626.1722116015806,1.0776296327608057
(d),4,10,BUS10_IA_MAG,117330,33.2670000000071,685.43431233997,626.1722116015806,1.0946418567294975
(d),4,10,BUS10_IA_MAG,117331,33.30000000000291,677.0715628363506,626.1722116015806,1.0812865059990178
(d),4,10,BUS10_IA_MAG,117332,33.332999999999174,673.2783577785999,626.1722116015806,1.0752287394813234
(d),4,10,BUS10_IA_MAG,117333,33.36699999999837,680.655203605042,626.1722116015806,1.0870095973503975
(d),4,10,BUS10_IA_MAG,117334,33.40000000000873,671.9212552639108,626.1722116015806,1.0730614403109913
(d),4,10,BUS10_IA_MAG,117335,33.433000000004085,676.249554141426,626.1722116015806,1.0799737542037533
(d),4,10,BUS10_IA_MAG,117336,33.46700000000419,679.2694948425145,626.1722116015806,1.0847966138662164
(d),4,10,BUS10_IA_MAG,117337,33.5,680.3512035630298,626.1722116015806,1.0865241078374812
(d),4,10,BUS10_IA_MAG,117338,33.53300000001036,678.6114367087316,626.1722116015806,1.0837456918968436
(d),4,10,BUS10_IA_MAG,117339,33.56700000001001,675.0974746185373,626.1722116015806,1.078133877726415
(d),4,10,BUS10_IA_MAG,117340,33.600000000006276,678.6241914797206,626.1722116015806,1.0837660613267746
(d),4,10,BUS10_IA_MAG,117341,33.63300000000163,677.4191862399082,626.1722116015806,1.0818416622277944
(d),4,10,BUS10_IA_MAG,117342,33.66700000000128,676.3485135001735,626.1722116015806,1.0801317927703233
(d),4,10,BUS10_IA_MAG,117343,33.700000000007094,680.5626460975375,626.1722116015806,1.0868617825707096
(d),4,10,BUS10_IA_MAG,117344,33.733000000006996,675.8891285241352,626.1722116015806,1.0793981527787573
(d),4,10,BUS10_IA_MAG,117345,33.7670000000071,680.9998055295875,626.1722116015806,1.087559928262822
(d),4,10,BUS10_IA_MAG,117346,33.80000000000291,676.9136632601451,626.1722116015806,1.0810343396248479
(d),4,10,BUS10_IA_MAG,117347,33.832999999999174,674.5195685205728,626.1722116015806,1.0772109589394467
(d),4,10,BUS10_IA_MAG,117348,33.86699999999837,675.4689113633507,626.1722116015806,1.0787270639744335
(d),4,10,BUS10_IA_MAG,117349,33.90000000000873,685.0625338959147,626.1722116015806,1.0940481247861646
(d),4,10,BUS10_IA_MAG,117350,33.933000000004085,680.4232755823457,626.1722116015806,1.086639207195103
(d),4,10,BUS10_IA_MAG,117351,33.96700000000419,679.4714934922116,626.1722116015806,1.0851192066704873
(d),4,10,BUS10_IA_MAG,117352,34.0,679.6969359318159,626.1722116015806,1.0854792393187387
(d),4,10,BUS10_IA_MAG,117353,34.03300000001036,677.9888281509805,626.1722116015806,1.0827513830689914
(d),4,10,BUS10_IA_MAG,117354,34.06700000001001,676.7728982915311,626.1722116015806,1.0808095373004936
(d),4,10,BUS10_IA_MAG,117355,34.100000000006276,674.8909397955292,626.1722116015806,1.0778040406317924
(d),4,10,BUS10_IA_MAG,117356,34.13300000000163,677.413374494693,626.1722116015806,1.0818323808430452
(d),4,10,BUS10_IA_MAG,117357,34.16700000000128,678.0993531266631,626.1722116015806,1.082927891980813
(d),4,10,BUS10_IA_MAG,117358,34.200000000007094,681.6104489308256,626.1722116015806,1.0885351286788165
(d),4,10,BUS10_IA_MAG,117359,34.233000000006996,676.7596736749501,626.1722116015806,1.0807884175249176
(d),4,10,BUS10_IA_MAG,117360,34.2670000000071,677.1191869411239,626.1722116015806,1.0813625619208407
(d),4,10,BUS10_IA_MAG,117361,34.30000000000291,683.6685089942646,626.1722116015806,1.0918218603882532
(d),4,10,BUS10_IA_MAG,117362,34.332999999999174,679.2924581296238,626.1722116015806,1.0848332863449432
(d),4,10,BUS10_IA_MAG,117363,34.36699999999837,676.2428629553671,626.1722116015806,1.0799630683477939
(d),4,10,BUS10_IA_MAG,117364,34.40000000000873,674.5163189718351,626.1722116015806,1.0772057693946577
(d),4,10,BUS10_IA_MAG,117365,34.433000000004085,674.3319781929177,626.1722116015806,1.076911376294003
(d),4,10,BUS10_IA_MAG,117366,34.46700000000419,673.9527351474175,626.1722116015806,1.0763057233466606
(d),4,10,BUS10_IA_MAG,117367,34.5,673.9166048407284,626.1722116015806,1.0762480230750426
(d),4,10,BUS10_IA_MAG,117368,34.53300000001036,675.0235566487457,626.1722116015806,1.0780158303771044
(d),4,10,BUS10_IA_MAG,117369,34.56700000001001,676.8112340286706,626.1722116015806,1.08087075965503
(d),4,10,BUS10_IA_MAG,117370,34.600000000006276,680.8053681138338,626.1722116015806,1.0872494107851196
(d),4,10,BUS10_IA_MAG,117371,34.63300000000163,680.6234276691483,626.1722116015806,1.086958851029649
(d),4,10,BUS10_IA_MAG,117372,34.66700000000128,680.2554307755087,626.1722116015806,1.086371158240315
(d),4,10,BUS10_IA_MAG,117373,34.700000000007094,679.1545963682955,626.1722116015806,1.084613120456432
(d),4,10,BUS10_IA_MAG,117374,34.733000000006996,672.741717752534,626.1722116015806,1.0743717228074385
(d),4,10,BUS10_IA_MAG,117375,34.7670000000071,679.6495184266056,626.1722116015806,1.0854035133374003
(d),4,10,BUS10_IA_MAG,117376,34.80000000000291,678.7327117059087,626.1722116015806,1.0839393686441188
(d),4,10,BUS10_IA_MAG,117377,34.832999999999174,681.0243824827252,626.1722116015806,1.0875991777738707
(d),4,10,BUS10_IA_MAG,117378,34.86699999999837,676.9033222664027,626.1722116015806,1.0810178250086595
(d),4,10,BUS10_IA_MAG,117379,34.90000000000873,678.6510765611893,626.1722116015806,1.0838089969297453
(d),4,10,BUS10_IA_MAG,117380,34.933000000004085,675.8931886231214,626.1722116015806,1.079404636776148
(d),4,10,BUS10_IA_MAG,117381,34.96700000000419,681.6358743253544,626.1722116015806,1.088575733154802
(d),4,10,BUS10_IA_MAG,117382,35.0,674.6673281768652,626.1722116015806,1.0774469318132902
(d),4,10,BUS10_IA_MAG,117383,35.03300000001036,680.264378364456,626.1722116015806,1.0863854475824186
(d),4,10,BUS10_IA_MAG,117384,35.06700000001001,674.2529793766643,626.1722116015806,1.076785214808728
(d),4,10,BUS10_IA_MAG,117385,35.100000000006276,676.4822502076885,626.1722116015806,1.080345370928276
(d),4,10,BUS10_IA_MAG,117386,35.13300000000163,676.9258051176984,626.1722116015806,1.081053730229107
(d),4,10,BUS10_IA_MAG,117387,35.16700000000128,678.3174456159918,626.1722116015806,1.0832761867235177
(d),4,10,BUS10_IA_MAG,117388,35.200000000007094,678.5928457030266,626.1722116015806,1.0837160019723138
(d),4,10,BUS10_IA_MAG,117389,35.233000000006996,674.0925565388218,626.1722116015806,1.0765290187737233
(d),4,10,BUS10_IA_MAG,117390,35.2670000000071,679.3666592353854,626.1722116015806,1.0849517858637447
(d),4,10,BUS10_IA_MAG,117391,35.30000000000291,672.9509356540225,626.1722116015806,1.074705844791155
(d),4,10,BUS10_IA_MAG,117392,35.332999999999174,682.8222065068795,626.1722116015806,1.0904703112908882
(d),4,10,BUS10_IA_MAG,117393,35.36699999999837,675.4314609600904,626.1722116015806,1.0786672555023127
(d),4,10,BUS10_IA_MAG,117394,35.40000000000873,677.149997777037,626.1722116015806,1.0814117669723302
(d),4,10,BUS10_IA_MAG,117395,35.433000000004085,681.4758022943121,626.1722116015806,1.0883200973599256
(d),4,10,BUS10_IA_MAG,117396,35.46700000000419,681.6350395765774,626.1722116015806,1.088574400057035
(d),4,10,BUS10_IA_MAG,117397,35.5,676.5823673780147,626.1722116015806,1.0805052585254438
(d),4,10,BUS10_IA_MAG,117398,35.53300000001036,673.716701481298,626.1722116015806,1.0759287764592929
(d),4,10,BUS10_IA_MAG,117399,35.56700000001001,676.1918740828611,626.1722116015806,1.0798816388758992
(d),4,10,BUS10_IA_MAG,117400,35.600000000006276,681.6862838025633,626.1722116015806,1.0886562373296518
(d),4,10,BUS10_IA_MAG,117401,35.63300000000163,678.6326035261604,626.1722116015806,1.0837794954049467
(d),4,10,BUS10_IA_MAG,117402,35.66700000000128,679.2391995099117,626.1722116015806,1.0847482320759652
(d),4,10,BUS10_IA_MAG,117403,35.700000000007094,678.6892561946337,626.1722116015806,1.0838699699859382
(d),4,10,BUS10_IA_MAG,117404,35.733000000006996,678.928275401613,626.1722116015806,1.0842516847962584
(d),4,10,BUS10_IA_MAG,117405,35.7670000000071,678.705698703283,626.1722116015806,1.0838962287504517
(d),4,10,BUS10_IA_MAG,117406,35.80000000000291,679.0545136553753,626.1722116015806,1.0844532878879056
(d),4,10,BUS10_IA_MAG,117407,35.832999999999174,676.29131677732,626.1722116015806,1.0800404493318991
(d),4,10,BUS10_IA_MAG,117408,35.86699999999837,675.3204420044709,626.1722116015806,1.078489957702183
(d),4,10,BUS10_IA_MAG,117409,35.90000000000873,677.4487035429902,626.1722116015806,1.0818888015012007
(d),4,10,BUS10_IA_MAG,117410,35.933000000004085,680.5408831973447,626.1722116015806,1.0868270271155975
(d),4,10,BUS10_IA_MAG,117411,35.96700000000419,678.3986399972526,626.1722116015806,1.0834058545365515
(d),4,10,BUS10_IA_MAG,117412,36.0,673.2179887771597,626.1722116015806,1.0751323298989086
(d),4,10,BUS10_IA_MAG,117413,36.03300000001036,677.1175203787802,626.1722116015806,1.0813599004128516
(d),4,10,BUS10_IA_MAG,117414,36.06700000001001,673.8871229562645,626.1722116015806,1.0762009403653383
(d),4,10,BUS10_IA_MAG,117415,36.100000000006276,674.7675369319877,626.1722116015806,1.077606965671813
(d),4,10,BUS10_IA_MAG,117416,36.13300000000163,677.4160012141948,626.1722116015806,1.0818365757265822
(d),4,10,BUS10_IA_MAG,117417,36.16700000000128,680.9118329068065,626.1722116015806,1.0874194355658433
(d),4,10,BUS10_IA_MAG,117418,36.200000000007094,676.0793843834838,626.1722116015806,1.079701992290993
(d),4,10,BUS10_IA_MAG,117419,36.233000000006996,674.9676951219482,626.1722116015806,1.0779266192531314
(d),4,10,BUS10_IA_MAG,117420,36.2670000000071,680.6365659182547,626.1722116015806,1.0869798328759575
(d),4,10,BUS10_IA_MAG,117421,36.30000000000291,683.0955890479073,626.1722116015806,1.0909069045091158
(d),4,10,BUS10_IA_MAG,117422,36.332999999999174,682.6122381393911,626.1722116015806,1.0901349908094007
(d),4,10,BUS10_IA_MAG,117423,36.36699999999837,675.9973405293998,626.1722116015806,1.0795709678658207
(d),4,10,BUS10_IA_MAG,117424,36.40000000000873,678.2512982519407,626.1722116015806,1.0831705490685315
(d),4,10,BUS10_IA_MAG,117425,36.433000000004085,675.0837888973282,626.1722116015806,1.0781120215645548
(d),4,10,BUS10_IA_MAG,117426,36.46700000000419,680.2509134099439,626.1722116015806,1.0863639439860235
(d),4,10,BUS10_IA_MAG,117427,36.5,679.1153195825768,626.1722116015806,1.084550395242839
(d),4,10,BUS10_IA_MAG,117428,36.53300000001036,680.2942825788929,626.1722116015806,1.0864332047550986
(d),4,10,BUS10_IA_MAG,117429,36.56700000001001,669.5537558509736,626.1722116015806,1.0692805324887138
(d),4,10,BUS10_IA_MAG,117430,36.600000000006276,677.5781265033567,626.1722116015806,1.0820954905844409
(d),4,10,BUS10_IA_MAG,117431,36.63300000000163,678.621820543521,626.1722116015806,1.0837622749303877
(d),4,10,BUS10_IA_MAG,117432,36.66700000000128,673.5325886286006,626.1722116015806,1.075634747357895
(d),4,10,BUS10_IA_MAG,117433,36.700000000007094,673.1787908916613,626.1722116015806,1.0750697306893426
(d),4,10,BUS10_IA_MAG,117434,36.733000000006996,676.804869046982,626.1722116015806,1.0808605947490015
(d),4,10,BUS10_IA_MAG,117435,36.7670000000071,673.7782415106624,626.1722116015806,1.0760270561788718
(d),4,10,BUS10_IA_MAG,117436,36.80000000000291,678.6560065204338,626.1722116015806,1.0838168700981057
(d),4,10,BUS10_IA_MAG,117437,36.832999999999174,677.2144986698676,626.1722116015806,1.0815147752049465
(d),4,10,BUS10_IA_MAG,117438,36.86699999999837,672.8561743438063,626.1722116015806,1.0745545105280554
(d),4,10,BUS10_IA_MAG,117439,36.90000000000873,678.5862479061867,626.1722116015806,1.0837054652593814
(d),4,10,BUS10_IA_MAG,117440,36.933000000004085,679.0823585550179,626.1722116015806,1.0844977563250648
(d),4,10,BUS10_IA_MAG,117441,36.96700000000419,675.7213387347367,626.1722116015806,1.0791301916870804
(d),4,10,BUS10_IA_MAG,117442,37.0,676.0357201086766,626.1722116015806,1.079632260236459
(d),4,10,BUS10_IA_MAG,117443,37.03300000001036,678.1629816859065,626.1722116015806,1.0830295070925418
(d),4,10,BUS10_IA_MAG,117444,37.06700000001001,677.3893773455762,626.1722116015806,1.0817940572817755
(d),4,10,BUS10_IA_MAG,117445,37.100000000006276,681.1790783817573,626.1722116015806,1.087846227860358
(d),4,10,BUS10_IA_MAG,117446,37.13300000000163,676.6060028847321,626.1722116015806,1.0805430045420819
(d),4,10,BUS10_IA_MAG,117447,37.16700000000128,678.7469441234639,626.1722116015806,1.0839620978826436
(d),4,10,BUS10_IA_MAG,117448,37.200000000007094,675.8146844155831,626.1722116015806,1.0792792651833438
(d),4,10,BUS10_IA_MAG,117449,37.233000000006996,679.4053002732354,626.1722116015806,1.0850134957849678
(d),4,10,BUS10_IA_MAG,117450,37.2670000000071,679.8107916882693,626.1722116015806,1.0856610675032923
(d),4,10,BUS10_IA_MAG,117451,37.30000000000291,681.8846460631428,626.1722116015806,1.0889730228032073
(d),4,10,BUS10_IA_MAG,117452,37.332999999999174,680.6691230003192,626.1722116015806,1.0870318266908559
(d),4,10,BUS10_IA_MAG,117453,37.36699999999837,679.3638468892215,626.1722116015806,1.0849472945335452
(d),4,10,BUS10_IA_MAG,117454,37.40000000000873,676.494297514966,626.1722116015806,1.080364610535295
(d),4,10,BUS10_IA_MAG,117455,37.433000000004085,680.8158904572662,626.1722116015806,1.0872662150176255
(d),4,10,BUS10_IA_MAG,117456,37.46700000000419,674.2510311229003,626.1722116015806,1.076782103438201
(d),4,10,BUS10_IA_MAG,117457,37.5,678.0175267361508,626.1722116015806,1.0827972148459988
(d),4,10,BUS10_IA_MAG,117458,37.53300000001036,679.4651039501059,626.1722116015806,1.085109002541356
(d),4,10,BUS10_IA_MAG,117459,37.56700000001001,680.2692807000374,626.1722116015806,1.0863932766356574
(d),4,10,BUS10_IA_MAG,117460,37.600000000006276,681.479976408068,626.1722116015806,1.0883267634394458
(d),4,10,BUS10_IA_MAG,117461,37.63300000000163,679.0357851633198,626.1722116015806,1.0844233783970203
(d),4,10,BUS10_IA_MAG,117462,37.66700000000128,672.827893141231,626.1722116015806,1.0745093453130374
(d),4,10,BUS10_IA_MAG,117463,37.700000000007094,679.509095600125,626.1722116015806,1.0851792574156605
(d),4,10,BUS10_IA_MAG,117464,37.733000000006996,674.527828724504,626.1722116015806,1.0772241505244105
(d),4,10,BUS10_IA_MAG,117465,37.7670000000071,677.1394617767938,626.1722116015806,1.0813949409298327
(d),4,10,BUS10_IA_MAG,117466,37.80000000000291,674.8904150383846,626.1722116015806,1.0778032025921367
(d),4,10,BUS10_IA_MAG,117467,37.832999999999174,678.9701818657846,626.1722116015806,1.0843186096188475
(d),4,10,BUS10_IA_MAG,117468,37.86699999999837,678.7738643607519,626.1722116015806,1.084005089629625
(d),4,10,BUS10_IA_MAG,117469,37.90000000000873,678.7761405228548,626.1722116015806,1.0840087246713288
(d),4,10,BUS10_IA_MAG,117470,37.933000000004085,678.3490077560422,626.1722116015806,1.0833265916112875
(d),4,10,BUS10_IA_MAG,117471,37.96700000000419,674.4473283092499,626.1722116015806,1.07709559097839
(d),4,10,BUS10_IA_MAG,117472,38.0,680.7119819913742,626.1722116015806,1.0871002727034078
(d),4,10,BUS10_IA_MAG,117473,38.03300000001036,685.4161487634632,626.1722116015806,1.0946128494114302
(d),4,10,BUS10_IA_MAG,117474,38.06700000001001,675.8912254189926,626.1722116015806,1.0794015015298173
(d),4,10,BUS10_IA_MAG,117475,38.100000000006276,681.452834403997,626.1722116015806,1.0882834175298572
(d),4,10,BUS10_IA_MAG,117476,38.13300000000163,681.7784758045188,626.1722116015806,1.0888034683952397
(d),4,10,BUS10_IA_MAG,117477,38.16700000000128,675.2986556476616,626.1722116015806,1.0784551647867426
(d),4,10,BUS10_IA_MAG,117478,38.200000000007094,680.7021287432276,626.1722116015806,1.0870845370192557
(d),4,10,BUS10_IA_MAG,117479,38.233000000006996,684.4019385285334,626.1722116015806,1.092993150842668
(d),4,10,BUS10_IA_MAG,117480,38.2670000000071,680.7204735617694,626.1722116015806,1.0871138337817148
(d),4,10,BUS10_IA_MAG,117481,38.30000000000291,676.7770944651961,626.1722116015806,1.0808162386097937
(d),4,10,BUS10_IA_MAG,117482,38.332999999999174,674.6984534368796,626.1722116015806,1.0774966390015648
(d),4,10,BUS10_IA_MAG,117483,38.36699999999837,675.8694766875046,626.1722116015806,1.0793667687021942
(d),4,10,BUS10_IA_MAG,117484,38.40000000000873,676.9889294009707,626.1722116015806,1.0811545400097118
(d),4,10,BUS10_IA_MAG,117485,38.433000000004085,674.2913762315778,626.1722116015806,1.0768465347686402
(d),4,10,BUS10_IA_MAG,117486,38.46700000000419,671.4844048586191,626.1722116015806,1.0723637881360817
(d),4,10,BUS10_IA_MAG,117487,38.5,677.5688166580946,626.1722116015806,1.08208062271728
(d),4,10,BUS10_IA_MAG,117488,38.53300000001036,679.8334227449611,626.1722116015806,1.0856972094084623
(d),4,10,BUS10_IA_MAG,117489,38.56700000001001,678.5876179904687,626.1722116015806,1.083707653290496
(d),4,10,BUS10_IA_MAG,117490,38.600000000006276,675.5743597845354,626.1722116015806,1.0788954656045777
(d),4,10,BUS10_IA_MAG,117491,38.63300000000163,678.602559417045,626.1722116015806,1.0837315148197997
(d),4,10,BUS10_IA_MAG,117492,38.66700000000128,674.847687433353,626.1722116015806,1.077734966403689
(d),4,10,BUS10_IA_MAG,117493,38.700000000007094,676.0329256906749,626.1722116015806,1.0796277975376198
(d),4,10,BUS10_IA_MAG,117494,38.733000000006996,678.4972729201487,626.1722116015806,1.083563371783514
(d),4,10,BUS10_IA_MAG,117495,38.7670000000071,679.3819048626099,626.1722116015806,1.0849761332029302
(d),4,10,BUS10_IA_MAG,117496,38.80000000000291,678.7270881596692,626.1722116015806,1.0839303878140285
(d),4,10,BUS10_IA_MAG,117497,38.832999999999174,680.0020414717378,626.1722116015806,1.0859664943170746
(d),4,10,BUS10_IA_MAG,117498,38.86699999999837,673.1963670488516,626.1722116015806,1.0750977998959677
(d),4,10,BUS10_IA_MAG,117499,38.90000000000873,675.9577488165806,626.1722116015806,1.0795077397121504
(d),4,10,BUS10_IA_MAG,117500,38.933000000004085,674.0374664487824,626.1722116015806,1.0764410396379223
(d),4,10,BUS10_IA_MAG,117501,38.96700000000419,676.9871135303225,626.1722116015806,1.0811516400556502
(d),4,10,BUS10_IA_MAG,117502,39.0,678.8969980989033,626.1722116015806,1.0842017347950763
(d),4,10,BUS10_IA_MAG,117503,39.03300000001036,678.606640480365,626.1722116015806,1.0837380322973311
(d),4,10,BUS10_IA_MAG,117504,39.06700000001001,677.8268029771025,626.1722116015806,1.0824926280957172
(d),4,10,BUS10_IA_MAG,117505,39.100000000006276,679.1155841847053,626.1722116015806,1.0845508178136967
(d),4,10,BUS10_IA_MAG,117506,39.13300000000163,681.2820049955837,626.1722116015806,1.0880106021521574
(d),4,10,BUS10_IA_MAG,117507,39.16700000000128,680.1092047504587,626.1722116015806,1.08613763458286
(d),4,10,BUS10_IA_MAG,117508,39.200000000007094,677.5066295209026,626.1722116015806,1.0819813095634225
(d),4,10,BUS10_IA_MAG,117509,39.233000000006996,678.6744660671619,626.1722116015806,1.0838463500820241
(d),4,10,BUS10_IA_MAG,117510,39.2670000000071,677.4772306986868,626.1722116015806,1.081934359504523
(d),4,10,BUS10_IA_MAG,117511,39.30000000000291,677.2237208329396,626.1722116015806,1.0815295030432333
(d),4,10,BUS10_IA_MAG,117512,39.332999999999174,673.5096457952214,626.1722116015806,1.0755981075438728
(d),4,10,BUS10_IA_MAG,117513,39.36699999999837,679.6642299432737,626.1722116015806,1.0854270076994872
(d),4,10,BUS10_IA_MAG,117514,39.40000000000873,681.0290866203177,626.1722116015806,1.0876066903039787
(d),4,10,BUS10_IA_MAG,117515,39.433000000004085,677.9084560995956,626.1722116015806,1.0826230285206806
(d),4,10,BUS10_IA_MAG,117516,39.46700000000419,675.8203948605977,626.1722116015806,1.079288384791191
(d),4,10,BUS10_IA_MAG,117517,39.5,670.6134357799612,626.1722116015806,1.07097284637514
(d),4,10,BUS10_IA_MAG,117518,39.53300000001036,673.4107222318559,626.1722116015806,1.0754401261426978
(d),4,10,BUS10_IA_MAG,117519,39.56700000001001,679.4307324942075,626.1722116015806,1.0850541111628156
(d),4,10,BUS10_IA_MAG,117520,39.600000000006276,679.2967495287455,626.1722116015806,1.0848401397297505
(d),4,10,BUS10_IA_MAG,117521,39.63300000000163,681.3379985977527,626.1722116015806,1.0881000242011265
(d),4,10,BUS10_IA_MAG,117522,39.66700000000128,676.8963470708308,626.1722116015806,1.081006685588157
(d),4,10,BUS10_IA_MAG,117523,39.700000000007094,678.5134598725791,626.1722116015806,1.0835892224235306
(d),4,10,BUS10_IA_MAG,117524,39.733000000006996,679.9597300675575,626.1722116015806,1.0858989228033658
(d),4,10,BUS10_IA_MAG,117525,39.7670000000071,676.6220339665614,626.1722116015806,1.080568606256007
(d),4,10,BUS10_IA_MAG,117526,39.80000000000291,677.8441036099065,626.1722116015806,1.082520257288587
(d),4,10,BUS10_IA_MAG,117527,39.832999999999174,678.7196672866118,626.1722116015806,1.0839185366444621
(d),4,10,BUS10_IA_MAG,117528,39.86699999999837,676.4323747012484,626.1722116015806,1.0802657195072836
(d),4,10,BUS10_IA_MAG,117529,39.90000000000873,675.4411814819094,626.1722116015806,1.0786827792218887
(d),4,10,BUS10_IA_MAG,117530,39.933000000004085,673.7538426539379,626.1722116015806,1.0759880910886421
(d),4,10,BUS10_IA_MAG,117531,39.96700000000419,677.9143123711635,626.1722116015806,1.082632381014227
(d),4,10,BUS10_IA_MAG,117532,40.0,679.0902748167802,626.1722116015806,1.084510398632749
(d),4,5,BUS5_IA_MAG,116242,-3.0,795.2765918685965,795.4382901573963,0.9997967179971085
(d),4,5,BUS5_IA_MAG,116243,-2.966999999989639,795.8375606484267,795.4382901573963,1.000501950303337
(d),4,5,BUS5_IA_MAG,116244,-2.9329999999899883,798.2784408337282,795.4382901573963,1.0035705481009343
(d),4,5,BUS5_IA_MAG,116245,-2.8999999999937245,791.7182535877816,795.4382901573963,0.9953232870284903
(d),4,5,BUS5_IA_MAG,116246,-2.86699999999837,796.2316167095731,795.4382901573963,1.0009973451894298
(d),4,5,BUS5_IA_MAG,116247,-2.8329999999987194,793.6838377174951,795.4382901573963,0.9977943575741695
(d),4,5,BUS5_IA_MAG,116248,-2.799999999992906,792.0435712283038,795.4382901573963,0.9957322661341576
(d),4,5,BUS5_IA_MAG,116249,-2.766999999993004,797.0693701321151,795.4382901573963,1.0020505424429544
(d),4,5,BUS5_IA_MAG,116250,-2.7329999999928987,799.8059001799587,795.4382901573963,1.0054908219488632
(d),4,5,BUS5_IA_MAG,116251,-2.6999999999970896,800.2506572050187,795.4382901573963,1.0060499564921248
(d),4,5,BUS5_IA_MAG,116252,-2.667000000000826,797.0569869813424,795.4382901573963,1.002034974735282
(d),4,5,BUS5_IA_MAG,116253,-2.63300000000163,796.5781774866883,795.4382901573963,1.001433030498276
(d),4,5,BUS5_IA_MAG,116254,-2.599999999991269,791.4207755957792,795.4382901573963,0.9949493070533201
(d),4,5,BUS5_IA_MAG,116255,-2.5669999999959145,792.2591984436007,795.4382901573963,0.9960033458872509
(d),4,5,BUS5_IA_MAG,116256,-2.532999999995809,799.9007198990411,795.4382901573963,1.0056100263173926
(d),4,5,BUS5_IA_MAG,116257,-2.5,788.1412640334851,795.4382901573963,0.9908264082654767
(d),4,5,BUS5_IA_MAG,116258,-2.466999999989639,800.1583269528328,795.4382901573963,1.005933881803078
(d),4,5,BUS5_IA_MAG,116259,-2.4329999999899883,796.6869104976164,795.4382901573963,1.0015697262197085
(d),4,5,BUS5_IA_MAG,116260,-2.3999999999937245,793.9835533536444,795.4382901573963,0.998171150645182
(d),4,5,BUS5_IA_MAG,116261,-2.36699999999837,796.3507274407056,795.4382901573963,1.0011470874542998
(d),4,5,BUS5_IA_MAG,116262,-2.3329999999987194,799.7612525201973,795.4382901573963,1.005434692315284
(d),4,5,BUS5_IA_MAG,116263,-2.299999999992906,797.4937224429599,795.4382901573963,1.0025840248212805
(d),4,5,BUS5_IA_MAG,116264,-2.266999999993004,793.1351588003397,795.4382901573963,0.9971045756967509
(d),4,5,BUS5_IA_MAG,116265,-2.2329999999928987,800.5665098982286,795.4382901573963,1.0064470365637257
(d),4,5,BUS5_IA_MAG,116266,-2.1999999999970896,794.0490611189832,795.4382901573963,0.9982535049473943
(d),4,5,BUS5_IA_MAG,116267,-2.167000000000826,796.6212761721908,795.4382901573963,1.0014872128101358
(d),4,5,BUS5_IA_MAG,116268,-2.13300000000163,796.4709619889976,795.4382901573963,1.0012982425467563
(d),4,5,BUS5_IA_MAG,116269,-2.099999999991269,793.6728115503546,795.4382901573963,0.9977804958236391
(d),4,5,BUS5_IA_MAG,116270,-2.0669999999959145,791.6749980216983,795.4382901573963,0.9952689074912986
(d),4,5,BUS5_IA_MAG,116271,-2.032999999995809,798.2642715483777,795.4382901573963,1.0035527349210487
(d),4,5,BUS5_IA_MAG,116272,-2.0,797.5414313748745,795.4382901573963,1.0026440029899266
(d),4,5,BUS5_IA_MAG,116273,-1.966999999989639,797.1810833544638,795.4382901573963,1.0021909847924502
(d),4,5,BUS5_IA_MAG,116274,-1.9329999999899883,794.5935204512252,795.4382901573963,0.9989379820953754
(d),4,5,BUS5_IA_MAG,116275,-1.8999999999937245,789.0913035254691,795.4382901573963,0.9920207680338455
(d),4,5,BUS5_IA_MAG,116276,-1.8669999999983702,795.2075493587413,795.4382901573963,0.9997099199252661
(d),4,5,BUS5_IA_MAG,116277,-1.8329999999987194,794.6278822555009,795.4382901573963,0.9989811806749521
(d),4,5,BUS5_IA_MAG,116278,-1.799999999992906,799.2164980248509,795.4382901573963,1.0047498440975315
(d),4,5,BUS5_IA_MAG,116279,-1.7669999999930042,795.0350659026043,795.4382901573963,0.9994930791492169
(d),4,5,BUS5_IA_MAG,116280,-1.7329999999928987,794.2215373308238,795.4382901573963,0.9984703366161419
(d),4,5,BUS5_IA_MAG,116281,-1.6999999999970896,789.3262074431779,795.4382901573963,0.9923160818509139
(d),4,5,BUS5_IA_MAG,116282,-1.6670000000008258,800.8195259854806,795.4382901573963,1.0067651204306742
(d),4,5,BUS5_IA_MAG,116283,-1.6330000000016298,793.6206011867329,795.4382901573963,0.9977148585966313
(d),4,5,BUS5_IA_MAG,116284,-1.5999999999912689,793.0627480911812,795.4382901573963,0.9970135432306823
(d),4,5,BUS5_IA_MAG,116285,-1.5669999999959145,799.1314723448861,795.4382901573963,1.0046429524869354
(d),4,5,BUS5_IA_MAG,116286,-1.532999999995809,791.6569181584056,795.4382901573963,0.9952461780558207
(d),4,5,BUS5_IA_MAG,116287,-1.5,795.905225033787,795.4382901573963,1.0005870158404095
(d),4,5,BUS5_IA_MAG,116288,-1.466999999989639,799.5904672419532,795.4382901573963,1.00521998643507
(d),4,5,BUS5_IA_MAG,116289,-1.4329999999899883,788.5658479230599,795.4382901573963,0.9913601817772985
(d),4,5,BUS5_IA_MAG,116290,-1.3999999999937245,794.3921196988015,795.4382901573963,0.9986847874039508
(d),4,5,BUS5_IA_MAG,116291,-1.3669999999983702,797.9718196104387,795.4382901573963,1.003185073542966
(d),4,5,BUS5_IA_MAG,116292,-1.3329999999987194,791.4616009514394,795.4382901573963,0.9950006314064037
(d),4,5,BUS5_IA_MAG,116293,-1.299999999992906,792.1389480037018,795.4382901573963,0.9958521708163663
(d),4,5,BUS5_IA_MAG,116294,-1.2669999999930042,795.8366902358187,795.4382901573963,1.0005008560479827
(d),4,5,BUS5_IA_MAG,116295,-1.2329999999928987,795.4287261178042,795.4382901573963,0.9999879763902362
(d),4,5,BUS5_IA_MAG,116296,-1.1999999999970896,796.7227713501326,795.4382901573963,1.0016148093555846
(d),4,5,BUS5_IA_MAG,116297,-1.1670000000008258,795.4478541969883,795.4382901573963,1.0000120236097636
(d),4,5,BUS5_IA_MAG,116298,-1.1330000000016298,799.056747664312,795.4382901573963,1.0045490109687827
(d),4,5,BUS5_IA_MAG,116299,-1.0999999999912689,795.5559114676432,795.4382901573963,1.0001478698117785
(d),4,5,BUS5_IA_MAG,116300,-1.0669999999959145,799.2958134534994,795.4382901573963,1.0048495569597735
(d),4,5,BUS5_IA_MAG,116301,-1.032999999995809,792.7247797268576,795.4382901573963,0.9965886600329464
(d),4,5,BUS5_IA_MAG,116302,-1.0,794.3378885882181,795.4382901573963,0.9986166097574201
(d),4,5,BUS5_IA_MAG,116303,-0.966999999989639,795.8195439467084,795.4382901573963,1.000479300272604
(d),4,5,BUS5_IA_MAG,116304,-0.9329999999899883,791.7850680112132,795.4382901573963,0.9954072840201592
(d),4,5,BUS5_IA_MAG,116305,-0.8999999999937245,796.082496119952,795.4382901573963,1.000809875474348
(d),4,5,BUS5_IA_MAG,116306,-0.8669999999983702,797.6448034453126,795.4382901573963,1.002773959105589
(d),4,5,BUS5_IA_MAG,116307,-0.8329999999987194,796.9869054901291,795.4382901573963,1.0019468704887544
(d),4,5,BUS5_IA_MAG,116308,-0.7999999999929059,792.4469646824692,795.4382901573963,0.9962393996970712
(d),4,5,BUS5_IA_MAG,116309,-0.7669999999930042,795.044220190095,795.4382901573963,0.9995045876315266
(d),4,5,BUS5_IA_MAG,116310,-0.7329999999928987,793.7593336389871,795.4382901573963,0.9978892686721468
(d),4,5,BUS5_IA_MAG,116311,-0.6999999999970896,791.6584997175427,795.4382901573963,0.9952481663422241
(d),4,5,BUS5_IA_MAG,116312,-0.6670000000008258,801.9863198288906,795.4382901573963,1.0082319769522268
(d),4,5,BUS5_IA_MAG,116313,-0.6330000000016298,792.3882241432324,795.4382901573963,0.9961655529386694
(d),4,5,BUS5_IA_MAG,116314,-0.5999999999912689,791.0180616406831,795.4382901573963,0.9944430277352646
(d),4,5,BUS5_IA_MAG,116315,-0.5669999999959145,797.4631410007788,795.4382901573963,1.002545578794028
(d),4,5,BUS5_IA_MAG,116316,-0.532999999995809,796.7047298697269,795.4382901573963,1.001592128173865
(d),4,5,BUS5_IA_MAG,116317,-0.5,797.7696771645944,795.4382901573963,1.002930946417901
(d),4,5,BUS5_IA_MAG,116318,-0.46699999998963904,791.9381508522608,795.4382901573963,0.9955997349531126
(d),4,5,BUS5_IA_MAG,116319,-0.4329999999899883,793.4495128206933,795.4382901573963,0.9974997716839737
(d),4,5,BUS5_IA_MAG,116320,-0.3999999999937245,794.423790922026,795.4382901573963,0.998724603469655
(d),4,5,BUS5_IA_MAG,116321,-0.3669999999983702,796.447485959072,795.4382901573963,1.0012687292203095
(d),4,5,BUS5_IA_MAG,116322,-0.33299999999871943,796.6664246357981,795.4382901573963,1.0015439720385584
(d),4,5,BUS5_IA_MAG,116323,-0.29999999999290594,795.7195973819394,795.4382901573963,1.0003536505949284
(d),4,5,BUS5_IA_MAG,116324,-0.26699999999300417,791.89281781225,795.4382901573963,0.9955427436810406
(d),4,5,BUS5_IA_MAG,116325,-0.23299999999289867,793.7580512944062,795.4382901573963,0.9978876565488723
(d),4,5,BUS5_IA_MAG,116326,-0.19999999999708962,791.5405689220137,795.4382901573963,0.9950999074552831
(d),4,5,BUS5_IA_MAG,116327,-0.16700000000082582,795.8904571103893,795.4382901573963,1.0005684500715997
(d),4,5,BUS5_IA_MAG,116328,-0.13300000000162981,788.8838337444666,795.4382901573963,0.9917599435505767
(d),4,5,BUS5_IA_MAG,116329,-0.09999999999126885,798.5069967310282,795.4382901573963,1.0038578813864047
(d),4,5,BUS5_IA_MAG,116330,-0.06699999999591455,793.3897450930932,795.4382901573963,0.9974246335766691
(d),4,5,BUS5_IA_MAG,116331,-0.03299999999580905,792.2782973558856,795.4382901573963,0.9960273564390703
(d),4,5,BUS5_IA_MAG,116332,0.0,788.6007752393886,795.4382901573963,0.9914040913008415
(d),4,5,BUS5_IA_MAG,116333,0.033000000010360964,779.8280536370766,795.4382901573963,0.9803753016249307
(d),4,5,BUS5_IA_MAG,116334,0.06700000001001172,779.3032639037198,795.4382901573963,0.9797155524780133
(d),4,5,BUS5_IA_MAG,116335,0.10000000000627551,776.013467764876,795.4382901573963,0.9755797242440056
(d),4,5,BUS5_IA_MAG,116336,0.13300000000162981,773.8234060180165,795.4382901573963,0.9728264474983939
(d),4,5,BUS5_IA_MAG,116337,0.16700000000128057,771.5006168404033,795.4382901573963,0.9699063100014252
(d),4,5,BUS5_IA_MAG,116338,0.20000000000709406,779.2852771660795,795.4382901573963,0.9796929401171767
(d),4,5,BUS5_IA_MAG,116339,0.23300000000699583,768.7039520082407,795.4382901573963,0.9663904309360496
(d),4,5,BUS5_IA_MAG,116340,0.26700000000710133,769.9451571062408,795.4382901573963,0.9679508349464657
(d),4,5,BUS5_IA_MAG,116341,0.3000000000029104,763.6805949060254,795.4382901573963,0.960075224383419
(d),4,5,BUS5_IA_MAG,116342,0.3329999999991742,766.7226683277249,795.4382901573963,0.9638996234088891
(d),4,5,BUS5_IA_MAG,116343,0.3669999999983702,765.5922592102881,795.4382901573963,0.9624785086204457
(d),4,5,BUS5_IA_MAG,116344,0.40000000000873115,760.3756180670878,795.4382901573963,0.9559203114507216
(d),4,5,BUS5_IA_MAG,116345,0.43300000000408545,762.7999323921003,795.4382901573963,0.9589680831697985
(d),4,5,BUS5_IA_MAG,116346,0.46700000000419095,762.0870340973569,795.4382901573963,0.958071849855958
(d),4,5,BUS5_IA_MAG,116347,0.5,764.6950933708262,795.4382901573963,0.9613506199450282
(d),4,5,BUS5_IA_MAG,116348,0.533000000010361,761.612963365891,795.4382901573963,0.957475863042987
(d),4,5,BUS5_IA_MAG,116349,0.5670000000100117,758.6740620743184,795.4382901573963,0.9537811687745089
(d),4,5,BUS5_IA_MAG,116350,0.6000000000062755,772.3019590807831,795.4382901573963,0.970913732261952
(d),4,5,BUS5_IA_MAG,116351,0.6330000000016298,763.5466027927157,795.4382901573963,0.9599067737129299
(d),4,5,BUS5_IA_MAG,116352,0.6670000000012806,758.5884960011355,795.4382901573963,0.9536735977985555
(d),4,5,BUS5_IA_MAG,116353,0.7000000000070941,765.4895312765844,795.4382901573963,0.9623493622932261
(d),4,5,BUS5_IA_MAG,116354,0.7330000000069958,767.9962541036531,795.4382901573963,0.9655007353891486
(d),4,5,BUS5_IA_MAG,116355,0.7670000000071013,768.0940735613134,795.4382901573963,0.9656237109346695
(d),4,5,BUS5_IA_MAG,116356,0.8000000000029104,770.5368138187151,795.4382901573963,0.9686946471564075
(d),4,5,BUS5_IA_MAG,116357,0.8329999999991742,777.193078695433,795.4382901573963,0.9770626940043922
(d),4,5,BUS5_IA_MAG,116358,0.8669999999983702,775.2154262497027,795.4382901573963,0.974576451551393
(d),4,5,BUS5_IA_MAG,116359,0.9000000000087311,773.5938849985836,795.4382901573963,0.9725379008917332
(d),4,5,BUS5_IA_MAG,116360,0.9330000000040855,775.0252594026214,795.4382901573963,0.9743373797724325
(d),4,5,BUS5_IA_MAG,116361,0.967000000004191,779.3913035429068,795.4382901573963,0.9798262331433477
(d),4,5,BUS5_IA_MAG,116362,1.0,777.1021218991752,795.4382901573963,0.9769483459809399
(d),4,5,BUS5_IA_MAG,116363,1.033000000010361,764.507979655897,795.4382901573963,0.9611153864677812
(d),4,5,BUS5_IA_MAG,116364,1.0670000000100117,769.8881771976118,795.4382901573963,0.9678792015974881
(d),4,5,BUS5_IA_MAG,116365,1.1000000000062755,777.2174292093007,795.4382901573963,0.9770933067045463
(d),4,5,BUS5_IA_MAG,116366,1.1330000000016298,770.4210611568947,795.4382901573963,0.9685491265506575
(d),4,5,BUS5_IA_MAG,116367,1.1670000000012806,776.994542658159,795.4382901573963,0.9768131007427518
(d),4,5,BUS5_IA_MAG,116368,1.200000000007094,773.8194410949906,795.4382901573963,0.9728214629218718
(d),4,5,BUS5_IA_MAG,116369,1.2330000000069958,769.0039045522583,795.4382901573963,0.9667675218401828
(d),4,5,BUS5_IA_MAG,116370,1.2670000000071013,768.4390528701456,795.4382901573963,0.966057408071331
(d),4,5,BUS5_IA_MAG,116371,1.3000000000029104,770.236939556102,795.4382901573963,0.9683176546651939
(d),4,5,BUS5_IA_MAG,116372,1.3329999999991742,772.7770563766225,795.4382901573963,0.9715110096393652
(d),4,5,BUS5_IA_MAG,116373,1.3669999999983702,771.9096175341899,795.4382901573963,0.9704204928096299
(d),4,5,BUS5_IA_MAG,116374,1.4000000000087311,771.5943248117665,795.4382901573963,0.9700241167156892
(d),4,5,BUS5_IA_MAG,116375,1.4330000000040855,768.6111732899103,795.4382901573963,0.9662737924494713
(d),4,5,BUS5_IA_MAG,116376,1.467000000004191,768.678866878185,795.4382901573963,0.9663588946995293
(d),4,5,BUS5_IA_MAG,116377,1.5,767.5757327607126,795.4382901573963,0.964972069183179
(d),4,5,BUS5_IA_MAG,116378,1.533000000010361,775.5885254023466,795.4382901573963,0.9750455000712601
(d),4,5,BUS5_IA_MAG,116379,1.5670000000100117,772.2354120247121,795.4382901573963,0.9708300713961193
(d),4,5,BUS5_IA_MAG,116380,1.6000000000062755,767.9457682658266,795.4382901573963,0.9654372661817302
(d),4,5,BUS5_IA_MAG,116381,1.6330000000016298,770.8867493090511,795.4382901573963,0.9691345750485721
(d),4,5,BUS5_IA_MAG,116382,1.6670000000012806,766.6263697632193,795.4382901573963,0.9637785598824066
(d),4,5,BUS5_IA_MAG,116383,1.700000000007094,773.6568338080442,795.4382901573963,0.9726170381551005
(d),4,5,BUS5_IA_MAG,116384,1.7330000000069958,772.788520272403,795.4382901573963,0.9715254216885744
(d),4,5,BUS5_IA_MAG,116385,1.7670000000071013,770.7785916104465,795.4382901573963,0.9689986025916978
(d),4,5,BUS5_IA_MAG,116386,1.8000000000029104,771.4453340743346,795.4382901573963,0.9698368102466954
(d),4,5,BUS5_IA_MAG,116387,1.8329999999991742,774.6435384304237,795.4382901573963,0.9738574921721987
(d),4,5,BUS5_IA_MAG,116388,1.8669999999983702,776.233196334855,795.4382901573963,0.9758559600912082
(d),4,5,BUS5_IA_MAG,116389,1.9000000000087311,778.5379062142564,795.4382901573963,0.9787533688631009
(d),4,5,BUS5_IA_MAG,116390,1.9330000000040855,774.6894019726702,795.4382901573963,0.9739151503749959
(d),4,5,BUS5_IA_MAG,116391,1.967000000004191,776.0392013406909,795.4382901573963,0.9756120756861392
(d),4,5,BUS5_IA_MAG,116392,2.0,776.6179300990472,795.4382901573963,0.9763396352787781
(d),4,5,BUS5_IA_MAG,116393,2.033000000010361,777.9501884910726,795.4382901573963,0.9780145086266048
(d),4,5,BUS5_IA_MAG,116394,2.0670000000100117,777.3444432724656,795.4382901573963,0.9772529847898692
(d),4,5,BUS5_IA_MAG,116395,2.1000000000062755,775.8040434923431,795.4382901573963,0.9753164426354581
(d),4,5,BUS5_IA_MAG,116396,2.13300000000163,775.0398916726318,795.4382901573963,0.9743557750020707
(d),4,5,BUS5_IA_MAG,116397,2.1670000000012806,770.3087334176715,795.4382901573963,0.968407911649875
(d),4,5,BUS5_IA_MAG,116398,2.200000000007094,775.8978954398506,795.4382901573963,0.9754344303520023
(d),4,5,BUS5_IA_MAG,116399,2.233000000006996,772.4185664893536,795.4382901573963,0.9710603274284323
(d),4,5,BUS5_IA_MAG,116400,2.2670000000071013,770.723544376625,795.4382901573963,0.9689293989407011
(d),4,5,BUS5_IA_MAG,116401,2.3000000000029104,779.0628690269372,795.4382901573963,0.9794133355999007
(d),4,5,BUS5_IA_MAG,116402,2.332999999999174,775.3588373269557,795.4382901573963,0.9747567434471034
(d),4,5,BUS5_IA_MAG,116403,2.36699999999837,770.6994856118904,795.4382901573963,0.9688991530183809
(d),4,5,BUS5_IA_MAG,116404,2.400000000008731,769.993999410465,795.4382901573963,0.9680122379551322
(d),4,5,BUS5_IA_MAG,116405,2.4330000000040855,766.1815053555966,795.4382901573963,0.9632192903411646
(d),4,5,BUS5_IA_MAG,116406,2.467000000004191,775.2695497287391,795.4382901573963,0.9746444938869282
(d),4,5,BUS5_IA_MAG,116407,2.5,776.0354519938385,795.4382901573963,0.975607362125202
(d),4,5,BUS5_IA_MAG,116408,2.533000000010361,773.5095056685622,795.4382901573963,0.9724318218519566
(d),4,5,BUS5_IA_MAG,116409,2.5670000000100117,765.0201574287421,795.4382901573963,0.9617592802546188
(d),4,5,BUS5_IA_MAG,116410,2.6000000000062755,774.4520791909391,795.4382901573963,0.9736167956381575
(d),4,5,BUS5_IA_MAG,116411,2.63300000000163,777.3142666808027,795.4382901573963,0.9772150477279546
(d),4,5,BUS5_IA_MAG,116412,2.6670000000012806,772.3549949559373,795.4382901573963,0.970980407296094
(d),4,5,BUS5_IA_MAG,116413,2.700000000007094,774.982688262482,795.4382901573963,0.9742838606740107
(d),4,5,BUS5_IA_MAG,116414,2.733000000006996,774.2433832231543,795.4382901573963,0.9733544296314324
(d),4,5,BUS5_IA_MAG,116415,2.7670000000071013,765.6681044659117,795.4382901573963,0.9625738588903058
(d),4,5,BUS5_IA_MAG,116416,2.8000000000029104,778.0142947541183,795.4382901573963,0.9780951010042146
(d),4,5,BUS5_IA_MAG,116417,2.832999999999174,780.5039943418213,795.4382901573963,0.9812250730190272
(d),4,5,BUS5_IA_MAG,116418,2.86699999999837,777.8012357240011,795.4382901573963,0.9778272498927537
(d),4,5,BUS5_IA_MAG,116419,2.900000000008731,772.2155583530989,795.4382901573963,0.9708051119846114
(d),4,5,BUS5_IA_MAG,116420,2.9330000000040855,778.124044619553,795.4382901573963,0.9782330750831504
(d),4,5,BUS5_IA_MAG,116421,2.967000000004191,775.1754021445238,795.4382901573963,0.9745261345052134
(d),4,5,BUS5_IA_MAG,116422,3.0,776.3224225833883,795.4382901573963,0.975968132524491
(d),4,5,BUS5_IA_MAG,116423,3.033000000010361,773.9393242174699,795.4382901573963,0.9729721762128495
(d),4,5,BUS5_IA_MAG,116424,3.0670000000100117,777.5953336919633,795.4382901573963,0.977568396334174
(d),4,5,BUS5_IA_MAG,116425,3.1000000000062755,771.4753376480862,795.4382901573963,0.9698745297959337
(d),4,5,BUS5_IA_MAG,116426,3.13300000000163,776.9651625321595,795.4382901573963,0.9767761649724186
(d),4,5,BUS5_IA_MAG,116427,3.1670000000012806,769.9461612787043,795.4382901573963,0.9679520973605032
(d),4,5,BUS5_IA_MAG,116428,3.200000000007094,767.7414395327669,795.4382901573963,0.9651803905251419
(d),4,5,BUS5_IA_MAG,116429,3.233000000006996,780.6947114260831,795.4382901573963,0.9814648365388648
(d),4,5,BUS5_IA_MAG,116430,3.2670000000071013,770.9449985129704,795.4382901573963,0.9692078041156664
(d),4,5,BUS5_IA_MAG,116431,3.3000000000029104,773.7176780820179,795.4382901573963,0.9726935296626461
(d),4,5,BUS5_IA_MAG,116432,3.332999999999174,780.8909609282479,795.4382901573963,0.9817115552404827
(d),4,5,BUS5_IA_MAG,116433,3.36699999999837,780.5971546355713,795.4382901573963,0.9813421912102216
(d),4,5,BUS5_IA_MAG,116434,3.400000000008731,768.9515188803706,795.4382901573963,0.9667016642211369
(d),4,5,BUS5_IA_MAG,116435,3.4330000000040855,779.1368197458617,795.4382901573963,0.9795063041178104
(d),4,5,BUS5_IA_MAG,116436,3.467000000004191,774.321115135803,795.4382901573963,0.9734521517471647
(d),4,5,BUS5_IA_MAG,116437,3.5,776.1425428276768,795.4382901573963,0.9757419933532476
(d),4,5,BUS5_IA_MAG,116438,3.533000000010361,774.8699125903601,795.4382901573963,0.9741420826460764
(d),4,5,BUS5_IA_MAG,116439,3.5670000000100117,772.3754164493131,795.4382901573963,0.9710060805552626
(d),4,5,BUS5_IA_MAG,116440,3.6000000000062755,772.6815447535829,795.4382901573963,0.9713909354309428
(d),4,5,BUS5_IA_MAG,116441,3.63300000000163,776.8181535875791,795.4382901573963,0.9765913499510657
(d),4,5,BUS5_IA_MAG,116442,3.6670000000012806,776.4255216218354,795.4382901573963,0.9760977453929219
(d),4,5,BUS5_IA_MAG,116443,3.700000000007094,780.7108485384525,795.4382901573963,0.981485123608986
(d),4,5,BUS5_IA_MAG,116444,3.733000000006996,773.6527841675077,795.4382901573963,0.9726119470743886
(d),4,5,BUS5_IA_MAG,116445,3.7670000000071013,767.1217356409769,795.4382901573963,0.9644013182835135
(d),4,5,BUS5_IA_MAG,116446,3.8000000000029104,774.1496864126672,795.4382901573963,0.9732366369482708
(d),4,5,BUS5_IA_MAG,116447,3.832999999999174,782.9244766251478,795.4382901573963,0.984268027215823
(d),4,5,BUS5_IA_MAG,116448,3.86699999999837,777.298479314506,795.4382901573963,0.977195200347596
(d),4,5,BUS5_IA_MAG,116449,3.900000000008731,777.6594698978696,795.4382901573963,0.9776490263550065
(d),4,5,BUS5_IA_MAG,116450,3.9330000000040855,776.9541832363316,795.4382901573963,0.9767623621470282
(d),4,5,BUS5_IA_MAG,116451,3.967000000004191,777.375564535239,795.4382901573963,0.9772921094625918
(d),4,5,BUS5_IA_MAG,116452,4.0,772.8222946045921,795.4382901573963,0.9715678817167211
(d),4,5,BUS5_IA_MAG,116453,4.033000000010361,769.392000864823,795.4382901573963,0.9672554243178066
(d),4,5,BUS5_IA_MAG,116454,4.067000000010012,778.1460906357366,795.4382901573963,0.9782607906412979
(d),4,5,BUS5_IA_MAG,116455,4.1000000000062755,771.4820058559989,795.4382901573963,0.9698829128571909
(d),4,5,BUS5_IA_MAG,116456,4.13300000000163,773.0272133966279,795.4382901573963,0.9718254991768954
(d),4,5,BUS5_IA_MAG,116457,4.167000000001281,775.3447809227691,795.4382901573963,0.9747390721778666
(d),4,5,BUS5_IA_MAG,116458,4.200000000007094,774.6814528537834,795.4382901573963,0.9739051569927497
(d),4,5,BUS5_IA_MAG,116459,4.233000000006996,778.439732409952,795.4382901573963,0.978629947844124
(d),4,5,BUS5_IA_MAG,116460,4.267000000007101,771.3730485298755,795.4382901573963,0.9697459351337501
(d),4,5,BUS5_IA_MAG,116461,4.30000000000291,782.8078534225575,795.4382901573963,0.9841214121935976
(d),4,5,BUS5_IA_MAG,116462,4.332999999999174,779.5291567937419,795.4382901573963,0.9799995379144919
(d),4,5,BUS5_IA_MAG,116463,4.36699999999837,780.0266419864834,795.4382901573963,0.9806249606517391
(d),4,5,BUS5_IA_MAG,116464,4.400000000008731,777.2051470004632,795.4382901573963,0.9770778658978998
(d),4,5,BUS5_IA_MAG,116465,4.4330000000040855,774.826260789719,795.4382901573963,0.9740872049752611
(d),4,5,BUS5_IA_MAG,116466,4.467000000004191,782.195194345041,795.4382901573963,0.9833511964708981
(d),4,5,BUS5_IA_MAG,116467,4.5,778.1759133070677,795.4382901573963,0.978298282765703
(d),4,5,BUS5_IA_MAG,116468,4.533000000010361,772.1933832950991,795.4382901573963,0.9707772341991513
(d),4,5,BUS5_IA_MAG,116469,4.567000000010012,774.2076058976984,795.4382901573963,0.9733094515031494
(d),4,5,BUS5_IA_MAG,116470,4.6000000000062755,777.0596900200366,795.4382901573963,0.9768950019570681
(d),4,5,BUS5_IA_MAG,116471,4.63300000000163,771.8588769449918,795.4382901573963,0.9703567033367998
(d),4,5,BUS5_IA_MAG,116472,4.667000000001281,776.9952993851423,795.4382901573963,0.9768140520761144
(d),4,5,BUS5_IA_MAG,116473,4.700000000007094,777.30618386605,795.4382901573963,0.9772048862674709
(d),4,5,BUS5_IA_MAG,116474,4.733000000006996,779.126238597451,795.4382901573963,0.9794930018308302
(d),4,5,BUS5_IA_MAG,116475,4.767000000007101,777.3249402132057,795.4382901573963,0.9772284661571843
(d),4,5,BUS5_IA_MAG,116476,4.80000000000291,775.452065449886,795.4382901573963,0.9748739469110099
(d),4,5,BUS5_IA_MAG,116477,4.832999999999174,778.047968735268,795.4382901573963,0.9781374348741909
(d),4,5,BUS5_IA_MAG,116478,4.86699999999837,776.5503965651761,795.4382901573963,0.9762547342440823
(d),4,5,BUS5_IA_MAG,116479,4.900000000008731,780.668392652549,795.4382901573963,0.9814317494045645
(d),4,5,BUS5_IA_MAG,116480,4.9330000000040855,774.442160577436,795.4382901573963,0.9736043262692248
(d),4,5,BUS5_IA_MAG,116481,4.967000000004191,773.7066187137139,795.4382901573963,0.9726796261726572
(d),4,5,BUS5_IA_MAG,116482,5.0,773.3297642803815,795.4382901573963,0.972205856632021
(d),4,5,BUS5_IA_MAG,116483,5.033000000010361,779.1976945154137,795.4382901573963,0.9795828339634379
(d),4,5,BUS5_IA_MAG,116484,5.067000000010012,777.9352931221523,795.4382901573963,0.9779957826372921
(d),4,5,BUS5_IA_MAG,116485,5.1000000000062755,775.5032212604984,795.4382901573963,0.9749382583871424
(d),4,5,BUS5_IA_MAG,116486,5.13300000000163,771.7438574851174,795.4382901573963,0.9702121044894754
(d),4,5,BUS5_IA_MAG,116487,5.167000000001281,785.9706792667419,795.4382901573963,0.9880976173666708
(d),4,5,BUS5_IA_MAG,116488,5.200000000007094,784.3292139696033,795.4382901573963,0.9860340188230129
(d),4,5,BUS5_IA_MAG,116489,5.233000000006996,775.2798949214978,795.4382901573963,0.974657499537884
(d),4,5,BUS5_IA_MAG,116490,5.267000000007101,780.885614648737,795.4382901573963,0.9817048340660346
(d),4,5,BUS5_IA_MAG,116491,5.30000000000291,779.0822494637345,795.4382901573963,0.9794377000754824
(d),4,5,BUS5_IA_MAG,116492,5.332999999999174,771.7619581441252,795.4382901573963,0.9702348600686721
(d),4,5,BUS5_IA_MAG,116493,5.36699999999837,773.5422504778415,795.4382901573963,0.9724729875962822
(d),4,5,BUS5_IA_MAG,116494,5.400000000008731,771.4712817194992,795.4382901573963,0.9698694308100825
(d),4,5,BUS5_IA_MAG,116495,5.4330000000040855,779.5019811425276,795.4382901573963,0.9799653735405228
(d),4,5,BUS5_IA_MAG,116496,5.467000000004191,770.5138155945809,795.4382901573963,0.9686657345123737
(d),4,5,BUS5_IA_MAG,116497,5.5,776.6132893530382,795.4382901573963,0.9763338010788579
(d),4,5,BUS5_IA_MAG,116498,5.533000000010361,775.9426643080714,795.4382901573963,0.9754907123650444
(d),4,5,BUS5_IA_MAG,116499,5.567000000010012,773.1276067106364,795.4382901573963,0.9719517104936636
(d),4,5,BUS5_IA_MAG,116500,5.6000000000062755,774.4356908493252,795.4382901573963,0.9735961927305319
(d),4,5,BUS5_IA_MAG,116501,5.63300000000163,775.1843314330091,795.4382901573963,0.9745373601258502
(d),4,5,BUS5_IA_MAG,116502,5.667000000001281,775.3718358646851,795.4382901573963,0.9747730847999024
(d),4,5,BUS5_IA_MAG,116503,5.700000000007094,779.0728011129228,795.4382901573963,0.9794258219060146
(d),4,5,BUS5_IA_MAG,116504,5.733000000006996,779.6410170600946,795.4382901573963,0.9801401651230847
(d),4,5,BUS5_IA_MAG,116505,5.767000000007101,775.5848107954504,795.4382901573963,0.9750408301843032
(d),4,5,BUS5_IA_MAG,116506,5.80000000000291,778.9234698063153,795.4382901573963,0.979238087284165
(d),4,5,BUS5_IA_MAG,116507,5.832999999999174,780.7725179159061,795.4382901573963,0.9815626524106751
(d),4,5,BUS5_IA_MAG,116508,5.86699999999837,772.8000975757682,795.4382901573963,0.9715399763102319
(d),4,5,BUS5_IA_MAG,116509,5.900000000008731,777.5830282242271,795.4382901573963,0.9775529262871716
(d),4,5,BUS5_IA_MAG,116510,5.9330000000040855,774.1262563400787,795.4382901573963,0.9732071813979429
(d),4,5,BUS5_IA_MAG,116511,5.967000000004191,775.941405510745,795.4382901573963,0.9754891298446378
(d),4,5,BUS5_IA_MAG,116512,6.0,775.6401287711274,795.4382901573963,0.9751103742034453
(d),4,5,BUS5_IA_MAG,116513,6.033000000010361,784.4678176147479,795.4382901573963,0.9862082669662814
(d),4,5,BUS5_IA_MAG,116514,6.067000000010012,772.8216606087875,795.4382901573963,0.9715670846771363
(d),4,5,BUS5_IA_MAG,116515,6.1000000000062755,778.5368883871188,795.4382901573963,0.9787520892828365
(d),4,5,BUS5_IA_MAG,116516,6.13300000000163,777.0267258541254,795.4382901573963,0.9768535604444843
(d),4,5,BUS5_IA_MAG,116517,6.167000000001281,782.8912546135479,795.4382901573963,0.9842262615477491
(d),4,5,BUS5_IA_MAG,116518,6.200000000007094,780.1020588574215,795.4382901573963,0.9807197723698464
(d),4,5,BUS5_IA_MAG,116519,6.233000000006996,778.8907130434416,795.4382901573963,0.9791969065121564
(d),4,5,BUS5_IA_MAG,116520,6.267000000007101,780.5388940963196,795.4382901573963,0.9812689478927039
(d),4,5,BUS5_IA_MAG,116521,6.30000000000291,778.1017378986973,795.4382901573963,0.9782050317752888
(d),4,5,BUS5_IA_MAG,116522,6.332999999999174,774.9936557383589,795.4382901573963,0.9742976486397306
(d),4,5,BUS5_IA_MAG,116523,6.36699999999837,775.8344934258698,795.4382901573963,0.9753547233341666
(d),4,5,BUS5_IA_MAG,116524,6.400000000008731,776.9924884821315,795.4382901573963,0.9768105182972587
(d),4,5,BUS5_IA_MAG,116525,6.4330000000040855,781.5015372234855,795.4382901573963,0.9824791525548096
(d),4,5,BUS5_IA_MAG,116526,6.467000000004191,781.7485163800502,795.4382901573963,0.9827896469823734
(d),4,5,BUS5_IA_MAG,116527,6.5,777.1601984142625,795.4382901573963,0.977021357949066
(d),4,5,BUS5_IA_MAG,116528,6.533000000010361,777.4863649485387,795.4382901573963,0.9774314042572613
(d),4,5,BUS5_IA_MAG,116529,6.567000000010012,775.0943490684756,795.4382901573963,0.9744242371273136
(d),4,5,BUS5_IA_MAG,116530,6.6000000000062755,776.8457764160803,795.4382901573963,0.9766260765022551
(d),4,5,BUS5_IA_MAG,116531,6.63300000000163,783.3453777019201,795.4382901573963,0.9847971708112224
(d),4,5,BUS5_IA_MAG,116532,6.667000000001281,778.2808710958706,795.4382901573963,0.9784302323966191
(d),4,5,BUS5_IA_MAG,116533,6.700000000007094,779.0744120251702,795.4382901573963,0.9794278470942251
(d),4,5,BUS5_IA_MAG,116534,6.733000000006996,775.8698381490095,795.4382901573963,0.975399157608424
(d),4,5,BUS5_IA_MAG,116535,6.767000000007101,774.4774650047888,795.4382901573963,0.9736487098848863
(d),4,5,BUS5_IA_MAG,116536,6.80000000000291,783.5653801368198,795.4382901573963,0.9850737509527897
(d),4,5,BUS5_IA_MAG,116537,6.832999999999174,771.6486485166457,795.4382901573963,0.9700924107688564
(d),4,5,BUS5_IA_MAG,116538,6.86699999999837,779.3065617246104,795.4382901573963,0.979719698394713
(d),4,5,BUS5_IA_MAG,116539,6.900000000008731,779.105621028357,795.4382901573963,0.9794670820714357
(d),4,5,BUS5_IA_MAG,116540,6.9330000000040855,776.0253225883849,795.4382901573963,0.9755946277552593
(d),4,5,BUS5_IA_MAG,116541,6.967000000004191,778.4066713056756,795.4382901573963,0.9785883844636765
(d),4,5,BUS5_IA_MAG,116542,7.0,779.07078331507,795.4382901573963,0.9794232851940186
(d),4,5,BUS5_IA_MAG,116543,7.033000000010361,770.3066197078027,795.4382901573963,0.9684052543603091
(d),4,5,BUS5_IA_MAG,116544,7.067000000010012,780.7479697820498,795.4382901573963,0.9815317912688869
(d),4,5,BUS5_IA_MAG,116545,7.1000000000062755,778.837370111127,795.4382901573963,0.97912984545541
(d),4,5,BUS5_IA_MAG,116546,7.13300000000163,772.3176268674598,795.4382901573963,0.9709334293105735
(d),4,5,BUS5_IA_MAG,116547,7.167000000001281,786.6632383346628,795.4382901573963,0.9889682808442661
(d),4,5,BUS5_IA_MAG,116548,7.200000000007094,776.8154564296353,795.4382901573963,0.9765879591689306
(d),4,5,BUS5_IA_MAG,116549,7.233000000006996,773.9647499536998,795.4382901573963,0.9730041406487391
(d),4,5,BUS5_IA_MAG,116550,7.267000000007101,773.8112727346884,795.4382901573963,0.9728111939162137
(d),4,5,BUS5_IA_MAG,116551,7.30000000000291,775.6320861344644,795.4382901573963,0.9751002632535922
(d),4,5,BUS5_IA_MAG,116552,7.332999999999174,772.9856579313569,795.4382901573963,0.9717732569529729
(d),4,5,BUS5_IA_MAG,116553,7.36699999999837,776.2169930063905,795.4382901573963,0.9758355897762949
(d),4,5,BUS5_IA_MAG,116554,7.400000000008731,778.0788044980641,795.4382901573963,0.9781762006253216
(d),4,5,BUS5_IA_MAG,116555,7.4330000000040855,779.8167211609599,795.4382901573963,0.9803610547923897
(d),4,5,BUS5_IA_MAG,116556,7.467000000004191,779.3700001466374,795.4382901573963,0.9797994511835991
(d),4,5,BUS5_IA_MAG,116557,7.5,777.3091972879091,795.4382901573963,0.9772086746466531
(d),4,5,BUS5_IA_MAG,116558,7.533000000010361,775.0373466169125,795.4382901573963,0.9743525754380682
(d),4,5,BUS5_IA_MAG,116559,7.567000000010012,771.724577510683,795.4382901573963,0.9701878663120166
(d),4,5,BUS5_IA_MAG,116560,7.6000000000062755,780.7311998571885,795.4382901573963,0.9815107086468045
(d),4,5,BUS5_IA_MAG,116561,7.63300000000163,778.5561073669513,795.4382901573963,0.9787762507798003
(d),4,5,BUS5_IA_MAG,116562,7.667000000001281,768.5372210572021,795.4382901573963,0.9661808220284805
(d),4,5,BUS5_IA_MAG,116563,7.700000000007094,783.3951272816973,795.4382901573963,0.9848597144181783
(d),4,5,BUS5_IA_MAG,116564,7.733000000006996,778.424955045474,795.4382901573963,0.9786113702062849
(d),4,5,BUS5_IA_MAG,116565,7.767000000007101,774.1862019971891,795.4382901573963,0.9732825431926316
(d),4,5,BUS5_IA_MAG,116566,7.80000000000291,774.7059888267773,795.4382901573963,0.9739360028462842
(d),4,5,BUS5_IA_MAG,116567,7.832999999999174,777.8571618643211,795.4382901573963,0.9778975584773568
(d),4,5,BUS5_IA_MAG,116568,7.86699999999837,777.8795158302406,795.4382901573963,0.9779256611802265
(d),4,5,BUS5_IA_MAG,116569,7.900000000008731,781.742426348039,795.4382901573963,0.9827819907856745
(d),4,5,BUS5_IA_MAG,116570,7.9330000000040855,774.3645135118464,795.4382901573963,0.9735067108205466
(d),4,5,BUS5_IA_MAG,116571,7.967000000004191,779.5643978364708,795.4382901573963,0.9800438418449978
(d),4,5,BUS5_IA_MAG,116572,8.0,773.5698115166862,795.4382901573963,0.9725076364674589
(d),4,5,BUS5_IA_MAG,116573,8.033000000010361,774.9826278602233,795.4382901573963,0.9742837847381908
(d),4,5,BUS5_IA_MAG,116574,8.067000000010012,773.9627862313919,795.4382901573963,0.9730016719188173
(d),4,5,BUS5_IA_MAG,116575,8.100000000006276,777.2151110876702,795.4382901573963,0.9770903924349427
(d),4,5,BUS5_IA_MAG,116576,8.13300000000163,776.1094950588616,795.4382901573963,0.9757004467377224
(d),4,5,BUS5_IA_MAG,116577,8.16700000000128,775.170635250283,795.4382901573963,0.9745201417157039
(d),4,5,BUS5_IA_MAG,116578,8.200000000007094,769.9633148986045,795.4382901573963,0.9679736623519205
(d),4,5,BUS5_IA_MAG,116579,8.233000000006996,779.1176693376526,795.4382901573963,0.9794822288269348
(d),4,5,BUS5_IA_MAG,116580,8.267000000007101,774.5827832524847,795.4382901573963,0.9737811126733855
(d),4,5,BUS5_IA_MAG,116581,8.30000000000291,780.1745728802382,795.4382901573963,0.9808109347185967
(d),4,5,BUS5_IA_MAG,116582,8.332999999999174,775.1668865756252,795.4382901573963,0.9745154289998286
(d),4,5,BUS5_IA_MAG,116583,8.36699999999837,777.7372891605263,795.4382901573963,0.9777468582844215
(d),4,5,BUS5_IA_MAG,116584,8.400000000008731,780.1090326575951,795.4382901573963,0.9807285396120824
(d),4,5,BUS5_IA_MAG,116585,8.433000000004085,778.6506692371206,795.4382901573963,0.9788951309887862
(d),4,5,BUS5_IA_MAG,116586,8.467000000004191,775.9474312396824,795.4382901573963,0.9754967052015346
(d),4,5,BUS5_IA_MAG,116587,8.5,774.5079758796966,795.4382901573963,0.9736870671971823
(d),4,5,BUS5_IA_MAG,116588,8.533000000010361,772.6972048038053,795.4382901573963,0.9714106227535374
(d),4,5,BUS5_IA_MAG,116589,8.567000000010012,779.1565727708712,795.4382901573963,0.9795311369995737
(d),4,5,BUS5_IA_MAG,116590,8.600000000006276,781.1322221758,795.4382901573963,0.9820148612926775
(d),4,5,BUS5_IA_MAG,116591,8.63300000000163,774.965316043085,795.4382901573963,0.9742620208661815
(d),4,5,BUS5_IA_MAG,116592,8.66700000000128,777.3604595942916,795.4382901573963,0.9772731200059183
(d),4,5,BUS5_IA_MAG,116593,8.700000000007094,781.9827912624185,795.4382901573963,0.9830841699959963
(d),4,5,BUS5_IA_MAG,116594,8.733000000006996,777.7171783534734,795.4382901573963,0.9777215756103262
(d),4,5,BUS5_IA_MAG,116595,8.767000000007101,777.7548054530204,795.4382901573963,0.9777688792164169
(d),4,5,BUS5_IA_MAG,116596,8.80000000000291,773.0984635149118,795.4382901573963,0.97191507258462
(d),4,5,BUS5_IA_MAG,116597,8.832999999999174,778.7416630823072,795.4382901573963,0.9790095255889867
(d),4,5,BUS5_IA_MAG,116598,8.86699999999837,778.9794767412462,795.4382901573963,0.9793084974412115
(d),4,5,BUS5_IA_MAG,116599,8.900000000008731,774.0404377467388,795.4382901573963,0.9730992929615905
(d),4,5,BUS5_IA_MAG,116600,8.933000000004085,775.4724630600107,795.4382901573963,0.9748995901449062
(d),4,5,BUS5_IA_MAG,116601,8.967000000004191,777.2218394085128,795.4382901573963,0.9770988510682846
(d),4,5,BUS5_IA_MAG,116602,9.0,775.4639180002712,795.4382901573963,0.9748888475645638
(d),4,5,BUS5_IA_MAG,116603,9.033000000010361,773.8889406320451,795.4382901573963,0.9729088355539345
(d),4,5,BUS5_IA_MAG,116604,9.067000000010012,778.6926849795698,795.4382901573963,0.9789479518587004
(d),4,5,BUS5_IA_MAG,116605,9.100000000006276,779.2774721496403,795.4382901573963,0.9796831278959953
(d),4,5,BUS5_IA_MAG,116606,9.13300000000163,778.6061712911829,795.4382901573963,0.9788391895707174
(d),4,5,BUS5_IA_MAG,116607,9.16700000000128,775.6382768931298,795.4382901573963,0.9751080460806726
(d),4,5,BUS5_IA_MAG,116608,9.200000000007094,771.3006582975926,795.4382901573963,0.9696549284105653
(d),4,5,BUS5_IA_MAG,116609,9.233000000006996,776.7543036084074,795.4382901573963,0.9765110797654815
(d),4,5,BUS5_IA_MAG,116610,9.267000000007101,777.3793515390425,795.4382901573963,0.9772968703646635
(d),4,5,BUS5_IA_MAG,116611,9.30000000000291,781.6533046377356,795.4382901573963,0.9826699497745663
(d),4,5,BUS5_IA_MAG,116612,9.332999999999174,775.3490487986801,795.4382901573963,0.9747444376172273
(d),4,5,BUS5_IA_MAG,116613,9.36699999999837,772.0905157182834,795.4382901573963,0.9706479123170033
(d),4,5,BUS5_IA_MAG,116614,9.400000000008731,780.6801301454828,795.4382901573963,0.9814465054115095
(d),4,5,BUS5_IA_MAG,116615,9.433000000004085,779.6238171519966,795.4382901573963,0.9801185419396011
(d),4,5,BUS5_IA_MAG,116616,9.467000000004191,774.5918977541168,795.4382901573963,0.9737925711381651
(d),4,5,BUS5_IA_MAG,116617,9.5,774.4357985751867,795.4382901573963,0.9735963281600968
(d),4,5,BUS5_IA_MAG,116618,9.533000000010361,778.0968587118647,795.4382901573963,0.9781988978150647
(d),4,5,BUS5_IA_MAG,116619,9.567000000010012,774.1840244132766,795.4382901573963,0.9732798056026268
(d),4,5,BUS5_IA_MAG,116620,9.600000000006276,779.7220866064724,795.4382901573963,0.980242083206965
(d),4,5,BUS5_IA_MAG,116621,9.63300000000163,776.1956679252917,795.4382901573963,0.975808780555061
(d),4,5,BUS5_IA_MAG,116622,9.66700000000128,781.5205914718483,795.4382901573963,0.982503106956551
(d),4,5,BUS5_IA_MAG,116623,9.700000000007094,767.9397005146885,795.4382901573963,0.9654296379958444
(d),4,5,BUS5_IA_MAG,116624,9.733000000006996,771.4821782353062,795.4382901573963,0.9698831295670343
(d),4,5,BUS5_IA_MAG,116625,9.767000000007101,776.4102457365393,795.4382901573963,0.9760785410303898
(d),4,5,BUS5_IA_MAG,116626,9.80000000000291,779.3692823802036,795.4382901573963,0.979798548830214
(d),4,5,BUS5_IA_MAG,116627,9.832999999999174,775.2700656810973,795.4382901573963,0.9746451425260051
(d),4,5,BUS5_IA_MAG,116628,9.86699999999837,781.095285305808,795.4382901573963,0.981968425421474
(d),4,5,BUS5_IA_MAG,116629,9.900000000008731,777.3708553553149,795.4382901573963,0.9772861892297059
(d),4,5,BUS5_IA_MAG,116630,9.933000000004085,781.4158757652503,795.4382901573963,0.9823714616637687
(d),4,5,BUS5_IA_MAG,116631,9.967000000004191,773.0697261549673,795.4382901573963,0.9718789448795545
(d),4,5,BUS5_IA_MAG,116632,10.0,780.5755859613743,795.4382901573963,0.9813150757514061
(d),4,5,BUS5_IA_MAG,116633,10.033000000010361,776.8361144145531,795.4382901573963,0.9766139297378276
(d),4,5,BUS5_IA_MAG,116634,10.067000000010012,777.5010937083805,795.4382901573963,0.9774499207908806
(d),4,5,BUS5_IA_MAG,116635,10.100000000006276,771.4467038482785,795.4382901573963,0.9698385322834151
(d),4,5,BUS5_IA_MAG,116636,10.13300000000163,775.2369384704253,795.4382901573963,0.9746034960386762
(d),4,5,BUS5_IA_MAG,116637,10.16700000000128,779.5263099634986,795.4382901573963,0.9799959589690496
(d),4,5,BUS5_IA_MAG,116638,10.200000000007094,776.8086340368773,795.4382901573963,0.9765793822713353
(d),4,5,BUS5_IA_MAG,116639,10.233000000006996,779.7485879069901,795.4382901573963,0.9802753998084482
(d),4,5,BUS5_IA_MAG,116640,10.267000000007101,774.0007532408474,795.4382901573963,0.9730494028489539
(d),4,5,BUS5_IA_MAG,116641,10.30000000000291,779.5936026054873,795.4382901573963,0.9800805571620473
(d),4,5,BUS5_IA_MAG,116642,10.332999999999174,776.6054959975025,795.4382901573963,0.9763240035173977
(d),4,5,BUS5_IA_MAG,116643,10.36699999999837,781.1866131978015,795.4382901573963,0.9820832399748135
(d),4,5,BUS5_IA_MAG,116644,10.400000000008731,769.6160328522271,795.4382901573963,0.9675370702860436
(d),4,5,BUS5_IA_MAG,116645,10.433000000004085,781.4081685850347,795.4382901573963,0.9823617724392103
(d),4,5,BUS5_IA_MAG,116646,10.467000000004191,770.9227588148163,795.4382901573963,0.9691798450666375
(d),4,5,BUS5_IA_MAG,116647,10.5,779.0418618597378,795.4382901573963,0.9793869260500219
(d),4,5,BUS5_IA_MAG,116648,10.533000000010361,780.9260442513092,795.4382901573963,0.9817556608907833
(d),4,5,BUS5_IA_MAG,116649,10.567000000010012,774.2863864931311,795.4382901573963,0.9734084919898943
(d),4,5,BUS5_IA_MAG,116650,10.600000000006276,774.6211712967252,795.4382901573963,0.9738293729152113
(d),4,5,BUS5_IA_MAG,116651,10.63300000000163,771.3832524538329,795.4382901573963,0.9697587631860122
(d),4,5,BUS5_IA_MAG,116652,10.66700000000128,775.2304891397713,795.4382901573963,0.9745953881430244
(d),4,5,BUS5_IA_MAG,116653,10.700000000007094,772.3669533037281,795.4382901573963,0.9709954409548188
(d),4,5,BUS5_IA_MAG,116654,10.733000000006996,775.8370001149111,795.4382901573963,0.9753578746647882
(d),4,5,BUS5_IA_MAG,116655,10.767000000007101,781.7047711761712,795.4382901573963,0.9827346518879453
(d),4,5,BUS5_IA_MAG,116656,10.80000000000291,780.2094547102146,795.4382901573963,0.9808547870581282
(d),4,5,BUS5_IA_MAG,116657,10.832999999999174,773.888933373473,795.4382901573963,0.972908826428686
(d),4,5,BUS5_IA_MAG,116658,10.86699999999837,780.092736372753,795.4382901573963,0.980708052435335
(d),4,5,BUS5_IA_MAG,116659,10.900000000008731,774.9519938018349,795.4382901573963,0.9742452725634974
(d),4,5,BUS5_IA_MAG,116660,10.933000000004085,779.1688061666865,795.4382901573963,0.9795465164400239
(d),4,5,BUS5_IA_MAG,116661,10.967000000004191,778.2454205175857,795.4382901573963,0.9783856650446026
(d),4,5,BUS5_IA_MAG,116662,11.0,772.1258301839731,795.4382901573963,0.9706923085525462
(d),4,5,BUS5_IA_MAG,116663,11.033000000010361,777.1535201610487,795.4382901573963,0.9770129622591722
(d),4,5,BUS5_IA_MAG,116664,11.067000000010012,780.821480235109,795.4382901573963,0.9816242062983981
(d),4,5,BUS5_IA_MAG,116665,11.100000000006276,772.4181163972323,795.4382901573963,0.9710597615867739
(d),4,5,BUS5_IA_MAG,116666,11.13300000000163,784.7602990831537,795.4382901573963,0.9865759654691381
(d),4,5,BUS5_IA_MAG,116667,11.16700000000128,775.6360257666834,795.4382901573963,0.9751052160353073
(d),4,5,BUS5_IA_MAG,116668,11.200000000007094,781.1910915712517,795.4382901573963,0.9820888700450597
(d),4,5,BUS5_IA_MAG,116669,11.233000000006996,781.6304950369182,795.4382901573963,0.9826412742618338
(d),4,5,BUS5_IA_MAG,116670,11.267000000007101,778.8010464662142,795.4382901573963,0.9790841805114888
(d),4,5,BUS5_IA_MAG,116671,11.30000000000291,779.3933331121559,795.4382901573963,0.9798287846539729
(d),4,5,BUS5_IA_MAG,116672,11.332999999999174,774.613380254391,795.4382901573963,0.9738195782618353
(d),4,5,BUS5_IA_MAG,116673,11.36699999999837,776.293432630707,795.4382901573963,0.9759316872677816
(d),4,5,BUS5_IA_MAG,116674,11.400000000008731,770.6446777269126,795.4382901573963,0.9688302502692224
(d),4,5,BUS5_IA_MAG,116675,11.433000000004085,777.5987082493851,795.4382901573963,0.977572638721627
(d),4,5,BUS5_IA_MAG,116676,11.467000000004191,774.3266772888312,795.4382901573963,0.9734591443110091
(d),4,5,BUS5_IA_MAG,116677,11.5,777.4274076281587,795.4382901573963,0.9773572849684244
(d),4,5,BUS5_IA_MAG,116678,11.533000000010361,776.8771389213769,795.4382901573963,0.9766655044574901
(d),4,5,BUS5_IA_MAG,116679,11.567000000010012,776.1830274773196,795.4382901573963,0.975792889381442
(d),4,5,BUS5_IA_MAG,116680,11.600000000006276,776.0595082329354,795.4382901573963,0.97563760487237
(d),4,5,BUS5_IA_MAG,116681,11.63300000000163,777.3611304127056,795.4382901573963,0.9772739633377296
(d),4,5,BUS5_IA_MAG,116682,11.66700000000128,776.8885966344425,795.4382901573963,0.9766799087339845
(d),4,5,BUS5_IA_MAG,116683,11.700000000007094,778.5545545713547,795.4382901573963,0.9787742986540153
(d),4,5,BUS5_IA_MAG,116684,11.733000000006996,785.9475907341788,795.4382901573963,0.9880685911897207
(d),4,5,BUS5_IA_MAG,116685,11.767000000007101,777.8681859536007,795.4382901573963,0.9779114176156658
(d),4,5,BUS5_IA_MAG,116686,11.80000000000291,779.7373786686236,795.4382901573963,0.9802613079065305
(d),4,5,BUS5_IA_MAG,116687,11.832999999999174,775.6699027398912,795.4382901573963,0.9751478051005145
(d),4,5,BUS5_IA_MAG,116688,11.86699999999837,770.5412605518932,795.4382901573963,0.9687002374494988
(d),4,5,BUS5_IA_MAG,116689,11.900000000008731,771.3798057560961,795.4382901573963,0.969754430106024
(d),4,5,BUS5_IA_MAG,116690,11.933000000004085,778.2661071496868,795.4382901573963,0.9784116716278374
(d),4,5,BUS5_IA_MAG,116691,11.967000000004191,776.081941866458,795.4382901573963,0.9756658077308447
(d),4,5,BUS5_IA_MAG,116692,12.0,775.2598959954807,795.4382901573963,0.9746323575171082
(d),4,5,BUS5_IA_MAG,116693,12.033000000010361,772.7691589336719,795.4382901573963,0.9715010812224807
(d),4,5,BUS5_IA_MAG,116694,12.067000000010012,770.6540353334722,795.4382901573963,0.9688420143578705
(d),4,5,BUS5_IA_MAG,116695,12.100000000006276,771.0846854030402,795.4382901573963,0.9693834140803844
(d),4,5,BUS5_IA_MAG,116696,12.13300000000163,775.9554473476159,795.4382901573963,0.9755067828003033
(d),4,5,BUS5_IA_MAG,116697,12.16700000000128,776.5102213452171,795.4382901573963,0.976204227221154
(d),4,5,BUS5_IA_MAG,116698,12.200000000007094,777.6869382481834,795.4382901573963,0.9776835587010775
(d),4,5,BUS5_IA_MAG,116699,12.233000000006996,779.3009068250739,795.4382901573963,0.9797125892328753
(d),4,5,BUS5_IA_MAG,116700,12.267000000007101,780.1558653062475,795.4382901573963,0.9807874161449723
(d),4,5,BUS5_IA_MAG,116701,12.30000000000291,781.4175706440657,795.4382901573963,0.9823735924121074
(d),4,5,BUS5_IA_MAG,116702,12.332999999999174,769.5196576778693,795.4382901573963,0.9674159104480646
(d),4,5,BUS5_IA_MAG,116703,12.36699999999837,771.951122407072,795.4382901573963,0.9704726714303925
(d),4,5,BUS5_IA_MAG,116704,12.400000000008731,776.8427749938558,795.4382901573963,0.9766223032086361
(d),4,5,BUS5_IA_MAG,116705,12.433000000004085,777.2516581153383,795.4382901573963,0.977136338208638
(d),4,5,BUS5_IA_MAG,116706,12.467000000004191,777.5102212415436,795.4382901573963,0.9774613956384911
(d),4,5,BUS5_IA_MAG,116707,12.5,775.5465957537931,795.4382901573963,0.9749927874358837
(d),4,5,BUS5_IA_MAG,116708,12.533000000010361,774.7930099963646,795.4382901573963,0.9740454031236709
(d),4,5,BUS5_IA_MAG,116709,12.567000000010012,765.459405451641,795.4382901573963,0.9623114890536345
(d),4,5,BUS5_IA_MAG,116710,12.600000000006276,777.2840377878762,795.4382901573963,0.9771770449145365
(d),4,5,BUS5_IA_MAG,116711,12.63300000000163,775.7638158047763,795.4382901573963,0.9752658696519035
(d),4,5,BUS5_IA_MAG,116712,12.66700000000128,775.1519537429103,795.4382901573963,0.9744966559122118
(d),4,5,BUS5_IA_MAG,116713,12.700000000007094,777.7588782003462,795.4382901573963,0.9777739993462575
(d),4,5,BUS5_IA_MAG,116714,12.733000000006996,782.7094108000344,795.4382901573963,0.9839976532248113
(d),4,5,BUS5_IA_MAG,116715,12.767000000007101,768.8774111218382,795.4382901573963,0.9666084982779716
(d),4,5,BUS5_IA_MAG,116716,12.80000000000291,772.2708111901804,795.4382901573963,0.9708745741135599
(d),4,5,BUS5_IA_MAG,116717,12.832999999999174,777.4831632955733,795.4382901573963,0.9774273792398526
(d),4,5,BUS5_IA_MAG,116718,12.86699999999837,770.4709488358252,795.4382901573963,0.9686118437715253
(d),4,5,BUS5_IA_MAG,116719,12.900000000008731,779.3601834238759,795.4382901573963,0.9797871099085023
(d),4,5,BUS5_IA_MAG,116720,12.933000000004085,775.7032440862959,795.4382901573963,0.9751897207925515
(d),4,5,BUS5_IA_MAG,116721,12.967000000004191,776.0548954604851,795.4382901573963,0.9756318058399279
(d),4,5,BUS5_IA_MAG,116722,13.0,775.7035370642498,795.4382901573963,0.9751900891152203
(d),4,5,BUS5_IA_MAG,116723,13.033000000010361,773.8979246590065,795.4382901573963,0.9729201299900618
(d),4,5,BUS5_IA_MAG,116724,13.067000000010012,776.1787762022276,795.4382901573963,0.9757875448121088
(d),4,5,BUS5_IA_MAG,116725,13.100000000006276,779.3603997621839,795.4382901573963,0.9797873818822186
(d),4,5,BUS5_IA_MAG,116726,13.13300000000163,775.9658459042889,795.4382901573963,0.9755198555386939
(d),4,5,BUS5_IA_MAG,116727,13.16700000000128,774.5191387680744,795.4382901573963,0.9737011008293521
(d),4,5,BUS5_IA_MAG,116728,13.200000000007094,779.1979885507052,795.4382901573963,0.9795832036153583
(d),4,5,BUS5_IA_MAG,116729,13.233000000006996,780.8765143478083,795.4382901573963,0.9816933934539327
(d),4,5,BUS5_IA_MAG,116730,13.267000000007101,776.4371914592339,795.4382901573963,0.9761124163454558
(d),4,5,BUS5_IA_MAG,116731,13.30000000000291,773.292677152372,795.4382901573963,0.9721592318611639
(d),4,5,BUS5_IA_MAG,116732,13.332999999999174,776.9023032487895,795.4382901573963,0.9766971402584367
(d),4,5,BUS5_IA_MAG,116733,13.36699999999837,775.6264115017847,795.4382901573963,0.9750931292838677
(d),4,5,BUS5_IA_MAG,116734,13.400000000008731,776.4543018851857,795.4382901573963,0.9761339270347997
(d),4,5,BUS5_IA_MAG,116735,13.433000000004085,774.409118523453,795.4382901573963,0.973562786838207
(d),4,5,BUS5_IA_MAG,116736,13.467000000004191,774.9086816416279,795.4382901573963,0.9741908218779535
(d),4,5,BUS5_IA_MAG,116737,13.5,772.3510525070592,795.4382901573963,0.9709754509733637
(d),4,5,BUS5_IA_MAG,116738,13.533000000010361,777.0656391415048,795.4382901573963,0.9769024810054643
(d),4,5,BUS5_IA_MAG,116739,13.567000000010012,779.0612786058,795.4382901573963,0.9794113361724694
(d),4,5,BUS5_IA_MAG,116740,13.600000000006276,783.0250841350586,795.4382901573963,0.9843945078129424
(d),4,5,BUS5_IA_MAG,116741,13.63300000000163,780.4394278787546,795.4382901573963,0.9811439020924253
(d),4,5,BUS5_IA_MAG,116742,13.66700000000128,772.1933168565256,795.4382901573963,0.9707771506746663
(d),4,5,BUS5_IA_MAG,116743,13.700000000007094,776.036967494112,795.4382901573963,0.97560926736448
(d),4,5,BUS5_IA_MAG,116744,13.733000000006996,777.1594471805588,795.4382901573963,0.9770204135216818
(d),4,5,BUS5_IA_MAG,116745,13.767000000007101,768.8308330016112,795.4382901573963,0.9665499417302124
(d),4,5,BUS5_IA_MAG,116746,13.80000000000291,777.5896533525065,795.4382901573963,0.9775612551900689
(d),4,5,BUS5_IA_MAG,116747,13.832999999999174,771.6029397910338,795.4382901573963,0.9700349471966629
(d),4,5,BUS5_IA_MAG,116748,13.86699999999837,776.3250340838304,795.4382901573963,0.975971415620709
(d),4,5,BUS5_IA_MAG,116749,13.900000000008731,768.998698812044,795.4382901573963,0.9667609773473181
(d),4,5,BUS5_IA_MAG,116750,13.933000000004085,780.7962517979769,795.4382901573963,0.9815924899007287
(d),4,5,BUS5_IA_MAG,116751,13.967000000004191,775.510123156306,795.4382901573963,0.9749469352334711
(d),4,5,BUS5_IA_MAG,116752,14.0,776.7823959087343,795.4382901573963,0.9765463965218842
(d),4,5,BUS5_IA_MAG,116753,14.033000000010361,779.4462230538833,795.4382901573963,0.9798952762252008
(d),4,5,BUS5_IA_MAG,116754,14.067000000010012,774.7077513629412,795.4382901573963,0.9739382186513135
(d),4,5,BUS5_IA_MAG,116755,14.100000000006276,773.7039301978923,795.4382901573963,0.9726762462551264
(d),4,5,BUS5_IA_MAG,116756,14.13300000000163,776.4706500604885,795.4382901573963,0.9761544794466023
(d),4,5,BUS5_IA_MAG,116757,14.16700000000128,776.2865641423938,795.4382901573963,0.9759230524203042
(d),4,5,BUS5_IA_MAG,116758,14.200000000007094,773.7218978288964,795.4382901573963,0.972698834595701
(d),4,5,BUS5_IA_MAG,116759,14.233000000006996,778.8300014073332,795.4382901573963,0.9791205817527633
(d),4,5,BUS5_IA_MAG,116760,14.267000000007101,776.0737410038383,795.4382901573963,0.9756554978642954
(d),4,5,BUS5_IA_MAG,116761,14.30000000000291,774.8964565167424,795.4382901573963,0.974175452835456
(d),4,5,BUS5_IA_MAG,116762,14.332999999999174,773.6547660712547,795.4382901573963,0.9726144386614438
(d),4,5,BUS5_IA_MAG,116763,14.36699999999837,778.0873269204225,795.4382901573963,0.9781869147466605
(d),4,5,BUS5_IA_MAG,116764,14.400000000008731,775.9625870281895,795.4382901573963,0.975515758582161
(d),4,5,BUS5_IA_MAG,116765,14.433000000004085,775.0391046955657,795.4382901573963,0.9743547856392554
(d),4,5,BUS5_IA_MAG,116766,14.467000000004191,773.2339099786827,795.4382901573963,0.9720853516187662
(d),4,5,BUS5_IA_MAG,116767,14.5,782.2044317906475,795.4382901573963,0.9833628094969754
(d),4,5,BUS5_IA_MAG,116768,14.533000000010361,779.8439824482115,795.4382901573963,0.9803953268252914
(d),4,5,BUS5_IA_MAG,116769,14.567000000010012,773.7342750464383,795.4382901573963,0.9727143948443022
(d),4,5,BUS5_IA_MAG,116770,14.600000000006276,772.0652113053791,795.4382901573963,0.9706161004049827
(d),4,5,BUS5_IA_MAG,116771,14.63300000000163,774.040890656945,795.4382901573963,0.9730998623460566
(d),4,5,BUS5_IA_MAG,116772,14.66700000000128,778.359739963613,795.4382901573963,0.9785293838565354
(d),4,5,BUS5_IA_MAG,116773,14.700000000007094,775.9828755104515,795.4382901573963,0.9755412646239408
(d),4,5,BUS5_IA_MAG,116774,14.733000000006996,778.9868176274774,795.4382901573963,0.9793177261724935
(d),4,5,BUS5_IA_MAG,116775,14.767000000007101,775.5066376602532,795.4382901573963,0.9749425533774605
(d),4,5,BUS5_IA_MAG,116776,14.80000000000291,780.9218789907991,795.4382901573963,0.981750424456277
(d),4,5,BUS5_IA_MAG,116777,14.832999999999174,778.2320025882568,795.4382901573963,0.9783687964458754
(d),4,5,BUS5_IA_MAG,116778,14.86699999999837,776.4789202684965,795.4382901573963,0.9761648764919926
(d),4,5,BUS5_IA_MAG,116779,14.900000000008731,777.2376517757662,795.4382901573963,0.9771187298790599
(d),4,5,BUS5_IA_MAG,116780,14.933000000004085,778.9682216638491,795.4382901573963,0.9792943479119063
(d),4,5,BUS5_IA_MAG,116781,14.967000000004191,781.2854670625155,795.4382901573963,0.9822075159443477
(d),4,5,BUS5_IA_MAG,116782,15.0,779.9773696364127,795.4382901573963,0.9805630170029604
(d),4,5,BUS5_IA_MAG,116783,15.033000000010361,774.4358489529512,795.4382901573963,0.9735963914934379
(d),4,5,BUS5_IA_MAG,116784,15.067000000010012,772.3953833265086,795.4382901573963,0.9710311822852681
(d),4,5,BUS5_IA_MAG,116785,15.100000000006276,779.4401536923509,795.4382901573963,0.9798876460147778
(d),4,5,BUS5_IA_MAG,116786,15.13300000000163,774.4939767218142,795.4382901573963,0.9736694678961988
(d),4,5,BUS5_IA_MAG,116787,15.16700000000128,774.8418796447381,795.4382901573963,0.9741068405085419
(d),4,5,BUS5_IA_MAG,116788,15.200000000007094,778.9094864574245,795.4382901573963,0.9792205078577482
(d),4,5,BUS5_IA_MAG,116789,15.233000000006996,770.0458372772692,795.4382901573963,0.968077406890857
(d),4,5,BUS5_IA_MAG,116790,15.267000000007101,778.4123606068514,795.4382901573963,0.978595536874173
(d),4,5,BUS5_IA_MAG,116791,15.30000000000291,774.2536235353193,795.4382901573963,0.9733673034298046
(d),4,5,BUS5_IA_MAG,116792,15.332999999999174,771.5790670533518,795.4382901573963,0.9700049351417023
(d),4,5,BUS5_IA_MAG,116793,15.36699999999837,780.2042441186175,795.4382901573963,0.9808482364662576
(d),4,5,BUS5_IA_MAG,116794,15.400000000008731,777.5724507214248,795.4382901573963,0.9775396285833358
(d),4,5,BUS5_IA_MAG,116795,15.433000000004085,778.6278583058044,795.4382901573963,0.9788664538033923
(d),4,5,BUS5_IA_MAG,116796,15.467000000004191,779.3184622340175,795.4382901573963,0.9797346593408407
(d),4,5,BUS5_IA_MAG,116797,15.5,773.7619955305339,795.4382901573963,0.9727492441650336
(d),4,5,BUS5_IA_MAG,116798,15.533000000010361,777.2625310024375,795.4382901573963,0.9771500072603215
(d),4,5,BUS5_IA_MAG,116799,15.567000000010012,778.1482476487189,795.4382901573963,0.9782635023701761
(d),4,5,BUS5_IA_MAG,116800,15.600000000006276,776.8591587095278,795.4382901573963,0.976642900300673
(d),4,5,BUS5_IA_MAG,116801,15.63300000000163,777.4997572429128,795.4382901573963,0.9774482406285295
(d),4,5,BUS5_IA_MAG,116802,15.66700000000128,778.1491615408023,795.4382901573963,0.9782646512865594
(d),4,5,BUS5_IA_MAG,116803,15.700000000007094,771.7974803217726,795.4382901573963,0.9702795174331552
(d),4,5,BUS5_IA_MAG,116804,15.733000000006996,782.4093747448428,795.4382901573963,0.9836204573330567
(d),4,5,BUS5_IA_MAG,116805,15.767000000007101,780.4727546404675,795.4382901573963,0.9811857994490466
(d),4,5,BUS5_IA_MAG,116806,15.80000000000291,779.8854592602748,795.4382901573963,0.9804474701688751
(d),4,5,BUS5_IA_MAG,116807,15.832999999999174,779.8923228107371,795.4382901573963,0.9804560988086417
(d),4,5,BUS5_IA_MAG,116808,15.86699999999837,769.8775050024184,795.4382901573963,0.9678657848493564
(d),4,5,BUS5_IA_MAG,116809,15.900000000008731,774.0774985914454,795.4382901573963,0.9731458846899058
(d),4,5,BUS5_IA_MAG,116810,15.933000000004085,776.5993425584501,795.4382901573963,0.9763162676073609
(d),4,5,BUS5_IA_MAG,116811,15.967000000004191,776.7789340448185,795.4382901573963,0.9765420443754529
(d),4,5,BUS5_IA_MAG,116812,16.0,773.372421125446,795.4382901573963,0.9722594834759789
(d),4,5,BUS5_IA_MAG,116813,16.03300000001036,773.1984188110713,795.4382901573963,0.9720407332391249
(d),4,5,BUS5_IA_MAG,116814,16.06700000001001,776.1766538194724,795.4382901573963,0.9757848766192629
(d),4,5,BUS5_IA_MAG,116815,16.100000000006276,775.6633997780516,795.4382901573963,0.9751396297814231
(d),4,5,BUS5_IA_MAG,116816,16.13300000000163,771.8496109026958,795.4382901573963,0.9703450543598637
(d),4,5,BUS5_IA_MAG,116817,16.16700000000128,774.8391289661051,795.4382901573963,0.9741033824418798
(d),4,5,BUS5_IA_MAG,116818,16.200000000007094,774.7125103418573,795.4382901573963,0.9739442014899259
(d),4,5,BUS5_IA_MAG,116819,16.233000000006996,772.1996133144654,795.4382901573963,0.9707850663835499
(d),4,5,BUS5_IA_MAG,116820,16.2670000000071,775.4167637345478,795.4382901573963,0.9748295667048077
(d),4,5,BUS5_IA_MAG,116821,16.30000000000291,769.6873513183976,795.4382901573963,0.9676267296185814
(d),4,5,BUS5_IA_MAG,116822,16.332999999999174,773.6568424505451,795.4382901573963,0.9726170490201809
(d),4,5,BUS5_IA_MAG,116823,16.36699999999837,778.9480627607311,795.4382901573963,0.9792690047729508
(d),4,5,BUS5_IA_MAG,116824,16.40000000000873,777.3301058788753,795.4382901573963,0.9772349602695919
(d),4,5,BUS5_IA_MAG,116825,16.433000000004085,781.6671850484572,795.4382901573963,0.9826873997903544
(d),4,5,BUS5_IA_MAG,116826,16.46700000000419,775.3277636786797,795.4382901573963,0.9747176786338294
(d),4,5,BUS5_IA_MAG,116827,16.5,780.0398878266209,795.4382901573963,0.9806416129053475
(d),4,5,BUS5_IA_MAG,116828,16.53300000001036,776.2398741550111,795.4382901573963,0.9758643552366755
(d),4,5,BUS5_IA_MAG,116829,16.56700000001001,784.9997352302137,795.4382901573963,0.9868769770623977
(d),4,5,BUS5_IA_MAG,116830,16.600000000006276,781.5008744484851,795.4382901573963,0.9824783193349249
(d),4,5,BUS5_IA_MAG,116831,16.63300000000163,775.7968484419883,795.4382901573963,0.9753073972444533
(d),4,5,BUS5_IA_MAG,116832,16.66700000000128,777.7460165140119,795.4382901573963,0.977757830038728
(d),4,5,BUS5_IA_MAG,116833,16.700000000007094,774.2515117746678,795.4382901573963,0.9733646485907334
(d),4,5,BUS5_IA_MAG,116834,16.733000000006996,772.8380366098727,795.4382901573963,0.9715876720706371
(d),4,5,BUS5_IA_MAG,116835,16.7670000000071,779.9205425407292,795.4382901573963,0.9804915757656115
(d),4,5,BUS5_IA_MAG,116836,16.80000000000291,783.5994280865802,795.4382901573963,0.9851165549643411
(d),4,5,BUS5_IA_MAG,116837,16.832999999999174,782.5529372429762,795.4382901573963,0.9838009395903353
(d),4,5,BUS5_IA_MAG,116838,16.86699999999837,778.7631676043142,795.4382901573963,0.9790365603976865
(d),4,5,BUS5_IA_MAG,116839,16.90000000000873,769.9072927077584,795.4382901573963,0.9679032330156171
(d),4,5,BUS5_IA_MAG,116840,16.933000000004085,779.433652536626,795.4382901573963,0.979879472966277
(d),4,5,BUS5_IA_MAG,116841,16.96700000000419,777.3726735539152,795.4382901573963,0.9772884750117996
(d),4,5,BUS5_IA_MAG,116842,17.0,778.69084572285,795.4382901573963,0.9789456396030012
(d),4,5,BUS5_IA_MAG,116843,17.03300000001036,779.1395303843775,795.4382901573963,0.9795097118472965
(d),4,5,BUS5_IA_MAG,116844,17.06700000001001,779.7358951696569,795.4382901573963,0.9802594428982891
(d),4,5,BUS5_IA_MAG,116845,17.100000000006276,772.264254672608,795.4382901573963,0.9708663314658856
(d),4,5,BUS5_IA_MAG,116846,17.13300000000163,774.7465327595552,795.4382901573963,0.9739869734033714
(d),4,5,BUS5_IA_MAG,116847,17.16700000000128,779.4079457950637,795.4382901573963,0.9798471552593218
(d),4,5,BUS5_IA_MAG,116848,17.200000000007094,781.301411215651,795.4382901573963,0.982227560432189
(d),4,5,BUS5_IA_MAG,116849,17.233000000006996,779.2782851686405,795.4382901573963,0.9796841499979111
(d),4,5,BUS5_IA_MAG,116850,17.2670000000071,777.1413936166368,795.4382901573963,0.9769977171489457
(d),4,5,BUS5_IA_MAG,116851,17.30000000000291,777.8212129353925,795.4382901573963,0.9778523646145852
(d),4,5,BUS5_IA_MAG,116852,17.332999999999174,778.6167047077419,795.4382901573963,0.9788524318507148
(d),4,5,BUS5_IA_MAG,116853,17.36699999999837,774.7585059177549,795.4382901573963,0.9740020256812764
(d),4,5,BUS5_IA_MAG,116854,17.40000000000873,775.5696613819755,795.4382901573963,0.9750217848181669
(d),4,5,BUS5_IA_MAG,116855,17.433000000004085,773.4665267765494,795.4382901573963,0.9723777901407044
(d),4,5,BUS5_IA_MAG,116856,17.46700000000419,775.1502202465512,795.4382901573963,0.9744944766151116
(d),4,5,BUS5_IA_MAG,116857,17.5,778.7650458731816,795.4382901573963,0.9790389216982307
(d),4,5,BUS5_IA_MAG,116858,17.53300000001036,773.4461426390109,795.4382901573963,0.9723521638441195
(d),4,5,BUS5_IA_MAG,116859,17.56700000001001,776.4253067083663,795.4382901573963,0.9760974752104682
(d),4,5,BUS5_IA_MAG,116860,17.600000000006276,772.2936490033645,795.4382901573963,0.9709032850939926
(d),4,5,BUS5_IA_MAG,116861,17.63300000000163,775.9004542723376,795.4382901573963,0.9754376472357237
(d),4,5,BUS5_IA_MAG,116862,17.66700000000128,775.2776881792439,795.4382901573963,0.9746547252909297
(d),4,5,BUS5_IA_MAG,116863,17.700000000007094,777.787779378684,795.4382901573963,0.9778103329986545
(d),4,5,BUS5_IA_MAG,116864,17.733000000006996,776.6166510937085,795.4382901573963,0.976338027353494
(d),4,5,BUS5_IA_MAG,116865,17.7670000000071,777.2228447152222,795.4382901573963,0.9771001149082605
(d),4,5,BUS5_IA_MAG,116866,17.80000000000291,768.2948618047901,795.4382901573963,0.9658761355991108
(d),4,5,BUS5_IA_MAG,116867,17.832999999999174,779.877196980313,795.4382901573963,0.980437083090375
(d),4,5,BUS5_IA_MAG,116868,17.86699999999837,775.4192364504518,795.4382901573963,0.9748326753254696
(d),4,5,BUS5_IA_MAG,116869,17.90000000000873,771.5110034307877,795.4382901573963,0.9699193676961742
(d),4,5,BUS5_IA_MAG,116870,17.933000000004085,774.0609390965623,795.4382901573963,0.9731250666137734
(d),4,5,BUS5_IA_MAG,116871,17.96700000000419,776.2624372242929,795.4382901573963,0.9758927208177154
(d),4,5,BUS5_IA_MAG,116872,18.0,767.9172979413905,795.4382901573963,0.9654014741853072
(d),4,5,BUS5_IA_MAG,116873,18.03300000001036,769.2428155898332,795.4382901573963,0.9670678732823137
(d),4,5,BUS5_IA_MAG,116874,18.06700000001001,776.8567856558815,795.4382901573963,0.9766399169722669
(d),4,5,BUS5_IA_MAG,116875,18.100000000006276,775.0617888500361,795.4382901573963,0.9743833034447862
(d),4,5,BUS5_IA_MAG,116876,18.13300000000163,778.8247609354235,795.4382901573963,0.9791139935963035
(d),4,5,BUS5_IA_MAG,116877,18.16700000000128,773.2617905369317,795.4382901573963,0.9721204021796883
(d),4,5,BUS5_IA_MAG,116878,18.200000000007094,777.5274362447556,795.4382901573963,0.9774830377990772
(d),4,5,BUS5_IA_MAG,116879,18.233000000006996,777.7948856513003,795.4382901573963,0.9778192667810789
(d),4,5,BUS5_IA_MAG,116880,18.2670000000071,775.1995327497492,795.4382901573963,0.9745564707431391
(d),4,5,BUS5_IA_MAG,116881,18.30000000000291,775.4779987772245,795.4382901573963,0.9749065494744762
(d),4,5,BUS5_IA_MAG,116882,18.332999999999174,780.7067366113334,795.4382901573963,0.9814799542235415
(d),4,5,BUS5_IA_MAG,116883,18.36699999999837,776.8566482671076,795.4382901573963,0.9766397442514216
(d),4,5,BUS5_IA_MAG,116884,18.40000000000873,778.7445834144995,795.4382901573963,0.9790131969387675
(d),4,5,BUS5_IA_MAG,116885,18.433000000004085,778.1187958178168,795.4382901573963,0.9782264764546946
(d),4,5,BUS5_IA_MAG,116886,18.46700000000419,778.3138935077466,795.4382901573963,0.9784717471341978
(d),4,5,BUS5_IA_MAG,116887,18.5,781.3285656992518,795.4382901573963,0.9822616981949002
(d),4,5,BUS5_IA_MAG,116888,18.53300000001036,780.0502660283399,795.4382901573963,0.98065466005413
(d),4,5,BUS5_IA_MAG,116889,18.56700000001001,779.2123964797203,795.4382901573963,0.9796013168105532
(d),4,5,BUS5_IA_MAG,116890,18.600000000006276,774.1414529974954,795.4382901573963,0.9732262861576769
(d),4,5,BUS5_IA_MAG,116891,18.63300000000163,776.5680973878902,795.4382901573963,0.9762769871616664
(d),4,5,BUS5_IA_MAG,116892,18.66700000000128,773.6774249259844,795.4382901573963,0.9726429246609363
(d),4,5,BUS5_IA_MAG,116893,18.700000000007094,779.1431479044334,795.4382901573963,0.9795142596797314
(d),4,5,BUS5_IA_MAG,116894,18.733000000006996,778.2117552216264,795.4382901573963,0.9783433420933745
(d),4,5,BUS5_IA_MAG,116895,18.7670000000071,773.9381761225854,795.4382901573963,0.972970732864071
(d),4,5,BUS5_IA_MAG,116896,18.80000000000291,778.4303403246648,795.4382901573963,0.978618140409904
(d),4,5,BUS5_IA_MAG,116897,18.832999999999174,773.6163765073126,795.4382901573963,0.9725661765090969
(d),4,5,BUS5_IA_MAG,116898,18.86699999999837,778.1189582017797,795.4382901573963,0.9782266805987054
(d),4,5,BUS5_IA_MAG,116899,18.90000000000873,776.6180419298913,795.4382901573963,0.976339775868998
(d),4,5,BUS5_IA_MAG,116900,18.933000000004085,776.6745378312916,795.4382901573963,0.9764108007393107
(d),4,5,BUS5_IA_MAG,116901,18.96700000000419,776.4238153856993,795.4382901573963,0.9760956003665168
(d),4,5,BUS5_IA_MAG,116902,19.0,778.7751348554447,795.4382901573963,0.9790516052494098
(d),4,5,BUS5_IA_MAG,116903,19.03300000001036,776.1505738785023,795.4382901573963,0.9757520897377502
(d),4,5,BUS5_IA_MAG,116904,19.06700000001001,771.0895927562035,795.4382901573963,0.9693895834504336
(d),4,5,BUS5_IA_MAG,116905,19.100000000006276,771.7413193048097,795.4382901573963,0.9702089135690243
(d),4,5,BUS5_IA_MAG,116906,19.13300000000163,778.8002039307294,795.4382901573963,0.979083121302377
(d),4,5,BUS5_IA_MAG,116907,19.16700000000128,779.3852933411573,795.4382901573963,0.979818677306743
(d),4,5,BUS5_IA_MAG,116908,19.200000000007094,776.3073879845902,795.4382901573963,0.9759492314997551
(d),4,5,BUS5_IA_MAG,116909,19.233000000006996,769.9241984672125,795.4382901573963,0.9679244864046773
(d),4,5,BUS5_IA_MAG,116910,19.2670000000071,776.818764347238,795.4382901573963,0.976592117778899
(d),4,5,BUS5_IA_MAG,116911,19.30000000000291,772.8077295698555,795.4382901573963,0.9715495710131545
(d),4,5,BUS5_IA_MAG,116912,19.332999999999174,777.1252482247869,795.4382901573963,0.9769774196701221
(d),4,5,BUS5_IA_MAG,116913,19.36699999999837,781.5689668343591,795.4382901573963,0.9825639229407818
(d),4,5,BUS5_IA_MAG,116914,19.40000000000873,773.7531743171453,795.4382901573963,0.9727381544130091
(d),4,5,BUS5_IA_MAG,116915,19.433000000004085,770.4452564261579,795.4382901573963,0.9685795440821777
(d),4,5,BUS5_IA_MAG,116916,19.46700000000419,772.6346119126204,795.4382901573963,0.9713319329394318
(d),4,5,BUS5_IA_MAG,116917,19.5,781.2394139551359,795.4382901573963,0.9821496194262275
(d),4,5,BUS5_IA_MAG,116918,19.53300000001036,773.1110594842883,795.4382901573963,0.9719309078411474
(d),4,5,BUS5_IA_MAG,116919,19.56700000001001,777.4502082644631,795.4382901573963,0.9773859492112532
(d),4,5,BUS5_IA_MAG,116920,19.600000000006276,777.8436580361032,795.4382901573963,0.977880581889248
(d),4,5,BUS5_IA_MAG,116921,19.63300000000163,769.2785132748648,795.4382901573963,0.9671127512891602
(d),4,5,BUS5_IA_MAG,116922,19.66700000000128,775.349767069007,795.4382901573963,0.974745340604091
(d),4,5,BUS5_IA_MAG,116923,19.700000000007094,773.9695498804688,795.4382901573963,0.9730101749657042
(d),4,5,BUS5_IA_MAG,116924,19.733000000006996,781.135806244728,795.4382901573963,0.9820193670714064
(d),4,5,BUS5_IA_MAG,116925,19.7670000000071,778.8193084518399,795.4382901573963,0.9791071389054354
(d),4,5,BUS5_IA_MAG,116926,19.80000000000291,777.3727789083398,795.4382901573963,0.9772886074600686
(d),4,5,BUS5_IA_MAG,116927,19.832999999999174,779.1965963293356,795.4382901573963,0.9795814533584412
(d),4,5,BUS5_IA_MAG,116928,19.86699999999837,773.4483287755398,795.4382901573963,0.9723549121862046
(d),4,5,BUS5_IA_MAG,116929,19.90000000000873,772.6495309080503,795.4382901573963,0.9713506886312493
(d),4,5,BUS5_IA_MAG,116930,19.933000000004085,785.0041202026703,795.4382901573963,0.9868824897118526
(d),4,5,BUS5_IA_MAG,116931,19.96700000000419,779.7684832680222,795.4382901573963,0.9803004116305825
(d),4,5,BUS5_IA_MAG,116932,20.0,778.8531525406694,795.4382901573963,0.9791496866294366
(d),4,5,BUS5_IA_MAG,116933,20.03300000001036,778.5804614791833,795.4382901573963,0.9788068680037049
(d),4,5,BUS5_IA_MAG,116934,20.06700000001001,775.6026654413764,795.4382901573963,0.9750632764835913
(d),4,5,BUS5_IA_MAG,116935,20.100000000006276,773.2118452189137,795.4382901573963,0.9720576124967726
(d),4,5,BUS5_IA_MAG,116936,20.13300000000163,768.7947617330432,795.4382901573963,0.9665045940658941
(d),4,5,BUS5_IA_MAG,116937,20.16700000000128,777.1128398172566,795.4382901573963,0.9769618202104483
(d),4,5,BUS5_IA_MAG,116938,20.200000000007094,776.4458206037623,795.4382901573963,0.9761232646345502
(d),4,5,BUS5_IA_MAG,116939,20.233000000006996,771.5147530135879,795.4382901573963,0.9699240815537374
(d),4,5,BUS5_IA_MAG,116940,20.2670000000071,772.9619948222396,795.4382901573963,0.9717435084364505
(d),4,5,BUS5_IA_MAG,116941,20.30000000000291,775.1979652180978,795.4382901573963,0.9745545000916496
(d),4,5,BUS5_IA_MAG,116942,20.332999999999174,772.8641160475097,795.4382901573963,0.9716204583193754
(d),4,5,BUS5_IA_MAG,116943,20.36699999999837,781.8675482021105,795.4382901573963,0.9829392900452397
(d),4,5,BUS5_IA_MAG,116944,20.40000000000873,780.1842327991468,795.4382901573963,0.9808230788648217
(d),4,5,BUS5_IA_MAG,116945,20.433000000004085,776.5530087031077,795.4382901573963,0.9762580181417321
(d),4,5,BUS5_IA_MAG,116946,20.46700000000419,775.5926061846695,795.4382901573963,0.9750506303024464
(d),4,5,BUS5_IA_MAG,116947,20.5,780.2748560872502,795.4382901573963,0.980937007612312
(d),4,5,BUS5_IA_MAG,116948,20.53300000001036,783.3681031726392,795.4382901573963,0.9848257405582415
(d),4,5,BUS5_IA_MAG,116949,20.56700000001001,774.5844963433175,795.4382901573963,0.9737832663172998
(d),4,5,BUS5_IA_MAG,116950,20.600000000006276,778.6382494885394,795.4382901573963,0.9788795172714999
(d),4,5,BUS5_IA_MAG,116951,20.63300000000163,774.2459218559748,795.4382901573963,0.9733576211207684
(d),4,5,BUS5_IA_MAG,116952,20.66700000000128,779.0584984380351,795.4382901573963,0.9794078410329983
(d),4,5,BUS5_IA_MAG,116953,20.700000000007094,772.7625999078215,795.4382901573963,0.9714928354214782
(d),4,5,BUS5_IA_MAG,116954,20.733000000006996,779.1408998724511,795.4382901573963,0.9795114335246291
(d),4,5,BUS5_IA_MAG,116955,20.7670000000071,774.4980895259603,795.4382901573963,0.973674638384214
(d),4,5,BUS5_IA_MAG,116956,20.80000000000291,775.5925777925581,795.4382901573963,0.975050594608777
(d),4,5,BUS5_IA_MAG,116957,20.832999999999174,776.3492702536879,795.4382901573963,0.97600188457117
(d),4,5,BUS5_IA_MAG,116958,20.86699999999837,778.3769525627832,795.4382901573963,0.9785510229948359
(d),4,5,BUS5_IA_MAG,116959,20.90000000000873,778.7596348764857,795.4382901573963,0.9790321191633731
(d),4,5,BUS5_IA_MAG,116960,20.933000000004085,775.198439255503,795.4382901573963,0.9745550960365658
(d),4,5,BUS5_IA_MAG,116961,20.96700000000419,778.9465697936013,795.4382901573963,0.9792671278616324
(d),4,5,BUS5_IA_MAG,116962,21.0,775.0087763347336,795.4382901573963,0.9743166577779149
(d),4,5,BUS5_IA_MAG,116963,21.03300000001036,777.5128713978132,795.4382901573963,0.9774647273315996
(d),4,5,BUS5_IA_MAG,116964,21.06700000001001,778.7042835624338,795.4382901573963,0.9789625332322747
(d),4,5,BUS5_IA_MAG,116965,21.100000000006276,779.1538695806374,795.4382901573963,0.9795277386338335
(d),4,5,BUS5_IA_MAG,116966,21.13300000000163,774.2039701217952,795.4382901573963,0.9733048807200376
(d),4,5,BUS5_IA_MAG,116967,21.16700000000128,778.3306608698018,795.4382901573963,0.9784928265344012
(d),4,5,BUS5_IA_MAG,116968,21.200000000007094,782.567245066949,795.4382901573963,0.9838189269366195
(d),4,5,BUS5_IA_MAG,116969,21.233000000006996,774.6985902804189,795.4382901573963,0.9739267016265039
(d),4,5,BUS5_IA_MAG,116970,21.2670000000071,773.2909688359185,795.4382901573963,0.9721570842194491
(d),4,5,BUS5_IA_MAG,116971,21.30000000000291,780.2024036846557,795.4382901573963,0.9808459227305668
(d),4,5,BUS5_IA_MAG,116972,21.332999999999174,774.2607659933719,795.4382901573963,0.9733762827034215
(d),4,5,BUS5_IA_MAG,116973,21.36699999999837,774.9607704821793,795.4382901573963,0.9742563063299794
(d),4,5,BUS5_IA_MAG,116974,21.40000000000873,779.4878742497784,795.4382901573963,0.9799476387986531
(d),4,5,BUS5_IA_MAG,116975,21.433000000004085,779.3654568507607,795.4382901573963,0.9797937394949202
(d),4,5,BUS5_IA_MAG,116976,21.46700000000419,774.5313542450243,795.4382901573963,0.9737164577427684
(d),4,5,BUS5_IA_MAG,116977,21.5,778.3874367719933,795.4382901573963,0.978564203412902
(d),4,5,BUS5_IA_MAG,116978,21.53300000001036,784.0942260756323,795.4382901573963,0.9857385994336288
(d),4,5,BUS5_IA_MAG,116979,21.56700000001001,778.6311178900311,795.4382901573963,0.9788705516501607
(d),4,5,BUS5_IA_MAG,116980,21.600000000006276,780.0200810126529,795.4382901573963,0.9806167124017974
(d),4,5,BUS5_IA_MAG,116981,21.63300000000163,776.3841061722209,795.4382901573963,0.9760456791922789
(d),4,5,BUS5_IA_MAG,116982,21.66700000000128,773.9724448463711,795.4382901573963,0.9730138144257832
(d),4,5,BUS5_IA_MAG,116983,21.700000000007094,775.1577737964735,795.4382901573963,0.9745039727004973
(d),4,5,BUS5_IA_MAG,116984,21.733000000006996,776.7481358564562,795.4382901573963,0.9765033258617186
(d),4,5,BUS5_IA_MAG,116985,21.7670000000071,778.4487290691773,795.4382901573963,0.9786412581611362
(d),4,5,BUS5_IA_MAG,116986,21.80000000000291,777.3219686139049,795.4382901573963,0.9772247303560071
(d),4,5,BUS5_IA_MAG,116987,21.832999999999174,772.3869984870599,795.4382901573963,0.9710206411288359
(d),4,5,BUS5_IA_MAG,116988,21.86699999999837,773.2813844053082,795.4382901573963,0.9721450349747386
(d),4,5,BUS5_IA_MAG,116989,21.90000000000873,775.113338304407,795.4382901573963,0.9744481097974709
(d),4,5,BUS5_IA_MAG,116990,21.933000000004085,773.9366467574397,795.4382901573963,0.9729688101943119
(d),4,5,BUS5_IA_MAG,116991,21.96700000000419,777.969628579997,795.4382901573963,0.9780389480949645
(d),4,5,BUS5_IA_MAG,116992,22.0,775.4614039891226,795.4382901573963,0.9748856870288193
(d),4,5,BUS5_IA_MAG,116993,22.03300000001036,781.6599046896562,795.4382901573963,0.9826782471522539
(d),4,5,BUS5_IA_MAG,116994,22.06700000001001,772.99527775582,795.4382901573963,0.9717853506937221
(d),4,5,BUS5_IA_MAG,116995,22.100000000006276,779.7016056386403,795.4382901573963,0.9802163351783806
(d),4,5,BUS5_IA_MAG,116996,22.13300000000163,779.7673515014818,795.4382901573963,0.9802989888092845
(d),4,5,BUS5_IA_MAG,116997,22.16700000000128,778.3679417958982,795.4382901573963,0.9785396949421177
(d),4,5,BUS5_IA_MAG,116998,22.200000000007094,782.1993876313638,795.4382901573963,0.9833564681385745
(d),4,5,BUS5_IA_MAG,116999,22.233000000006996,781.0191073613512,795.4382901573963,0.9818726569056766
(d),4,5,BUS5_IA_MAG,117000,22.2670000000071,775.802118590403,795.4382901573963,0.9753140227092817
(d),4,5,BUS5_IA_MAG,117001,22.30000000000291,773.0660778275521,795.4382901573963,0.9718743583170766
(d),4,5,BUS5_IA_MAG,117002,22.332999999999174,778.1878995804958,795.4382901573963,0.9783133515316605
(d),4,5,BUS5_IA_MAG,117003,22.36699999999837,773.5494733665187,795.4382901573963,0.9724820679847503
(d),4,5,BUS5_IA_MAG,117004,22.40000000000873,778.4522297232576,795.4382901573963,0.9786456590733423
(d),4,5,BUS5_IA_MAG,117005,22.433000000004085,779.0235006052225,795.4382901573963,0.9793638428583494
(d),4,5,BUS5_IA_MAG,117006,22.46700000000419,773.9313595224563,795.4382901573963,0.9729621632487866
(d),4,5,BUS5_IA_MAG,117007,22.5,781.0394294960653,795.4382901573963,0.9818982052542607
(d),4,5,BUS5_IA_MAG,117008,22.53300000001036,770.2792021235678,795.4382901573963,0.9683707858357558
(d),4,5,BUS5_IA_MAG,117009,22.56700000001001,777.9996135691724,795.4382901573963,0.9780766442802581
(d),4,5,BUS5_IA_MAG,117010,22.600000000006276,777.0985599127328,795.4382901573963,0.9769438679636171
(d),4,5,BUS5_IA_MAG,117011,22.63300000000163,784.7783518634053,795.4382901573963,0.9865986608566685
(d),4,5,BUS5_IA_MAG,117012,22.66700000000128,774.261346082866,795.4382901573963,0.9733770119736882
(d),4,5,BUS5_IA_MAG,117013,22.700000000007094,772.5869186028212,795.4382901573963,0.971271974410418
(d),4,5,BUS5_IA_MAG,117014,22.733000000006996,770.3833915973661,795.4382901573963,0.9685017695652135
(d),4,5,BUS5_IA_MAG,117015,22.7670000000071,770.2325056339059,795.4382901573963,0.9683120804776663
(d),4,5,BUS5_IA_MAG,117016,22.80000000000291,771.633717592167,795.4382901573963,0.9700736400802142
(d),4,5,BUS5_IA_MAG,117017,22.832999999999174,776.660965298294,795.4382901573963,0.976393737777714
(d),4,5,BUS5_IA_MAG,117018,22.86699999999837,774.4990819369699,795.4382901573963,0.9736758860121216
(d),4,5,BUS5_IA_MAG,117019,22.90000000000873,773.8844549415181,795.4382901573963,0.9729031962848894
(d),4,5,BUS5_IA_MAG,117020,22.933000000004085,768.8473309657612,795.4382901573963,0.9665706824518424
(d),4,5,BUS5_IA_MAG,117021,22.96700000000419,774.6137615038663,795.4382901573963,0.9738200575566843
(d),4,5,BUS5_IA_MAG,117022,23.0,776.8044843072489,795.4382901573963,0.9765741653617652
(d),4,5,BUS5_IA_MAG,117023,23.03300000001036,781.3851270144603,795.4382901573963,0.9823328053013952
(d),4,5,BUS5_IA_MAG,117024,23.06700000001001,777.0461798482394,795.4382901573963,0.976878017394011
(d),4,5,BUS5_IA_MAG,117025,23.100000000006276,778.7675638894776,795.4382901573963,0.9790420872691206
(d),4,5,BUS5_IA_MAG,117026,23.13300000000163,779.892165558815,795.4382901573963,0.9804559011164711
(d),4,5,BUS5_IA_MAG,117027,23.16700000000128,768.3812377885223,795.4382901573963,0.9659847247691331
(d),4,5,BUS5_IA_MAG,117028,23.200000000007094,777.8057232762561,795.4382901573963,0.9778328915023048
(d),4,5,BUS5_IA_MAG,117029,23.233000000006996,776.5213253348254,795.4382901573963,0.9762181868076432
(d),4,5,BUS5_IA_MAG,117030,23.2670000000071,773.161172840695,795.4382901573963,0.9719939087766404
(d),4,5,BUS5_IA_MAG,117031,23.30000000000291,774.6652691593144,795.4382901573963,0.9738848113610782
(d),4,5,BUS5_IA_MAG,117032,23.332999999999174,773.2004800318631,795.4382901573963,0.9720433245410742
(d),4,5,BUS5_IA_MAG,117033,23.36699999999837,774.8004205182968,795.4382901573963,0.974054719398766
(d),4,5,BUS5_IA_MAG,117034,23.40000000000873,775.2720703430582,795.4382901573963,0.9746476627239711
(d),4,5,BUS5_IA_MAG,117035,23.433000000004085,772.5833197047328,795.4382901573963,0.971267449988935
(d),4,5,BUS5_IA_MAG,117036,23.46700000000419,774.7573819981657,795.4382901573963,0.9740006127249187
(d),4,5,BUS5_IA_MAG,117037,23.5,781.9158460050351,795.4382901573963,0.9830000085239982
(d),4,5,BUS5_IA_MAG,117038,23.53300000001036,775.4971601772025,795.4382901573963,0.9749306385838581
(d),4,5,BUS5_IA_MAG,117039,23.56700000001001,775.1778531673024,795.4382901573963,0.9745292158539604
(d),4,5,BUS5_IA_MAG,117040,23.600000000006276,772.6986506995586,795.4382901573963,0.9714124404882016
(d),4,5,BUS5_IA_MAG,117041,23.63300000000163,773.472026872328,795.4382901573963,0.9723847046881264
(d),4,5,BUS5_IA_MAG,117042,23.66700000000128,772.4196850429734,795.4382901573963,0.971061733638862
(d),4,5,BUS5_IA_MAG,117043,23.700000000007094,778.1807604231224,795.4382901573963,0.9783043764075537
(d),4,5,BUS5_IA_MAG,117044,23.733000000006996,777.2839252342931,795.4382901573963,0.977176903415712
(d),4,5,BUS5_IA_MAG,117045,23.7670000000071,779.2422819746283,795.4382901573963,0.9796388879147832
(d),4,5,BUS5_IA_MAG,117046,23.80000000000291,775.0585788749678,795.4382901573963,0.9743792679650914
(d),4,5,BUS5_IA_MAG,117047,23.832999999999174,770.9285917619811,795.4382901573963,0.9691871780643533
(d),4,5,BUS5_IA_MAG,117048,23.86699999999837,774.5379317511142,795.4382901573963,0.9737247267765468
(d),4,5,BUS5_IA_MAG,117049,23.90000000000873,784.8839442612691,795.4382901573963,0.9867314082981362
(d),4,5,BUS5_IA_MAG,117050,23.933000000004085,773.2950332331799,795.4382901573963,0.9721621938518513
(d),4,5,BUS5_IA_MAG,117051,23.96700000000419,779.2014140373652,795.4382901573963,0.9795875100294478
(d),4,5,BUS5_IA_MAG,117052,24.0,777.946219038161,795.4382901573963,0.9780095183552527
(d),4,5,BUS5_IA_MAG,117053,24.03300000001036,774.6323961363722,795.4382901573963,0.9738434844305683
(d),4,5,BUS5_IA_MAG,117054,24.06700000001001,779.3465575708063,795.4382901573963,0.9797699799145879
(d),4,5,BUS5_IA_MAG,117055,24.100000000006276,780.4082867975523,795.4382901573963,0.9811047525045972
(d),4,5,BUS5_IA_MAG,117056,24.13300000000163,767.3474343941367,795.4382901573963,0.9646850596572348
(d),4,5,BUS5_IA_MAG,117057,24.16700000000128,784.3842280499591,795.4382901573963,0.9861031807945153
(d),4,5,BUS5_IA_MAG,117058,24.200000000007094,773.4070099168746,795.4382901573963,0.972302967416665
(d),4,5,BUS5_IA_MAG,117059,24.233000000006996,775.0128843608256,795.4382901573963,0.9743218222591108
(d),4,5,BUS5_IA_MAG,117060,24.2670000000071,777.359744233765,795.4382901573963,0.977272220677164
(d),4,5,BUS5_IA_MAG,117061,24.30000000000291,776.489514806363,795.4382901573963,0.9761781956117754
(d),4,5,BUS5_IA_MAG,117062,24.332999999999174,779.3336045123717,795.4382901573963,0.9797536957369277
(d),4,5,BUS5_IA_MAG,117063,24.36699999999837,779.6650113547919,795.4382901573963,0.9801703299957018
(d),4,5,BUS5_IA_MAG,117064,24.40000000000873,773.8091422003843,795.4382901573963,0.972808515475497
(d),4,5,BUS5_IA_MAG,117065,24.433000000004085,772.6369942171855,795.4382901573963,0.9713349278978021
(d),4,5,BUS5_IA_MAG,117066,24.46700000000419,776.5926425750669,795.4382901573963,0.9763078445989816
(d),4,5,BUS5_IA_MAG,117067,24.5,775.2794439560408,795.4382901573963,0.9746569325982956
(d),4,5,BUS5_IA_MAG,117068,24.53300000001036,775.7866397865826,795.4382901573963,0.975294563243963
(d),4,5,BUS5_IA_MAG,117069,24.56700000001001,780.0010402196476,795.4382901573963,0.9805927749157084
(d),4,5,BUS5_IA_MAG,117070,24.600000000006276,770.8584257532394,795.4382901573963,0.9690989675650475
(d),4,5,BUS5_IA_MAG,117071,24.63300000000163,774.8160126401299,795.4382901573963,0.9740743213239259
(d),4,5,BUS5_IA_MAG,117072,24.66700000000128,770.2504530952791,795.4382901573963,0.9683346434616151
(d),4,5,BUS5_IA_MAG,117073,24.700000000007094,775.0849646973548,795.4382901573963,0.9744124393911009
(d),4,5,BUS5_IA_MAG,117074,24.733000000006996,770.7275634519985,795.4382901573963,0.9689344515958515
(d),4,5,BUS5_IA_MAG,117075,24.7670000000071,776.6191542050166,795.4382901573963,0.9763411741863018
(d),4,5,BUS5_IA_MAG,117076,24.80000000000291,768.9729562769511,795.4382901573963,0.9667286146418619
(d),4,5,BUS5_IA_MAG,117077,24.832999999999174,778.5465519675563,795.4382901573963,0.9787642380322205
(d),4,5,BUS5_IA_MAG,117078,24.86699999999837,780.226793877149,795.4382901573963,0.980876585313441
(d),4,5,BUS5_IA_MAG,117079,24.90000000000873,779.0693312349352,795.4382901573963,0.9794214596845444
(d),4,5,BUS5_IA_MAG,117080,24.933000000004085,780.8449156526783,795.4382901573963,0.9816536685682677
(d),4,5,BUS5_IA_MAG,117081,24.96700000000419,766.105334085487,795.4382901573963,0.9631235302161465
(d),4,5,BUS5_IA_MAG,117082,25.0,776.4032722807917,795.4382901573963,0.9760697742211555
(d),4,5,BUS5_IA_MAG,117083,25.03300000001036,773.9990725877608,795.4382901573963,0.9730472899847539
(d),4,5,BUS5_IA_MAG,117084,25.06700000001001,771.0329021806346,795.4382901573963,0.9693183138418788
(d),4,5,BUS5_IA_MAG,117085,25.100000000006276,776.4594319533119,795.4382901573963,0.9761403763950953
(d),4,5,BUS5_IA_MAG,117086,25.13300000000163,777.8921241988957,795.4382901573963,0.9779415120247371
(d),4,5,BUS5_IA_MAG,117087,25.16700000000128,770.5860877821898,795.4382901573963,0.968756592833507
(d),4,5,BUS5_IA_MAG,117088,25.200000000007094,773.2759492910967,795.4382901573963,0.9721382021200988
(d),4,5,BUS5_IA_MAG,117089,25.233000000006996,775.5486829066912,795.4382901573963,0.9749954113388614
(d),4,5,BUS5_IA_MAG,117090,25.2670000000071,772.9379688696192,795.4382901573963,0.9717133037644883
(d),4,5,BUS5_IA_MAG,117091,25.30000000000291,775.8950174810412,795.4382901573963,0.9754308122727057
(d),4,5,BUS5_IA_MAG,117092,25.332999999999174,773.5567529676601,795.4382901573963,0.972491219670345
(d),4,5,BUS5_IA_MAG,117093,25.36699999999837,779.088883627985,795.4382901573963,0.9794460403381182
(d),4,5,BUS5_IA_MAG,117094,25.40000000000873,775.6139405372473,795.4382901573963,0.9750774511794922
(d),4,5,BUS5_IA_MAG,117095,25.433000000004085,773.2675414607946,795.4382901573963,0.9721276320602888
(d),4,5,BUS5_IA_MAG,117096,25.46700000000419,777.4466219339878,795.4382901573963,0.9773814405893781
(d),4,5,BUS5_IA_MAG,117097,25.5,778.6608759805838,795.4382901573963,0.9789079625856423
(d),4,5,BUS5_IA_MAG,117098,25.53300000001036,777.6359206859554,795.4382901573963,0.9776194210264655
(d),4,5,BUS5_IA_MAG,117099,25.56700000001001,778.188459546841,795.4382901573963,0.9783140555037375
(d),4,5,BUS5_IA_MAG,117100,25.600000000006276,779.4451729616221,795.4382901573963,0.979893956082238
(d),4,5,BUS5_IA_MAG,117101,25.63300000000163,770.9762323744646,795.4382901573963,0.9692470703439594
(d),4,5,BUS5_IA_MAG,117102,25.66700000000128,783.0484810961404,795.4382901573963,0.9844239217365256
(d),4,5,BUS5_IA_MAG,117103,25.700000000007094,772.3204266209673,795.4382901573963,0.9709369490726244
(d),4,5,BUS5_IA_MAG,117104,25.733000000006996,775.439998238969,795.4382901573963,0.9748587763929869
(d),4,5,BUS5_IA_MAG,117105,25.7670000000071,772.0352363099851,795.4382901573963,0.9705784167835567
(d),4,5,BUS5_IA_MAG,117106,25.80000000000291,776.5741329757694,795.4382901573963,0.9762845749129148
(d),4,5,BUS5_IA_MAG,117107,25.832999999999174,775.2460199555843,795.4382901573963,0.9746149129961842
(d),4,5,BUS5_IA_MAG,117108,25.86699999999837,776.0403704249603,795.4382901573963,0.9756135454221123
(d),4,5,BUS5_IA_MAG,117109,25.90000000000873,771.1087211602414,795.4382901573963,0.9694136310783572
(d),4,5,BUS5_IA_MAG,117110,25.933000000004085,779.7849962848057,795.4382901573963,0.9803211712759098
(d),4,5,BUS5_IA_MAG,117111,25.96700000000419,777.5252776350508,795.4382901573963,0.9774803240628497
(d),4,5,BUS5_IA_MAG,117112,26.0,773.954213072174,795.4382901573963,0.9729908940126943
(d),4,5,BUS5_IA_MAG,117113,26.03300000001036,775.4787986681429,795.4382901573963,0.9749075550721804
(d),4,5,BUS5_IA_MAG,117114,26.06700000001001,778.7551843633455,795.4382901573963,0.9790265241182322
(d),4,5,BUS5_IA_MAG,117115,26.100000000006276,775.8602218329381,795.4382901573963,0.9753870682783146
(d),4,5,BUS5_IA_MAG,117116,26.13300000000163,775.0567132835215,795.4382901573963,0.9743769226022023
(d),4,5,BUS5_IA_MAG,117117,26.16700000000128,771.6562846597377,795.4382901573963,0.9701020106877772
(d),4,5,BUS5_IA_MAG,117118,26.200000000007094,772.9234523824534,795.4382901573963,0.9716950540934008
(d),4,5,BUS5_IA_MAG,117119,26.233000000006996,768.7090811540119,795.4382901573963,0.9663968791367896
(d),4,5,BUS5_IA_MAG,117120,26.2670000000071,781.6229948510753,795.4382901573963,0.9826318452640904
(d),4,5,BUS5_IA_MAG,117121,26.30000000000291,778.3861136539425,795.4382901573963,0.9785625400305037
(d),4,5,BUS5_IA_MAG,117122,26.332999999999174,775.5827599803689,795.4382901573963,0.9750382519640858
(d),4,5,BUS5_IA_MAG,117123,26.36699999999837,771.7078916369086,795.4382901573963,0.9701668893563169
(d),4,5,BUS5_IA_MAG,117124,26.40000000000873,771.2828347456057,795.4382901573963,0.9696325212015996
(d),4,5,BUS5_IA_MAG,117125,26.433000000004085,774.5063196294226,795.4382901573963,0.9736849850114309
(d),4,5,BUS5_IA_MAG,117126,26.46700000000419,781.5776817464271,795.4382901573963,0.9825748790541293
(d),4,5,BUS5_IA_MAG,117127,26.5,780.147549034287,795.4382901573963,0.9807769611894297
(d),4,5,BUS5_IA_MAG,117128,26.53300000001036,776.4831081853567,795.4382901573963,0.9761701414093495
(d),4,5,BUS5_IA_MAG,117129,26.56700000001001,771.0216255740396,795.4382901573963,0.9693041372467432
(d),4,5,BUS5_IA_MAG,117130,26.600000000006276,783.5323461025275,795.4382901573963,0.9850322216038746
(d),4,5,BUS5_IA_MAG,117131,26.63300000000163,774.5554255902404,795.4382901573963,0.9737467194808742
(d),4,5,BUS5_IA_MAG,117132,26.66700000000128,775.6385773506269,795.4382901573963,0.9751084238063878
(d),4,5,BUS5_IA_MAG,117133,26.700000000007094,778.887377505879,795.4382901573963,0.9791927131792433
(d),4,5,BUS5_IA_MAG,117134,26.733000000006996,769.5728653526774,795.4382901573963,0.967482801463328
(d),4,5,BUS5_IA_MAG,117135,26.7670000000071,773.7168137687235,795.4382901573963,0.972692443075157
(d),4,5,BUS5_IA_MAG,117136,26.80000000000291,774.8907210424292,795.4382901573963,0.9741682423775434
(d),4,5,BUS5_IA_MAG,117137,26.832999999999174,772.5238309956343,795.4382901573963,0.9711926626549147
(d),4,5,BUS5_IA_MAG,117138,26.86699999999837,776.0162750293412,795.4382901573963,0.9755832534485962
(d),4,5,BUS5_IA_MAG,117139,26.90000000000873,777.9501488130946,795.4382901573963,0.9780144587446988
(d),4,5,BUS5_IA_MAG,117140,26.933000000004085,773.22524515292,795.4382901573963,0.9720744584723462
(d),4,5,BUS5_IA_MAG,117141,26.96700000000419,773.6552023856761,795.4382901573963,0.9726149871822114
(d),4,5,BUS5_IA_MAG,117142,27.0,779.9044733957872,795.4382901573963,0.9804713741420025
(d),4,5,BUS5_IA_MAG,117143,27.03300000001036,776.474886157379,795.4382901573963,0.9761598049343779
(d),4,5,BUS5_IA_MAG,117144,27.06700000001001,772.5469248276069,795.4382901573963,0.9712216954941157
(d),4,5,BUS5_IA_MAG,117145,27.100000000006276,767.7859298926564,795.4382901573963,0.9652363224062697
(d),4,5,BUS5_IA_MAG,117146,27.13300000000163,776.145594742952,795.4382901573963,0.9757458301251417
(d),4,5,BUS5_IA_MAG,117147,27.16700000000128,774.9295040264303,795.4382901573963,0.9742169991252145
(d),4,5,BUS5_IA_MAG,117148,27.200000000007094,778.811770165141,795.4382901573963,0.9790976620084942
(d),4,5,BUS5_IA_MAG,117149,27.233000000006996,778.8742164411476,795.4382901573963,0.979176167502609
(d),4,5,BUS5_IA_MAG,117150,27.2670000000071,773.7393814059275,795.4382901573963,0.9727208143988452
(d),4,5,BUS5_IA_MAG,117151,27.30000000000291,779.904681353673,795.4382901573963,0.9804716355801157
(d),4,5,BUS5_IA_MAG,117152,27.332999999999174,777.6557922402122,795.4382901573963,0.9776444029194705
(d),4,5,BUS5_IA_MAG,117153,27.36699999999837,775.8506776476806,795.4382901573963,0.9753750696287957
(d),4,5,BUS5_IA_MAG,117154,27.40000000000873,775.4438233950499,795.4382901573963,0.9748635852589017
(d),4,5,BUS5_IA_MAG,117155,27.433000000004085,774.9195183058152,795.4382901573963,0.9742044453913314
(d),4,5,BUS5_IA_MAG,117156,27.46700000000419,774.9635755117107,795.4382901573963,0.9742598327248816
(d),4,5,BUS5_IA_MAG,117157,27.5,776.6301983078855,795.4382901573963,0.976355058485066
(d),4,5,BUS5_IA_MAG,117158,27.53300000001036,768.8446885007407,795.4382901573963,0.9665673604279303
(d),4,5,BUS5_IA_MAG,117159,27.56700000001001,773.6503138446659,795.4382901573963,0.9726088414622093
(d),4,5,BUS5_IA_MAG,117160,27.600000000006276,776.2192549449127,795.4382901573963,0.9758384334142619
(d),4,5,BUS5_IA_MAG,117161,27.63300000000163,778.4081863378119,795.4382901573963,0.978590289114427
(d),4,5,BUS5_IA_MAG,117162,27.66700000000128,774.4899291561632,795.4382901573963,0.9736643794239677
(d),4,5,BUS5_IA_MAG,117163,27.700000000007094,774.2290491041796,795.4382901573963,0.9733364092278988
(d),4,5,BUS5_IA_MAG,117164,27.733000000006996,776.8252686068677,795.4382901573963,0.9766002947295314
(d),4,5,BUS5_IA_MAG,117165,27.7670000000071,769.2990858704622,795.4382901573963,0.9671386145092893
(d),4,5,BUS5_IA_MAG,117166,27.80000000000291,776.3551106757669,795.4382901573963,0.9760092269661128
(d),4,5,BUS5_IA_MAG,117167,27.832999999999174,774.7551183784013,795.4382901573963,0.9739977669733471
(d),4,5,BUS5_IA_MAG,117168,27.86699999999837,776.8838758294783,795.4382901573963,0.9766739738864638
(d),4,5,BUS5_IA_MAG,117169,27.90000000000873,779.995611219256,795.4382901573963,0.9805859497471707
(d),4,5,BUS5_IA_MAG,117170,27.933000000004085,773.1198699991437,795.4382901573963,0.9719419841433126
(d),4,5,BUS5_IA_MAG,117171,27.96700000000419,771.3694612350918,795.4382901573963,0.9697414252995767
(d),4,5,BUS5_IA_MAG,117172,28.0,771.6744666817564,795.4382901573963,0.9701248685539922
(d),4,5,BUS5_IA_MAG,117173,28.03300000001036,771.8001740675442,795.4382901573963,0.9702829039256147
(d),4,5,BUS5_IA_MAG,117174,28.06700000001001,785.6655291209042,795.4382901573963,0.9877139922010062
(d),4,5,BUS5_IA_MAG,117175,28.100000000006276,778.236757738457,795.4382901573963,0.9783747744711465
(d),4,5,BUS5_IA_MAG,117176,28.13300000000163,779.5704414579426,795.4382901573963,0.9800514396958262
(d),4,5,BUS5_IA_MAG,117177,28.16700000000128,775.8920862985461,795.4382901573963,0.9754271272822653
(d),4,5,BUS5_IA_MAG,117178,28.200000000007094,770.8711379792264,795.4382901573963,0.9691149489757293
(d),4,5,BUS5_IA_MAG,117179,28.233000000006996,776.7546950366493,795.4382901573963,0.9765115718567559
(d),4,5,BUS5_IA_MAG,117180,28.2670000000071,773.4378990678347,795.4382901573963,0.9723418002857163
(d),4,5,BUS5_IA_MAG,117181,28.30000000000291,778.3543435742034,795.4382901573963,0.9785225996854987
(d),4,5,BUS5_IA_MAG,117182,28.332999999999174,770.0606525479994,795.4382901573963,0.9680960321832441
(d),4,5,BUS5_IA_MAG,117183,28.36699999999837,776.2703816341021,795.4382901573963,0.9759027082798575
(d),4,5,BUS5_IA_MAG,117184,28.40000000000873,774.1840704866823,795.4382901573963,0.9732798635246634
(d),4,5,BUS5_IA_MAG,117185,28.433000000004085,779.6176804278983,795.4382901573963,0.9801108270430791
(d),4,5,BUS5_IA_MAG,117186,28.46700000000419,780.3683946389783,795.4382901573963,0.9810546013375393
(d),4,5,BUS5_IA_MAG,117187,28.5,774.8315788618029,795.4382901573963,0.9740938906882194
(d),4,5,BUS5_IA_MAG,117188,28.53300000001036,771.114318066338,795.4382901573963,0.9694206673326661
(d),4,5,BUS5_IA_MAG,117189,28.56700000001001,773.2422891457269,795.4382901573963,0.9720958856440298
(d),4,5,BUS5_IA_MAG,117190,28.600000000006276,775.1733035105968,795.4382901573963,0.9745234961686474
(d),4,5,BUS5_IA_MAG,117191,28.63300000000163,774.4329735556221,795.4382901573963,0.9735927766343536
(d),4,5,BUS5_IA_MAG,117192,28.66700000000128,776.2687592244573,795.4382901573963,0.9759006686374806
(d),4,5,BUS5_IA_MAG,117193,28.700000000007094,774.2303516884532,795.4382901573963,0.9733380467958783
(d),4,5,BUS5_IA_MAG,117194,28.733000000006996,773.7244750156748,795.4382901573963,0.9727020745538603
(d),4,5,BUS5_IA_MAG,117195,28.7670000000071,776.3976692452563,795.4382901573963,0.9760627302611089
(d),4,5,BUS5_IA_MAG,117196,28.80000000000291,773.034785361555,795.4382901573963,0.971835018413046
(d),4,5,BUS5_IA_MAG,117197,28.832999999999174,773.5381941736144,795.4382901573963,0.9724678881381881
(d),4,5,BUS5_IA_MAG,117198,28.86699999999837,777.170860546259,795.4382901573963,0.9770347620460631
(d),4,5,BUS5_IA_MAG,117199,28.90000000000873,775.0530950435732,795.4382901573963,0.9743723738647414
(d),4,5,BUS5_IA_MAG,117200,28.933000000004085,780.4362293588363,795.4382901573963,0.9811398810137848
(d),4,5,BUS5_IA_MAG,117201,28.96700000000419,782.1260567375529,795.4382901573963,0.9832642788453027
(d),4,5,BUS5_IA_MAG,117202,29.0,773.4845936779567,795.4382901573963,0.9724005032809075
(d),4,5,BUS5_IA_MAG,117203,29.03300000001036,782.0982887397103,795.4382901573963,0.9832293697917831
(d),4,5,BUS5_IA_MAG,117204,29.06700000001001,778.4942442865615,795.4382901573963,0.9786984784608722
(d),4,5,BUS5_IA_MAG,117205,29.100000000006276,774.2669202000776,795.4382901573963,0.9733840195785277
(d),4,5,BUS5_IA_MAG,117206,29.13300000000163,776.33588485446,795.4382901573963,0.9759850568682626
(d),4,5,BUS5_IA_MAG,117207,29.16700000000128,770.975487387595,795.4382901573963,0.9692461337698983
(d),4,5,BUS5_IA_MAG,117208,29.200000000007094,775.4821256583392,795.4382901573963,0.9749117376596137
(d),4,5,BUS5_IA_MAG,117209,29.233000000006996,779.3794703578651,795.4382901573963,0.9798113568352944
(d),4,5,BUS5_IA_MAG,117210,29.2670000000071,778.227878984526,795.4382901573963,0.9783636123809619
(d),4,5,BUS5_IA_MAG,117211,29.30000000000291,777.1559074580998,795.4382901573963,0.9770159634939388
(d),4,5,BUS5_IA_MAG,117212,29.332999999999174,778.7930427884897,795.4382901573963,0.9790741185395879
(d),4,5,BUS5_IA_MAG,117213,29.36699999999837,777.9335655234346,795.4382901573963,0.9779936107545213
(d),4,5,BUS5_IA_MAG,117214,29.40000000000873,767.4974624019255,795.4382901573963,0.9648736701498969
(d),4,5,BUS5_IA_MAG,117215,29.433000000004085,777.2983248997406,795.4382901573963,0.9771950062222096
(d),4,5,BUS5_IA_MAG,117216,29.46700000000419,778.9848726285937,795.4382901573963,0.9793152809810717
(d),4,5,BUS5_IA_MAG,117217,29.5,778.1442092290301,795.4382901573963,0.9782584253959611
(d),4,5,BUS5_IA_MAG,117218,29.53300000001036,773.9181795059361,795.4382901573963,0.9729455937465596
(d),4,5,BUS5_IA_MAG,117219,29.56700000001001,773.7911460855403,795.4382901573963,0.9727858913259347
(d),4,5,BUS5_IA_MAG,117220,29.600000000006276,773.3310505610274,795.4382901573963,0.9722074737035924
(d),4,5,BUS5_IA_MAG,117221,29.63300000000163,774.1588381870669,795.4382901573963,0.9732481422712015
(d),4,5,BUS5_IA_MAG,117222,29.66700000000128,783.7469782498833,795.4382901573963,0.9853020503888497
(d),4,5,BUS5_IA_MAG,117223,29.700000000007094,770.4315694019216,795.4382901573963,0.9685623371857967
(d),4,5,BUS5_IA_MAG,117224,29.733000000006996,774.8697664071154,795.4382901573963,0.9741418988690991
(d),4,5,BUS5_IA_MAG,117225,29.7670000000071,772.9535562405534,795.4382901573963,0.9717328997169677
(d),4,5,BUS5_IA_MAG,117226,29.80000000000291,770.5916300167104,795.4382901573963,0.9687635603564302
(d),4,5,BUS5_IA_MAG,117227,29.832999999999174,777.5601166137527,795.4382901573963,0.9775241225311068
(d),4,5,BUS5_IA_MAG,117228,29.86699999999837,778.7037279288427,795.4382901573963,0.9789618347071999
(d),4,5,BUS5_IA_MAG,117229,29.90000000000873,781.313197348673,795.4382901573963,0.9822423775879229
(d),4,5,BUS5_IA_MAG,117230,29.933000000004085,771.5072356795561,795.4382901573963,0.9699146309978303
(d),4,5,BUS5_IA_MAG,117231,29.96700000000419,778.5690218869572,795.4382901573963,0.9787924865081601
(d),4,5,BUS5_IA_MAG,117232,30.0,776.3089081960518,795.4382901573963,0.9759511426617905
(d),4,5,BUS5_IA_MAG,117233,30.03300000001036,769.39545097639,795.4382901573963,0.9672597616895546
(d),4,5,BUS5_IA_MAG,117234,30.06700000001001,774.4799785012665,795.4382901573963,0.9736518697736027
(d),4,5,BUS5_IA_MAG,117235,30.100000000006276,771.8072078298869,795.4382901573963,0.9702917465504038
(d),4,5,BUS5_IA_MAG,117236,30.13300000000163,768.7295960483182,795.4382901573963,0.9664226698166702
(d),4,5,BUS5_IA_MAG,117237,30.16700000000128,779.9674657863964,795.4382901573963,0.980550566194219
(d),4,5,BUS5_IA_MAG,117238,30.200000000007094,774.6078996370892,795.4382901573963,0.9738126882021416
(d),4,5,BUS5_IA_MAG,117239,30.233000000006996,779.5994302671202,795.4382901573963,0.9800878835149588
(d),4,5,BUS5_IA_MAG,117240,30.2670000000071,772.0385270237349,795.4382901573963,0.9705825537653824
(d),4,5,BUS5_IA_MAG,117241,30.30000000000291,776.8940236478846,795.4382901573963,0.9766867314045917
(d),4,5,BUS5_IA_MAG,117242,30.332999999999174,775.333735767501,795.4382901573963,0.9747251865560594
(d),4,5,BUS5_IA_MAG,117243,30.36699999999837,778.5778500094104,795.4382901573963,0.9788035849460432
(d),4,5,BUS5_IA_MAG,117244,30.40000000000873,778.7513631274486,795.4382901573963,0.9790217201806494
(d),4,5,BUS5_IA_MAG,117245,30.433000000004085,775.775859612599,795.4382901573963,0.9752810107482924
(d),4,5,BUS5_IA_MAG,117246,30.46700000000419,772.5565838440091,795.4382901573963,0.9712338385057381
(d),4,5,BUS5_IA_MAG,117247,30.5,776.5972504843304,795.4382901573963,0.9763136375175782
(d),4,5,BUS5_IA_MAG,117248,30.53300000001036,769.8780503334851,795.4382901573963,0.9678664704224215
(d),4,5,BUS5_IA_MAG,117249,30.56700000001001,774.4141309626091,795.4382901573963,0.9735690883190611
(d),4,5,BUS5_IA_MAG,117250,30.600000000006276,778.3696781576496,795.4382901573963,0.9785418778414988
(d),4,5,BUS5_IA_MAG,117251,30.63300000000163,775.0383951644749,795.4382901573963,0.9743538936390844
(d),4,5,BUS5_IA_MAG,117252,30.66700000000128,776.5155872653571,795.4382901573963,0.9762109730871833
(d),4,5,BUS5_IA_MAG,117253,30.700000000007094,774.2420915587329,795.4382901573963,0.9733528057915477
(d),4,5,BUS5_IA_MAG,117254,30.733000000006996,774.1362418378028,795.4382901573963,0.9732197348516145
(d),4,5,BUS5_IA_MAG,117255,30.7670000000071,774.8793138503489,795.4382901573963,0.9741539016144429
(d),4,5,BUS5_IA_MAG,117256,30.80000000000291,778.1665826161828,795.4382901573963,0.9782865525145944
(d),4,5,BUS5_IA_MAG,117257,30.832999999999174,771.7646471697335,795.4382901573963,0.9702382406270907
(d),4,5,BUS5_IA_MAG,117258,30.86699999999837,774.0993469416151,795.4382901573963,0.9731733517485577
(d),4,5,BUS5_IA_MAG,117259,30.90000000000873,776.0044558796884,795.4382901573963,0.9755683947853926
(d),4,5,BUS5_IA_MAG,117260,30.933000000004085,779.1483785649364,795.4382901573963,0.9795208355015993
(d),4,5,BUS5_IA_MAG,117261,30.96700000000419,774.7437196866044,795.4382901573963,0.9739834368965354
(d),4,5,BUS5_IA_MAG,117262,31.0,774.5368146453584,795.4382901573963,0.9737233223863261
(d),4,5,BUS5_IA_MAG,117263,31.03300000001036,775.7889362277725,795.4382901573963,0.9752974502575986
(d),4,5,BUS5_IA_MAG,117264,31.06700000001001,776.313373442476,795.4382901573963,0.9759567562291526
(d),4,5,BUS5_IA_MAG,117265,31.100000000006276,771.7819101327558,795.4382901573963,0.970259943081242
(d),4,5,BUS5_IA_MAG,117266,31.13300000000163,774.0867330029444,795.4382901573963,0.9731574939015986
(d),4,5,BUS5_IA_MAG,117267,31.16700000000128,778.0104690111298,795.4382901573963,0.978090291400458
(d),4,5,BUS5_IA_MAG,117268,31.200000000007094,781.3008557877938,795.4382901573963,0.9822268621657564
(d),4,5,BUS5_IA_MAG,117269,31.233000000006996,775.0344568776459,795.4382901573963,0.9743489425487513
(d),4,5,BUS5_IA_MAG,117270,31.2670000000071,772.0239673302079,795.4382901573963,0.9705642497766165
(d),4,5,BUS5_IA_MAG,117271,31.30000000000291,777.3024813987847,795.4382901573963,0.9772002316420763
(d),4,5,BUS5_IA_MAG,117272,31.332999999999174,768.0055708044167,795.4382901573963,0.9655124480523167
(d),4,5,BUS5_IA_MAG,117273,31.36699999999837,774.531534104542,795.4382901573963,0.973716683856497
(d),4,5,BUS5_IA_MAG,117274,31.40000000000873,775.3347185977104,795.4382901573963,0.9747264221392864
(d),4,5,BUS5_IA_MAG,117275,31.433000000004085,772.1832199152897,795.4382901573963,0.9707644571177168
(d),4,5,BUS5_IA_MAG,117276,31.46700000000419,779.8525611876698,795.4382901573963,0.9804061117467171
(d),4,5,BUS5_IA_MAG,117277,31.5,777.9414382816163,795.4382901573963,0.9780035081384908
(d),4,5,BUS5_IA_MAG,117278,31.53300000001036,783.6547252717496,795.4382901573963,0.9851860728463109
(d),4,5,BUS5_IA_MAG,117279,31.56700000001001,773.1949374059873,795.4382901573963,0.9720363565261516
(d),4,5,BUS5_IA_MAG,117280,31.600000000006276,775.9060919654955,795.4382901573963,0.9754447347662434
(d),4,5,BUS5_IA_MAG,117281,31.63300000000163,782.5104516163635,795.4382901573963,0.9837475279968296
(d),4,5,BUS5_IA_MAG,117282,31.66700000000128,780.9014515434314,795.4382901573963,0.9817247437119372
(d),4,5,BUS5_IA_MAG,117283,31.700000000007094,774.4509244471225,795.4382901573963,0.9736153439305506
(d),4,5,BUS5_IA_MAG,117284,31.733000000006996,778.7894719630431,795.4382901573963,0.9790696294101471
(d),4,5,BUS5_IA_MAG,117285,31.7670000000071,779.3272338556097,795.4382901573963,0.9797456867476186
(d),4,5,BUS5_IA_MAG,117286,31.80000000000291,769.8603671892167,795.4382901573963,0.9678442397296233
(d),4,5,BUS5_IA_MAG,117287,31.832999999999174,774.3398004199739,795.4382901573963,0.9734756422987287
(d),4,5,BUS5_IA_MAG,117288,31.86699999999837,776.9164613777702,795.4382901573963,0.9767149394128851
(d),4,5,BUS5_IA_MAG,117289,31.90000000000873,774.9443428256518,795.4382901573963,0.9742356539968811
(d),4,5,BUS5_IA_MAG,117290,31.933000000004085,781.300093008527,795.4382901573963,0.9822259032236533
(d),4,5,BUS5_IA_MAG,117291,31.96700000000419,779.8632023984511,795.4382901573963,0.9804194895422205
(d),4,5,BUS5_IA_MAG,117292,32.0,776.6698621144888,795.4382901573963,0.9764049225752085
(d),4,5,BUS5_IA_MAG,117293,32.03300000001036,775.8638728521435,795.4382901573963,0.9753916582248265
(d),4,5,BUS5_IA_MAG,117294,32.06700000001001,775.5119857078042,795.4382901573963,0.9749492767746331
(d),4,5,BUS5_IA_MAG,117295,32.100000000006276,776.3790279740094,795.4382901573963,0.9760392950412086
(d),4,5,BUS5_IA_MAG,117296,32.13300000000163,774.1568904638295,795.4382901573963,0.973245693654808
(d),4,5,BUS5_IA_MAG,117297,32.16700000000128,775.4893830515554,795.4382901573963,0.9749208614261031
(d),4,5,BUS5_IA_MAG,117298,32.200000000007094,777.1167331957139,795.4382901573963,0.9769667148433889
(d),4,5,BUS5_IA_MAG,117299,32.233000000006996,781.9040805095657,795.4382901573963,0.9829852173131463
(d),4,5,BUS5_IA_MAG,117300,32.2670000000071,772.1078965206578,795.4382901573963,0.9706697629150817
(d),4,5,BUS5_IA_MAG,117301,32.30000000000291,779.2157835193605,795.4382901573963,0.9796055748902585
(d),4,5,BUS5_IA_MAG,117302,32.332999999999174,778.9809026118552,795.4382901573963,0.9793102900008942
(d),4,5,BUS5_IA_MAG,117303,32.36699999999837,770.8775976355628,795.4382901573963,0.9691230698525041
(d),4,5,BUS5_IA_MAG,117304,32.40000000000873,777.9998893372557,795.4382901573963,0.9780769909672188
(d),4,5,BUS5_IA_MAG,117305,32.433000000004085,775.9618477029505,795.4382901573963,0.9755148291257241
(d),4,5,BUS5_IA_MAG,117306,32.46700000000419,776.958697651353,795.4382901573963,0.9767680375276042
(d),4,5,BUS5_IA_MAG,117307,32.5,778.4287613085729,795.4382901573963,0.978616155320537
(d),4,5,BUS5_IA_MAG,117308,32.53300000001036,775.8797946947672,795.4382901573963,0.975411674664594
(d),4,5,BUS5_IA_MAG,117309,32.56700000001001,774.7617702388428,795.4382901573963,0.9740061294830776
(d),4,5,BUS5_IA_MAG,117310,32.600000000006276,773.634274057979,795.4382901573963,0.9725886767468752
(d),4,5,BUS5_IA_MAG,117311,32.63300000000163,773.5490224786279,795.4382901573963,0.9724815011426755
(d),4,5,BUS5_IA_MAG,117312,32.66700000000128,774.5862168379772,795.4382901573963,0.9737854292690725
(d),4,5,BUS5_IA_MAG,117313,32.700000000007094,774.555998534213,795.4382901573963,0.9737474397680161
(d),4,5,BUS5_IA_MAG,117314,32.733000000006996,776.1505058533147,795.4382901573963,0.9757520042186238
(d),4,5,BUS5_IA_MAG,117315,32.7670000000071,779.2297750829825,795.4382901573963,0.9796231646439769
(d),4,5,BUS5_IA_MAG,117316,32.80000000000291,775.1742516078751,795.4382901573963,0.9745246880867259
(d),4,5,BUS5_IA_MAG,117317,32.832999999999174,776.1745454596229,795.4382901573963,0.975782226055573
(d),4,5,BUS5_IA_MAG,117318,32.86699999999837,771.3427059764272,795.4382901573963,0.9697077894298988
(d),4,5,BUS5_IA_MAG,117319,32.90000000000873,778.5076062990781,795.4382901573963,0.9787152767627417
(d),4,5,BUS5_IA_MAG,117320,32.933000000004085,778.3704025733352,795.4382901573963,0.9785427885541143
(d),4,5,BUS5_IA_MAG,117321,32.96700000000419,777.2620302004709,795.4382901573963,0.9771493776678405
(d),4,5,BUS5_IA_MAG,117322,33.0,774.7918347698765,795.4382901573963,0.9740439256658936
(d),4,5,BUS5_IA_MAG,117323,33.03300000001036,779.6572029140642,795.4382901573963,0.9801605134696125
(d),4,5,BUS5_IA_MAG,117324,33.06700000001001,774.1229108646327,795.4382901573963,0.9732029755714351
(d),4,5,BUS5_IA_MAG,117325,33.100000000006276,771.9661716281361,795.4382901573963,0.9704915908377811
(d),4,5,BUS5_IA_MAG,117326,33.13300000000163,773.1460963385233,795.4382901573963,0.9719749550723011
(d),4,5,BUS5_IA_MAG,117327,33.16700000000128,780.2523490991275,795.4382901573963,0.9809087125347412
(d),4,5,BUS5_IA_MAG,117328,33.200000000007094,775.5418802491951,795.4382901573963,0.9749868592518167
(d),4,5,BUS5_IA_MAG,117329,33.233000000006996,779.9490402715317,795.4382901573963,0.9805274022164564
(d),4,5,BUS5_IA_MAG,117330,33.2670000000071,777.1305871647476,795.4382901573963,0.9769841316175185
(d),4,5,BUS5_IA_MAG,117331,33.30000000000291,776.6948990784786,795.4382901573963,0.9764363982588656
(d),4,5,BUS5_IA_MAG,117332,33.332999999999174,777.4553038130756,795.4382901573963,0.977392355174702
(d),4,5,BUS5_IA_MAG,117333,33.36699999999837,784.4352163689082,795.4382901573963,0.9861672817053968
(d),4,5,BUS5_IA_MAG,117334,33.40000000000873,775.194755755879,795.4382901573963,0.9745504652566931
(d),4,5,BUS5_IA_MAG,117335,33.433000000004085,775.5887371316301,795.4382901573963,0.975045766250656
(d),4,5,BUS5_IA_MAG,117336,33.46700000000419,780.5778948170165,795.4382901573963,0.9813179783721006
(d),4,5,BUS5_IA_MAG,117337,33.5,779.9148444099001,795.4382901573963,0.9804844122547526
(d),4,5,BUS5_IA_MAG,117338,33.53300000001036,773.2536666336581,795.4382901573963,0.9721101890640084
(d),4,5,BUS5_IA_MAG,117339,33.56700000001001,781.7885474495127,795.4382901573963,0.9828399727838314
(d),4,5,BUS5_IA_MAG,117340,33.600000000006276,786.5234527808055,795.4382901573963,0.9887925468425379
(d),4,5,BUS5_IA_MAG,117341,33.63300000000163,778.7722594428388,795.4382901573963,0.9790479903711202
(d),4,5,BUS5_IA_MAG,117342,33.66700000000128,779.0086804778683,795.4382901573963,0.9793452114603673
(d),4,5,BUS5_IA_MAG,117343,33.700000000007094,783.0751465878402,795.4382901573963,0.9844574447539988
(d),4,5,BUS5_IA_MAG,117344,33.733000000006996,774.8090707516768,795.4382901573963,0.9740655942001013
(d),4,5,BUS5_IA_MAG,117345,33.7670000000071,775.5372371516298,795.4382901573963,0.9749810220955939
(d),4,5,BUS5_IA_MAG,117346,33.80000000000291,774.1329547334973,795.4382901573963,0.9732156024074686
(d),4,5,BUS5_IA_MAG,117347,33.832999999999174,773.7892696007515,795.4382901573963,0.9727835322682781
(d),4,5,BUS5_IA_MAG,117348,33.86699999999837,778.7714093827545,795.4382901573963,0.9790469217023186
(d),4,5,BUS5_IA_MAG,117349,33.90000000000873,774.5811659906085,795.4382901573963,0.9737790795026214
(d),4,5,BUS5_IA_MAG,117350,33.933000000004085,775.6822529315484,795.4382901573963,0.9751633313730237
(d),4,5,BUS5_IA_MAG,117351,33.96700000000419,774.5613141070893,795.4382901573963,0.9737541223390491
(d),4,5,BUS5_IA_MAG,117352,34.0,775.5819092309351,795.4382901573963,0.9750371824286557
(d),4,5,BUS5_IA_MAG,117353,34.03300000001036,768.4176956481047,795.4382901573963,0.9660305584435155
(d),4,5,BUS5_IA_MAG,117354,34.06700000001001,774.8481512911654,795.4382901573963,0.9741147250251725
(d),4,5,BUS5_IA_MAG,117355,34.100000000006276,773.7178947239446,795.4382901573963,0.9726938020180625
(d),4,5,BUS5_IA_MAG,117356,34.13300000000163,778.7361678082518,795.4382901573963,0.9790026171032833
(d),4,5,BUS5_IA_MAG,117357,34.16700000000128,776.3469716586114,795.4382901573963,0.975998994849736
(d),4,5,BUS5_IA_MAG,117358,34.200000000007094,777.8025403720219,795.4382901573963,0.9778288900552112
(d),4,5,BUS5_IA_MAG,117359,34.233000000006996,775.8521218647688,795.4382901573963,0.9753768852530951
(d),4,5,BUS5_IA_MAG,117360,34.2670000000071,775.6762655842382,795.4382901573963,0.9751558042683013
(d),4,5,BUS5_IA_MAG,117361,34.30000000000291,776.58145946943,795.4382901573963,0.9762937855503095
(d),4,5,BUS5_IA_MAG,117362,34.332999999999174,780.1499051187046,795.4382901573963,0.9807799231846552
(d),4,5,BUS5_IA_MAG,117363,34.36699999999837,782.9524945599977,795.4382901573963,0.984303250482287
(d),4,5,BUS5_IA_MAG,117364,34.40000000000873,774.0536553676084,795.4382901573963,0.9731159097388228
(d),4,5,BUS5_IA_MAG,117365,34.433000000004085,777.0185865676988,795.4382901573963,0.9768433279895883
(d),4,5,BUS5_IA_MAG,117366,34.46700000000419,778.5773616504193,795.4382901573963,0.9788029709964796
(d),4,5,BUS5_IA_MAG,117367,34.5,772.642123605447,795.4382901573963,0.9713413764033931
(d),4,5,BUS5_IA_MAG,117368,34.53300000001036,776.6548699682104,795.4382901573963,0.9763860749204453
(d),4,5,BUS5_IA_MAG,117369,34.56700000001001,781.9996971829108,795.4382901573963,0.9831054235875089
(d),4,5,BUS5_IA_MAG,117370,34.600000000006276,781.9634825518212,795.4382901573963,0.9830598956923374
(d),4,5,BUS5_IA_MAG,117371,34.63300000000163,778.6115545427185,795.4382901573963,0.9788459572252322
(d),4,5,BUS5_IA_MAG,117372,34.66700000000128,782.4816924882731,795.4382901573963,0.9837113729255359
(d),4,5,BUS5_IA_MAG,117373,34.700000000007094,778.3788532588499,795.4382901573963,0.9785534124901495
(d),4,5,BUS5_IA_MAG,117374,34.733000000006996,775.3588796579992,795.4382901573963,0.9747567966643598
(d),4,5,BUS5_IA_MAG,117375,34.7670000000071,773.0238363308895,795.4382901573963,0.9718212536360658
(d),4,5,BUS5_IA_MAG,117376,34.80000000000291,780.6875555881014,795.4382901573963,0.981455840444422
(d),4,5,BUS5_IA_MAG,117377,34.832999999999174,777.8555975928005,795.4382901573963,0.977895591924401
(d),4,5,BUS5_IA_MAG,117378,34.86699999999837,778.7729395203849,795.4382901573963,0.979048845343221
(d),4,5,BUS5_IA_MAG,117379,34.90000000000873,778.437488184516,795.4382901573963,0.9786271264744921
(d),4,5,BUS5_IA_MAG,117380,34.933000000004085,772.7527892422885,795.4382901573963,0.9714805017613385
(d),4,5,BUS5_IA_MAG,117381,34.96700000000419,781.0633742883882,795.4382901573963,0.9819283078940496
(d),4,5,BUS5_IA_MAG,117382,35.0,774.6545034144142,795.4382901573963,0.9738712770051973
(d),4,5,BUS5_IA_MAG,117383,35.03300000001036,778.0693781439339,795.4382901573963,0.97816435010939
(d),4,5,BUS5_IA_MAG,117384,35.06700000001001,778.724844806466,795.4382901573963,0.9789883821815729
(d),4,5,BUS5_IA_MAG,117385,35.100000000006276,772.6219348027823,795.4382901573963,0.9713159956756681
(d),4,5,BUS5_IA_MAG,117386,35.13300000000163,779.2071527256112,795.4382901573963,0.9795947245278155
(d),4,5,BUS5_IA_MAG,117387,35.16700000000128,771.3633739216692,795.4382901573963,0.9697337725206021
(d),4,5,BUS5_IA_MAG,117388,35.200000000007094,773.1621201745425,795.4382901573963,0.9719950997349575
(d),4,5,BUS5_IA_MAG,117389,35.233000000006996,773.1109195491945,795.4382901573963,0.9719307319191488
(d),4,5,BUS5_IA_MAG,117390,35.2670000000071,775.0037894138131,795.4382901573963,0.9743103883777839
(d),4,5,BUS5_IA_MAG,117391,35.30000000000291,781.891119973158,795.4382901573963,0.9829689237344135
(d),4,5,BUS5_IA_MAG,117392,35.332999999999174,772.3749100145883,795.4382901573963,0.9710054438814552
(d),4,5,BUS5_IA_MAG,117393,35.36699999999837,779.0372731693756,795.4382901573963,0.9793811572928236
(d),4,5,BUS5_IA_MAG,117394,35.40000000000873,775.8283677832403,795.4382901573963,0.9753470223689186
(d),4,5,BUS5_IA_MAG,117395,35.433000000004085,779.100188683909,795.4382901573963,0.9794602526988556
(d),4,5,BUS5_IA_MAG,117396,35.46700000000419,778.9913217333931,795.4382901573963,0.979323388592786
(d),4,5,BUS5_IA_MAG,117397,35.5,777.6534221973938,795.4382901573963,0.9776414233761824
(d),4,5,BUS5_IA_MAG,117398,35.53300000001036,776.7471142508318,795.4382901573963,0.9765020415312595
(d),4,5,BUS5_IA_MAG,117399,35.56700000001001,781.3598119833212,795.4382901573963,0.9823009800404637
(d),4,5,BUS5_IA_MAG,117400,35.600000000006276,779.4372226145827,795.4382901573963,0.9798839611559969
(d),4,5,BUS5_IA_MAG,117401,35.63300000000163,772.7484801930387,795.4382901573963,0.9714750845601513
(d),4,5,BUS5_IA_MAG,117402,35.66700000000128,780.0294938128322,795.4382901573963,0.9806285458781283
(d),4,5,BUS5_IA_MAG,117403,35.700000000007094,775.8772277200052,795.4382901573963,0.9754084475446606
(d),4,5,BUS5_IA_MAG,117404,35.733000000006996,765.8848014236938,795.4382901573963,0.9628462834900058
(d),4,5,BUS5_IA_MAG,117405,35.7670000000071,784.8742997879303,795.4382901573963,0.9867192835695958
(d),4,5,BUS5_IA_MAG,117406,35.80000000000291,776.2367209394852,795.4382901573963,0.9758603911132923
(d),4,5,BUS5_IA_MAG,117407,35.832999999999174,783.6462052003852,795.4382901573963,0.9851753616805676
(d),4,5,BUS5_IA_MAG,117408,35.86699999999837,773.5238201435319,795.4382901573963,0.972449817559665
(d),4,5,BUS5_IA_MAG,117409,35.90000000000873,779.0601726492803,795.4382901573963,0.9794099457987178
(d),4,5,BUS5_IA_MAG,117410,35.933000000004085,778.9556217272474,795.4382901573963,0.9792785076679079
(d),4,5,BUS5_IA_MAG,117411,35.96700000000419,774.0575872406481,795.4382901573963,0.9731208527659417
(d),4,5,BUS5_IA_MAG,117412,36.0,780.8242950253932,795.4382901573963,0.9816277449642117
(d),4,5,BUS5_IA_MAG,117413,36.03300000001036,780.2611954987591,795.4382901573963,0.9809198339501182
(d),4,5,BUS5_IA_MAG,117414,36.06700000001001,770.4417772671928,795.4382901573963,0.9685751701929545
(d),4,5,BUS5_IA_MAG,117415,36.100000000006276,773.9367878230597,795.4382901573963,0.9729689875375725
(d),4,5,BUS5_IA_MAG,117416,36.13300000000163,772.6498595005863,795.4382901573963,0.9713511017274505
(d),4,5,BUS5_IA_MAG,117417,36.16700000000128,776.7490063492168,795.4382901573963,0.9765044202178381
(d),4,5,BUS5_IA_MAG,117418,36.200000000007094,777.7426746410283,795.4382901573963,0.9777536287411227
(d),4,5,BUS5_IA_MAG,117419,36.233000000006996,777.348938896743,795.4382901573963,0.9772586365473129
(d),4,5,BUS5_IA_MAG,117420,36.2670000000071,778.7222393619579,795.4382901573963,0.9789851066986847
(d),4,5,BUS5_IA_MAG,117421,36.30000000000291,769.5953341200213,795.4382901573963,0.9675110484909378
(d),4,5,BUS5_IA_MAG,117422,36.332999999999174,768.7016442570681,795.4382901573963,0.9663875297038595
(d),4,5,BUS5_IA_MAG,117423,36.36699999999837,772.6694232125247,795.4382901573963,0.9713756966107752
(d),4,5,BUS5_IA_MAG,117424,36.40000000000873,781.0908195579071,795.4382901573963,0.9819628112236712
(d),4,5,BUS5_IA_MAG,117425,36.433000000004085,774.019117992391,795.4382901573963,0.9730724904369803
(d),4,5,BUS5_IA_MAG,117426,36.46700000000419,783.7552490628976,795.4382901573963,0.985312448194835
(d),4,5,BUS5_IA_MAG,117427,36.5,777.0652960512036,795.4382901573963,0.9769020496831287
(d),4,5,BUS5_IA_MAG,117428,36.53300000001036,775.167220173599,795.4382901573963,0.9745158483887089
(d),4,5,BUS5_IA_MAG,117429,36.56700000001001,775.4820632141193,795.4382901573963,0.9749116591567044
(d),4,5,BUS5_IA_MAG,117430,36.600000000006276,780.7082650571812,795.4382901573963,0.981481875737588
(d),4,5,BUS5_IA_MAG,117431,36.63300000000163,774.4811226784644,795.4382901573963,0.973653308197189
(d),4,5,BUS5_IA_MAG,117432,36.66700000000128,773.0626469398879,795.4382901573963,0.9718700451130146
(d),4,5,BUS5_IA_MAG,117433,36.700000000007094,777.0253409883228,795.4382901573963,0.9768518194347545
(d),4,5,BUS5_IA_MAG,117434,36.733000000006996,778.0735416213103,795.4382901573963,0.9781695843021965
(d),4,5,BUS5_IA_MAG,117435,36.7670000000071,780.2250222654175,795.4382901573963,0.9808743580988935
(d),4,5,BUS5_IA_MAG,117436,36.80000000000291,778.6050244693855,795.4382901573963,0.9788377478224238
(d),4,5,BUS5_IA_MAG,117437,36.832999999999174,780.1036217552937,795.4382901573963,0.9807217371958945
(d),4,5,BUS5_IA_MAG,117438,36.86699999999837,782.440998436309,795.4382901573963,0.9836602136433292
(d),4,5,BUS5_IA_MAG,117439,36.90000000000873,779.15754924594,795.4382901573963,0.9795323645933178
(d),4,5,BUS5_IA_MAG,117440,36.933000000004085,780.5941539814143,795.4382901573963,0.9813384188821929
(d),4,5,BUS5_IA_MAG,117441,36.96700000000419,773.8512400258159,795.4382901573963,0.9728614395375549
(d),4,5,BUS5_IA_MAG,117442,37.0,770.7079535889079,795.4382901573963,0.9689097986927497
(d),4,5,BUS5_IA_MAG,117443,37.03300000001036,781.1626434035285,795.4382901573963,0.9820531059033593
(d),4,5,BUS5_IA_MAG,117444,37.06700000001001,780.8484428570415,795.4382901573963,0.9816581028586544
(d),4,5,BUS5_IA_MAG,117445,37.100000000006276,775.1680466365243,795.4382901573963,0.9745168873919043
(d),4,5,BUS5_IA_MAG,117446,37.13300000000163,777.4524440488619,795.4382901573963,0.9773887599690789
(d),4,5,BUS5_IA_MAG,117447,37.16700000000128,775.0010686073497,795.4382901573963,0.9743069678654738
(d),4,5,BUS5_IA_MAG,117448,37.200000000007094,779.9303466583874,795.4382901573963,0.9805039011939691
(d),4,5,BUS5_IA_MAG,117449,37.233000000006996,776.374121834226,795.4382901573963,0.9760331271965824
(d),4,5,BUS5_IA_MAG,117450,37.2670000000071,775.9788732864746,795.4382901573963,0.9755362331538362
(d),4,5,BUS5_IA_MAG,117451,37.30000000000291,775.6409790332874,795.4382901573963,0.9751114431262902
(d),4,5,BUS5_IA_MAG,117452,37.332999999999174,774.2422343222003,795.4382901573963,0.9733529852692886
(d),4,5,BUS5_IA_MAG,117453,37.36699999999837,775.99596282718,795.4382901573963,0.9755577175869053
(d),4,5,BUS5_IA_MAG,117454,37.40000000000873,783.5460102451086,795.4382901573963,0.9850493997341585
(d),4,5,BUS5_IA_MAG,117455,37.433000000004085,786.2680282002731,795.4382901573963,0.9884714350935901
(d),4,5,BUS5_IA_MAG,117456,37.46700000000419,779.4404118753529,795.4382901573963,0.9798879705943275
(d),4,5,BUS5_IA_MAG,117457,37.5,784.142587983384,795.4382901573963,0.9857993985029597
(d),4,5,BUS5_IA_MAG,117458,37.53300000001036,772.3385907521438,795.4382901573963,0.9709597844470352
(d),4,5,BUS5_IA_MAG,117459,37.56700000001001,778.6130852217099,795.4382901573963,0.9788478815467166
(d),4,5,BUS5_IA_MAG,117460,37.600000000006276,774.7034424654394,795.4382901573963,0.9739328016408991
(d),4,5,BUS5_IA_MAG,117461,37.63300000000163,776.7892525681507,795.4382901573963,0.9765550164984446
(d),4,5,BUS5_IA_MAG,117462,37.66700000000128,778.1278113055316,795.4382901573963,0.9782378104422916
(d),4,5,BUS5_IA_MAG,117463,37.700000000007094,777.449616224728,795.4382901573963,0.9773852049175193
(d),4,5,BUS5_IA_MAG,117464,37.733000000006996,777.8085938105128,795.4382901573963,0.9778365002476873
(d),4,5,BUS5_IA_MAG,117465,37.7670000000071,782.5164081687437,795.4382901573963,0.9837550163871346
(d),4,5,BUS5_IA_MAG,117466,37.80000000000291,778.2828934538259,795.4382901573963,0.9784327748414327
(d),4,5,BUS5_IA_MAG,117467,37.832999999999174,774.257465379021,795.4382901573963,0.9733721332748715
(d),4,5,BUS5_IA_MAG,117468,37.86699999999837,781.0961297900394,795.4382901573963,0.9819694870804887
(d),4,5,BUS5_IA_MAG,117469,37.90000000000873,773.4788489422765,795.4382901573963,0.9723932811798957
(d),4,5,BUS5_IA_MAG,117470,37.933000000004085,778.7744799028808,795.4382901573963,0.9790507818636462
(d),4,5,BUS5_IA_MAG,117471,37.96700000000419,778.0319774357208,795.4382901573963,0.9781173311153638
(d),4,5,BUS5_IA_MAG,117472,38.0,773.770298500332,795.4382901573963,0.9727596823975161
(d),4,5,BUS5_IA_MAG,117473,38.03300000001036,775.3759930790427,795.4382901573963,0.9747783111190388
(d),4,5,BUS5_IA_MAG,117474,38.06700000001001,779.2534414296816,795.4382901573963,0.9796529172306854
(d),4,5,BUS5_IA_MAG,117475,38.100000000006276,778.991956258679,795.4382901573963,0.9793241862980182
(d),4,5,BUS5_IA_MAG,117476,38.13300000000163,779.5204258839655,795.4382901573963,0.9799885616893284
(d),4,5,BUS5_IA_MAG,117477,38.16700000000128,776.836012887113,795.4382901573963,0.9766138021007231
(d),4,5,BUS5_IA_MAG,117478,38.200000000007094,781.1109572412329,795.4382901573963,0.9819881276857713
(d),4,5,BUS5_IA_MAG,117479,38.233000000006996,776.1188753980513,795.4382901573963,0.9757122394051181
(d),4,5,BUS5_IA_MAG,117480,38.2670000000071,773.0425637181052,795.4382901573963,0.9718447971182533
(d),4,5,BUS5_IA_MAG,117481,38.30000000000291,774.8903385607924,795.4382901573963,0.9741677615336597
(d),4,5,BUS5_IA_MAG,117482,38.332999999999174,781.9792316293568,795.4382901573963,0.98307969493727
(d),4,5,BUS5_IA_MAG,117483,38.36699999999837,770.3719245558594,795.4382901573963,0.9684873535612966
(d),4,5,BUS5_IA_MAG,117484,38.40000000000873,779.2153378528159,795.4382901573963,0.9796050146122959
(d),4,5,BUS5_IA_MAG,117485,38.433000000004085,776.4661276240612,795.4382901573963,0.9761487939817669
(d),4,5,BUS5_IA_MAG,117486,38.46700000000419,774.7134775639872,795.4382901573963,0.9739454174511663
(d),4,5,BUS5_IA_MAG,117487,38.5,772.6823452258263,795.4382901573963,0.9713919417594705
(d),4,5,BUS5_IA_MAG,117488,38.53300000001036,777.2699859170463,795.4382901573963,0.9771593793444932
(d),4,5,BUS5_IA_MAG,117489,38.56700000001001,776.8019040267397,795.4382901573963,0.976570921514265
(d),4,5,BUS5_IA_MAG,117490,38.600000000006276,772.7540176244128,795.4382901573963,0.9714820460447097
(d),4,5,BUS5_IA_MAG,117491,38.63300000000163,776.6083015290282,795.4382901573963,0.9763275305433912
(d),4,5,BUS5_IA_MAG,117492,38.66700000000128,775.2960578444548,795.4382901573963,0.9746778190562642
(d),4,5,BUS5_IA_MAG,117493,38.700000000007094,779.648899282699,795.4382901573963,0.9801500744054287
(d),4,5,BUS5_IA_MAG,117494,38.733000000006996,776.6096302134679,795.4382901573963,0.9763292009236786
(d),4,5,BUS5_IA_MAG,117495,38.7670000000071,774.9171129091721,795.4382901573963,0.9742014214023271
(d),4,5,BUS5_IA_MAG,117496,38.80000000000291,778.5645228293355,795.4382901573963,0.9787868304344238
(d),4,5,BUS5_IA_MAG,117497,38.832999999999174,771.2344883439389,795.4382901573963,0.969571741626031
(d),4,5,BUS5_IA_MAG,117498,38.86699999999837,781.7636349723437,795.4382901573963,0.9828086536010898
(d),4,5,BUS5_IA_MAG,117499,38.90000000000873,778.3722424996438,795.4382901573963,0.9785451016515995
(d),4,5,BUS5_IA_MAG,117500,38.933000000004085,776.3321868284831,795.4382901573963,0.975980407826316
(d),4,5,BUS5_IA_MAG,117501,38.96700000000419,775.8366547528402,795.4382901573963,0.975357440486455
(d),4,5,BUS5_IA_MAG,117502,39.0,778.7458999074103,795.4382901573963,0.9790148519922481
(d),4,5,BUS5_IA_MAG,117503,39.03300000001036,778.5702726537849,795.4382901573963,0.9787940589328762
(d),4,5,BUS5_IA_MAG,117504,39.06700000001001,776.2367584798475,795.4382901573963,0.975860438307855
(d),4,5,BUS5_IA_MAG,117505,39.100000000006276,777.5813023388191,795.4382901573963,0.9775507565583199
(d),4,5,BUS5_IA_MAG,117506,39.13300000000163,778.8879920193172,795.4382901573963,0.9791934857262098
(d),4,5,BUS5_IA_MAG,117507,39.16700000000128,775.5543249956713,795.4382901573963,0.9750025043956704
(d),4,5,BUS5_IA_MAG,117508,39.200000000007094,776.5603062462666,795.4382901573963,0.9762671923834666
(d),4,5,BUS5_IA_MAG,117509,39.233000000006996,772.645213574809,795.4382901573963,0.9713452610156884
(d),4,5,BUS5_IA_MAG,117510,39.2670000000071,777.5881168549975,795.4382901573963,0.9775593235537269
(d),4,5,BUS5_IA_MAG,117511,39.30000000000291,775.1444018048712,795.4382901573963,0.9744871618532351
(d),4,5,BUS5_IA_MAG,117512,39.332999999999174,782.2942795185007,795.4382901573963,0.9834757632345122
(d),4,5,BUS5_IA_MAG,117513,39.36699999999837,776.1154361753883,795.4382901573963,0.9757079157225578
(d),4,5,BUS5_IA_MAG,117514,39.40000000000873,774.2828569496883,795.4382901573963,0.9734040547588904
(d),4,5,BUS5_IA_MAG,117515,39.433000000004085,773.8583043687757,795.4382901573963,0.972870320607334
(d),4,5,BUS5_IA_MAG,117516,39.46700000000419,779.3084862491831,795.4382901573963,0.9797221178464749
(d),4,5,BUS5_IA_MAG,117517,39.5,776.9876527785448,795.4382901573963,0.9768044390028036
(d),4,5,BUS5_IA_MAG,117518,39.53300000001036,774.7136830378402,795.4382901573963,0.9739456757664315
(d),4,5,BUS5_IA_MAG,117519,39.56700000001001,774.1584294056775,795.4382901573963,0.9732476283640958
(d),4,5,BUS5_IA_MAG,117520,39.600000000006276,771.1411743694965,795.4382901573963,0.9694544302323037
(d),4,5,BUS5_IA_MAG,117521,39.63300000000163,770.6400567823064,795.4382901573963,0.9688244409630029
(d),4,5,BUS5_IA_MAG,117522,39.66700000000128,777.9543035663329,795.4382901573963,0.9780196819697933
(d),4,5,BUS5_IA_MAG,117523,39.700000000007094,774.9519642670765,795.4382901573963,0.9742452354333281
(d),4,5,BUS5_IA_MAG,117524,39.733000000006996,772.8474432228082,795.4382901573963,0.9715994977685599
(d),4,5,BUS5_IA_MAG,117525,39.7670000000071,772.8303448989573,795.4382901573963,0.9715780022935965
(d),4,5,BUS5_IA_MAG,117526,39.80000000000291,778.6482674537704,795.4382901573963,0.9788921115422999
(d),4,5,BUS5_IA_MAG,117527,39.832999999999174,777.565501352856,795.4382901573963,0.9775308920557448
(d),4,5,BUS5_IA_MAG,117528,39.86699999999837,782.8043110702777,795.4382901573963,0.9841169588597266
(d),4,5,BUS5_IA_MAG,117529,39.90000000000873,778.1744901903304,795.4382901573963,0.9782964936681011
(d),4,5,BUS5_IA_MAG,117530,39.933000000004085,780.0569905087935,795.4382901573963,0.9806631138594558
(d),4,5,BUS5_IA_MAG,117531,39.96700000000419,776.4736643874155,795.4382901573963,0.9761582689636072
(d),4,5,BUS5_IA_MAG,117532,40.0,778.2813980705897,795.4382901573963,0.9784308948926614
(e),5,29,DATA_PRESENT,15977,-4.0,1.0,1.0,1.0
(e),5,29,DATA_PRESENT,15978,-3.9660000000003492,1.0,1.0,1.0
(e),5,29,DATA_PRESENT,15979,-3.9329999999899883,1.0,1.0,1.0
(e),5,29,DATA_PRESENT,15980,-3.8999999999941792,1.0,1.0,1.0
(e),5,29,DATA_PRESENT,15981,-3.8659999999945285,1.0,1.0,1.0
(e),5,29,DATA_PRESENT,15982,-3.8329999999987194,1.0,1.0,1.0
(e),5,29,DATA_PRESENT,15983,-3.7999999999883585,1.0,1.0,1.0
(e),5,29,DATA_PRESENT,15984,-3.7659999999887077,1.0,1.0,1.0
(e),5,29,DATA_PRESENT,15985,-3.7329999999928987,1.0,1.0,1.0
(e),5,29,DATA_PRESENT,15986,-3.6999999999970896,1.0,1.0,1.0
(e),5,29,DATA_PRESENT,15987,-3.665999999997439,1.0,1.0,1.0
(e),5,29,DATA_PRESENT,15988,-3.6329999999916254,1.0,1.0,1.0
(e),5,29,DATA_PRESENT,15989,-3.599999999991269,1.0,1.0,1.0
(e),5,29,DATA_PRESENT,15990,-3.565999999991618,1.0,1.0,1.0
(e),5,29,DATA_PRESENT,15991,-3.532999999995809,1.0,1.0,1.0
(e),5,29,DATA_PRESENT,15992,-3.5,1.0,1.0,1.0
(e),5,29,DATA_PRESENT,15993,-3.4660000000003492,1.0,1.0,1.0
(e),5,29,DATA_PRESENT,15994,-3.4329999999899883,1.0,1.0,1.0
(e),5,29,DATA_PRESENT,15995,-3.3999999999941792,1.0,1.0,1.0
(e),5,29,DATA_PRESENT,15996,-3.3659999999945285,1.0,1.0,1.0
(e),5,29,DATA_PRESENT,15997,-3.3329999999987194,1.0,1.0,1.0
(e),5,29,DATA_PRESENT,15998,-3.2999999999883585,1.0,1.0,1.0
(e),5,29,DATA_PRESENT,15999,-3.2659999999887077,1.0,1.0,1.0
(e),5,29,DATA_PRESENT,16000,-3.2329999999928987,1.0,1.0,1.0
(e),5,29,DATA_PRESENT,16001,-3.1999999999970896,1.0,1.0,1.0
(e),5,29,DATA_PRESENT,16002,-3.165999999997439,1.0,1.0,1.0
(e),5,29,DATA_PRESENT,16003,-3.1329999999916254,1.0,1.0,1.0
(e),5,29,DATA_PRESENT,16004,-3.099999999991269,1.0,1.0,1.0
(e),5,29,DATA_PRESENT,16005,-3.065999999991618,1.0,1.0,1.0
(e),5,29,DATA_PRESENT,16006,-3.032999999995809,1.0,1.0,1.0
(e),5,29,DATA_PRESENT,16007,-3.0,1.0,1.0,1.0
(e),5,29,DATA_PRESENT,16008,-2.9660000000003492,1.0,1.0,1.0
(e),5,29,DATA_PRESENT,16009,-2.9329999999899883,1.0,1.0,1.0
(e),5,29,DATA_PRESENT,16010,-2.8999999999941792,1.0,1.0,1.0
(e),5,29,DATA_PRESENT,16011,-2.8659999999945285,1.0,1.0,1.0
(e),5,29,DATA_PRESENT,16012,-2.8329999999987194,1.0,1.0,1.0
(e),5,29,DATA_PRESENT,16013,-2.7999999999883585,1.0,1.0,1.0
(e),5,29,DATA_PRESENT,16014,-2.7659999999887077,1.0,1.0,1.0
(e),5,29,DATA_PRESENT,16015,-2.7329999999928987,1.0,1.0,1.0
(e),5,29,DATA_PRESENT,16016,-2.6999999999970896,1.0,1.0,1.0
(e),5,29,DATA_PRESENT,16017,-2.665999999997439,1.0,1.0,1.0
(e),5,29,DATA_PRESENT,16018,-2.6329999999916254,1.0,1.0,1.0
(e),5,29,DATA_PRESENT,16019,-2.599999999991269,1.0,1.0,1.0
(e),5,29,DATA_PRESENT,16020,-2.565999999991618,1.0,1.0,1.0
(e),5,29,DATA_PRESENT,16021,-2.532999999995809,1.0,1.0,1.0
(e),5,29,DATA_PRESENT,16022,-2.5,1.0,1.0,1.0
(e),5,29,DATA_PRESENT,16023,-2.4660000000003492,1.0,1.0,1.0
(e),5,29,DATA_PRESENT,16024,-2.4329999999899883,1.0,1.0,1.0
(e),5,29,DATA_PRESENT,16025,-2.3999999999941792,1.0,1.0,1.0
(e),5,29,DATA_PRESENT,16026,-2.3659999999945285,1.0,1.0,1.0
(e),5,29,DATA_PRESENT,16027,-2.3329999999987194,1.0,1.0,1.0
(e),5,29,DATA_PRESENT,16028,-2.2999999999883585,1.0,1.0,1.0
(e),5,29,DATA_PRESENT,16029,-2.2659999999887077,1.0,1.0,1.0
(e),5,29,DATA_PRESENT,16030,-2.2329999999928987,1.0,1.0,1.0
(e),5,29,DATA_PRESENT,16031,-2.1999999999970896,1.0,1.0,1.0
(e),5,29,DATA_PRESENT,16032,-2.165999999997439,1.0,1.0,1.0
(e),5,29,DATA_PRESENT,16033,-2.1329999999916254,1.0,1.0,1.0
(e),5,29,DATA_PRESENT,16034,-2.099999999991269,1.0,1.0,1.0
(e),5,29,DATA_PRESENT,16035,-2.065999999991618,1.0,1.0,1.0
(e),5,29,DATA_PRESENT,16036,-2.032999999995809,1.0,1.0,1.0
(e),5,29,DATA_PRESENT,16037,-2.0,1.0,1.0,1.0
(e),5,29,DATA_PRESENT,16038,-1.9660000000003492,1.0,1.0,1.0
(e),5,29,DATA_PRESENT,16039,-1.9329999999899883,1.0,1.0,1.0
(e),5,29,DATA_PRESENT,16040,-1.8999999999941792,1.0,1.0,1.0
(e),5,29,DATA_PRESENT,16041,-1.8659999999945285,1.0,1.0,1.0
(e),5,29,DATA_PRESENT,16042,-1.8329999999987194,1.0,1.0,1.0
(e),5,29,DATA_PRESENT,16043,-1.7999999999883585,1.0,1.0,1.0
(e),5,29,DATA_PRESENT,16044,-1.7659999999887077,1.0,1.0,1.0
(e),5,29,DATA_PRESENT,16045,-1.7329999999928987,1.0,1.0,1.0
(e),5,29,DATA_PRESENT,16046,-1.6999999999970896,1.0,1.0,1.0
(e),5,29,DATA_PRESENT,16047,-1.6659999999974389,1.0,1.0,1.0
(e),5,29,DATA_PRESENT,16048,-1.6329999999916254,1.0,1.0,1.0
(e),5,29,DATA_PRESENT,16049,-1.5999999999912689,1.0,1.0,1.0
(e),5,29,DATA_PRESENT,16050,-1.565999999991618,1.0,1.0,1.0
(e),5,29,DATA_PRESENT,16051,-1.532999999995809,1.0,1.0,1.0
(e),5,29,DATA_PRESENT,16052,-1.5,1.0,1.0,1.0
(e),5,29,DATA_PRESENT,16053,-1.4660000000003492,1.0,1.0,1.0
(e),5,29,DATA_PRESENT,16054,-1.4329999999899883,1.0,1.0,1.0
(e),5,29,DATA_PRESENT,16055,-1.3999999999941792,1.0,1.0,1.0
(e),5,29,DATA_PRESENT,16056,-1.3659999999945285,1.0,1.0,1.0
(e),5,29,DATA_PRESENT,16057,-1.3329999999987194,1.0,1.0,1.0
(e),5,29,DATA_PRESENT,16058,-1.2999999999883585,1.0,1.0,1.0
(e),5,29,DATA_PRESENT,16059,-1.2659999999887077,1.0,1.0,1.0
(e),5,29,DATA_PRESENT,16060,-1.2329999999928987,1.0,1.0,1.0
(e),5,29,DATA_PRESENT,16061,-1.1999999999970896,1.0,1.0,1.0
(e),5,29,DATA_PRESENT,16062,-1.1659999999974389,1.0,1.0,1.0
(e),5,29,DATA_PRESENT,16063,-1.1329999999916254,1.0,1.0,1.0
(e),5,29,DATA_PRESENT,16064,-1.0999999999912689,1.0,1.0,1.0
(e),5,29,DATA_PRESENT,16065,-1.065999999991618,1.0,1.0,1.0
(e),5,29,DATA_PRESENT,16066,-1.032999999995809,1.0,1.0,1.0
(e),5,29,DATA_PRESENT,16067,-1.0,1.0,1.0,1.0
(e),5,29,DATA_PRESENT,16068,-0.9660000000003492,1.0,1.0,1.0
(e),5,29,DATA_PRESENT,16069,-0.9329999999899883,1.0,1.0,1.0
(e),5,29,DATA_PRESENT,16070,-0.8999999999941792,1.0,1.0,1.0
(e),5,29,DATA_PRESENT,16071,-0.8659999999945285,1.0,1.0,1.0
(e),5,29,DATA_PRESENT,16072,-0.8329999999987194,1.0,1.0,1.0
(e),5,29,DATA_PRESENT,16073,-0.7999999999883585,1.0,1.0,1.0
(e),5,29,DATA_PRESENT,16074,-0.7659999999887077,1.0,1.0,1.0
(e),5,29,DATA_PRESENT,16075,-0.7329999999928987,1.0,1.0,1.0
(e),5,29,DATA_PRESENT,16076,-0.6999999999970896,1.0,1.0,1.0
(e),5,29,DATA_PRESENT,16077,-0.6659999999974389,1.0,1.0,1.0
(e),5,29,DATA_PRESENT,16078,-0.6329999999916254,1.0,1.0,1.0
(e),5,29,DATA_PRESENT,16079,-0.5999999999912689,1.0,1.0,1.0
(e),5,29,DATA_PRESENT,16080,-0.5659999999916181,1.0,1.0,1.0
(e),5,29,DATA_PRESENT,16081,-0.532999999995809,1.0,1.0,1.0
(e),5,29,DATA_PRESENT,16082,-0.5,1.0,1.0,1.0
(e),5,29,DATA_PRESENT,16083,-0.46600000000034925,1.0,1.0,1.0
(e),5,29,DATA_PRESENT,16084,-0.4329999999899883,1.0,1.0,1.0
(e),5,29,DATA_PRESENT,16085,-0.39999999999417923,1.0,1.0,1.0
(e),5,29,DATA_PRESENT,16086,-0.3659999999945285,1.0,1.0,1.0
(e),5,29,DATA_PRESENT,16087,-0.33299999999871943,1.0,1.0,1.0
(e),5,29,DATA_PRESENT,16088,-0.29999999998835847,1.0,1.0,1.0
(e),5,29,DATA_PRESENT,16089,-0.2659999999887077,1.0,1.0,1.0
(e),5,29,DATA_PRESENT,16090,-0.23299999999289867,1.0,1.0,1.0
(e),5,29,DATA_PRESENT,16091,-0.19999999999708962,1.0,1.0,1.0
(e),5,29,DATA_PRESENT,16092,-0.16599999999743886,1.0,1.0,1.0
(e),5,29,DATA_PRESENT,16093,-0.13299999999162537,1.0,1.0,1.0
(e),5,29,DATA_PRESENT,16094,-0.09999999999126885,1.0,1.0,1.0
(e),5,29,DATA_PRESENT,16095,-0.0659999999916181,1.0,1.0,1.0
(e),5,29,DATA_PRESENT,16096,-0.03299999999580905,1.0,1.0,1.0
(e),5,29,DATA_PRESENT,16097,0.0,0.0,1.0,0.0
(e),5,29,DATA_PRESENT,16098,0.033999999999650754,0.0,1.0,0.0
(e),5,29,DATA_PRESENT,16099,0.06700000001001172,0.0,1.0,0.0
(e),5,29,DATA_PRESENT,16100,0.10000000000582077,0.0,1.0,0.0
(e),5,29,DATA_PRESENT,16101,0.13400000000547152,0.0,1.0,0.0
(e),5,29,DATA_PRESENT,16102,0.16700000000128057,0.0,1.0,0.0
(e),5,29,DATA_PRESENT,16103,0.20000000001164153,0.0,1.0,0.0
(e),5,29,DATA_PRESENT,16104,0.2340000000112923,0.0,1.0,0.0
(e),5,29,DATA_PRESENT,16105,0.26700000000710133,0.0,1.0,0.0
(e),5,29,DATA_PRESENT,16106,0.3000000000029104,0.0,1.0,0.0
(e),5,29,DATA_PRESENT,16107,0.33400000000256114,0.0,1.0,0.0
(e),5,29,DATA_PRESENT,16108,0.3670000000083746,0.0,1.0,0.0
(e),5,29,DATA_PRESENT,16109,0.40000000000873115,0.0,1.0,0.0
(e),5,29,DATA_PRESENT,16110,0.4340000000083819,0.0,1.0,0.0
(e),5,29,DATA_PRESENT,16111,0.46700000000419095,0.0,1.0,0.0
(e),5,29,DATA_PRESENT,16112,0.5,0.0,1.0,0.0
(e),5,29,DATA_PRESENT,16113,0.5339999999996508,0.0,1.0,0.0
(e),5,29,DATA_PRESENT,16114,0.5670000000100117,0.0,1.0,0.0
(e),5,29,DATA_PRESENT,16115,0.6000000000058208,0.0,1.0,0.0
(e),5,29,DATA_PRESENT,16116,0.6340000000054715,0.0,1.0,0.0
(e),5,29,DATA_PRESENT,16117,0.6670000000012806,0.0,1.0,0.0
(e),5,29,DATA_PRESENT,16118,0.7000000000116415,0.0,1.0,0.0
(e),5,29,DATA_PRESENT,16119,0.7340000000112923,0.0,1.0,0.0
(e),5,29,DATA_PRESENT,16120,0.7670000000071013,0.0,1.0,0.0
(e),5,29,DATA_PRESENT,16121,0.8000000000029104,0.0,1.0,0.0
(e),5,29,DATA_PRESENT,16122,0.8340000000025611,0.0,1.0,0.0
(e),5,29,DATA_PRESENT,16123,0.8670000000083746,0.0,1.0,0.0
(e),5,29,DATA_PRESENT,16124,0.9000000000087311,0.0,1.0,0.0
(e),5,29,DATA_PRESENT,16125,0.9340000000083819,0.0,1.0,0.0
(e),5,29,DATA_PRESENT,16126,0.967000000004191,0.0,1.0,0.0
(e),5,29,DATA_PRESENT,16127,1.0,0.0,1.0,0.0
(e),5,29,DATA_PRESENT,16128,1.0339999999996508,0.0,1.0,0.0
(e),5,29,DATA_PRESENT,16129,1.0670000000100117,0.0,1.0,0.0
(e),5,29,DATA_PRESENT,16130,1.1000000000058208,0.0,1.0,0.0
(e),5,29,DATA_PRESENT,16131,1.1340000000054715,0.0,1.0,0.0
(e),5,29,DATA_PRESENT,16132,1.1670000000012806,0.0,1.0,0.0
(e),5,29,DATA_PRESENT,16133,1.2000000000116415,0.0,1.0,0.0
(e),5,29,DATA_PRESENT,16134,1.2340000000112923,0.0,1.0,0.0
(e),5,29,DATA_PRESENT,16135,1.2670000000071013,0.0,1.0,0.0
(e),5,29,DATA_PRESENT,16136,1.3000000000029104,0.0,1.0,0.0
(e),5,29,DATA_PRESENT,16137,1.3340000000025611,0.0,1.0,0.0
(e),5,29,DATA_PRESENT,16138,1.3670000000083746,0.0,1.0,0.0
(e),5,29,DATA_PRESENT,16139,1.4000000000087311,0.0,1.0,0.0
(e),5,29,DATA_PRESENT,16140,1.434000000008382,0.0,1.0,0.0
(e),5,29,DATA_PRESENT,16141,1.467000000004191,0.0,1.0,0.0
(e),5,29,DATA_PRESENT,16142,1.5,0.0,1.0,0.0
(e),5,29,DATA_PRESENT,16143,1.5339999999996508,0.0,1.0,0.0
(e),5,29,DATA_PRESENT,16144,1.5670000000100117,0.0,1.0,0.0
(e),5,29,DATA_PRESENT,16145,1.6000000000058208,0.0,1.0,0.0
(e),5,29,DATA_PRESENT,16146,1.6340000000054715,0.0,1.0,0.0
(e),5,29,DATA_PRESENT,16147,1.6670000000012806,0.0,1.0,0.0
(e),5,29,DATA_PRESENT,16148,1.7000000000116415,0.0,1.0,0.0
(e),5,29,DATA_PRESENT,16149,1.7340000000112923,0.0,1.0,0.0
(e),5,29,DATA_PRESENT,16150,1.7670000000071013,0.0,1.0,0.0
(e),5,29,DATA_PRESENT,16151,1.8000000000029104,0.0,1.0,0.0
(e),5,29,DATA_PRESENT,16152,1.8340000000025611,0.0,1.0,0.0
(e),5,29,DATA_PRESENT,16153,1.8670000000083746,0.0,1.0,0.0
(e),5,29,DATA_PRESENT,16154,1.9000000000087311,0.0,1.0,0.0
(e),5,29,DATA_PRESENT,16155,1.934000000008382,0.0,1.0,0.0
(e),5,29,DATA_PRESENT,16156,1.967000000004191,0.0,1.0,0.0
(e),5,29,DATA_PRESENT,16157,2.0,0.0,1.0,0.0
(e),5,29,DATA_PRESENT,16158,2.0339999999996508,0.0,1.0,0.0
(e),5,29,DATA_PRESENT,16159,2.0670000000100117,0.0,1.0,0.0
(e),5,29,DATA_PRESENT,16160,2.1000000000058208,0.0,1.0,0.0
(e),5,29,DATA_PRESENT,16161,2.1340000000054715,0.0,1.0,0.0
(e),5,29,DATA_PRESENT,16162,2.1670000000012806,0.0,1.0,0.0
(e),5,29,DATA_PRESENT,16163,2.2000000000116415,0.0,1.0,0.0
(e),5,29,DATA_PRESENT,16164,2.2340000000112923,0.0,1.0,0.0
(e),5,29,DATA_PRESENT,16165,2.2670000000071013,0.0,1.0,0.0
(e),5,29,DATA_PRESENT,16166,2.3000000000029104,0.0,1.0,0.0
(e),5,29,DATA_PRESENT,16167,2.334000000002561,0.0,1.0,0.0
(e),5,29,DATA_PRESENT,16168,2.3670000000083746,0.0,1.0,0.0
(e),5,29,DATA_PRESENT,16169,2.400000000008731,0.0,1.0,0.0
(e),5,29,DATA_PRESENT,16170,2.434000000008382,0.0,1.0,0.0
(e),5,29,DATA_PRESENT,16171,2.467000000004191,0.0,1.0,0.0
(e),5,29,DATA_PRESENT,16172,2.5,0.0,1.0,0.0
(e),5,29,DATA_PRESENT,16173,2.5339999999996508,0.0,1.0,0.0
(e),5,29,DATA_PRESENT,16174,2.5670000000100117,0.0,1.0,0.0
(e),5,29,DATA_PRESENT,16175,2.6000000000058208,0.0,1.0,0.0
(e),5,29,DATA_PRESENT,16176,2.6340000000054715,0.0,1.0,0.0
(e),5,29,DATA_PRESENT,16177,2.6670000000012806,0.0,1.0,0.0
(e),5,29,DATA_PRESENT,16178,2.7000000000116415,0.0,1.0,0.0
(e),5,29,DATA_PRESENT,16179,2.7340000000112923,0.0,1.0,0.0
(e),5,29,DATA_PRESENT,16180,2.7670000000071013,0.0,1.0,0.0
(e),5,29,DATA_PRESENT,16181,2.8000000000029104,0.0,1.0,0.0
(e),5,29,DATA_PRESENT,16182,2.834000000002561,0.0,1.0,0.0
(e),5,29,DATA_PRESENT,16183,2.8670000000083746,0.0,1.0,0.0
(e),5,29,DATA_PRESENT,16184,2.900000000008731,0.0,1.0,0.0
(e),5,29,DATA_PRESENT,16185,2.934000000008382,0.0,1.0,0.0
(e),5,29,DATA_PRESENT,16186,2.967000000004191,0.0,1.0,0.0
(e),5,29,DATA_PRESENT,16187,3.0,0.0,1.0,0.0
(e),5,29,DATA_PRESENT,16188,3.0339999999996508,0.0,1.0,0.0
(e),5,29,DATA_PRESENT,16189,3.0670000000100117,0.0,1.0,0.0
(e),5,29,DATA_PRESENT,16190,3.1000000000058208,0.0,1.0,0.0
(e),5,29,DATA_PRESENT,16191,3.1340000000054715,0.0,1.0,0.0
(e),5,29,DATA_PRESENT,16192,3.1670000000012806,0.0,1.0,0.0
(e),5,29,DATA_PRESENT,16193,3.2000000000116415,0.0,1.0,0.0
(e),5,29,DATA_PRESENT,16194,3.2340000000112923,0.0,1.0,0.0
(e),5,29,DATA_PRESENT,16195,3.2670000000071013,0.0,1.0,0.0
(e),5,29,DATA_PRESENT,16196,3.3000000000029104,0.0,1.0,0.0
(e),5,29,DATA_PRESENT,16197,3.334000000002561,0.0,1.0,0.0
(e),5,29,DATA_PRESENT,16198,3.3670000000083746,0.0,1.0,0.0
(e),5,29,DATA_PRESENT,16199,3.400000000008731,0.0,1.0,0.0
(e),5,29,DATA_PRESENT,16200,3.434000000008382,0.0,1.0,0.0
(e),5,29,DATA_PRESENT,16201,3.467000000004191,0.0,1.0,0.0
(e),5,29,DATA_PRESENT,16202,3.5,0.0,1.0,0.0
(e),5,29,DATA_PRESENT,16203,3.5339999999996508,0.0,1.0,0.0
(e),5,29,DATA_PRESENT,16204,3.5670000000100117,0.0,1.0,0.0
(e),5,29,DATA_PRESENT,16205,3.6000000000058208,0.0,1.0,0.0
(e),5,29,DATA_PRESENT,16206,3.6340000000054715,0.0,1.0,0.0
(e),5,29,DATA_PRESENT,16207,3.6670000000012806,0.0,1.0,0.0
(e),5,29,DATA_PRESENT,16208,3.7000000000116415,0.0,1.0,0.0
(e),5,29,DATA_PRESENT,16209,3.7340000000112923,0.0,1.0,0.0
(e),5,29,DATA_PRESENT,16210,3.7670000000071013,0.0,1.0,0.0
(e),5,29,DATA_PRESENT,16211,3.8000000000029104,0.0,1.0,0.0
(e),5,29,DATA_PRESENT,16212,3.834000000002561,0.0,1.0,0.0
(e),5,29,DATA_PRESENT,16213,3.8670000000083746,0.0,1.0,0.0
(e),5,29,DATA_PRESENT,16214,3.900000000008731,0.0,1.0,0.0
(e),5,29,DATA_PRESENT,16215,3.934000000008382,0.0,1.0,0.0
(e),5,29,DATA_PRESENT,16216,3.967000000004191,0.0,1.0,0.0
(e),5,29,DATA_PRESENT,16217,4.0,0.0,1.0,0.0
(e),5,29,DATA_PRESENT,16218,4.033999999999651,0.0,1.0,0.0
(e),5,29,DATA_PRESENT,16219,4.067000000010012,0.0,1.0,0.0
(e),5,29,DATA_PRESENT,16220,4.100000000005821,0.0,1.0,0.0
(e),5,29,DATA_PRESENT,16221,4.1340000000054715,0.0,1.0,0.0
(e),5,29,DATA_PRESENT,16222,4.167000000001281,0.0,1.0,0.0
(e),5,29,DATA_PRESENT,16223,4.2000000000116415,0.0,1.0,0.0
(e),5,29,DATA_PRESENT,16224,4.234000000011292,0.0,1.0,0.0
(e),5,29,DATA_PRESENT,16225,4.267000000007101,0.0,1.0,0.0
(e),5,29,DATA_PRESENT,16226,4.30000000000291,0.0,1.0,0.0
(e),5,29,DATA_PRESENT,16227,4.334000000002561,0.0,1.0,0.0
(e),5,29,DATA_PRESENT,16228,4.367000000008375,0.0,1.0,0.0
(e),5,29,DATA_PRESENT,16229,4.400000000008731,0.0,1.0,0.0
(e),5,29,DATA_PRESENT,16230,4.434000000008382,0.0,1.0,0.0
(e),5,29,DATA_PRESENT,16231,4.467000000004191,0.0,1.0,0.0
(e),5,29,DATA_PRESENT,16232,4.5,0.0,1.0,0.0
(e),5,29,DATA_PRESENT,16233,4.533999999999651,0.0,1.0,0.0
(e),5,29,DATA_PRESENT,16234,4.567000000010012,0.0,1.0,0.0
(e),5,29,DATA_PRESENT,16235,4.600000000005821,0.0,1.0,0.0
(e),5,29,DATA_PRESENT,16236,4.6340000000054715,0.0,1.0,0.0
(e),5,29,DATA_PRESENT,16237,4.667000000001281,0.0,1.0,0.0
(e),5,29,DATA_PRESENT,16238,4.7000000000116415,0.0,1.0,0.0
(e),5,29,DATA_PRESENT,16239,4.734000000011292,0.0,1.0,0.0
(e),5,29,DATA_PRESENT,16240,4.767000000007101,0.0,1.0,0.0
(e),5,29,DATA_PRESENT,16241,4.80000000000291,0.0,1.0,0.0
(e),5,29,DATA_PRESENT,16242,4.834000000002561,0.0,1.0,0.0
(e),5,29,DATA_PRESENT,16243,4.867000000008375,0.0,1.0,0.0
(e),5,29,DATA_PRESENT,16244,4.900000000008731,0.0,1.0,0.0
(e),5,29,DATA_PRESENT,16245,4.934000000008382,0.0,1.0,0.0
(e),5,29,DATA_PRESENT,16246,4.967000000004191,0.0,1.0,0.0
(e),5,29,DATA_PRESENT,16247,5.0,0.0,1.0,0.0
(e),5,29,DATA_PRESENT,16248,5.033999999999651,0.0,1.0,0.0
(e),5,29,DATA_PRESENT,16249,5.067000000010012,0.0,1.0,0.0
(e),5,29,DATA_PRESENT,16250,5.100000000005821,0.0,1.0,0.0
(e),5,29,DATA_PRESENT,16251,5.1340000000054715,0.0,1.0,0.0
(e),5,29,DATA_PRESENT,16252,5.167000000001281,0.0,1.0,0.0
(e),5,29,DATA_PRESENT,16253,5.2000000000116415,0.0,1.0,0.0
(e),5,29,DATA_PRESENT,16254,5.234000000011292,0.0,1.0,0.0
(e),5,29,DATA_PRESENT,16255,5.267000000007101,0.0,1.0,0.0
(e),5,29,DATA_PRESENT,16256,5.30000000000291,0.0,1.0,0.0
(e),5,29,DATA_PRESENT,16257,5.334000000002561,0.0,1.0,0.0
(e),5,29,DATA_PRESENT,16258,5.367000000008375,0.0,1.0,0.0
(e),5,29,DATA_PRESENT,16259,5.400000000008731,0.0,1.0,0.0
(e),5,29,DATA_PRESENT,16260,5.434000000008382,0.0,1.0,0.0
(e),5,29,DATA_PRESENT,16261,5.467000000004191,0.0,1.0,0.0
(e),5,29,DATA_PRESENT,16262,5.5,0.0,1.0,0.0
(e),5,29,DATA_PRESENT,16263,5.533999999999651,0.0,1.0,0.0
(e),5,29,DATA_PRESENT,16264,5.567000000010012,0.0,1.0,0.0
(e),5,29,DATA_PRESENT,16265,5.600000000005821,0.0,1.0,0.0
(e),5,29,DATA_PRESENT,16266,5.6340000000054715,0.0,1.0,0.0
(e),5,29,DATA_PRESENT,16267,5.667000000001281,0.0,1.0,0.0
(e),5,29,DATA_PRESENT,16268,5.7000000000116415,0.0,1.0,0.0
(e),5,29,DATA_PRESENT,16269,5.734000000011292,0.0,1.0,0.0
(e),5,29,DATA_PRESENT,16270,5.767000000007101,0.0,1.0,0.0
(e),5,29,DATA_PRESENT,16271,5.80000000000291,0.0,1.0,0.0
(e),5,29,DATA_PRESENT,16272,5.834000000002561,0.0,1.0,0.0
(e),5,29,DATA_PRESENT,16273,5.867000000008375,0.0,1.0,0.0
(e),5,29,DATA_PRESENT,16274,5.900000000008731,0.0,1.0,0.0
(e),5,29,DATA_PRESENT,16275,5.934000000008382,0.0,1.0,0.0
(e),5,29,DATA_PRESENT,16276,5.967000000004191,0.0,1.0,0.0
(e),5,29,DATA_PRESENT,16277,6.0,0.0,1.0,0.0
(e),5,29,DATA_PRESENT,16278,6.033999999999651,0.0,1.0,0.0
(e),5,29,DATA_PRESENT,16279,6.067000000010012,0.0,1.0,0.0
(e),5,29,DATA_PRESENT,16280,6.100000000005821,0.0,1.0,0.0
(e),5,29,DATA_PRESENT,16281,6.1340000000054715,0.0,1.0,0.0
(e),5,29,DATA_PRESENT,16282,6.167000000001281,0.0,1.0,0.0
(e),5,29,DATA_PRESENT,16283,6.2000000000116415,0.0,1.0,0.0
(e),5,29,DATA_PRESENT,16284,6.234000000011292,0.0,1.0,0.0
(e),5,29,DATA_PRESENT,16285,6.267000000007101,0.0,1.0,0.0
(e),5,29,DATA_PRESENT,16286,6.30000000000291,0.0,1.0,0.0
(e),5,29,DATA_PRESENT,16287,6.334000000002561,0.0,1.0,0.0
(e),5,29,DATA_PRESENT,16288,6.367000000008375,0.0,1.0,0.0
(e),5,29,DATA_PRESENT,16289,6.400000000008731,0.0,1.0,0.0
(e),5,29,DATA_PRESENT,16290,6.434000000008382,0.0,1.0,0.0
(e),5,29,DATA_PRESENT,16291,6.467000000004191,0.0,1.0,0.0
(e),5,29,DATA_PRESENT,16292,6.5,0.0,1.0,0.0
(e),5,29,DATA_PRESENT,16293,6.533999999999651,0.0,1.0,0.0
(e),5,29,DATA_PRESENT,16294,6.567000000010012,0.0,1.0,0.0
(e),5,29,DATA_PRESENT,16295,6.600000000005821,0.0,1.0,0.0
(e),5,29,DATA_PRESENT,16296,6.6340000000054715,0.0,1.0,0.0
(e),5,29,DATA_PRESENT,16297,6.667000000001281,0.0,1.0,0.0
(e),5,29,DATA_PRESENT,16298,6.7000000000116415,0.0,1.0,0.0
(e),5,29,DATA_PRESENT,16299,6.734000000011292,0.0,1.0,0.0
(e),5,29,DATA_PRESENT,16300,6.767000000007101,0.0,1.0,0.0
(e),5,29,DATA_PRESENT,16301,6.80000000000291,0.0,1.0,0.0
(e),5,29,DATA_PRESENT,16302,6.834000000002561,0.0,1.0,0.0
(e),5,29,DATA_PRESENT,16303,6.867000000008375,0.0,1.0,0.0
(e),5,29,DATA_PRESENT,16304,6.900000000008731,0.0,1.0,0.0
(e),5,29,DATA_PRESENT,16305,6.934000000008382,0.0,1.0,0.0
(e),5,29,DATA_PRESENT,16306,6.967000000004191,0.0,1.0,0.0
(e),5,29,DATA_PRESENT,16307,7.0,0.0,1.0,0.0
(e),5,29,DATA_PRESENT,16308,7.033999999999651,0.0,1.0,0.0
(e),5,29,DATA_PRESENT,16309,7.067000000010012,0.0,1.0,0.0
(e),5,29,DATA_PRESENT,16310,7.100000000005821,0.0,1.0,0.0
(e),5,29,DATA_PRESENT,16311,7.1340000000054715,0.0,1.0,0.0
(e),5,29,DATA_PRESENT,16312,7.167000000001281,0.0,1.0,0.0
(e),5,29,DATA_PRESENT,16313,7.2000000000116415,0.0,1.0,0.0
(e),5,29,DATA_PRESENT,16314,7.234000000011292,0.0,1.0,0.0
(e),5,29,DATA_PRESENT,16315,7.267000000007101,0.0,1.0,0.0
(e),5,29,DATA_PRESENT,16316,7.30000000000291,0.0,1.0,0.0
(e),5,29,DATA_PRESENT,16317,7.334000000002561,0.0,1.0,0.0
(e),5,29,DATA_PRESENT,16318,7.367000000008375,0.0,1.0,0.0
(e),5,29,DATA_PRESENT,16319,7.400000000008731,0.0,1.0,0.0
(e),5,29,DATA_PRESENT,16320,7.434000000008382,0.0,1.0,0.0
(e),5,29,DATA_PRESENT,16321,7.467000000004191,0.0,1.0,0.0
(e),5,29,DATA_PRESENT,16322,7.5,0.0,1.0,0.0
(e),5,29,DATA_PRESENT,16323,7.533999999999651,0.0,1.0,0.0
(e),5,29,DATA_PRESENT,16324,7.567000000010012,0.0,1.0,0.0
(e),5,29,DATA_PRESENT,16325,7.600000000005821,0.0,1.0,0.0
(e),5,29,DATA_PRESENT,16326,7.6340000000054715,0.0,1.0,0.0
(e),5,29,DATA_PRESENT,16327,7.667000000001281,0.0,1.0,0.0
(e),5,29,DATA_PRESENT,16328,7.7000000000116415,0.0,1.0,0.0
(e),5,29,DATA_PRESENT,16329,7.734000000011292,0.0,1.0,0.0
(e),5,29,DATA_PRESENT,16330,7.767000000007101,0.0,1.0,0.0
(e),5,29,DATA_PRESENT,16331,7.80000000000291,0.0,1.0,0.0
(e),5,29,DATA_PRESENT,16332,7.834000000002561,0.0,1.0,0.0
(e),5,29,DATA_PRESENT,16333,7.867000000008375,0.0,1.0,0.0
(e),5,29,DATA_PRESENT,16334,7.900000000008731,0.0,1.0,0.0
(e),5,29,DATA_PRESENT,16335,7.934000000008382,0.0,1.0,0.0
(e),5,29,DATA_PRESENT,16336,7.967000000004191,0.0,1.0,0.0
(e),5,29,DATA_PRESENT,16337,8.0,0.0,1.0,0.0
(e),5,29,DATA_PRESENT,16338,8.03399999999965,0.0,1.0,0.0
(e),5,29,DATA_PRESENT,16339,8.067000000010012,0.0,1.0,0.0
(e),5,29,DATA_PRESENT,16340,8.10000000000582,0.0,1.0,0.0
(e),5,29,DATA_PRESENT,16341,8.134000000005472,0.0,1.0,0.0
(e),5,29,DATA_PRESENT,16342,8.16700000000128,0.0,1.0,0.0
(e),5,29,DATA_PRESENT,16343,8.200000000011642,0.0,1.0,0.0
(e),5,29,DATA_PRESENT,16344,8.234000000011292,0.0,1.0,0.0
(e),5,29,DATA_PRESENT,16345,8.267000000007101,0.0,1.0,0.0
(e),5,29,DATA_PRESENT,16346,8.30000000000291,0.0,1.0,0.0
(e),5,29,DATA_PRESENT,16347,8.334000000002561,0.0,1.0,0.0
(e),5,29,DATA_PRESENT,16348,8.367000000008375,0.0,1.0,0.0
(e),5,29,DATA_PRESENT,16349,8.400000000008731,0.0,1.0,0.0
(e),5,29,DATA_PRESENT,16350,8.434000000008382,0.0,1.0,0.0
(e),5,29,DATA_PRESENT,16351,8.467000000004191,0.0,1.0,0.0
(e),5,29,DATA_PRESENT,16352,8.5,0.0,1.0,0.0
(e),5,29,DATA_PRESENT,16353,8.53399999999965,0.0,1.0,0.0
(e),5,29,DATA_PRESENT,16354,8.567000000010012,0.0,1.0,0.0
(e),5,29,DATA_PRESENT,16355,8.60000000000582,0.0,1.0,0.0
(e),5,29,DATA_PRESENT,16356,8.634000000005472,0.0,1.0,0.0
(e),5,29,DATA_PRESENT,16357,8.66700000000128,0.0,1.0,0.0
(e),5,29,DATA_PRESENT,16358,8.700000000011642,0.0,1.0,0.0
(e),5,29,DATA_PRESENT,16359,8.734000000011292,0.0,1.0,0.0
(e),5,29,DATA_PRESENT,16360,8.767000000007101,0.0,1.0,0.0
(e),5,29,DATA_PRESENT,16361,8.80000000000291,0.0,1.0,0.0
(e),5,29,DATA_PRESENT,16362,8.834000000002561,0.0,1.0,0.0
(e),5,29,DATA_PRESENT,16363,8.867000000008375,0.0,1.0,0.0
(e),5,29,DATA_PRESENT,16364,8.900000000008731,0.0,1.0,0.0
(e),5,29,DATA_PRESENT,16365,8.934000000008382,0.0,1.0,0.0
(e),5,29,DATA_PRESENT,16366,8.967000000004191,0.0,1.0,0.0
(e),5,29,DATA_PRESENT,16367,9.0,0.0,1.0,0.0
(e),5,29,DATA_PRESENT,16368,9.03399999999965,0.0,1.0,0.0
(e),5,29,DATA_PRESENT,16369,9.067000000010012,0.0,1.0,0.0
(e),5,29,DATA_PRESENT,16370,9.10000000000582,0.0,1.0,0.0
(e),5,29,DATA_PRESENT,16371,9.134000000005472,0.0,1.0,0.0
(e),5,29,DATA_PRESENT,16372,9.16700000000128,0.0,1.0,0.0
(e),5,29,DATA_PRESENT,16373,9.200000000011642,0.0,1.0,0.0
(e),5,29,DATA_PRESENT,16374,9.234000000011292,0.0,1.0,0.0
(e),5,29,DATA_PRESENT,16375,9.267000000007101,0.0,1.0,0.0
(e),5,29,DATA_PRESENT,16376,9.30000000000291,0.0,1.0,0.0
(e),5,29,DATA_PRESENT,16377,9.334000000002561,0.0,1.0,0.0
(e),5,29,DATA_PRESENT,16378,9.367000000008375,0.0,1.0,0.0
(e),5,29,DATA_PRESENT,16379,9.400000000008731,0.0,1.0,0.0
(e),5,29,DATA_PRESENT,16380,9.434000000008382,0.0,1.0,0.0
(e),5,29,DATA_PRESENT,16381,9.467000000004191,0.0,1.0,0.0
(e),5,29,DATA_PRESENT,16382,9.5,0.0,1.0,0.0
(e),5,29,DATA_PRESENT,16383,9.53399999999965,0.0,1.0,0.0
(e),5,29,DATA_PRESENT,16384,9.567000000010012,0.0,1.0,0.0
(e),5,29,DATA_PRESENT,16385,9.60000000000582,0.0,1.0,0.0
(e),5,29,DATA_PRESENT,16386,9.634000000005472,0.0,1.0,0.0
(e),5,29,DATA_PRESENT,16387,9.66700000000128,0.0,1.0,0.0
(e),5,29,DATA_PRESENT,16388,9.700000000011642,0.0,1.0,0.0
(e),5,29,DATA_PRESENT,16389,9.734000000011292,0.0,1.0,0.0
(e),5,29,DATA_PRESENT,16390,9.767000000007101,0.0,1.0,0.0
(e),5,29,DATA_PRESENT,16391,9.80000000000291,0.0,1.0,0.0
(e),5,29,DATA_PRESENT,16392,9.834000000002561,0.0,1.0,0.0
(e),5,29,DATA_PRESENT,16393,9.867000000008375,0.0,1.0,0.0
(e),5,29,DATA_PRESENT,16394,9.900000000008731,0.0,1.0,0.0
(e),5,29,DATA_PRESENT,16395,9.934000000008382,0.0,1.0,0.0
(e),5,29,DATA_PRESENT,16396,9.967000000004191,0.0,1.0,0.0
(e),5,29,DATA_PRESENT,16397,10.0,0.0,1.0,0.0
(e),5,29,DATA_PRESENT,16398,10.03399999999965,0.0,1.0,0.0
(e),5,29,DATA_PRESENT,16399,10.067000000010012,0.0,1.0,0.0
(e),5,29,DATA_PRESENT,16400,10.10000000000582,0.0,1.0,0.0
(e),5,29,DATA_PRESENT,16401,10.134000000005472,0.0,1.0,0.0
(e),5,29,DATA_PRESENT,16402,10.16700000000128,0.0,1.0,0.0
(e),5,29,DATA_PRESENT,16403,10.200000000011642,0.0,1.0,0.0
(e),5,29,DATA_PRESENT,16404,10.234000000011292,0.0,1.0,0.0
(e),5,29,DATA_PRESENT,16405,10.267000000007101,0.0,1.0,0.0
(e),5,29,DATA_PRESENT,16406,10.30000000000291,0.0,1.0,0.0
(e),5,29,DATA_PRESENT,16407,10.334000000002561,0.0,1.0,0.0
(e),5,29,DATA_PRESENT,16408,10.367000000008375,0.0,1.0,0.0
(e),5,29,DATA_PRESENT,16409,10.400000000008731,0.0,1.0,0.0
(e),5,29,DATA_PRESENT,16410,10.434000000008382,0.0,1.0,0.0
(e),5,29,DATA_PRESENT,16411,10.467000000004191,0.0,1.0,0.0
(e),5,29,DATA_PRESENT,16412,10.5,0.0,1.0,0.0
(e),5,29,DATA_PRESENT,16413,10.53399999999965,0.0,1.0,0.0
(e),5,29,DATA_PRESENT,16414,10.567000000010012,0.0,1.0,0.0
(e),5,29,DATA_PRESENT,16415,10.60000000000582,0.0,1.0,0.0
(e),5,29,DATA_PRESENT,16416,10.634000000005472,0.0,1.0,0.0
(e),5,29,DATA_PRESENT,16417,10.66700000000128,0.0,1.0,0.0
(e),5,29,DATA_PRESENT,16418,10.700000000011642,0.0,1.0,0.0
(e),5,29,DATA_PRESENT,16419,10.734000000011292,0.0,1.0,0.0
(e),5,29,DATA_PRESENT,16420,10.767000000007101,0.0,1.0,0.0
(e),5,29,DATA_PRESENT,16421,10.80000000000291,0.0,1.0,0.0
(e),5,29,DATA_PRESENT,16422,10.834000000002561,0.0,1.0,0.0
(e),5,29,DATA_PRESENT,16423,10.867000000008375,0.0,1.0,0.0
(e),5,29,DATA_PRESENT,16424,10.900000000008731,0.0,1.0,0.0
(e),5,29,DATA_PRESENT,16425,10.934000000008382,0.0,1.0,0.0
(e),5,29,DATA_PRESENT,16426,10.967000000004191,0.0,1.0,0.0
(e),5,29,DATA_PRESENT,16427,11.0,0.0,1.0,0.0
(e),5,29,DATA_PRESENT,16428,11.03399999999965,0.0,1.0,0.0
(e),5,29,DATA_PRESENT,16429,11.067000000010012,0.0,1.0,0.0
(e),5,29,DATA_PRESENT,16430,11.10000000000582,0.0,1.0,0.0
(e),5,29,DATA_PRESENT,16431,11.134000000005472,0.0,1.0,0.0
(e),5,29,DATA_PRESENT,16432,11.16700000000128,0.0,1.0,0.0
(e),5,29,DATA_PRESENT,16433,11.200000000011642,0.0,1.0,0.0
(e),5,29,DATA_PRESENT,16434,11.234000000011292,0.0,1.0,0.0
(e),5,29,DATA_PRESENT,16435,11.267000000007101,0.0,1.0,0.0
(e),5,29,DATA_PRESENT,16436,11.30000000000291,0.0,1.0,0.0
(e),5,29,DATA_PRESENT,16437,11.334000000002561,0.0,1.0,0.0
(e),5,29,DATA_PRESENT,16438,11.367000000008375,0.0,1.0,0.0
(e),5,29,DATA_PRESENT,16439,11.400000000008731,0.0,1.0,0.0
(e),5,29,DATA_PRESENT,16440,11.434000000008382,0.0,1.0,0.0
(e),5,29,DATA_PRESENT,16441,11.467000000004191,0.0,1.0,0.0
(e),5,29,DATA_PRESENT,16442,11.5,0.0,1.0,0.0
(e),5,29,DATA_PRESENT,16443,11.53399999999965,0.0,1.0,0.0
(e),5,29,DATA_PRESENT,16444,11.567000000010012,0.0,1.0,0.0
(e),5,29,DATA_PRESENT,16445,11.60000000000582,0.0,1.0,0.0
(e),5,29,DATA_PRESENT,16446,11.634000000005472,0.0,1.0,0.0
(e),5,29,DATA_PRESENT,16447,11.66700000000128,0.0,1.0,0.0
(e),5,29,DATA_PRESENT,16448,11.700000000011642,0.0,1.0,0.0
(e),5,29,DATA_PRESENT,16449,11.734000000011292,0.0,1.0,0.0
(e),5,29,DATA_PRESENT,16450,11.767000000007101,0.0,1.0,0.0
(e),5,29,DATA_PRESENT,16451,11.80000000000291,0.0,1.0,0.0
(e),5,29,DATA_PRESENT,16452,11.834000000002561,0.0,1.0,0.0
(e),5,29,DATA_PRESENT,16453,11.867000000008375,0.0,1.0,0.0
(e),5,29,DATA_PRESENT,16454,11.900000000008731,0.0,1.0,0.0
(e),5,29,DATA_PRESENT,16455,11.934000000008382,0.0,1.0,0.0
(e),5,29,DATA_PRESENT,16456,11.967000000004191,0.0,1.0,0.0
(e),5,29,DATA_PRESENT,16457,12.0,0.0,1.0,0.0
(e),5,29,DATA_PRESENT,16458,12.03399999999965,0.0,1.0,0.0
(e),5,29,DATA_PRESENT,16459,12.067000000010012,0.0,1.0,0.0
(e),5,29,DATA_PRESENT,16460,12.10000000000582,0.0,1.0,0.0
(e),5,29,DATA_PRESENT,16461,12.134000000005472,0.0,1.0,0.0
(e),5,29,DATA_PRESENT,16462,12.16700000000128,0.0,1.0,0.0
(e),5,29,DATA_PRESENT,16463,12.200000000011642,0.0,1.0,0.0
(e),5,29,DATA_PRESENT,16464,12.234000000011292,0.0,1.0,0.0
(e),5,29,DATA_PRESENT,16465,12.267000000007101,0.0,1.0,0.0
(e),5,29,DATA_PRESENT,16466,12.30000000000291,0.0,1.0,0.0
(e),5,29,DATA_PRESENT,16467,12.334000000002561,0.0,1.0,0.0
(e),5,29,DATA_PRESENT,16468,12.367000000008375,0.0,1.0,0.0
(e),5,29,DATA_PRESENT,16469,12.400000000008731,0.0,1.0,0.0
(e),5,29,DATA_PRESENT,16470,12.434000000008382,0.0,1.0,0.0
(e),5,29,DATA_PRESENT,16471,12.467000000004191,0.0,1.0,0.0
(e),5,29,DATA_PRESENT,16472,12.5,0.0,1.0,0.0
(e),5,29,DATA_PRESENT,16473,12.53399999999965,0.0,1.0,0.0
(e),5,29,DATA_PRESENT,16474,12.567000000010012,0.0,1.0,0.0
(e),5,29,DATA_PRESENT,16475,12.60000000000582,0.0,1.0,0.0
(e),5,29,DATA_PRESENT,16476,12.634000000005472,0.0,1.0,0.0
(e),5,29,DATA_PRESENT,16477,12.66700000000128,0.0,1.0,0.0
(e),5,29,DATA_PRESENT,16478,12.700000000011642,0.0,1.0,0.0
(e),5,29,DATA_PRESENT,16479,12.734000000011292,0.0,1.0,0.0
(e),5,29,DATA_PRESENT,16480,12.767000000007101,0.0,1.0,0.0
(e),5,29,DATA_PRESENT,16481,12.80000000000291,0.0,1.0,0.0
(e),5,29,DATA_PRESENT,16482,12.834000000002561,0.0,1.0,0.0
(e),5,29,DATA_PRESENT,16483,12.867000000008375,0.0,1.0,0.0
(e),5,29,DATA_PRESENT,16484,12.900000000008731,0.0,1.0,0.0
(e),5,29,DATA_PRESENT,16485,12.934000000008382,0.0,1.0,0.0
(e),5,29,DATA_PRESENT,16486,12.967000000004191,0.0,1.0,0.0
(e),5,29,DATA_PRESENT,16487,13.0,0.0,1.0,0.0
(e),5,29,DATA_PRESENT,16488,13.03399999999965,0.0,1.0,0.0
(e),5,29,DATA_PRESENT,16489,13.067000000010012,0.0,1.0,0.0
(e),5,29,DATA_PRESENT,16490,13.10000000000582,0.0,1.0,0.0
(e),5,29,DATA_PRESENT,16491,13.134000000005472,0.0,1.0,0.0
(e),5,29,DATA_PRESENT,16492,13.16700000000128,0.0,1.0,0.0
(e),5,29,DATA_PRESENT,16493,13.200000000011642,0.0,1.0,0.0
(e),5,29,DATA_PRESENT,16494,13.234000000011292,0.0,1.0,0.0
(e),5,29,DATA_PRESENT,16495,13.267000000007101,0.0,1.0,0.0
(e),5,29,DATA_PRESENT,16496,13.30000000000291,0.0,1.0,0.0
(e),5,29,DATA_PRESENT,16497,13.334000000002561,0.0,1.0,0.0
(e),5,29,DATA_PRESENT,16498,13.367000000008375,0.0,1.0,0.0
(e),5,29,DATA_PRESENT,16499,13.400000000008731,0.0,1.0,0.0
(e),5,29,DATA_PRESENT,16500,13.434000000008382,0.0,1.0,0.0
(e),5,29,DATA_PRESENT,16501,13.467000000004191,0.0,1.0,0.0
(e),5,29,DATA_PRESENT,16502,13.5,0.0,1.0,0.0
(e),5,29,DATA_PRESENT,16503,13.53399999999965,0.0,1.0,0.0
(e),5,29,DATA_PRESENT,16504,13.567000000010012,0.0,1.0,0.0
(e),5,29,DATA_PRESENT,16505,13.60000000000582,0.0,1.0,0.0
(e),5,29,DATA_PRESENT,16506,13.634000000005472,0.0,1.0,0.0
(e),5,29,DATA_PRESENT,16507,13.66700000000128,0.0,1.0,0.0
(e),5,29,DATA_PRESENT,16508,13.700000000011642,0.0,1.0,0.0
(e),5,29,DATA_PRESENT,16509,13.734000000011292,0.0,1.0,0.0
(e),5,29,DATA_PRESENT,16510,13.767000000007101,0.0,1.0,0.0
(e),5,29,DATA_PRESENT,16511,13.80000000000291,0.0,1.0,0.0
(e),5,29,DATA_PRESENT,16512,13.834000000002561,0.0,1.0,0.0
(e),5,29,DATA_PRESENT,16513,13.867000000008375,0.0,1.0,0.0
(e),5,29,DATA_PRESENT,16514,13.900000000008731,0.0,1.0,0.0
(e),5,29,DATA_PRESENT,16515,13.934000000008382,0.0,1.0,0.0
(e),5,29,DATA_PRESENT,16516,13.967000000004191,0.0,1.0,0.0
(e),5,29,DATA_PRESENT,16517,14.0,0.0,1.0,0.0
(e),5,29,DATA_PRESENT,16518,14.03399999999965,0.0,1.0,0.0
(e),5,29,DATA_PRESENT,16519,14.067000000010012,0.0,1.0,0.0
(e),5,29,DATA_PRESENT,16520,14.10000000000582,0.0,1.0,0.0
(e),5,29,DATA_PRESENT,16521,14.134000000005472,0.0,1.0,0.0
(e),5,29,DATA_PRESENT,16522,14.16700000000128,0.0,1.0,0.0
(e),5,29,DATA_PRESENT,16523,14.200000000011642,0.0,1.0,0.0
(e),5,29,DATA_PRESENT,16524,14.234000000011292,0.0,1.0,0.0
(e),5,29,DATA_PRESENT,16525,14.267000000007101,0.0,1.0,0.0
(e),5,29,DATA_PRESENT,16526,14.30000000000291,0.0,1.0,0.0
(e),5,29,DATA_PRESENT,16527,14.334000000002561,0.0,1.0,0.0
(e),5,29,DATA_PRESENT,16528,14.367000000008375,0.0,1.0,0.0
(e),5,29,DATA_PRESENT,16529,14.400000000008731,0.0,1.0,0.0
(e),5,29,DATA_PRESENT,16530,14.434000000008382,0.0,1.0,0.0
(e),5,29,DATA_PRESENT,16531,14.467000000004191,0.0,1.0,0.0
(e),5,29,DATA_PRESENT,16532,14.5,0.0,1.0,0.0
(e),5,29,DATA_PRESENT,16533,14.53399999999965,0.0,1.0,0.0
(e),5,29,DATA_PRESENT,16534,14.567000000010012,0.0,1.0,0.0
(e),5,29,DATA_PRESENT,16535,14.60000000000582,0.0,1.0,0.0
(e),5,29,DATA_PRESENT,16536,14.634000000005472,0.0,1.0,0.0
(e),5,29,DATA_PRESENT,16537,14.66700000000128,0.0,1.0,0.0
(e),5,29,DATA_PRESENT,16538,14.700000000011642,0.0,1.0,0.0
(e),5,29,DATA_PRESENT,16539,14.734000000011292,0.0,1.0,0.0
(e),5,29,DATA_PRESENT,16540,14.767000000007101,0.0,1.0,0.0
(e),5,29,DATA_PRESENT,16541,14.80000000000291,0.0,1.0,0.0
(e),5,29,DATA_PRESENT,16542,14.834000000002561,0.0,1.0,0.0
(e),5,29,DATA_PRESENT,16543,14.867000000008375,0.0,1.0,0.0
(e),5,29,DATA_PRESENT,16544,14.900000000008731,0.0,1.0,0.0
(e),5,29,DATA_PRESENT,16545,14.934000000008382,0.0,1.0,0.0
(e),5,29,DATA_PRESENT,16546,14.967000000004191,0.0,1.0,0.0
(e),5,29,DATA_PRESENT,16547,15.0,0.0,1.0,0.0
(e),5,29,DATA_PRESENT,16548,15.03399999999965,0.0,1.0,0.0
(e),5,29,DATA_PRESENT,16549,15.067000000010012,0.0,1.0,0.0
(e),5,29,DATA_PRESENT,16550,15.10000000000582,0.0,1.0,0.0
(e),5,29,DATA_PRESENT,16551,15.134000000005472,0.0,1.0,0.0
(e),5,29,DATA_PRESENT,16552,15.16700000000128,0.0,1.0,0.0
(e),5,29,DATA_PRESENT,16553,15.200000000011642,0.0,1.0,0.0
(e),5,29,DATA_PRESENT,16554,15.234000000011292,0.0,1.0,0.0
(e),5,29,DATA_PRESENT,16555,15.267000000007101,0.0,1.0,0.0
(e),5,29,DATA_PRESENT,16556,15.30000000000291,0.0,1.0,0.0
(e),5,29,DATA_PRESENT,16557,15.334000000002561,0.0,1.0,0.0
(e),5,29,DATA_PRESENT,16558,15.367000000008375,0.0,1.0,0.0
(e),5,29,DATA_PRESENT,16559,15.400000000008731,0.0,1.0,0.0
(e),5,29,DATA_PRESENT,16560,15.434000000008382,0.0,1.0,0.0
(e),5,29,DATA_PRESENT,16561,15.467000000004191,0.0,1.0,0.0
(e),5,29,DATA_PRESENT,16562,15.5,0.0,1.0,0.0
(e),5,29,DATA_PRESENT,16563,15.53399999999965,0.0,1.0,0.0
(e),5,29,DATA_PRESENT,16564,15.567000000010012,0.0,1.0,0.0
(e),5,29,DATA_PRESENT,16565,15.60000000000582,0.0,1.0,0.0
(e),5,29,DATA_PRESENT,16566,15.634000000005472,0.0,1.0,0.0
(e),5,29,DATA_PRESENT,16567,15.66700000000128,0.0,1.0,0.0
(e),5,29,DATA_PRESENT,16568,15.700000000011642,0.0,1.0,0.0
(e),5,29,DATA_PRESENT,16569,15.734000000011292,0.0,1.0,0.0
(e),5,29,DATA_PRESENT,16570,15.767000000007101,0.0,1.0,0.0
(e),5,29,DATA_PRESENT,16571,15.80000000000291,0.0,1.0,0.0
(e),5,29,DATA_PRESENT,16572,15.834000000002561,0.0,1.0,0.0
(e),5,29,DATA_PRESENT,16573,15.867000000008375,0.0,1.0,0.0
(e),5,29,DATA_PRESENT,16574,15.900000000008731,0.0,1.0,0.0
(e),5,29,DATA_PRESENT,16575,15.934000000008382,0.0,1.0,0.0
(e),5,29,DATA_PRESENT,16576,15.967000000004191,0.0,1.0,0.0
(e),5,29,DATA_PRESENT,16577,16.0,0.0,1.0,0.0
(e),5,29,DATA_PRESENT,16578,16.03399999999965,0.0,1.0,0.0
(e),5,29,DATA_PRESENT,16579,16.06700000001001,0.0,1.0,0.0
(e),5,29,DATA_PRESENT,16580,16.10000000000582,0.0,1.0,0.0
(e),5,29,DATA_PRESENT,16581,16.13400000000547,0.0,1.0,0.0
(e),5,29,DATA_PRESENT,16582,16.16700000000128,0.0,1.0,0.0
(e),5,29,DATA_PRESENT,16583,16.20000000001164,0.0,1.0,0.0
(e),5,29,DATA_PRESENT,16584,16.234000000011292,0.0,1.0,0.0
(e),5,29,DATA_PRESENT,16585,16.2670000000071,0.0,1.0,0.0
(e),5,29,DATA_PRESENT,16586,16.30000000000291,0.0,1.0,0.0
(e),5,29,DATA_PRESENT,16587,16.33400000000256,0.0,1.0,0.0
(e),5,29,DATA_PRESENT,16588,16.367000000008375,0.0,1.0,0.0
(e),5,29,DATA_PRESENT,16589,16.40000000000873,0.0,1.0,0.0
(e),5,29,DATA_PRESENT,16590,16.434000000008382,0.0,1.0,0.0
(e),5,29,DATA_PRESENT,16591,16.46700000000419,0.0,1.0,0.0
(e),5,29,DATA_PRESENT,16592,16.5,0.0,1.0,0.0
(e),5,29,DATA_PRESENT,16593,16.53399999999965,0.0,1.0,0.0
(e),5,29,DATA_PRESENT,16594,16.56700000001001,0.0,1.0,0.0
(e),5,29,DATA_PRESENT,16595,16.60000000000582,0.0,1.0,0.0
(e),5,29,DATA_PRESENT,16596,16.63400000000547,0.0,1.0,0.0
(e),5,29,DATA_PRESENT,16597,16.66700000000128,0.0,1.0,0.0
(e),5,29,DATA_PRESENT,16598,16.70000000001164,0.0,1.0,0.0
(e),5,29,DATA_PRESENT,16599,16.734000000011292,0.0,1.0,0.0
(e),5,29,DATA_PRESENT,16600,16.7670000000071,0.0,1.0,0.0
(e),5,29,DATA_PRESENT,16601,16.80000000000291,0.0,1.0,0.0
(e),5,29,DATA_PRESENT,16602,16.83400000000256,0.0,1.0,0.0
(e),5,29,DATA_PRESENT,16603,16.867000000008375,0.0,1.0,0.0
(e),5,29,DATA_PRESENT,16604,16.90000000000873,0.0,1.0,0.0
(e),5,29,DATA_PRESENT,16605,16.934000000008382,0.0,1.0,0.0
(e),5,29,DATA_PRESENT,16606,16.96700000000419,0.0,1.0,0.0
(e),5,29,DATA_PRESENT,16607,17.0,0.0,1.0,0.0
(e),5,29,DATA_PRESENT,16608,17.03399999999965,0.0,1.0,0.0
(e),5,29,DATA_PRESENT,16609,17.06700000001001,0.0,1.0,0.0
(e),5,29,DATA_PRESENT,16610,17.10000000000582,0.0,1.0,0.0
(e),5,29,DATA_PRESENT,16611,17.13400000000547,0.0,1.0,0.0
(e),5,29,DATA_PRESENT,16612,17.16700000000128,0.0,1.0,0.0
(e),5,29,DATA_PRESENT,16613,17.20000000001164,0.0,1.0,0.0
(e),5,29,DATA_PRESENT,16614,17.234000000011292,0.0,1.0,0.0
(e),5,29,DATA_PRESENT,16615,17.2670000000071,0.0,1.0,0.0
(e),5,29,DATA_PRESENT,16616,17.30000000000291,0.0,1.0,0.0
(e),5,29,DATA_PRESENT,16617,17.33400000000256,0.0,1.0,0.0
(e),5,29,DATA_PRESENT,16618,17.367000000008375,0.0,1.0,0.0
(e),5,29,DATA_PRESENT,16619,17.40000000000873,0.0,1.0,0.0
(e),5,29,DATA_PRESENT,16620,17.434000000008382,0.0,1.0,0.0
(e),5,29,DATA_PRESENT,16621,17.46700000000419,0.0,1.0,0.0
(e),5,29,DATA_PRESENT,16622,17.5,0.0,1.0,0.0
(e),5,29,DATA_PRESENT,16623,17.53399999999965,0.0,1.0,0.0
(e),5,29,DATA_PRESENT,16624,17.56700000001001,0.0,1.0,0.0
(e),5,29,DATA_PRESENT,16625,17.60000000000582,0.0,1.0,0.0
(e),5,29,DATA_PRESENT,16626,17.63400000000547,0.0,1.0,0.0
(e),5,29,DATA_PRESENT,16627,17.66700000000128,0.0,1.0,0.0
(e),5,29,DATA_PRESENT,16628,17.70000000001164,0.0,1.0,0.0
(e),5,29,DATA_PRESENT,16629,17.734000000011292,0.0,1.0,0.0
(e),5,29,DATA_PRESENT,16630,17.7670000000071,0.0,1.0,0.0
(e),5,29,DATA_PRESENT,16631,17.80000000000291,0.0,1.0,0.0
(e),5,29,DATA_PRESENT,16632,17.83400000000256,0.0,1.0,0.0
(e),5,29,DATA_PRESENT,16633,17.867000000008375,0.0,1.0,0.0
(e),5,29,DATA_PRESENT,16634,17.90000000000873,0.0,1.0,0.0
(e),5,29,DATA_PRESENT,16635,17.934000000008382,0.0,1.0,0.0
(e),5,29,DATA_PRESENT,16636,17.96700000000419,0.0,1.0,0.0
(e),5,29,DATA_PRESENT,16637,18.0,0.0,1.0,0.0
(e),5,29,DATA_PRESENT,16638,18.03399999999965,0.0,1.0,0.0
(e),5,29,DATA_PRESENT,16639,18.06700000001001,0.0,1.0,0.0
(e),5,29,DATA_PRESENT,16640,18.10000000000582,0.0,1.0,0.0
(e),5,29,DATA_PRESENT,16641,18.13400000000547,0.0,1.0,0.0
(e),5,29,DATA_PRESENT,16642,18.16700000000128,0.0,1.0,0.0
(e),5,29,DATA_PRESENT,16643,18.20000000001164,0.0,1.0,0.0
(e),5,29,DATA_PRESENT,16644,18.234000000011292,0.0,1.0,0.0
(e),5,29,DATA_PRESENT,16645,18.2670000000071,0.0,1.0,0.0
(e),5,29,DATA_PRESENT,16646,18.30000000000291,0.0,1.0,0.0
(e),5,29,DATA_PRESENT,16647,18.33400000000256,0.0,1.0,0.0
(e),5,29,DATA_PRESENT,16648,18.367000000008375,0.0,1.0,0.0
(e),5,29,DATA_PRESENT,16649,18.40000000000873,0.0,1.0,0.0
(e),5,29,DATA_PRESENT,16650,18.434000000008382,0.0,1.0,0.0
(e),5,29,DATA_PRESENT,16651,18.46700000000419,0.0,1.0,0.0
(e),5,29,DATA_PRESENT,16652,18.5,0.0,1.0,0.0
(e),5,29,DATA_PRESENT,16653,18.53399999999965,0.0,1.0,0.0
(e),5,29,DATA_PRESENT,16654,18.56700000001001,0.0,1.0,0.0
(e),5,29,DATA_PRESENT,16655,18.60000000000582,0.0,1.0,0.0
(e),5,29,DATA_PRESENT,16656,18.63400000000547,0.0,1.0,0.0
(e),5,29,DATA_PRESENT,16657,18.66700000000128,0.0,1.0,0.0
(e),5,29,DATA_PRESENT,16658,18.70000000001164,0.0,1.0,0.0
(e),5,29,DATA_PRESENT,16659,18.734000000011292,0.0,1.0,0.0
(e),5,29,DATA_PRESENT,16660,18.7670000000071,0.0,1.0,0.0
(e),5,29,DATA_PRESENT,16661,18.80000000000291,0.0,1.0,0.0
(e),5,29,DATA_PRESENT,16662,18.83400000000256,0.0,1.0,0.0
(e),5,29,DATA_PRESENT,16663,18.867000000008375,0.0,1.0,0.0
(e),5,29,DATA_PRESENT,16664,18.90000000000873,0.0,1.0,0.0
(e),5,29,DATA_PRESENT,16665,18.934000000008382,0.0,1.0,0.0
(e),5,29,DATA_PRESENT,16666,18.96700000000419,0.0,1.0,0.0
(e),5,29,DATA_PRESENT,16667,19.0,0.0,1.0,0.0
(e),5,29,DATA_PRESENT,16668,19.03399999999965,0.0,1.0,0.0
(e),5,29,DATA_PRESENT,16669,19.06700000001001,0.0,1.0,0.0
(e),5,29,DATA_PRESENT,16670,19.10000000000582,0.0,1.0,0.0
(e),5,29,DATA_PRESENT,16671,19.13400000000547,0.0,1.0,0.0
(e),5,29,DATA_PRESENT,16672,19.16700000000128,0.0,1.0,0.0
(e),5,29,DATA_PRESENT,16673,19.20000000001164,0.0,1.0,0.0
(e),5,29,DATA_PRESENT,16674,19.234000000011292,0.0,1.0,0.0
(e),5,29,DATA_PRESENT,16675,19.2670000000071,0.0,1.0,0.0
(e),5,29,DATA_PRESENT,16676,19.30000000000291,0.0,1.0,0.0
(e),5,29,DATA_PRESENT,16677,19.33400000000256,0.0,1.0,0.0
(e),5,29,DATA_PRESENT,16678,19.367000000008375,0.0,1.0,0.0
(e),5,29,DATA_PRESENT,16679,19.40000000000873,0.0,1.0,0.0
(e),5,29,DATA_PRESENT,16680,19.434000000008382,0.0,1.0,0.0
(e),5,29,DATA_PRESENT,16681,19.46700000000419,0.0,1.0,0.0
(e),5,29,DATA_PRESENT,16682,19.5,0.0,1.0,0.0
(e),5,29,DATA_PRESENT,16683,19.53399999999965,0.0,1.0,0.0
(e),5,29,DATA_PRESENT,16684,19.56700000001001,0.0,1.0,0.0
(e),5,29,DATA_PRESENT,16685,19.60000000000582,0.0,1.0,0.0
(e),5,29,DATA_PRESENT,16686,19.63400000000547,0.0,1.0,0.0
(e),5,29,DATA_PRESENT,16687,19.66700000000128,0.0,1.0,0.0
(e),5,29,DATA_PRESENT,16688,19.70000000001164,0.0,1.0,0.0
(e),5,29,DATA_PRESENT,16689,19.734000000011292,0.0,1.0,0.0
(e),5,29,DATA_PRESENT,16690,19.7670000000071,0.0,1.0,0.0
(e),5,29,DATA_PRESENT,16691,19.80000000000291,0.0,1.0,0.0
(e),5,29,DATA_PRESENT,16692,19.83400000000256,0.0,1.0,0.0
(e),5,29,DATA_PRESENT,16693,19.867000000008375,0.0,1.0,0.0
(e),5,29,DATA_PRESENT,16694,19.90000000000873,0.0,1.0,0.0
(e),5,29,DATA_PRESENT,16695,19.934000000008382,0.0,1.0,0.0
(e),5,29,DATA_PRESENT,16696,19.96700000000419,0.0,1.0,0.0
(e),5,29,DATA_PRESENT,16697,20.0,0.0,1.0,0.0
(e),5,29,DATA_PRESENT,16698,20.03399999999965,0.0,1.0,0.0
(e),5,29,DATA_PRESENT,16699,20.06700000001001,0.0,1.0,0.0
(e),5,29,DATA_PRESENT,16700,20.10000000000582,0.0,1.0,0.0
(e),5,29,DATA_PRESENT,16701,20.13400000000547,0.0,1.0,0.0
(e),5,29,DATA_PRESENT,16702,20.16700000000128,0.0,1.0,0.0
(e),5,29,DATA_PRESENT,16703,20.20000000001164,0.0,1.0,0.0
(e),5,29,DATA_PRESENT,16704,20.234000000011292,0.0,1.0,0.0
(e),5,29,DATA_PRESENT,16705,20.2670000000071,0.0,1.0,0.0
(e),5,29,DATA_PRESENT,16706,20.30000000000291,0.0,1.0,0.0
(e),5,29,DATA_PRESENT,16707,20.33400000000256,0.0,1.0,0.0
(e),5,29,DATA_PRESENT,16708,20.367000000008375,0.0,1.0,0.0
(e),5,29,DATA_PRESENT,16709,20.40000000000873,0.0,1.0,0.0
(e),5,29,DATA_PRESENT,16710,20.434000000008382,0.0,1.0,0.0
(e),5,29,DATA_PRESENT,16711,20.46700000000419,0.0,1.0,0.0
(e),5,29,DATA_PRESENT,16712,20.5,0.0,1.0,0.0
(e),5,29,DATA_PRESENT,16713,20.53399999999965,0.0,1.0,0.0
(e),5,29,DATA_PRESENT,16714,20.56700000001001,0.0,1.0,0.0
(e),5,29,DATA_PRESENT,16715,20.60000000000582,0.0,1.0,0.0
(e),5,29,DATA_PRESENT,16716,20.63400000000547,0.0,1.0,0.0
(e),5,29,DATA_PRESENT,16717,20.66700000000128,0.0,1.0,0.0
(e),5,29,DATA_PRESENT,16718,20.70000000001164,0.0,1.0,0.0
(e),5,29,DATA_PRESENT,16719,20.734000000011292,0.0,1.0,0.0
(e),5,29,DATA_PRESENT,16720,20.7670000000071,0.0,1.0,0.0
(e),5,29,DATA_PRESENT,16721,20.80000000000291,0.0,1.0,0.0
(e),5,29,DATA_PRESENT,16722,20.83400000000256,0.0,1.0,0.0
(e),5,29,DATA_PRESENT,16723,20.867000000008375,0.0,1.0,0.0
(e),5,29,DATA_PRESENT,16724,20.90000000000873,0.0,1.0,0.0
(e),5,29,DATA_PRESENT,16725,20.934000000008382,0.0,1.0,0.0
(e),5,29,DATA_PRESENT,16726,20.96700000000419,0.0,1.0,0.0
(e),5,29,DATA_PRESENT,16727,21.0,0.0,1.0,0.0
(e),5,29,DATA_PRESENT,16728,21.03399999999965,0.0,1.0,0.0
(e),5,29,DATA_PRESENT,16729,21.06700000001001,0.0,1.0,0.0
(e),5,29,DATA_PRESENT,16730,21.10000000000582,0.0,1.0,0.0
(e),5,29,DATA_PRESENT,16731,21.13400000000547,0.0,1.0,0.0
(e),5,29,DATA_PRESENT,16732,21.16700000000128,0.0,1.0,0.0
(e),5,29,DATA_PRESENT,16733,21.20000000001164,0.0,1.0,0.0
(e),5,29,DATA_PRESENT,16734,21.234000000011292,0.0,1.0,0.0
(e),5,29,DATA_PRESENT,16735,21.2670000000071,0.0,1.0,0.0
(e),5,29,DATA_PRESENT,16736,21.30000000000291,0.0,1.0,0.0
(e),5,29,DATA_PRESENT,16737,21.33400000000256,0.0,1.0,0.0
(e),5,29,DATA_PRESENT,16738,21.367000000008375,0.0,1.0,0.0
(e),5,29,DATA_PRESENT,16739,21.40000000000873,0.0,1.0,0.0
(e),5,29,DATA_PRESENT,16740,21.434000000008382,0.0,1.0,0.0
(e),5,29,DATA_PRESENT,16741,21.46700000000419,0.0,1.0,0.0
(e),5,29,DATA_PRESENT,16742,21.5,0.0,1.0,0.0
(e),5,29,DATA_PRESENT,16743,21.53399999999965,0.0,1.0,0.0
(e),5,29,DATA_PRESENT,16744,21.56700000001001,0.0,1.0,0.0
(e),5,29,DATA_PRESENT,16745,21.60000000000582,0.0,1.0,0.0
(e),5,29,DATA_PRESENT,16746,21.63400000000547,0.0,1.0,0.0
(e),5,29,DATA_PRESENT,16747,21.66700000000128,0.0,1.0,0.0
(e),5,29,DATA_PRESENT,16748,21.70000000001164,0.0,1.0,0.0
(e),5,29,DATA_PRESENT,16749,21.734000000011292,0.0,1.0,0.0
(e),5,29,DATA_PRESENT,16750,21.7670000000071,0.0,1.0,0.0
(e),5,29,DATA_PRESENT,16751,21.80000000000291,0.0,1.0,0.0
(e),5,29,DATA_PRESENT,16752,21.83400000000256,0.0,1.0,0.0
(e),5,29,DATA_PRESENT,16753,21.867000000008375,0.0,1.0,0.0
(e),5,29,DATA_PRESENT,16754,21.90000000000873,0.0,1.0,0.0
(e),5,29,DATA_PRESENT,16755,21.934000000008382,0.0,1.0,0.0
(e),5,29,DATA_PRESENT,16756,21.96700000000419,0.0,1.0,0.0
(e),5,29,DATA_PRESENT,16757,22.0,0.0,1.0,0.0
(e),5,29,DATA_PRESENT,16758,22.03399999999965,0.0,1.0,0.0
(e),5,29,DATA_PRESENT,16759,22.06700000001001,0.0,1.0,0.0
(e),5,29,DATA_PRESENT,16760,22.10000000000582,0.0,1.0,0.0
(e),5,29,DATA_PRESENT,16761,22.13400000000547,0.0,1.0,0.0
(e),5,29,DATA_PRESENT,16762,22.16700000000128,0.0,1.0,0.0
(e),5,29,DATA_PRESENT,16763,22.20000000001164,0.0,1.0,0.0
(e),5,29,DATA_PRESENT,16764,22.234000000011292,0.0,1.0,0.0
(e),5,29,DATA_PRESENT,16765,22.2670000000071,0.0,1.0,0.0
(e),5,29,DATA_PRESENT,16766,22.30000000000291,0.0,1.0,0.0
(e),5,29,DATA_PRESENT,16767,22.33400000000256,0.0,1.0,0.0
(e),5,29,DATA_PRESENT,16768,22.367000000008375,0.0,1.0,0.0
(e),5,29,DATA_PRESENT,16769,22.40000000000873,0.0,1.0,0.0
(e),5,29,DATA_PRESENT,16770,22.434000000008382,0.0,1.0,0.0
(e),5,29,DATA_PRESENT,16771,22.46700000000419,0.0,1.0,0.0
(e),5,29,DATA_PRESENT,16772,22.5,0.0,1.0,0.0
(e),5,29,DATA_PRESENT,16773,22.53399999999965,0.0,1.0,0.0
(e),5,29,DATA_PRESENT,16774,22.56700000001001,0.0,1.0,0.0
(e),5,29,DATA_PRESENT,16775,22.60000000000582,0.0,1.0,0.0
(e),5,29,DATA_PRESENT,16776,22.63400000000547,0.0,1.0,0.0
(e),5,29,DATA_PRESENT,16777,22.66700000000128,0.0,1.0,0.0
(e),5,29,DATA_PRESENT,16778,22.70000000001164,0.0,1.0,0.0
(e),5,29,DATA_PRESENT,16779,22.734000000011292,0.0,1.0,0.0
(e),5,29,DATA_PRESENT,16780,22.7670000000071,0.0,1.0,0.0
(e),5,29,DATA_PRESENT,16781,22.80000000000291,0.0,1.0,0.0
(e),5,29,DATA_PRESENT,16782,22.83400000000256,0.0,1.0,0.0
(e),5,29,DATA_PRESENT,16783,22.867000000008375,0.0,1.0,0.0
(e),5,29,DATA_PRESENT,16784,22.90000000000873,0.0,1.0,0.0
(e),5,29,DATA_PRESENT,16785,22.934000000008382,0.0,1.0,0.0
(e),5,29,DATA_PRESENT,16786,22.96700000000419,0.0,1.0,0.0
(e),5,29,DATA_PRESENT,16787,23.0,0.0,1.0,0.0
(e),5,29,DATA_PRESENT,16788,23.03399999999965,0.0,1.0,0.0
(e),5,29,DATA_PRESENT,16789,23.06700000001001,0.0,1.0,0.0
(e),5,29,DATA_PRESENT,16790,23.10000000000582,0.0,1.0,0.0
(e),5,29,DATA_PRESENT,16791,23.13400000000547,0.0,1.0,0.0
(e),5,29,DATA_PRESENT,16792,23.16700000000128,0.0,1.0,0.0
(e),5,29,DATA_PRESENT,16793,23.20000000001164,0.0,1.0,0.0
(e),5,29,DATA_PRESENT,16794,23.234000000011292,0.0,1.0,0.0
(e),5,29,DATA_PRESENT,16795,23.2670000000071,0.0,1.0,0.0
(e),5,29,DATA_PRESENT,16796,23.30000000000291,0.0,1.0,0.0
(e),5,29,DATA_PRESENT,16797,23.33400000000256,0.0,1.0,0.0
(e),5,29,DATA_PRESENT,16798,23.367000000008375,0.0,1.0,0.0
(e),5,29,DATA_PRESENT,16799,23.40000000000873,0.0,1.0,0.0
(e),5,29,DATA_PRESENT,16800,23.434000000008382,0.0,1.0,0.0
(e),5,29,DATA_PRESENT,16801,23.46700000000419,0.0,1.0,0.0
(e),5,29,DATA_PRESENT,16802,23.5,0.0,1.0,0.0
(e),5,29,DATA_PRESENT,16803,23.53399999999965,0.0,1.0,0.0
(e),5,29,DATA_PRESENT,16804,23.56700000001001,0.0,1.0,0.0
(e),5,29,DATA_PRESENT,16805,23.60000000000582,0.0,1.0,0.0
(e),5,29,DATA_PRESENT,16806,23.63400000000547,0.0,1.0,0.0
(e),5,29,DATA_PRESENT,16807,23.66700000000128,0.0,1.0,0.0
(e),5,29,DATA_PRESENT,16808,23.70000000001164,0.0,1.0,0.0
(e),5,29,DATA_PRESENT,16809,23.734000000011292,0.0,1.0,0.0
(e),5,29,DATA_PRESENT,16810,23.7670000000071,0.0,1.0,0.0
(e),5,29,DATA_PRESENT,16811,23.80000000000291,0.0,1.0,0.0
(e),5,29,DATA_PRESENT,16812,23.83400000000256,0.0,1.0,0.0
(e),5,29,DATA_PRESENT,16813,23.867000000008375,0.0,1.0,0.0
(e),5,29,DATA_PRESENT,16814,23.90000000000873,0.0,1.0,0.0
(e),5,29,DATA_PRESENT,16815,23.934000000008382,0.0,1.0,0.0
(e),5,29,DATA_PRESENT,16816,23.96700000000419,0.0,1.0,0.0
(e),5,29,DATA_PRESENT,16817,24.0,0.0,1.0,0.0
(e),5,29,DATA_PRESENT,16818,24.03399999999965,0.0,1.0,0.0
(e),5,29,DATA_PRESENT,16819,24.06700000001001,0.0,1.0,0.0
(e),5,29,DATA_PRESENT,16820,24.10000000000582,0.0,1.0,0.0
(e),5,29,DATA_PRESENT,16821,24.13400000000547,0.0,1.0,0.0
(e),5,29,DATA_PRESENT,16822,24.16700000000128,0.0,1.0,0.0
(e),5,29,DATA_PRESENT,16823,24.20000000001164,0.0,1.0,0.0
(e),5,29,DATA_PRESENT,16824,24.234000000011292,0.0,1.0,0.0
(e),5,29,DATA_PRESENT,16825,24.2670000000071,0.0,1.0,0.0
(e),5,29,DATA_PRESENT,16826,24.30000000000291,0.0,1.0,0.0
(e),5,29,DATA_PRESENT,16827,24.33400000000256,0.0,1.0,0.0
(e),5,29,DATA_PRESENT,16828,24.367000000008375,0.0,1.0,0.0
(e),5,29,DATA_PRESENT,16829,24.40000000000873,0.0,1.0,0.0
(e),5,29,DATA_PRESENT,16830,24.434000000008382,0.0,1.0,0.0
(e),5,29,DATA_PRESENT,16831,24.46700000000419,0.0,1.0,0.0
(e),5,29,DATA_PRESENT,16832,24.5,0.0,1.0,0.0
(e),5,29,DATA_PRESENT,16833,24.53399999999965,0.0,1.0,0.0
(e),5,29,DATA_PRESENT,16834,24.56700000001001,0.0,1.0,0.0
(e),5,29,DATA_PRESENT,16835,24.60000000000582,0.0,1.0,0.0
(e),5,29,DATA_PRESENT,16836,24.63400000000547,0.0,1.0,0.0
(e),5,29,DATA_PRESENT,16837,24.66700000000128,0.0,1.0,0.0
(e),5,29,DATA_PRESENT,16838,24.70000000001164,0.0,1.0,0.0
(e),5,29,DATA_PRESENT,16839,24.734000000011292,0.0,1.0,0.0
(e),5,29,DATA_PRESENT,16840,24.7670000000071,0.0,1.0,0.0
(e),5,29,DATA_PRESENT,16841,24.80000000000291,0.0,1.0,0.0
(e),5,29,DATA_PRESENT,16842,24.83400000000256,0.0,1.0,0.0
(e),5,29,DATA_PRESENT,16843,24.867000000008375,0.0,1.0,0.0
(e),5,29,DATA_PRESENT,16844,24.90000000000873,0.0,1.0,0.0
(e),5,29,DATA_PRESENT,16845,24.934000000008382,0.0,1.0,0.0
(e),5,29,DATA_PRESENT,16846,24.96700000000419,0.0,1.0,0.0
(e),5,29,DATA_PRESENT,16847,25.0,0.0,1.0,0.0
(e),5,29,DATA_PRESENT,16848,25.03399999999965,0.0,1.0,0.0
(e),5,29,DATA_PRESENT,16849,25.06700000001001,0.0,1.0,0.0
(e),5,29,DATA_PRESENT,16850,25.10000000000582,0.0,1.0,0.0
(e),5,29,DATA_PRESENT,16851,25.13400000000547,0.0,1.0,0.0
(e),5,29,DATA_PRESENT,16852,25.16700000000128,0.0,1.0,0.0
(e),5,29,DATA_PRESENT,16853,25.20000000001164,0.0,1.0,0.0
(e),5,29,DATA_PRESENT,16854,25.234000000011292,0.0,1.0,0.0
(e),5,29,DATA_PRESENT,16855,25.2670000000071,0.0,1.0,0.0
(e),5,29,DATA_PRESENT,16856,25.30000000000291,0.0,1.0,0.0
(e),5,29,DATA_PRESENT,16857,25.33400000000256,0.0,1.0,0.0
(e),5,29,DATA_PRESENT,16858,25.367000000008375,0.0,1.0,0.0
(e),5,29,DATA_PRESENT,16859,25.40000000000873,0.0,1.0,0.0
(e),5,29,DATA_PRESENT,16860,25.434000000008382,0.0,1.0,0.0
(e),5,29,DATA_PRESENT,16861,25.46700000000419,0.0,1.0,0.0
(e),5,29,DATA_PRESENT,16862,25.5,0.0,1.0,0.0
(e),5,29,DATA_PRESENT,16863,25.53399999999965,0.0,1.0,0.0
(e),5,29,DATA_PRESENT,16864,25.56700000001001,0.0,1.0,0.0
(e),5,29,DATA_PRESENT,16865,25.60000000000582,0.0,1.0,0.0
(e),5,29,DATA_PRESENT,16866,25.63400000000547,0.0,1.0,0.0
(e),5,29,DATA_PRESENT,16867,25.66700000000128,0.0,1.0,0.0
(e),5,29,DATA_PRESENT,16868,25.70000000001164,0.0,1.0,0.0
(e),5,29,DATA_PRESENT,16869,25.734000000011292,0.0,1.0,0.0
(e),5,29,DATA_PRESENT,16870,25.7670000000071,0.0,1.0,0.0
(e),5,29,DATA_PRESENT,16871,25.80000000000291,0.0,1.0,0.0
(e),5,29,DATA_PRESENT,16872,25.83400000000256,0.0,1.0,0.0
(e),5,29,DATA_PRESENT,16873,25.867000000008375,0.0,1.0,0.0
(e),5,29,DATA_PRESENT,16874,25.90000000000873,0.0,1.0,0.0
(e),5,29,DATA_PRESENT,16875,25.934000000008382,0.0,1.0,0.0
(e),5,29,DATA_PRESENT,16876,25.96700000000419,0.0,1.0,0.0
(e),5,29,DATA_PRESENT,16877,26.0,0.0,1.0,0.0
(e),5,29,DATA_PRESENT,16878,26.03399999999965,0.0,1.0,0.0
(e),5,29,DATA_PRESENT,16879,26.06700000001001,0.0,1.0,0.0
(e),5,29,DATA_PRESENT,16880,26.10000000000582,0.0,1.0,0.0
(e),5,29,DATA_PRESENT,16881,26.13400000000547,0.0,1.0,0.0
(e),5,29,DATA_PRESENT,16882,26.16700000000128,0.0,1.0,0.0
(e),5,29,DATA_PRESENT,16883,26.20000000001164,0.0,1.0,0.0
(e),5,29,DATA_PRESENT,16884,26.234000000011292,0.0,1.0,0.0
(e),5,29,DATA_PRESENT,16885,26.2670000000071,0.0,1.0,0.0
(e),5,29,DATA_PRESENT,16886,26.30000000000291,0.0,1.0,0.0
(e),5,29,DATA_PRESENT,16887,26.33400000000256,0.0,1.0,0.0
(e),5,29,DATA_PRESENT,16888,26.367000000008375,0.0,1.0,0.0
(e),5,29,DATA_PRESENT,16889,26.40000000000873,0.0,1.0,0.0
(e),5,29,DATA_PRESENT,16890,26.434000000008382,0.0,1.0,0.0
(e),5,29,DATA_PRESENT,16891,26.46700000000419,0.0,1.0,0.0
(e),5,29,DATA_PRESENT,16892,26.5,0.0,1.0,0.0
(e),5,29,DATA_PRESENT,16893,26.53399999999965,0.0,1.0,0.0
(e),5,29,DATA_PRESENT,16894,26.56700000001001,0.0,1.0,0.0
(e),5,29,DATA_PRESENT,16895,26.60000000000582,0.0,1.0,0.0
(e),5,29,DATA_PRESENT,16896,26.63400000000547,0.0,1.0,0.0
(e),5,29,DATA_PRESENT,16897,26.66700000000128,0.0,1.0,0.0
(e),5,29,DATA_PRESENT,16898,26.70000000001164,0.0,1.0,0.0
(e),5,29,DATA_PRESENT,16899,26.734000000011292,0.0,1.0,0.0
(e),5,29,DATA_PRESENT,16900,26.7670000000071,0.0,1.0,0.0
(e),5,29,DATA_PRESENT,16901,26.80000000000291,0.0,1.0,0.0
(e),5,29,DATA_PRESENT,16902,26.83400000000256,0.0,1.0,0.0
(e),5,29,DATA_PRESENT,16903,26.867000000008375,0.0,1.0,0.0
(e),5,29,DATA_PRESENT,16904,26.90000000000873,0.0,1.0,0.0
(e),5,29,DATA_PRESENT,16905,26.934000000008382,0.0,1.0,0.0
(e),5,29,DATA_PRESENT,16906,26.96700000000419,0.0,1.0,0.0
(e),5,29,DATA_PRESENT,16907,27.0,0.0,1.0,0.0
(e),5,29,DATA_PRESENT,16908,27.03399999999965,0.0,1.0,0.0
(e),5,29,DATA_PRESENT,16909,27.06700000001001,1.0,1.0,1.0
(e),5,29,DATA_PRESENT,16910,27.10000000000582,1.0,1.0,1.0
(e),5,29,DATA_PRESENT,16911,27.13400000000547,1.0,1.0,1.0
(e),5,29,DATA_PRESENT,16912,27.16700000000128,1.0,1.0,1.0
(e),5,29,DATA_PRESENT,16913,27.20000000001164,1.0,1.0,1.0
(e),5,29,DATA_PRESENT,16914,27.234000000011292,1.0,1.0,1.0
(e),5,29,DATA_PRESENT,16915,27.2670000000071,1.0,1.0,1.0
(e),5,29,DATA_PRESENT,16916,27.30000000000291,1.0,1.0,1.0
(e),5,29,DATA_PRESENT,16917,27.33400000000256,1.0,1.0,1.0
(e),5,29,DATA_PRESENT,16918,27.367000000008375,1.0,1.0,1.0
(e),5,29,DATA_PRESENT,16919,27.40000000000873,1.0,1.0,1.0
(e),5,29,DATA_PRESENT,16920,27.434000000008382,1.0,1.0,1.0
(e),5,29,DATA_PRESENT,16921,27.46700000000419,1.0,1.0,1.0
(e),5,29,DATA_PRESENT,16922,27.5,1.0,1.0,1.0
(e),5,29,DATA_PRESENT,16923,27.53399999999965,1.0,1.0,1.0
(e),5,29,DATA_PRESENT,16924,27.56700000001001,1.0,1.0,1.0
(e),5,29,DATA_PRESENT,16925,27.60000000000582,1.0,1.0,1.0
(e),5,29,DATA_PRESENT,16926,27.63400000000547,1.0,1.0,1.0
(e),5,29,DATA_PRESENT,16927,27.66700000000128,1.0,1.0,1.0
(e),5,29,DATA_PRESENT,16928,27.70000000001164,1.0,1.0,1.0
(e),5,29,DATA_PRESENT,16929,27.734000000011292,1.0,1.0,1.0
(e),5,29,DATA_PRESENT,16930,27.7670000000071,1.0,1.0,1.0
(e),5,29,DATA_PRESENT,16931,27.80000000000291,1.0,1.0,1.0
(e),5,29,DATA_PRESENT,16932,27.83400000000256,1.0,1.0,1.0
(e),5,29,DATA_PRESENT,16933,27.867000000008375,1.0,1.0,1.0
(e),5,29,DATA_PRESENT,16934,27.90000000000873,1.0,1.0,1.0
(e),5,29,DATA_PRESENT,16935,27.934000000008382,1.0,1.0,1.0
(e),5,29,DATA_PRESENT,16936,27.96700000000419,1.0,1.0,1.0
(e),5,29,DATA_PRESENT,16937,28.0,1.0,1.0,1.0
(e),5,29,DATA_PRESENT,16938,28.03399999999965,1.0,1.0,1.0
(e),5,29,DATA_PRESENT,16939,28.06700000001001,1.0,1.0,1.0
(e),5,29,DATA_PRESENT,16940,28.10000000000582,1.0,1.0,1.0
(e),5,29,DATA_PRESENT,16941,28.13400000000547,1.0,1.0,1.0
(e),5,29,DATA_PRESENT,16942,28.16700000000128,1.0,1.0,1.0
(e),5,29,DATA_PRESENT,16943,28.20000000001164,1.0,1.0,1.0
(e),5,29,DATA_PRESENT,16944,28.234000000011292,1.0,1.0,1.0
(e),5,29,DATA_PRESENT,16945,28.2670000000071,1.0,1.0,1.0
(e),5,29,DATA_PRESENT,16946,28.30000000000291,1.0,1.0,1.0
(e),5,29,DATA_PRESENT,16947,28.33400000000256,1.0,1.0,1.0
(e),5,29,DATA_PRESENT,16948,28.367000000008375,1.0,1.0,1.0
(e),5,29,DATA_PRESENT,16949,28.40000000000873,1.0,1.0,1.0
(e),5,29,DATA_PRESENT,16950,28.434000000008382,1.0,1.0,1.0
(e),5,29,DATA_PRESENT,16951,28.46700000000419,1.0,1.0,1.0
(e),5,29,DATA_PRESENT,16952,28.5,1.0,1.0,1.0
(e),5,29,DATA_PRESENT,16953,28.53399999999965,1.0,1.0,1.0
(e),5,29,DATA_PRESENT,16954,28.56700000001001,1.0,1.0,1.0
(e),5,29,DATA_PRESENT,16955,28.60000000000582,1.0,1.0,1.0
(e),5,29,DATA_PRESENT,16956,28.63400000000547,1.0,1.0,1.0
(e),5,29,DATA_PRESENT,16957,28.66700000000128,1.0,1.0,1.0
(e),5,29,DATA_PRESENT,16958,28.70000000001164,1.0,1.0,1.0
(e),5,29,DATA_PRESENT,16959,28.734000000011292,1.0,1.0,1.0
(e),5,29,DATA_PRESENT,16960,28.7670000000071,1.0,1.0,1.0
(e),5,29,DATA_PRESENT,16961,28.80000000000291,1.0,1.0,1.0
(e),5,29,DATA_PRESENT,16962,28.83400000000256,1.0,1.0,1.0
(e),5,29,DATA_PRESENT,16963,28.867000000008375,1.0,1.0,1.0
(e),5,29,DATA_PRESENT,16964,28.90000000000873,1.0,1.0,1.0
(e),5,29,DATA_PRESENT,16965,28.934000000008382,1.0,1.0,1.0
(e),5,29,DATA_PRESENT,16966,28.96700000000419,1.0,1.0,1.0
(e),5,29,DATA_PRESENT,16967,29.0,1.0,1.0,1.0
(e),5,29,DATA_PRESENT,16968,29.03399999999965,1.0,1.0,1.0
(e),5,29,DATA_PRESENT,16969,29.06700000001001,1.0,1.0,1.0
(e),5,29,DATA_PRESENT,16970,29.10000000000582,1.0,1.0,1.0
(e),5,29,DATA_PRESENT,16971,29.13400000000547,1.0,1.0,1.0
(e),5,29,DATA_PRESENT,16972,29.16700000000128,1.0,1.0,1.0
(e),5,29,DATA_PRESENT,16973,29.20000000001164,1.0,1.0,1.0
(e),5,29,DATA_PRESENT,16974,29.234000000011292,1.0,1.0,1.0
(e),5,29,DATA_PRESENT,16975,29.2670000000071,1.0,1.0,1.0
(e),5,29,DATA_PRESENT,16976,29.30000000000291,1.0,1.0,1.0
(e),5,29,DATA_PRESENT,16977,29.33400000000256,1.0,1.0,1.0
(e),5,29,DATA_PRESENT,16978,29.367000000008375,1.0,1.0,1.0
(e),5,29,DATA_PRESENT,16979,29.40000000000873,1.0,1.0,1.0
(e),5,29,DATA_PRESENT,16980,29.434000000008382,1.0,1.0,1.0
(e),5,29,DATA_PRESENT,16981,29.46700000000419,1.0,1.0,1.0
(e),5,29,DATA_PRESENT,16982,29.5,1.0,1.0,1.0
(e),5,29,DATA_PRESENT,16983,29.53399999999965,1.0,1.0,1.0
(e),5,29,DATA_PRESENT,16984,29.56700000001001,1.0,1.0,1.0
(e),5,29,DATA_PRESENT,16985,29.60000000000582,1.0,1.0,1.0
(e),5,29,DATA_PRESENT,16986,29.63400000000547,1.0,1.0,1.0
(e),5,29,DATA_PRESENT,16987,29.66700000000128,1.0,1.0,1.0
(e),5,29,DATA_PRESENT,16988,29.70000000001164,1.0,1.0,1.0
(e),5,29,DATA_PRESENT,16989,29.734000000011292,1.0,1.0,1.0
(e),5,29,DATA_PRESENT,16990,29.7670000000071,1.0,1.0,1.0
(e),5,29,DATA_PRESENT,16991,29.80000000000291,1.0,1.0,1.0
(e),5,29,DATA_PRESENT,16992,29.83400000000256,1.0,1.0,1.0
(e),5,29,DATA_PRESENT,16993,29.867000000008375,1.0,1.0,1.0
(e),5,29,DATA_PRESENT,16994,29.90000000000873,1.0,1.0,1.0
(e),5,29,DATA_PRESENT,16995,29.934000000008382,1.0,1.0,1.0
(e),5,29,DATA_PRESENT,16996,29.96700000000419,1.0,1.0,1.0
(e),5,29,DATA_PRESENT,16997,30.0,1.0,1.0,1.0
(e),5,29,DATA_PRESENT,16998,30.03399999999965,1.0,1.0,1.0
(e),5,29,DATA_PRESENT,16999,30.06700000001001,1.0,1.0,1.0
(e),5,29,DATA_PRESENT,17000,30.10000000000582,1.0,1.0,1.0
(e),5,29,DATA_PRESENT,17001,30.13400000000547,1.0,1.0,1.0
(e),5,29,DATA_PRESENT,17002,30.16700000000128,1.0,1.0,1.0
(e),5,29,DATA_PRESENT,17003,30.20000000001164,1.0,1.0,1.0
(e),5,29,DATA_PRESENT,17004,30.234000000011292,1.0,1.0,1.0
(e),5,29,DATA_PRESENT,17005,30.2670000000071,1.0,1.0,1.0
(e),5,29,DATA_PRESENT,17006,30.30000000000291,1.0,1.0,1.0
(e),5,29,DATA_PRESENT,17007,30.33400000000256,1.0,1.0,1.0
(e),5,29,DATA_PRESENT,17008,30.367000000008375,1.0,1.0,1.0
(e),5,29,DATA_PRESENT,17009,30.40000000000873,1.0,1.0,1.0
(e),5,29,DATA_PRESENT,17010,30.434000000008382,1.0,1.0,1.0
(e),5,29,DATA_PRESENT,17011,30.46700000000419,1.0,1.0,1.0
(e),5,29,DATA_PRESENT,17012,30.5,1.0,1.0,1.0
(e),5,29,DATA_PRESENT,17013,30.53399999999965,1.0,1.0,1.0
(e),5,29,DATA_PRESENT,17014,30.56700000001001,1.0,1.0,1.0
(e),5,29,DATA_PRESENT,17015,30.60000000000582,1.0,1.0,1.0
(e),5,29,DATA_PRESENT,17016,30.63400000000547,1.0,1.0,1.0
(e),5,29,DATA_PRESENT,17017,30.66700000000128,1.0,1.0,1.0
(e),5,29,DATA_PRESENT,17018,30.70000000001164,1.0,1.0,1.0
(e),5,29,DATA_PRESENT,17019,30.734000000011292,1.0,1.0,1.0
(e),5,29,DATA_PRESENT,17020,30.7670000000071,1.0,1.0,1.0
(e),5,29,DATA_PRESENT,17021,30.80000000000291,1.0,1.0,1.0
(e),5,29,DATA_PRESENT,17022,30.83400000000256,1.0,1.0,1.0
(e),5,29,DATA_PRESENT,17023,30.867000000008375,1.0,1.0,1.0
(e),5,29,DATA_PRESENT,17024,30.90000000000873,1.0,1.0,1.0
(e),5,29,DATA_PRESENT,17025,30.934000000008382,1.0,1.0,1.0
(e),5,29,DATA_PRESENT,17026,30.96700000000419,1.0,1.0,1.0
(e),5,29,DATA_PRESENT,17027,31.0,1.0,1.0,1.0
(e),5,29,DATA_PRESENT,17028,31.03399999999965,1.0,1.0,1.0
(e),5,29,DATA_PRESENT,17029,31.06700000001001,1.0,1.0,1.0
(e),5,29,DATA_PRESENT,17030,31.10000000000582,1.0,1.0,1.0
(e),5,29,DATA_PRESENT,17031,31.13400000000547,1.0,1.0,1.0
(e),5,29,DATA_PRESENT,17032,31.16700000000128,1.0,1.0,1.0
(e),5,29,DATA_PRESENT,17033,31.20000000001164,1.0,1.0,1.0
(e),5,29,DATA_PRESENT,17034,31.234000000011292,1.0,1.0,1.0
(e),5,29,DATA_PRESENT,17035,31.2670000000071,1.0,1.0,1.0
(e),5,29,DATA_PRESENT,17036,31.30000000000291,1.0,1.0,1.0
(e),5,29,DATA_PRESENT,17037,31.33400000000256,1.0,1.0,1.0
(e),5,29,DATA_PRESENT,17038,31.367000000008375,1.0,1.0,1.0
(e),5,29,DATA_PRESENT,17039,31.40000000000873,1.0,1.0,1.0
(e),5,29,DATA_PRESENT,17040,31.434000000008382,1.0,1.0,1.0
(e),5,29,DATA_PRESENT,17041,31.46700000000419,1.0,1.0,1.0
(e),5,29,DATA_PRESENT,17042,31.5,1.0,1.0,1.0
(e),5,29,DATA_PRESENT,17043,31.53399999999965,1.0,1.0,1.0
(e),5,29,DATA_PRESENT,17044,31.56700000001001,1.0,1.0,1.0
(e),5,29,DATA_PRESENT,17045,31.60000000000582,1.0,1.0,1.0
(e),5,29,DATA_PRESENT,17046,31.63400000000547,1.0,1.0,1.0
(e),5,29,DATA_PRESENT,17047,31.66700000000128,1.0,1.0,1.0
(e),5,29,DATA_PRESENT,17048,31.70000000001164,1.0,1.0,1.0
(e),5,29,DATA_PRESENT,17049,31.734000000011292,1.0,1.0,1.0
(e),5,29,DATA_PRESENT,17050,31.7670000000071,1.0,1.0,1.0
(e),5,29,DATA_PRESENT,17051,31.80000000000291,1.0,1.0,1.0
(e),5,29,DATA_PRESENT,17052,31.83400000000256,1.0,1.0,1.0
(e),5,29,DATA_PRESENT,17053,31.867000000008375,1.0,1.0,1.0
(e),5,29,DATA_PRESENT,17054,31.90000000000873,1.0,1.0,1.0
(e),5,29,DATA_PRESENT,17055,31.934000000008382,1.0,1.0,1.0
(e),5,29,DATA_PRESENT,17056,31.96700000000419,1.0,1.0,1.0
(e),5,29,DATA_PRESENT,17057,32.0,1.0,1.0,1.0
(e),5,22,DATA_PRESENT,15977,-4.0,1.0,1.0,1.0
(e),5,22,DATA_PRESENT,15978,-3.9660000000003492,1.0,1.0,1.0
(e),5,22,DATA_PRESENT,15979,-3.9329999999899883,1.0,1.0,1.0
(e),5,22,DATA_PRESENT,15980,-3.8999999999941792,1.0,1.0,1.0
(e),5,22,DATA_PRESENT,15981,-3.8659999999945285,1.0,1.0,1.0
(e),5,22,DATA_PRESENT,15982,-3.8329999999987194,1.0,1.0,1.0
(e),5,22,DATA_PRESENT,15983,-3.7999999999883585,1.0,1.0,1.0
(e),5,22,DATA_PRESENT,15984,-3.7659999999887077,1.0,1.0,1.0
(e),5,22,DATA_PRESENT,15985,-3.7329999999928987,1.0,1.0,1.0
(e),5,22,DATA_PRESENT,15986,-3.6999999999970896,1.0,1.0,1.0
(e),5,22,DATA_PRESENT,15987,-3.665999999997439,1.0,1.0,1.0
(e),5,22,DATA_PRESENT,15988,-3.6329999999916254,1.0,1.0,1.0
(e),5,22,DATA_PRESENT,15989,-3.599999999991269,1.0,1.0,1.0
(e),5,22,DATA_PRESENT,15990,-3.565999999991618,1.0,1.0,1.0
(e),5,22,DATA_PRESENT,15991,-3.532999999995809,1.0,1.0,1.0
(e),5,22,DATA_PRESENT,15992,-3.5,1.0,1.0,1.0
(e),5,22,DATA_PRESENT,15993,-3.4660000000003492,1.0,1.0,1.0
(e),5,22,DATA_PRESENT,15994,-3.4329999999899883,1.0,1.0,1.0
(e),5,22,DATA_PRESENT,15995,-3.3999999999941792,1.0,1.0,1.0
(e),5,22,DATA_PRESENT,15996,-3.3659999999945285,1.0,1.0,1.0
(e),5,22,DATA_PRESENT,15997,-3.3329999999987194,1.0,1.0,1.0
(e),5,22,DATA_PRESENT,15998,-3.2999999999883585,1.0,1.0,1.0
(e),5,22,DATA_PRESENT,15999,-3.2659999999887077,1.0,1.0,1.0
(e),5,22,DATA_PRESENT,16000,-3.2329999999928987,1.0,1.0,1.0
(e),5,22,DATA_PRESENT,16001,-3.1999999999970896,1.0,1.0,1.0
(e),5,22,DATA_PRESENT,16002,-3.165999999997439,1.0,1.0,1.0
(e),5,22,DATA_PRESENT,16003,-3.1329999999916254,1.0,1.0,1.0
(e),5,22,DATA_PRESENT,16004,-3.099999999991269,1.0,1.0,1.0
(e),5,22,DATA_PRESENT,16005,-3.065999999991618,1.0,1.0,1.0
(e),5,22,DATA_PRESENT,16006,-3.032999999995809,1.0,1.0,1.0
(e),5,22,DATA_PRESENT,16007,-3.0,1.0,1.0,1.0
(e),5,22,DATA_PRESENT,16008,-2.9660000000003492,1.0,1.0,1.0
(e),5,22,DATA_PRESENT,16009,-2.9329999999899883,1.0,1.0,1.0
(e),5,22,DATA_PRESENT,16010,-2.8999999999941792,1.0,1.0,1.0
(e),5,22,DATA_PRESENT,16011,-2.8659999999945285,1.0,1.0,1.0
(e),5,22,DATA_PRESENT,16012,-2.8329999999987194,1.0,1.0,1.0
(e),5,22,DATA_PRESENT,16013,-2.7999999999883585,1.0,1.0,1.0
(e),5,22,DATA_PRESENT,16014,-2.7659999999887077,1.0,1.0,1.0
(e),5,22,DATA_PRESENT,16015,-2.7329999999928987,1.0,1.0,1.0
(e),5,22,DATA_PRESENT,16016,-2.6999999999970896,1.0,1.0,1.0
(e),5,22,DATA_PRESENT,16017,-2.665999999997439,1.0,1.0,1.0
(e),5,22,DATA_PRESENT,16018,-2.6329999999916254,1.0,1.0,1.0
(e),5,22,DATA_PRESENT,16019,-2.599999999991269,1.0,1.0,1.0
(e),5,22,DATA_PRESENT,16020,-2.565999999991618,1.0,1.0,1.0
(e),5,22,DATA_PRESENT,16021,-2.532999999995809,1.0,1.0,1.0
(e),5,22,DATA_PRESENT,16022,-2.5,1.0,1.0,1.0
(e),5,22,DATA_PRESENT,16023,-2.4660000000003492,1.0,1.0,1.0
(e),5,22,DATA_PRESENT,16024,-2.4329999999899883,1.0,1.0,1.0
(e),5,22,DATA_PRESENT,16025,-2.3999999999941792,1.0,1.0,1.0
(e),5,22,DATA_PRESENT,16026,-2.3659999999945285,1.0,1.0,1.0
(e),5,22,DATA_PRESENT,16027,-2.3329999999987194,1.0,1.0,1.0
(e),5,22,DATA_PRESENT,16028,-2.2999999999883585,1.0,1.0,1.0
(e),5,22,DATA_PRESENT,16029,-2.2659999999887077,1.0,1.0,1.0
(e),5,22,DATA_PRESENT,16030,-2.2329999999928987,1.0,1.0,1.0
(e),5,22,DATA_PRESENT,16031,-2.1999999999970896,1.0,1.0,1.0
(e),5,22,DATA_PRESENT,16032,-2.165999999997439,1.0,1.0,1.0
(e),5,22,DATA_PRESENT,16033,-2.1329999999916254,1.0,1.0,1.0
(e),5,22,DATA_PRESENT,16034,-2.099999999991269,1.0,1.0,1.0
(e),5,22,DATA_PRESENT,16035,-2.065999999991618,1.0,1.0,1.0
(e),5,22,DATA_PRESENT,16036,-2.032999999995809,1.0,1.0,1.0
(e),5,22,DATA_PRESENT,16037,-2.0,1.0,1.0,1.0
(e),5,22,DATA_PRESENT,16038,-1.9660000000003492,1.0,1.0,1.0
(e),5,22,DATA_PRESENT,16039,-1.9329999999899883,1.0,1.0,1.0
(e),5,22,DATA_PRESENT,16040,-1.8999999999941792,1.0,1.0,1.0
(e),5,22,DATA_PRESENT,16041,-1.8659999999945285,1.0,1.0,1.0
(e),5,22,DATA_PRESENT,16042,-1.8329999999987194,1.0,1.0,1.0
(e),5,22,DATA_PRESENT,16043,-1.7999999999883585,1.0,1.0,1.0
(e),5,22,DATA_PRESENT,16044,-1.7659999999887077,1.0,1.0,1.0
(e),5,22,DATA_PRESENT,16045,-1.7329999999928987,1.0,1.0,1.0
(e),5,22,DATA_PRESENT,16046,-1.6999999999970896,1.0,1.0,1.0
(e),5,22,DATA_PRESENT,16047,-1.6659999999974389,1.0,1.0,1.0
(e),5,22,DATA_PRESENT,16048,-1.6329999999916254,1.0,1.0,1.0
(e),5,22,DATA_PRESENT,16049,-1.5999999999912689,1.0,1.0,1.0
(e),5,22,DATA_PRESENT,16050,-1.565999999991618,1.0,1.0,1.0
(e),5,22,DATA_PRESENT,16051,-1.532999999995809,1.0,1.0,1.0
(e),5,22,DATA_PRESENT,16052,-1.5,1.0,1.0,1.0
(e),5,22,DATA_PRESENT,16053,-1.4660000000003492,1.0,1.0,1.0
(e),5,22,DATA_PRESENT,16054,-1.4329999999899883,1.0,1.0,1.0
(e),5,22,DATA_PRESENT,16055,-1.3999999999941792,1.0,1.0,1.0
(e),5,22,DATA_PRESENT,16056,-1.3659999999945285,1.0,1.0,1.0
(e),5,22,DATA_PRESENT,16057,-1.3329999999987194,1.0,1.0,1.0
(e),5,22,DATA_PRESENT,16058,-1.2999999999883585,1.0,1.0,1.0
(e),5,22,DATA_PRESENT,16059,-1.2659999999887077,1.0,1.0,1.0
(e),5,22,DATA_PRESENT,16060,-1.2329999999928987,1.0,1.0,1.0
(e),5,22,DATA_PRESENT,16061,-1.1999999999970896,1.0,1.0,1.0
(e),5,22,DATA_PRESENT,16062,-1.1659999999974389,1.0,1.0,1.0
(e),5,22,DATA_PRESENT,16063,-1.1329999999916254,1.0,1.0,1.0
(e),5,22,DATA_PRESENT,16064,-1.0999999999912689,1.0,1.0,1.0
(e),5,22,DATA_PRESENT,16065,-1.065999999991618,1.0,1.0,1.0
(e),5,22,DATA_PRESENT,16066,-1.032999999995809,1.0,1.0,1.0
(e),5,22,DATA_PRESENT,16067,-1.0,1.0,1.0,1.0
(e),5,22,DATA_PRESENT,16068,-0.9660000000003492,1.0,1.0,1.0
(e),5,22,DATA_PRESENT,16069,-0.9329999999899883,1.0,1.0,1.0
(e),5,22,DATA_PRESENT,16070,-0.8999999999941792,1.0,1.0,1.0
(e),5,22,DATA_PRESENT,16071,-0.8659999999945285,1.0,1.0,1.0
(e),5,22,DATA_PRESENT,16072,-0.8329999999987194,1.0,1.0,1.0
(e),5,22,DATA_PRESENT,16073,-0.7999999999883585,1.0,1.0,1.0
(e),5,22,DATA_PRESENT,16074,-0.7659999999887077,1.0,1.0,1.0
(e),5,22,DATA_PRESENT,16075,-0.7329999999928987,1.0,1.0,1.0
(e),5,22,DATA_PRESENT,16076,-0.6999999999970896,1.0,1.0,1.0
(e),5,22,DATA_PRESENT,16077,-0.6659999999974389,1.0,1.0,1.0
(e),5,22,DATA_PRESENT,16078,-0.6329999999916254,1.0,1.0,1.0
(e),5,22,DATA_PRESENT,16079,-0.5999999999912689,1.0,1.0,1.0
(e),5,22,DATA_PRESENT,16080,-0.5659999999916181,1.0,1.0,1.0
(e),5,22,DATA_PRESENT,16081,-0.532999999995809,1.0,1.0,1.0
(e),5,22,DATA_PRESENT,16082,-0.5,1.0,1.0,1.0
(e),5,22,DATA_PRESENT,16083,-0.46600000000034925,1.0,1.0,1.0
(e),5,22,DATA_PRESENT,16084,-0.4329999999899883,1.0,1.0,1.0
(e),5,22,DATA_PRESENT,16085,-0.39999999999417923,1.0,1.0,1.0
(e),5,22,DATA_PRESENT,16086,-0.3659999999945285,1.0,1.0,1.0
(e),5,22,DATA_PRESENT,16087,-0.33299999999871943,1.0,1.0,1.0
(e),5,22,DATA_PRESENT,16088,-0.29999999998835847,1.0,1.0,1.0
(e),5,22,DATA_PRESENT,16089,-0.2659999999887077,1.0,1.0,1.0
(e),5,22,DATA_PRESENT,16090,-0.23299999999289867,1.0,1.0,1.0
(e),5,22,DATA_PRESENT,16091,-0.19999999999708962,1.0,1.0,1.0
(e),5,22,DATA_PRESENT,16092,-0.16599999999743886,1.0,1.0,1.0
(e),5,22,DATA_PRESENT,16093,-0.13299999999162537,1.0,1.0,1.0
(e),5,22,DATA_PRESENT,16094,-0.09999999999126885,1.0,1.0,1.0
(e),5,22,DATA_PRESENT,16095,-0.0659999999916181,1.0,1.0,1.0
(e),5,22,DATA_PRESENT,16096,-0.03299999999580905,1.0,1.0,1.0
(e),5,22,DATA_PRESENT,16097,0.0,1.0,1.0,1.0
(e),5,22,DATA_PRESENT,16098,0.033999999999650754,1.0,1.0,1.0
(e),5,22,DATA_PRESENT,16099,0.06700000001001172,1.0,1.0,1.0
(e),5,22,DATA_PRESENT,16100,0.10000000000582077,1.0,1.0,1.0
(e),5,22,DATA_PRESENT,16101,0.13400000000547152,1.0,1.0,1.0
(e),5,22,DATA_PRESENT,16102,0.16700000000128057,1.0,1.0,1.0
(e),5,22,DATA_PRESENT,16103,0.20000000001164153,1.0,1.0,1.0
(e),5,22,DATA_PRESENT,16104,0.2340000000112923,1.0,1.0,1.0
(e),5,22,DATA_PRESENT,16105,0.26700000000710133,1.0,1.0,1.0
(e),5,22,DATA_PRESENT,16106,0.3000000000029104,1.0,1.0,1.0
(e),5,22,DATA_PRESENT,16107,0.33400000000256114,1.0,1.0,1.0
(e),5,22,DATA_PRESENT,16108,0.3670000000083746,1.0,1.0,1.0
(e),5,22,DATA_PRESENT,16109,0.40000000000873115,1.0,1.0,1.0
(e),5,22,DATA_PRESENT,16110,0.4340000000083819,1.0,1.0,1.0
(e),5,22,DATA_PRESENT,16111,0.46700000000419095,1.0,1.0,1.0
(e),5,22,DATA_PRESENT,16112,0.5,1.0,1.0,1.0
(e),5,22,DATA_PRESENT,16113,0.5339999999996508,1.0,1.0,1.0
(e),5,22,DATA_PRESENT,16114,0.5670000000100117,1.0,1.0,1.0
(e),5,22,DATA_PRESENT,16115,0.6000000000058208,1.0,1.0,1.0
(e),5,22,DATA_PRESENT,16116,0.6340000000054715,1.0,1.0,1.0
(e),5,22,DATA_PRESENT,16117,0.6670000000012806,1.0,1.0,1.0
(e),5,22,DATA_PRESENT,16118,0.7000000000116415,1.0,1.0,1.0
(e),5,22,DATA_PRESENT,16119,0.7340000000112923,1.0,1.0,1.0
(e),5,22,DATA_PRESENT,16120,0.7670000000071013,1.0,1.0,1.0
(e),5,22,DATA_PRESENT,16121,0.8000000000029104,1.0,1.0,1.0
(e),5,22,DATA_PRESENT,16122,0.8340000000025611,1.0,1.0,1.0
(e),5,22,DATA_PRESENT,16123,0.8670000000083746,1.0,1.0,1.0
(e),5,22,DATA_PRESENT,16124,0.9000000000087311,1.0,1.0,1.0
(e),5,22,DATA_PRESENT,16125,0.9340000000083819,1.0,1.0,1.0
(e),5,22,DATA_PRESENT,16126,0.967000000004191,1.0,1.0,1.0
(e),5,22,DATA_PRESENT,16127,1.0,1.0,1.0,1.0
(e),5,22,DATA_PRESENT,16128,1.0339999999996508,1.0,1.0,1.0
(e),5,22,DATA_PRESENT,16129,1.0670000000100117,1.0,1.0,1.0
(e),5,22,DATA_PRESENT,16130,1.1000000000058208,1.0,1.0,1.0
(e),5,22,DATA_PRESENT,16131,1.1340000000054715,1.0,1.0,1.0
(e),5,22,DATA_PRESENT,16132,1.1670000000012806,1.0,1.0,1.0
(e),5,22,DATA_PRESENT,16133,1.2000000000116415,1.0,1.0,1.0
(e),5,22,DATA_PRESENT,16134,1.2340000000112923,1.0,1.0,1.0
(e),5,22,DATA_PRESENT,16135,1.2670000000071013,1.0,1.0,1.0
(e),5,22,DATA_PRESENT,16136,1.3000000000029104,1.0,1.0,1.0
(e),5,22,DATA_PRESENT,16137,1.3340000000025611,1.0,1.0,1.0
(e),5,22,DATA_PRESENT,16138,1.3670000000083746,1.0,1.0,1.0
(e),5,22,DATA_PRESENT,16139,1.4000000000087311,1.0,1.0,1.0
(e),5,22,DATA_PRESENT,16140,1.434000000008382,1.0,1.0,1.0
(e),5,22,DATA_PRESENT,16141,1.467000000004191,1.0,1.0,1.0
(e),5,22,DATA_PRESENT,16142,1.5,1.0,1.0,1.0
(e),5,22,DATA_PRESENT,16143,1.5339999999996508,1.0,1.0,1.0
(e),5,22,DATA_PRESENT,16144,1.5670000000100117,1.0,1.0,1.0
(e),5,22,DATA_PRESENT,16145,1.6000000000058208,1.0,1.0,1.0
(e),5,22,DATA_PRESENT,16146,1.6340000000054715,1.0,1.0,1.0
(e),5,22,DATA_PRESENT,16147,1.6670000000012806,1.0,1.0,1.0
(e),5,22,DATA_PRESENT,16148,1.7000000000116415,1.0,1.0,1.0
(e),5,22,DATA_PRESENT,16149,1.7340000000112923,1.0,1.0,1.0
(e),5,22,DATA_PRESENT,16150,1.7670000000071013,1.0,1.0,1.0
(e),5,22,DATA_PRESENT,16151,1.8000000000029104,1.0,1.0,1.0
(e),5,22,DATA_PRESENT,16152,1.8340000000025611,1.0,1.0,1.0
(e),5,22,DATA_PRESENT,16153,1.8670000000083746,1.0,1.0,1.0
(e),5,22,DATA_PRESENT,16154,1.9000000000087311,1.0,1.0,1.0
(e),5,22,DATA_PRESENT,16155,1.934000000008382,1.0,1.0,1.0
(e),5,22,DATA_PRESENT,16156,1.967000000004191,1.0,1.0,1.0
(e),5,22,DATA_PRESENT,16157,2.0,1.0,1.0,1.0
(e),5,22,DATA_PRESENT,16158,2.0339999999996508,1.0,1.0,1.0
(e),5,22,DATA_PRESENT,16159,2.0670000000100117,1.0,1.0,1.0
(e),5,22,DATA_PRESENT,16160,2.1000000000058208,1.0,1.0,1.0
(e),5,22,DATA_PRESENT,16161,2.1340000000054715,1.0,1.0,1.0
(e),5,22,DATA_PRESENT,16162,2.1670000000012806,1.0,1.0,1.0
(e),5,22,DATA_PRESENT,16163,2.2000000000116415,1.0,1.0,1.0
(e),5,22,DATA_PRESENT,16164,2.2340000000112923,1.0,1.0,1.0
(e),5,22,DATA_PRESENT,16165,2.2670000000071013,1.0,1.0,1.0
(e),5,22,DATA_PRESENT,16166,2.3000000000029104,1.0,1.0,1.0
(e),5,22,DATA_PRESENT,16167,2.334000000002561,1.0,1.0,1.0
(e),5,22,DATA_PRESENT,16168,2.3670000000083746,1.0,1.0,1.0
(e),5,22,DATA_PRESENT,16169,2.400000000008731,1.0,1.0,1.0
(e),5,22,DATA_PRESENT,16170,2.434000000008382,1.0,1.0,1.0
(e),5,22,DATA_PRESENT,16171,2.467000000004191,1.0,1.0,1.0
(e),5,22,DATA_PRESENT,16172,2.5,1.0,1.0,1.0
(e),5,22,DATA_PRESENT,16173,2.5339999999996508,1.0,1.0,1.0
(e),5,22,DATA_PRESENT,16174,2.5670000000100117,1.0,1.0,1.0
(e),5,22,DATA_PRESENT,16175,2.6000000000058208,1.0,1.0,1.0
(e),5,22,DATA_PRESENT,16176,2.6340000000054715,1.0,1.0,1.0
(e),5,22,DATA_PRESENT,16177,2.6670000000012806,1.0,1.0,1.0
(e),5,22,DATA_PRESENT,16178,2.7000000000116415,1.0,1.0,1.0
(e),5,22,DATA_PRESENT,16179,2.7340000000112923,1.0,1.0,1.0
(e),5,22,DATA_PRESENT,16180,2.7670000000071013,1.0,1.0,1.0
(e),5,22,DATA_PRESENT,16181,2.8000000000029104,1.0,1.0,1.0
(e),5,22,DATA_PRESENT,16182,2.834000000002561,1.0,1.0,1.0
(e),5,22,DATA_PRESENT,16183,2.8670000000083746,1.0,1.0,1.0
(e),5,22,DATA_PRESENT,16184,2.900000000008731,1.0,1.0,1.0
(e),5,22,DATA_PRESENT,16185,2.934000000008382,1.0,1.0,1.0
(e),5,22,DATA_PRESENT,16186,2.967000000004191,1.0,1.0,1.0
(e),5,22,DATA_PRESENT,16187,3.0,1.0,1.0,1.0
(e),5,22,DATA_PRESENT,16188,3.0339999999996508,1.0,1.0,1.0
(e),5,22,DATA_PRESENT,16189,3.0670000000100117,1.0,1.0,1.0
(e),5,22,DATA_PRESENT,16190,3.1000000000058208,1.0,1.0,1.0
(e),5,22,DATA_PRESENT,16191,3.1340000000054715,1.0,1.0,1.0
(e),5,22,DATA_PRESENT,16192,3.1670000000012806,1.0,1.0,1.0
(e),5,22,DATA_PRESENT,16193,3.2000000000116415,1.0,1.0,1.0
(e),5,22,DATA_PRESENT,16194,3.2340000000112923,1.0,1.0,1.0
(e),5,22,DATA_PRESENT,16195,3.2670000000071013,1.0,1.0,1.0
(e),5,22,DATA_PRESENT,16196,3.3000000000029104,1.0,1.0,1.0
(e),5,22,DATA_PRESENT,16197,3.334000000002561,1.0,1.0,1.0
(e),5,22,DATA_PRESENT,16198,3.3670000000083746,1.0,1.0,1.0
(e),5,22,DATA_PRESENT,16199,3.400000000008731,1.0,1.0,1.0
(e),5,22,DATA_PRESENT,16200,3.434000000008382,1.0,1.0,1.0
(e),5,22,DATA_PRESENT,16201,3.467000000004191,1.0,1.0,1.0
(e),5,22,DATA_PRESENT,16202,3.5,1.0,1.0,1.0
(e),5,22,DATA_PRESENT,16203,3.5339999999996508,1.0,1.0,1.0
(e),5,22,DATA_PRESENT,16204,3.5670000000100117,1.0,1.0,1.0
(e),5,22,DATA_PRESENT,16205,3.6000000000058208,1.0,1.0,1.0
(e),5,22,DATA_PRESENT,16206,3.6340000000054715,1.0,1.0,1.0
(e),5,22,DATA_PRESENT,16207,3.6670000000012806,1.0,1.0,1.0
(e),5,22,DATA_PRESENT,16208,3.7000000000116415,1.0,1.0,1.0
(e),5,22,DATA_PRESENT,16209,3.7340000000112923,1.0,1.0,1.0
(e),5,22,DATA_PRESENT,16210,3.7670000000071013,1.0,1.0,1.0
(e),5,22,DATA_PRESENT,16211,3.8000000000029104,1.0,1.0,1.0
(e),5,22,DATA_PRESENT,16212,3.834000000002561,1.0,1.0,1.0
(e),5,22,DATA_PRESENT,16213,3.8670000000083746,1.0,1.0,1.0
(e),5,22,DATA_PRESENT,16214,3.900000000008731,1.0,1.0,1.0
(e),5,22,DATA_PRESENT,16215,3.934000000008382,1.0,1.0,1.0
(e),5,22,DATA_PRESENT,16216,3.967000000004191,1.0,1.0,1.0
(e),5,22,DATA_PRESENT,16217,4.0,1.0,1.0,1.0
(e),5,22,DATA_PRESENT,16218,4.033999999999651,1.0,1.0,1.0
(e),5,22,DATA_PRESENT,16219,4.067000000010012,1.0,1.0,1.0
(e),5,22,DATA_PRESENT,16220,4.100000000005821,1.0,1.0,1.0
(e),5,22,DATA_PRESENT,16221,4.1340000000054715,1.0,1.0,1.0
(e),5,22,DATA_PRESENT,16222,4.167000000001281,1.0,1.0,1.0
(e),5,22,DATA_PRESENT,16223,4.2000000000116415,1.0,1.0,1.0
(e),5,22,DATA_PRESENT,16224,4.234000000011292,1.0,1.0,1.0
(e),5,22,DATA_PRESENT,16225,4.267000000007101,1.0,1.0,1.0
(e),5,22,DATA_PRESENT,16226,4.30000000000291,1.0,1.0,1.0
(e),5,22,DATA_PRESENT,16227,4.334000000002561,1.0,1.0,1.0
(e),5,22,DATA_PRESENT,16228,4.367000000008375,1.0,1.0,1.0
(e),5,22,DATA_PRESENT,16229,4.400000000008731,1.0,1.0,1.0
(e),5,22,DATA_PRESENT,16230,4.434000000008382,1.0,1.0,1.0
(e),5,22,DATA_PRESENT,16231,4.467000000004191,1.0,1.0,1.0
(e),5,22,DATA_PRESENT,16232,4.5,1.0,1.0,1.0
(e),5,22,DATA_PRESENT,16233,4.533999999999651,1.0,1.0,1.0
(e),5,22,DATA_PRESENT,16234,4.567000000010012,1.0,1.0,1.0
(e),5,22,DATA_PRESENT,16235,4.600000000005821,1.0,1.0,1.0
(e),5,22,DATA_PRESENT,16236,4.6340000000054715,1.0,1.0,1.0
(e),5,22,DATA_PRESENT,16237,4.667000000001281,1.0,1.0,1.0
(e),5,22,DATA_PRESENT,16238,4.7000000000116415,1.0,1.0,1.0
(e),5,22,DATA_PRESENT,16239,4.734000000011292,1.0,1.0,1.0
(e),5,22,DATA_PRESENT,16240,4.767000000007101,1.0,1.0,1.0
(e),5,22,DATA_PRESENT,16241,4.80000000000291,1.0,1.0,1.0
(e),5,22,DATA_PRESENT,16242,4.834000000002561,1.0,1.0,1.0
(e),5,22,DATA_PRESENT,16243,4.867000000008375,1.0,1.0,1.0
(e),5,22,DATA_PRESENT,16244,4.900000000008731,1.0,1.0,1.0
(e),5,22,DATA_PRESENT,16245,4.934000000008382,1.0,1.0,1.0
(e),5,22,DATA_PRESENT,16246,4.967000000004191,1.0,1.0,1.0
(e),5,22,DATA_PRESENT,16247,5.0,1.0,1.0,1.0
(e),5,22,DATA_PRESENT,16248,5.033999999999651,1.0,1.0,1.0
(e),5,22,DATA_PRESENT,16249,5.067000000010012,1.0,1.0,1.0
(e),5,22,DATA_PRESENT,16250,5.100000000005821,1.0,1.0,1.0
(e),5,22,DATA_PRESENT,16251,5.1340000000054715,1.0,1.0,1.0
(e),5,22,DATA_PRESENT,16252,5.167000000001281,1.0,1.0,1.0
(e),5,22,DATA_PRESENT,16253,5.2000000000116415,1.0,1.0,1.0
(e),5,22,DATA_PRESENT,16254,5.234000000011292,1.0,1.0,1.0
(e),5,22,DATA_PRESENT,16255,5.267000000007101,1.0,1.0,1.0
(e),5,22,DATA_PRESENT,16256,5.30000000000291,1.0,1.0,1.0
(e),5,22,DATA_PRESENT,16257,5.334000000002561,1.0,1.0,1.0
(e),5,22,DATA_PRESENT,16258,5.367000000008375,1.0,1.0,1.0
(e),5,22,DATA_PRESENT,16259,5.400000000008731,1.0,1.0,1.0
(e),5,22,DATA_PRESENT,16260,5.434000000008382,1.0,1.0,1.0
(e),5,22,DATA_PRESENT,16261,5.467000000004191,1.0,1.0,1.0
(e),5,22,DATA_PRESENT,16262,5.5,1.0,1.0,1.0
(e),5,22,DATA_PRESENT,16263,5.533999999999651,1.0,1.0,1.0
(e),5,22,DATA_PRESENT,16264,5.567000000010012,1.0,1.0,1.0
(e),5,22,DATA_PRESENT,16265,5.600000000005821,1.0,1.0,1.0
(e),5,22,DATA_PRESENT,16266,5.6340000000054715,1.0,1.0,1.0
(e),5,22,DATA_PRESENT,16267,5.667000000001281,1.0,1.0,1.0
(e),5,22,DATA_PRESENT,16268,5.7000000000116415,1.0,1.0,1.0
(e),5,22,DATA_PRESENT,16269,5.734000000011292,1.0,1.0,1.0
(e),5,22,DATA_PRESENT,16270,5.767000000007101,1.0,1.0,1.0
(e),5,22,DATA_PRESENT,16271,5.80000000000291,1.0,1.0,1.0
(e),5,22,DATA_PRESENT,16272,5.834000000002561,1.0,1.0,1.0
(e),5,22,DATA_PRESENT,16273,5.867000000008375,1.0,1.0,1.0
(e),5,22,DATA_PRESENT,16274,5.900000000008731,1.0,1.0,1.0
(e),5,22,DATA_PRESENT,16275,5.934000000008382,1.0,1.0,1.0
(e),5,22,DATA_PRESENT,16276,5.967000000004191,1.0,1.0,1.0
(e),5,22,DATA_PRESENT,16277,6.0,1.0,1.0,1.0
(e),5,22,DATA_PRESENT,16278,6.033999999999651,1.0,1.0,1.0
(e),5,22,DATA_PRESENT,16279,6.067000000010012,1.0,1.0,1.0
(e),5,22,DATA_PRESENT,16280,6.100000000005821,1.0,1.0,1.0
(e),5,22,DATA_PRESENT,16281,6.1340000000054715,1.0,1.0,1.0
(e),5,22,DATA_PRESENT,16282,6.167000000001281,1.0,1.0,1.0
(e),5,22,DATA_PRESENT,16283,6.2000000000116415,1.0,1.0,1.0
(e),5,22,DATA_PRESENT,16284,6.234000000011292,1.0,1.0,1.0
(e),5,22,DATA_PRESENT,16285,6.267000000007101,1.0,1.0,1.0
(e),5,22,DATA_PRESENT,16286,6.30000000000291,1.0,1.0,1.0
(e),5,22,DATA_PRESENT,16287,6.334000000002561,1.0,1.0,1.0
(e),5,22,DATA_PRESENT,16288,6.367000000008375,1.0,1.0,1.0
(e),5,22,DATA_PRESENT,16289,6.400000000008731,1.0,1.0,1.0
(e),5,22,DATA_PRESENT,16290,6.434000000008382,1.0,1.0,1.0
(e),5,22,DATA_PRESENT,16291,6.467000000004191,1.0,1.0,1.0
(e),5,22,DATA_PRESENT,16292,6.5,1.0,1.0,1.0
(e),5,22,DATA_PRESENT,16293,6.533999999999651,1.0,1.0,1.0
(e),5,22,DATA_PRESENT,16294,6.567000000010012,1.0,1.0,1.0
(e),5,22,DATA_PRESENT,16295,6.600000000005821,1.0,1.0,1.0
(e),5,22,DATA_PRESENT,16296,6.6340000000054715,1.0,1.0,1.0
(e),5,22,DATA_PRESENT,16297,6.667000000001281,1.0,1.0,1.0
(e),5,22,DATA_PRESENT,16298,6.7000000000116415,1.0,1.0,1.0
(e),5,22,DATA_PRESENT,16299,6.734000000011292,1.0,1.0,1.0
(e),5,22,DATA_PRESENT,16300,6.767000000007101,1.0,1.0,1.0
(e),5,22,DATA_PRESENT,16301,6.80000000000291,1.0,1.0,1.0
(e),5,22,DATA_PRESENT,16302,6.834000000002561,1.0,1.0,1.0
(e),5,22,DATA_PRESENT,16303,6.867000000008375,1.0,1.0,1.0
(e),5,22,DATA_PRESENT,16304,6.900000000008731,1.0,1.0,1.0
(e),5,22,DATA_PRESENT,16305,6.934000000008382,1.0,1.0,1.0
(e),5,22,DATA_PRESENT,16306,6.967000000004191,1.0,1.0,1.0
(e),5,22,DATA_PRESENT,16307,7.0,1.0,1.0,1.0
(e),5,22,DATA_PRESENT,16308,7.033999999999651,1.0,1.0,1.0
(e),5,22,DATA_PRESENT,16309,7.067000000010012,1.0,1.0,1.0
(e),5,22,DATA_PRESENT,16310,7.100000000005821,1.0,1.0,1.0
(e),5,22,DATA_PRESENT,16311,7.1340000000054715,1.0,1.0,1.0
(e),5,22,DATA_PRESENT,16312,7.167000000001281,1.0,1.0,1.0
(e),5,22,DATA_PRESENT,16313,7.2000000000116415,1.0,1.0,1.0
(e),5,22,DATA_PRESENT,16314,7.234000000011292,1.0,1.0,1.0
(e),5,22,DATA_PRESENT,16315,7.267000000007101,1.0,1.0,1.0
(e),5,22,DATA_PRESENT,16316,7.30000000000291,1.0,1.0,1.0
(e),5,22,DATA_PRESENT,16317,7.334000000002561,1.0,1.0,1.0
(e),5,22,DATA_PRESENT,16318,7.367000000008375,1.0,1.0,1.0
(e),5,22,DATA_PRESENT,16319,7.400000000008731,1.0,1.0,1.0
(e),5,22,DATA_PRESENT,16320,7.434000000008382,1.0,1.0,1.0
(e),5,22,DATA_PRESENT,16321,7.467000000004191,1.0,1.0,1.0
(e),5,22,DATA_PRESENT,16322,7.5,1.0,1.0,1.0
(e),5,22,DATA_PRESENT,16323,7.533999999999651,1.0,1.0,1.0
(e),5,22,DATA_PRESENT,16324,7.567000000010012,1.0,1.0,1.0
(e),5,22,DATA_PRESENT,16325,7.600000000005821,1.0,1.0,1.0
(e),5,22,DATA_PRESENT,16326,7.6340000000054715,1.0,1.0,1.0
(e),5,22,DATA_PRESENT,16327,7.667000000001281,1.0,1.0,1.0
(e),5,22,DATA_PRESENT,16328,7.7000000000116415,1.0,1.0,1.0
(e),5,22,DATA_PRESENT,16329,7.734000000011292,1.0,1.0,1.0
(e),5,22,DATA_PRESENT,16330,7.767000000007101,1.0,1.0,1.0
(e),5,22,DATA_PRESENT,16331,7.80000000000291,1.0,1.0,1.0
(e),5,22,DATA_PRESENT,16332,7.834000000002561,1.0,1.0,1.0
(e),5,22,DATA_PRESENT,16333,7.867000000008375,1.0,1.0,1.0
(e),5,22,DATA_PRESENT,16334,7.900000000008731,1.0,1.0,1.0
(e),5,22,DATA_PRESENT,16335,7.934000000008382,1.0,1.0,1.0
(e),5,22,DATA_PRESENT,16336,7.967000000004191,1.0,1.0,1.0
(e),5,22,DATA_PRESENT,16337,8.0,1.0,1.0,1.0
(e),5,22,DATA_PRESENT,16338,8.03399999999965,1.0,1.0,1.0
(e),5,22,DATA_PRESENT,16339,8.067000000010012,1.0,1.0,1.0
(e),5,22,DATA_PRESENT,16340,8.10000000000582,1.0,1.0,1.0
(e),5,22,DATA_PRESENT,16341,8.134000000005472,1.0,1.0,1.0
(e),5,22,DATA_PRESENT,16342,8.16700000000128,1.0,1.0,1.0
(e),5,22,DATA_PRESENT,16343,8.200000000011642,1.0,1.0,1.0
(e),5,22,DATA_PRESENT,16344,8.234000000011292,1.0,1.0,1.0
(e),5,22,DATA_PRESENT,16345,8.267000000007101,1.0,1.0,1.0
(e),5,22,DATA_PRESENT,16346,8.30000000000291,1.0,1.0,1.0
(e),5,22,DATA_PRESENT,16347,8.334000000002561,1.0,1.0,1.0
(e),5,22,DATA_PRESENT,16348,8.367000000008375,1.0,1.0,1.0
(e),5,22,DATA_PRESENT,16349,8.400000000008731,1.0,1.0,1.0
(e),5,22,DATA_PRESENT,16350,8.434000000008382,1.0,1.0,1.0
(e),5,22,DATA_PRESENT,16351,8.467000000004191,1.0,1.0,1.0
(e),5,22,DATA_PRESENT,16352,8.5,1.0,1.0,1.0
(e),5,22,DATA_PRESENT,16353,8.53399999999965,1.0,1.0,1.0
(e),5,22,DATA_PRESENT,16354,8.567000000010012,1.0,1.0,1.0
(e),5,22,DATA_PRESENT,16355,8.60000000000582,1.0,1.0,1.0
(e),5,22,DATA_PRESENT,16356,8.634000000005472,1.0,1.0,1.0
(e),5,22,DATA_PRESENT,16357,8.66700000000128,1.0,1.0,1.0
(e),5,22,DATA_PRESENT,16358,8.700000000011642,1.0,1.0,1.0
(e),5,22,DATA_PRESENT,16359,8.734000000011292,1.0,1.0,1.0
(e),5,22,DATA_PRESENT,16360,8.767000000007101,1.0,1.0,1.0
(e),5,22,DATA_PRESENT,16361,8.80000000000291,1.0,1.0,1.0
(e),5,22,DATA_PRESENT,16362,8.834000000002561,1.0,1.0,1.0
(e),5,22,DATA_PRESENT,16363,8.867000000008375,1.0,1.0,1.0
(e),5,22,DATA_PRESENT,16364,8.900000000008731,1.0,1.0,1.0
(e),5,22,DATA_PRESENT,16365,8.934000000008382,1.0,1.0,1.0
(e),5,22,DATA_PRESENT,16366,8.967000000004191,1.0,1.0,1.0
(e),5,22,DATA_PRESENT,16367,9.0,1.0,1.0,1.0
(e),5,22,DATA_PRESENT,16368,9.03399999999965,1.0,1.0,1.0
(e),5,22,DATA_PRESENT,16369,9.067000000010012,1.0,1.0,1.0
(e),5,22,DATA_PRESENT,16370,9.10000000000582,1.0,1.0,1.0
(e),5,22,DATA_PRESENT,16371,9.134000000005472,1.0,1.0,1.0
(e),5,22,DATA_PRESENT,16372,9.16700000000128,1.0,1.0,1.0
(e),5,22,DATA_PRESENT,16373,9.200000000011642,1.0,1.0,1.0
(e),5,22,DATA_PRESENT,16374,9.234000000011292,1.0,1.0,1.0
(e),5,22,DATA_PRESENT,16375,9.267000000007101,1.0,1.0,1.0
(e),5,22,DATA_PRESENT,16376,9.30000000000291,1.0,1.0,1.0
(e),5,22,DATA_PRESENT,16377,9.334000000002561,1.0,1.0,1.0
(e),5,22,DATA_PRESENT,16378,9.367000000008375,1.0,1.0,1.0
(e),5,22,DATA_PRESENT,16379,9.400000000008731,1.0,1.0,1.0
(e),5,22,DATA_PRESENT,16380,9.434000000008382,1.0,1.0,1.0
(e),5,22,DATA_PRESENT,16381,9.467000000004191,1.0,1.0,1.0
(e),5,22,DATA_PRESENT,16382,9.5,1.0,1.0,1.0
(e),5,22,DATA_PRESENT,16383,9.53399999999965,1.0,1.0,1.0
(e),5,22,DATA_PRESENT,16384,9.567000000010012,1.0,1.0,1.0
(e),5,22,DATA_PRESENT,16385,9.60000000000582,1.0,1.0,1.0
(e),5,22,DATA_PRESENT,16386,9.634000000005472,1.0,1.0,1.0
(e),5,22,DATA_PRESENT,16387,9.66700000000128,1.0,1.0,1.0
(e),5,22,DATA_PRESENT,16388,9.700000000011642,1.0,1.0,1.0
(e),5,22,DATA_PRESENT,16389,9.734000000011292,1.0,1.0,1.0
(e),5,22,DATA_PRESENT,16390,9.767000000007101,1.0,1.0,1.0
(e),5,22,DATA_PRESENT,16391,9.80000000000291,1.0,1.0,1.0
(e),5,22,DATA_PRESENT,16392,9.834000000002561,1.0,1.0,1.0
(e),5,22,DATA_PRESENT,16393,9.867000000008375,1.0,1.0,1.0
(e),5,22,DATA_PRESENT,16394,9.900000000008731,1.0,1.0,1.0
(e),5,22,DATA_PRESENT,16395,9.934000000008382,1.0,1.0,1.0
(e),5,22,DATA_PRESENT,16396,9.967000000004191,1.0,1.0,1.0
(e),5,22,DATA_PRESENT,16397,10.0,1.0,1.0,1.0
(e),5,22,DATA_PRESENT,16398,10.03399999999965,1.0,1.0,1.0
(e),5,22,DATA_PRESENT,16399,10.067000000010012,1.0,1.0,1.0
(e),5,22,DATA_PRESENT,16400,10.10000000000582,1.0,1.0,1.0
(e),5,22,DATA_PRESENT,16401,10.134000000005472,1.0,1.0,1.0
(e),5,22,DATA_PRESENT,16402,10.16700000000128,1.0,1.0,1.0
(e),5,22,DATA_PRESENT,16403,10.200000000011642,1.0,1.0,1.0
(e),5,22,DATA_PRESENT,16404,10.234000000011292,1.0,1.0,1.0
(e),5,22,DATA_PRESENT,16405,10.267000000007101,1.0,1.0,1.0
(e),5,22,DATA_PRESENT,16406,10.30000000000291,1.0,1.0,1.0
(e),5,22,DATA_PRESENT,16407,10.334000000002561,1.0,1.0,1.0
(e),5,22,DATA_PRESENT,16408,10.367000000008375,1.0,1.0,1.0
(e),5,22,DATA_PRESENT,16409,10.400000000008731,1.0,1.0,1.0
(e),5,22,DATA_PRESENT,16410,10.434000000008382,1.0,1.0,1.0
(e),5,22,DATA_PRESENT,16411,10.467000000004191,1.0,1.0,1.0
(e),5,22,DATA_PRESENT,16412,10.5,1.0,1.0,1.0
(e),5,22,DATA_PRESENT,16413,10.53399999999965,1.0,1.0,1.0
(e),5,22,DATA_PRESENT,16414,10.567000000010012,1.0,1.0,1.0
(e),5,22,DATA_PRESENT,16415,10.60000000000582,1.0,1.0,1.0
(e),5,22,DATA_PRESENT,16416,10.634000000005472,1.0,1.0,1.0
(e),5,22,DATA_PRESENT,16417,10.66700000000128,1.0,1.0,1.0
(e),5,22,DATA_PRESENT,16418,10.700000000011642,1.0,1.0,1.0
(e),5,22,DATA_PRESENT,16419,10.734000000011292,1.0,1.0,1.0
(e),5,22,DATA_PRESENT,16420,10.767000000007101,1.0,1.0,1.0
(e),5,22,DATA_PRESENT,16421,10.80000000000291,1.0,1.0,1.0
(e),5,22,DATA_PRESENT,16422,10.834000000002561,1.0,1.0,1.0
(e),5,22,DATA_PRESENT,16423,10.867000000008375,1.0,1.0,1.0
(e),5,22,DATA_PRESENT,16424,10.900000000008731,1.0,1.0,1.0
(e),5,22,DATA_PRESENT,16425,10.934000000008382,1.0,1.0,1.0
(e),5,22,DATA_PRESENT,16426,10.967000000004191,1.0,1.0,1.0
(e),5,22,DATA_PRESENT,16427,11.0,1.0,1.0,1.0
(e),5,22,DATA_PRESENT,16428,11.03399999999965,1.0,1.0,1.0
(e),5,22,DATA_PRESENT,16429,11.067000000010012,1.0,1.0,1.0
(e),5,22,DATA_PRESENT,16430,11.10000000000582,1.0,1.0,1.0
(e),5,22,DATA_PRESENT,16431,11.134000000005472,1.0,1.0,1.0
(e),5,22,DATA_PRESENT,16432,11.16700000000128,1.0,1.0,1.0
(e),5,22,DATA_PRESENT,16433,11.200000000011642,1.0,1.0,1.0
(e),5,22,DATA_PRESENT,16434,11.234000000011292,1.0,1.0,1.0
(e),5,22,DATA_PRESENT,16435,11.267000000007101,1.0,1.0,1.0
(e),5,22,DATA_PRESENT,16436,11.30000000000291,1.0,1.0,1.0
(e),5,22,DATA_PRESENT,16437,11.334000000002561,1.0,1.0,1.0
(e),5,22,DATA_PRESENT,16438,11.367000000008375,1.0,1.0,1.0
(e),5,22,DATA_PRESENT,16439,11.400000000008731,1.0,1.0,1.0
(e),5,22,DATA_PRESENT,16440,11.434000000008382,1.0,1.0,1.0
(e),5,22,DATA_PRESENT,16441,11.467000000004191,1.0,1.0,1.0
(e),5,22,DATA_PRESENT,16442,11.5,1.0,1.0,1.0
(e),5,22,DATA_PRESENT,16443,11.53399999999965,1.0,1.0,1.0
(e),5,22,DATA_PRESENT,16444,11.567000000010012,1.0,1.0,1.0
(e),5,22,DATA_PRESENT,16445,11.60000000000582,1.0,1.0,1.0
(e),5,22,DATA_PRESENT,16446,11.634000000005472,1.0,1.0,1.0
(e),5,22,DATA_PRESENT,16447,11.66700000000128,1.0,1.0,1.0
(e),5,22,DATA_PRESENT,16448,11.700000000011642,1.0,1.0,1.0
(e),5,22,DATA_PRESENT,16449,11.734000000011292,1.0,1.0,1.0
(e),5,22,DATA_PRESENT,16450,11.767000000007101,1.0,1.0,1.0
(e),5,22,DATA_PRESENT,16451,11.80000000000291,1.0,1.0,1.0
(e),5,22,DATA_PRESENT,16452,11.834000000002561,1.0,1.0,1.0
(e),5,22,DATA_PRESENT,16453,11.867000000008375,1.0,1.0,1.0
(e),5,22,DATA_PRESENT,16454,11.900000000008731,1.0,1.0,1.0
(e),5,22,DATA_PRESENT,16455,11.934000000008382,1.0,1.0,1.0
(e),5,22,DATA_PRESENT,16456,11.967000000004191,1.0,1.0,1.0
(e),5,22,DATA_PRESENT,16457,12.0,1.0,1.0,1.0
(e),5,22,DATA_PRESENT,16458,12.03399999999965,1.0,1.0,1.0
(e),5,22,DATA_PRESENT,16459,12.067000000010012,1.0,1.0,1.0
(e),5,22,DATA_PRESENT,16460,12.10000000000582,1.0,1.0,1.0
(e),5,22,DATA_PRESENT,16461,12.134000000005472,1.0,1.0,1.0
(e),5,22,DATA_PRESENT,16462,12.16700000000128,1.0,1.0,1.0
(e),5,22,DATA_PRESENT,16463,12.200000000011642,1.0,1.0,1.0
(e),5,22,DATA_PRESENT,16464,12.234000000011292,1.0,1.0,1.0
(e),5,22,DATA_PRESENT,16465,12.267000000007101,1.0,1.0,1.0
(e),5,22,DATA_PRESENT,16466,12.30000000000291,1.0,1.0,1.0
(e),5,22,DATA_PRESENT,16467,12.334000000002561,1.0,1.0,1.0
(e),5,22,DATA_PRESENT,16468,12.367000000008375,1.0,1.0,1.0
(e),5,22,DATA_PRESENT,16469,12.400000000008731,1.0,1.0,1.0
(e),5,22,DATA_PRESENT,16470,12.434000000008382,1.0,1.0,1.0
(e),5,22,DATA_PRESENT,16471,12.467000000004191,1.0,1.0,1.0
(e),5,22,DATA_PRESENT,16472,12.5,1.0,1.0,1.0
(e),5,22,DATA_PRESENT,16473,12.53399999999965,1.0,1.0,1.0
(e),5,22,DATA_PRESENT,16474,12.567000000010012,1.0,1.0,1.0
(e),5,22,DATA_PRESENT,16475,12.60000000000582,1.0,1.0,1.0
(e),5,22,DATA_PRESENT,16476,12.634000000005472,1.0,1.0,1.0
(e),5,22,DATA_PRESENT,16477,12.66700000000128,1.0,1.0,1.0
(e),5,22,DATA_PRESENT,16478,12.700000000011642,1.0,1.0,1.0
(e),5,22,DATA_PRESENT,16479,12.734000000011292,1.0,1.0,1.0
(e),5,22,DATA_PRESENT,16480,12.767000000007101,1.0,1.0,1.0
(e),5,22,DATA_PRESENT,16481,12.80000000000291,1.0,1.0,1.0
(e),5,22,DATA_PRESENT,16482,12.834000000002561,1.0,1.0,1.0
(e),5,22,DATA_PRESENT,16483,12.867000000008375,1.0,1.0,1.0
(e),5,22,DATA_PRESENT,16484,12.900000000008731,1.0,1.0,1.0
(e),5,22,DATA_PRESENT,16485,12.934000000008382,1.0,1.0,1.0
(e),5,22,DATA_PRESENT,16486,12.967000000004191,1.0,1.0,1.0
(e),5,22,DATA_PRESENT,16487,13.0,1.0,1.0,1.0
(e),5,22,DATA_PRESENT,16488,13.03399999999965,1.0,1.0,1.0
(e),5,22,DATA_PRESENT,16489,13.067000000010012,1.0,1.0,1.0
(e),5,22,DATA_PRESENT,16490,13.10000000000582,1.0,1.0,1.0
(e),5,22,DATA_PRESENT,16491,13.134000000005472,1.0,1.0,1.0
(e),5,22,DATA_PRESENT,16492,13.16700000000128,1.0,1.0,1.0
(e),5,22,DATA_PRESENT,16493,13.200000000011642,1.0,1.0,1.0
(e),5,22,DATA_PRESENT,16494,13.234000000011292,1.0,1.0,1.0
(e),5,22,DATA_PRESENT,16495,13.267000000007101,1.0,1.0,1.0
(e),5,22,DATA_PRESENT,16496,13.30000000000291,1.0,1.0,1.0
(e),5,22,DATA_PRESENT,16497,13.334000000002561,1.0,1.0,1.0
(e),5,22,DATA_PRESENT,16498,13.367000000008375,1.0,1.0,1.0
(e),5,22,DATA_PRESENT,16499,13.400000000008731,1.0,1.0,1.0
(e),5,22,DATA_PRESENT,16500,13.434000000008382,1.0,1.0,1.0
(e),5,22,DATA_PRESENT,16501,13.467000000004191,1.0,1.0,1.0
(e),5,22,DATA_PRESENT,16502,13.5,1.0,1.0,1.0
(e),5,22,DATA_PRESENT,16503,13.53399999999965,1.0,1.0,1.0
(e),5,22,DATA_PRESENT,16504,13.567000000010012,1.0,1.0,1.0
(e),5,22,DATA_PRESENT,16505,13.60000000000582,1.0,1.0,1.0
(e),5,22,DATA_PRESENT,16506,13.634000000005472,1.0,1.0,1.0
(e),5,22,DATA_PRESENT,16507,13.66700000000128,1.0,1.0,1.0
(e),5,22,DATA_PRESENT,16508,13.700000000011642,1.0,1.0,1.0
(e),5,22,DATA_PRESENT,16509,13.734000000011292,1.0,1.0,1.0
(e),5,22,DATA_PRESENT,16510,13.767000000007101,1.0,1.0,1.0
(e),5,22,DATA_PRESENT,16511,13.80000000000291,1.0,1.0,1.0
(e),5,22,DATA_PRESENT,16512,13.834000000002561,1.0,1.0,1.0
(e),5,22,DATA_PRESENT,16513,13.867000000008375,1.0,1.0,1.0
(e),5,22,DATA_PRESENT,16514,13.900000000008731,1.0,1.0,1.0
(e),5,22,DATA_PRESENT,16515,13.934000000008382,1.0,1.0,1.0
(e),5,22,DATA_PRESENT,16516,13.967000000004191,1.0,1.0,1.0
(e),5,22,DATA_PRESENT,16517,14.0,1.0,1.0,1.0
(e),5,22,DATA_PRESENT,16518,14.03399999999965,1.0,1.0,1.0
(e),5,22,DATA_PRESENT,16519,14.067000000010012,1.0,1.0,1.0
(e),5,22,DATA_PRESENT,16520,14.10000000000582,1.0,1.0,1.0
(e),5,22,DATA_PRESENT,16521,14.134000000005472,1.0,1.0,1.0
(e),5,22,DATA_PRESENT,16522,14.16700000000128,1.0,1.0,1.0
(e),5,22,DATA_PRESENT,16523,14.200000000011642,1.0,1.0,1.0
(e),5,22,DATA_PRESENT,16524,14.234000000011292,1.0,1.0,1.0
(e),5,22,DATA_PRESENT,16525,14.267000000007101,1.0,1.0,1.0
(e),5,22,DATA_PRESENT,16526,14.30000000000291,1.0,1.0,1.0
(e),5,22,DATA_PRESENT,16527,14.334000000002561,1.0,1.0,1.0
(e),5,22,DATA_PRESENT,16528,14.367000000008375,1.0,1.0,1.0
(e),5,22,DATA_PRESENT,16529,14.400000000008731,1.0,1.0,1.0
(e),5,22,DATA_PRESENT,16530,14.434000000008382,1.0,1.0,1.0
(e),5,22,DATA_PRESENT,16531,14.467000000004191,1.0,1.0,1.0
(e),5,22,DATA_PRESENT,16532,14.5,1.0,1.0,1.0
(e),5,22,DATA_PRESENT,16533,14.53399999999965,1.0,1.0,1.0
(e),5,22,DATA_PRESENT,16534,14.567000000010012,1.0,1.0,1.0
(e),5,22,DATA_PRESENT,16535,14.60000000000582,1.0,1.0,1.0
(e),5,22,DATA_PRESENT,16536,14.634000000005472,1.0,1.0,1.0
(e),5,22,DATA_PRESENT,16537,14.66700000000128,1.0,1.0,1.0
(e),5,22,DATA_PRESENT,16538,14.700000000011642,1.0,1.0,1.0
(e),5,22,DATA_PRESENT,16539,14.734000000011292,1.0,1.0,1.0
(e),5,22,DATA_PRESENT,16540,14.767000000007101,1.0,1.0,1.0
(e),5,22,DATA_PRESENT,16541,14.80000000000291,1.0,1.0,1.0
(e),5,22,DATA_PRESENT,16542,14.834000000002561,1.0,1.0,1.0
(e),5,22,DATA_PRESENT,16543,14.867000000008375,1.0,1.0,1.0
(e),5,22,DATA_PRESENT,16544,14.900000000008731,1.0,1.0,1.0
(e),5,22,DATA_PRESENT,16545,14.934000000008382,1.0,1.0,1.0
(e),5,22,DATA_PRESENT,16546,14.967000000004191,1.0,1.0,1.0
(e),5,22,DATA_PRESENT,16547,15.0,1.0,1.0,1.0
(e),5,22,DATA_PRESENT,16548,15.03399999999965,1.0,1.0,1.0
(e),5,22,DATA_PRESENT,16549,15.067000000010012,1.0,1.0,1.0
(e),5,22,DATA_PRESENT,16550,15.10000000000582,1.0,1.0,1.0
(e),5,22,DATA_PRESENT,16551,15.134000000005472,1.0,1.0,1.0
(e),5,22,DATA_PRESENT,16552,15.16700000000128,1.0,1.0,1.0
(e),5,22,DATA_PRESENT,16553,15.200000000011642,1.0,1.0,1.0
(e),5,22,DATA_PRESENT,16554,15.234000000011292,1.0,1.0,1.0
(e),5,22,DATA_PRESENT,16555,15.267000000007101,1.0,1.0,1.0
(e),5,22,DATA_PRESENT,16556,15.30000000000291,1.0,1.0,1.0
(e),5,22,DATA_PRESENT,16557,15.334000000002561,1.0,1.0,1.0
(e),5,22,DATA_PRESENT,16558,15.367000000008375,1.0,1.0,1.0
(e),5,22,DATA_PRESENT,16559,15.400000000008731,1.0,1.0,1.0
(e),5,22,DATA_PRESENT,16560,15.434000000008382,1.0,1.0,1.0
(e),5,22,DATA_PRESENT,16561,15.467000000004191,1.0,1.0,1.0
(e),5,22,DATA_PRESENT,16562,15.5,1.0,1.0,1.0
(e),5,22,DATA_PRESENT,16563,15.53399999999965,1.0,1.0,1.0
(e),5,22,DATA_PRESENT,16564,15.567000000010012,1.0,1.0,1.0
(e),5,22,DATA_PRESENT,16565,15.60000000000582,1.0,1.0,1.0
(e),5,22,DATA_PRESENT,16566,15.634000000005472,1.0,1.0,1.0
(e),5,22,DATA_PRESENT,16567,15.66700000000128,1.0,1.0,1.0
(e),5,22,DATA_PRESENT,16568,15.700000000011642,1.0,1.0,1.0
(e),5,22,DATA_PRESENT,16569,15.734000000011292,1.0,1.0,1.0
(e),5,22,DATA_PRESENT,16570,15.767000000007101,1.0,1.0,1.0
(e),5,22,DATA_PRESENT,16571,15.80000000000291,1.0,1.0,1.0
(e),5,22,DATA_PRESENT,16572,15.834000000002561,1.0,1.0,1.0
(e),5,22,DATA_PRESENT,16573,15.867000000008375,1.0,1.0,1.0
(e),5,22,DATA_PRESENT,16574,15.900000000008731,1.0,1.0,1.0
(e),5,22,DATA_PRESENT,16575,15.934000000008382,1.0,1.0,1.0
(e),5,22,DATA_PRESENT,16576,15.967000000004191,1.0,1.0,1.0
(e),5,22,DATA_PRESENT,16577,16.0,1.0,1.0,1.0
(e),5,22,DATA_PRESENT,16578,16.03399999999965,1.0,1.0,1.0
(e),5,22,DATA_PRESENT,16579,16.06700000001001,1.0,1.0,1.0
(e),5,22,DATA_PRESENT,16580,16.10000000000582,1.0,1.0,1.0
(e),5,22,DATA_PRESENT,16581,16.13400000000547,1.0,1.0,1.0
(e),5,22,DATA_PRESENT,16582,16.16700000000128,1.0,1.0,1.0
(e),5,22,DATA_PRESENT,16583,16.20000000001164,1.0,1.0,1.0
(e),5,22,DATA_PRESENT,16584,16.234000000011292,1.0,1.0,1.0
(e),5,22,DATA_PRESENT,16585,16.2670000000071,1.0,1.0,1.0
(e),5,22,DATA_PRESENT,16586,16.30000000000291,1.0,1.0,1.0
(e),5,22,DATA_PRESENT,16587,16.33400000000256,1.0,1.0,1.0
(e),5,22,DATA_PRESENT,16588,16.367000000008375,1.0,1.0,1.0
(e),5,22,DATA_PRESENT,16589,16.40000000000873,1.0,1.0,1.0
(e),5,22,DATA_PRESENT,16590,16.434000000008382,1.0,1.0,1.0
(e),5,22,DATA_PRESENT,16591,16.46700000000419,1.0,1.0,1.0
(e),5,22,DATA_PRESENT,16592,16.5,1.0,1.0,1.0
(e),5,22,DATA_PRESENT,16593,16.53399999999965,1.0,1.0,1.0
(e),5,22,DATA_PRESENT,16594,16.56700000001001,1.0,1.0,1.0
(e),5,22,DATA_PRESENT,16595,16.60000000000582,1.0,1.0,1.0
(e),5,22,DATA_PRESENT,16596,16.63400000000547,1.0,1.0,1.0
(e),5,22,DATA_PRESENT,16597,16.66700000000128,1.0,1.0,1.0
(e),5,22,DATA_PRESENT,16598,16.70000000001164,1.0,1.0,1.0
(e),5,22,DATA_PRESENT,16599,16.734000000011292,1.0,1.0,1.0
(e),5,22,DATA_PRESENT,16600,16.7670000000071,1.0,1.0,1.0
(e),5,22,DATA_PRESENT,16601,16.80000000000291,1.0,1.0,1.0
(e),5,22,DATA_PRESENT,16602,16.83400000000256,1.0,1.0,1.0
(e),5,22,DATA_PRESENT,16603,16.867000000008375,1.0,1.0,1.0
(e),5,22,DATA_PRESENT,16604,16.90000000000873,1.0,1.0,1.0
(e),5,22,DATA_PRESENT,16605,16.934000000008382,1.0,1.0,1.0
(e),5,22,DATA_PRESENT,16606,16.96700000000419,1.0,1.0,1.0
(e),5,22,DATA_PRESENT,16607,17.0,1.0,1.0,1.0
(e),5,22,DATA_PRESENT,16608,17.03399999999965,1.0,1.0,1.0
(e),5,22,DATA_PRESENT,16609,17.06700000001001,1.0,1.0,1.0
(e),5,22,DATA_PRESENT,16610,17.10000000000582,1.0,1.0,1.0
(e),5,22,DATA_PRESENT,16611,17.13400000000547,1.0,1.0,1.0
(e),5,22,DATA_PRESENT,16612,17.16700000000128,1.0,1.0,1.0
(e),5,22,DATA_PRESENT,16613,17.20000000001164,1.0,1.0,1.0
(e),5,22,DATA_PRESENT,16614,17.234000000011292,1.0,1.0,1.0
(e),5,22,DATA_PRESENT,16615,17.2670000000071,1.0,1.0,1.0
(e),5,22,DATA_PRESENT,16616,17.30000000000291,1.0,1.0,1.0
(e),5,22,DATA_PRESENT,16617,17.33400000000256,1.0,1.0,1.0
(e),5,22,DATA_PRESENT,16618,17.367000000008375,1.0,1.0,1.0
(e),5,22,DATA_PRESENT,16619,17.40000000000873,1.0,1.0,1.0
(e),5,22,DATA_PRESENT,16620,17.434000000008382,1.0,1.0,1.0
(e),5,22,DATA_PRESENT,16621,17.46700000000419,1.0,1.0,1.0
(e),5,22,DATA_PRESENT,16622,17.5,1.0,1.0,1.0
(e),5,22,DATA_PRESENT,16623,17.53399999999965,1.0,1.0,1.0
(e),5,22,DATA_PRESENT,16624,17.56700000001001,1.0,1.0,1.0
(e),5,22,DATA_PRESENT,16625,17.60000000000582,1.0,1.0,1.0
(e),5,22,DATA_PRESENT,16626,17.63400000000547,1.0,1.0,1.0
(e),5,22,DATA_PRESENT,16627,17.66700000000128,1.0,1.0,1.0
(e),5,22,DATA_PRESENT,16628,17.70000000001164,1.0,1.0,1.0
(e),5,22,DATA_PRESENT,16629,17.734000000011292,1.0,1.0,1.0
(e),5,22,DATA_PRESENT,16630,17.7670000000071,1.0,1.0,1.0
(e),5,22,DATA_PRESENT,16631,17.80000000000291,1.0,1.0,1.0
(e),5,22,DATA_PRESENT,16632,17.83400000000256,1.0,1.0,1.0
(e),5,22,DATA_PRESENT,16633,17.867000000008375,1.0,1.0,1.0
(e),5,22,DATA_PRESENT,16634,17.90000000000873,1.0,1.0,1.0
(e),5,22,DATA_PRESENT,16635,17.934000000008382,1.0,1.0,1.0
(e),5,22,DATA_PRESENT,16636,17.96700000000419,1.0,1.0,1.0
(e),5,22,DATA_PRESENT,16637,18.0,1.0,1.0,1.0
(e),5,22,DATA_PRESENT,16638,18.03399999999965,1.0,1.0,1.0
(e),5,22,DATA_PRESENT,16639,18.06700000001001,1.0,1.0,1.0
(e),5,22,DATA_PRESENT,16640,18.10000000000582,1.0,1.0,1.0
(e),5,22,DATA_PRESENT,16641,18.13400000000547,1.0,1.0,1.0
(e),5,22,DATA_PRESENT,16642,18.16700000000128,1.0,1.0,1.0
(e),5,22,DATA_PRESENT,16643,18.20000000001164,1.0,1.0,1.0
(e),5,22,DATA_PRESENT,16644,18.234000000011292,1.0,1.0,1.0
(e),5,22,DATA_PRESENT,16645,18.2670000000071,1.0,1.0,1.0
(e),5,22,DATA_PRESENT,16646,18.30000000000291,1.0,1.0,1.0
(e),5,22,DATA_PRESENT,16647,18.33400000000256,1.0,1.0,1.0
(e),5,22,DATA_PRESENT,16648,18.367000000008375,1.0,1.0,1.0
(e),5,22,DATA_PRESENT,16649,18.40000000000873,1.0,1.0,1.0
(e),5,22,DATA_PRESENT,16650,18.434000000008382,1.0,1.0,1.0
(e),5,22,DATA_PRESENT,16651,18.46700000000419,1.0,1.0,1.0
(e),5,22,DATA_PRESENT,16652,18.5,1.0,1.0,1.0
(e),5,22,DATA_PRESENT,16653,18.53399999999965,1.0,1.0,1.0
(e),5,22,DATA_PRESENT,16654,18.56700000001001,1.0,1.0,1.0
(e),5,22,DATA_PRESENT,16655,18.60000000000582,1.0,1.0,1.0
(e),5,22,DATA_PRESENT,16656,18.63400000000547,1.0,1.0,1.0
(e),5,22,DATA_PRESENT,16657,18.66700000000128,1.0,1.0,1.0
(e),5,22,DATA_PRESENT,16658,18.70000000001164,1.0,1.0,1.0
(e),5,22,DATA_PRESENT,16659,18.734000000011292,1.0,1.0,1.0
(e),5,22,DATA_PRESENT,16660,18.7670000000071,1.0,1.0,1.0
(e),5,22,DATA_PRESENT,16661,18.80000000000291,1.0,1.0,1.0
(e),5,22,DATA_PRESENT,16662,18.83400000000256,1.0,1.0,1.0
(e),5,22,DATA_PRESENT,16663,18.867000000008375,1.0,1.0,1.0
(e),5,22,DATA_PRESENT,16664,18.90000000000873,1.0,1.0,1.0
(e),5,22,DATA_PRESENT,16665,18.934000000008382,1.0,1.0,1.0
(e),5,22,DATA_PRESENT,16666,18.96700000000419,1.0,1.0,1.0
(e),5,22,DATA_PRESENT,16667,19.0,1.0,1.0,1.0
(e),5,22,DATA_PRESENT,16668,19.03399999999965,1.0,1.0,1.0
(e),5,22,DATA_PRESENT,16669,19.06700000001001,1.0,1.0,1.0
(e),5,22,DATA_PRESENT,16670,19.10000000000582,1.0,1.0,1.0
(e),5,22,DATA_PRESENT,16671,19.13400000000547,1.0,1.0,1.0
(e),5,22,DATA_PRESENT,16672,19.16700000000128,1.0,1.0,1.0
(e),5,22,DATA_PRESENT,16673,19.20000000001164,1.0,1.0,1.0
(e),5,22,DATA_PRESENT,16674,19.234000000011292,1.0,1.0,1.0
(e),5,22,DATA_PRESENT,16675,19.2670000000071,1.0,1.0,1.0
(e),5,22,DATA_PRESENT,16676,19.30000000000291,1.0,1.0,1.0
(e),5,22,DATA_PRESENT,16677,19.33400000000256,1.0,1.0,1.0
(e),5,22,DATA_PRESENT,16678,19.367000000008375,1.0,1.0,1.0
(e),5,22,DATA_PRESENT,16679,19.40000000000873,1.0,1.0,1.0
(e),5,22,DATA_PRESENT,16680,19.434000000008382,1.0,1.0,1.0
(e),5,22,DATA_PRESENT,16681,19.46700000000419,1.0,1.0,1.0
(e),5,22,DATA_PRESENT,16682,19.5,1.0,1.0,1.0
(e),5,22,DATA_PRESENT,16683,19.53399999999965,1.0,1.0,1.0
(e),5,22,DATA_PRESENT,16684,19.56700000001001,1.0,1.0,1.0
(e),5,22,DATA_PRESENT,16685,19.60000000000582,1.0,1.0,1.0
(e),5,22,DATA_PRESENT,16686,19.63400000000547,1.0,1.0,1.0
(e),5,22,DATA_PRESENT,16687,19.66700000000128,1.0,1.0,1.0
(e),5,22,DATA_PRESENT,16688,19.70000000001164,1.0,1.0,1.0
(e),5,22,DATA_PRESENT,16689,19.734000000011292,1.0,1.0,1.0
(e),5,22,DATA_PRESENT,16690,19.7670000000071,1.0,1.0,1.0
(e),5,22,DATA_PRESENT,16691,19.80000000000291,1.0,1.0,1.0
(e),5,22,DATA_PRESENT,16692,19.83400000000256,1.0,1.0,1.0
(e),5,22,DATA_PRESENT,16693,19.867000000008375,1.0,1.0,1.0
(e),5,22,DATA_PRESENT,16694,19.90000000000873,1.0,1.0,1.0
(e),5,22,DATA_PRESENT,16695,19.934000000008382,1.0,1.0,1.0
(e),5,22,DATA_PRESENT,16696,19.96700000000419,1.0,1.0,1.0
(e),5,22,DATA_PRESENT,16697,20.0,1.0,1.0,1.0
(e),5,22,DATA_PRESENT,16698,20.03399999999965,1.0,1.0,1.0
(e),5,22,DATA_PRESENT,16699,20.06700000001001,1.0,1.0,1.0
(e),5,22,DATA_PRESENT,16700,20.10000000000582,1.0,1.0,1.0
(e),5,22,DATA_PRESENT,16701,20.13400000000547,1.0,1.0,1.0
(e),5,22,DATA_PRESENT,16702,20.16700000000128,1.0,1.0,1.0
(e),5,22,DATA_PRESENT,16703,20.20000000001164,1.0,1.0,1.0
(e),5,22,DATA_PRESENT,16704,20.234000000011292,1.0,1.0,1.0
(e),5,22,DATA_PRESENT,16705,20.2670000000071,1.0,1.0,1.0
(e),5,22,DATA_PRESENT,16706,20.30000000000291,1.0,1.0,1.0
(e),5,22,DATA_PRESENT,16707,20.33400000000256,1.0,1.0,1.0
(e),5,22,DATA_PRESENT,16708,20.367000000008375,1.0,1.0,1.0
(e),5,22,DATA_PRESENT,16709,20.40000000000873,1.0,1.0,1.0
(e),5,22,DATA_PRESENT,16710,20.434000000008382,1.0,1.0,1.0
(e),5,22,DATA_PRESENT,16711,20.46700000000419,1.0,1.0,1.0
(e),5,22,DATA_PRESENT,16712,20.5,1.0,1.0,1.0
(e),5,22,DATA_PRESENT,16713,20.53399999999965,1.0,1.0,1.0
(e),5,22,DATA_PRESENT,16714,20.56700000001001,1.0,1.0,1.0
(e),5,22,DATA_PRESENT,16715,20.60000000000582,1.0,1.0,1.0
(e),5,22,DATA_PRESENT,16716,20.63400000000547,1.0,1.0,1.0
(e),5,22,DATA_PRESENT,16717,20.66700000000128,1.0,1.0,1.0
(e),5,22,DATA_PRESENT,16718,20.70000000001164,1.0,1.0,1.0
(e),5,22,DATA_PRESENT,16719,20.734000000011292,1.0,1.0,1.0
(e),5,22,DATA_PRESENT,16720,20.7670000000071,1.0,1.0,1.0
(e),5,22,DATA_PRESENT,16721,20.80000000000291,1.0,1.0,1.0
(e),5,22,DATA_PRESENT,16722,20.83400000000256,1.0,1.0,1.0
(e),5,22,DATA_PRESENT,16723,20.867000000008375,1.0,1.0,1.0
(e),5,22,DATA_PRESENT,16724,20.90000000000873,1.0,1.0,1.0
(e),5,22,DATA_PRESENT,16725,20.934000000008382,1.0,1.0,1.0
(e),5,22,DATA_PRESENT,16726,20.96700000000419,1.0,1.0,1.0
(e),5,22,DATA_PRESENT,16727,21.0,1.0,1.0,1.0
(e),5,22,DATA_PRESENT,16728,21.03399999999965,1.0,1.0,1.0
(e),5,22,DATA_PRESENT,16729,21.06700000001001,1.0,1.0,1.0
(e),5,22,DATA_PRESENT,16730,21.10000000000582,1.0,1.0,1.0
(e),5,22,DATA_PRESENT,16731,21.13400000000547,1.0,1.0,1.0
(e),5,22,DATA_PRESENT,16732,21.16700000000128,1.0,1.0,1.0
(e),5,22,DATA_PRESENT,16733,21.20000000001164,1.0,1.0,1.0
(e),5,22,DATA_PRESENT,16734,21.234000000011292,1.0,1.0,1.0
(e),5,22,DATA_PRESENT,16735,21.2670000000071,1.0,1.0,1.0
(e),5,22,DATA_PRESENT,16736,21.30000000000291,1.0,1.0,1.0
(e),5,22,DATA_PRESENT,16737,21.33400000000256,1.0,1.0,1.0
(e),5,22,DATA_PRESENT,16738,21.367000000008375,1.0,1.0,1.0
(e),5,22,DATA_PRESENT,16739,21.40000000000873,1.0,1.0,1.0
(e),5,22,DATA_PRESENT,16740,21.434000000008382,1.0,1.0,1.0
(e),5,22,DATA_PRESENT,16741,21.46700000000419,1.0,1.0,1.0
(e),5,22,DATA_PRESENT,16742,21.5,1.0,1.0,1.0
(e),5,22,DATA_PRESENT,16743,21.53399999999965,1.0,1.0,1.0
(e),5,22,DATA_PRESENT,16744,21.56700000001001,1.0,1.0,1.0
(e),5,22,DATA_PRESENT,16745,21.60000000000582,1.0,1.0,1.0
(e),5,22,DATA_PRESENT,16746,21.63400000000547,1.0,1.0,1.0
(e),5,22,DATA_PRESENT,16747,21.66700000000128,1.0,1.0,1.0
(e),5,22,DATA_PRESENT,16748,21.70000000001164,1.0,1.0,1.0
(e),5,22,DATA_PRESENT,16749,21.734000000011292,1.0,1.0,1.0
(e),5,22,DATA_PRESENT,16750,21.7670000000071,1.0,1.0,1.0
(e),5,22,DATA_PRESENT,16751,21.80000000000291,1.0,1.0,1.0
(e),5,22,DATA_PRESENT,16752,21.83400000000256,1.0,1.0,1.0
(e),5,22,DATA_PRESENT,16753,21.867000000008375,1.0,1.0,1.0
(e),5,22,DATA_PRESENT,16754,21.90000000000873,1.0,1.0,1.0
(e),5,22,DATA_PRESENT,16755,21.934000000008382,1.0,1.0,1.0
(e),5,22,DATA_PRESENT,16756,21.96700000000419,1.0,1.0,1.0
(e),5,22,DATA_PRESENT,16757,22.0,1.0,1.0,1.0
(e),5,22,DATA_PRESENT,16758,22.03399999999965,1.0,1.0,1.0
(e),5,22,DATA_PRESENT,16759,22.06700000001001,1.0,1.0,1.0
(e),5,22,DATA_PRESENT,16760,22.10000000000582,1.0,1.0,1.0
(e),5,22,DATA_PRESENT,16761,22.13400000000547,1.0,1.0,1.0
(e),5,22,DATA_PRESENT,16762,22.16700000000128,1.0,1.0,1.0
(e),5,22,DATA_PRESENT,16763,22.20000000001164,1.0,1.0,1.0
(e),5,22,DATA_PRESENT,16764,22.234000000011292,1.0,1.0,1.0
(e),5,22,DATA_PRESENT,16765,22.2670000000071,1.0,1.0,1.0
(e),5,22,DATA_PRESENT,16766,22.30000000000291,1.0,1.0,1.0
(e),5,22,DATA_PRESENT,16767,22.33400000000256,1.0,1.0,1.0
(e),5,22,DATA_PRESENT,16768,22.367000000008375,1.0,1.0,1.0
(e),5,22,DATA_PRESENT,16769,22.40000000000873,1.0,1.0,1.0
(e),5,22,DATA_PRESENT,16770,22.434000000008382,1.0,1.0,1.0
(e),5,22,DATA_PRESENT,16771,22.46700000000419,1.0,1.0,1.0
(e),5,22,DATA_PRESENT,16772,22.5,1.0,1.0,1.0
(e),5,22,DATA_PRESENT,16773,22.53399999999965,1.0,1.0,1.0
(e),5,22,DATA_PRESENT,16774,22.56700000001001,1.0,1.0,1.0
(e),5,22,DATA_PRESENT,16775,22.60000000000582,1.0,1.0,1.0
(e),5,22,DATA_PRESENT,16776,22.63400000000547,1.0,1.0,1.0
(e),5,22,DATA_PRESENT,16777,22.66700000000128,1.0,1.0,1.0
(e),5,22,DATA_PRESENT,16778,22.70000000001164,1.0,1.0,1.0
(e),5,22,DATA_PRESENT,16779,22.734000000011292,1.0,1.0,1.0
(e),5,22,DATA_PRESENT,16780,22.7670000000071,1.0,1.0,1.0
(e),5,22,DATA_PRESENT,16781,22.80000000000291,1.0,1.0,1.0
(e),5,22,DATA_PRESENT,16782,22.83400000000256,1.0,1.0,1.0
(e),5,22,DATA_PRESENT,16783,22.867000000008375,1.0,1.0,1.0
(e),5,22,DATA_PRESENT,16784,22.90000000000873,1.0,1.0,1.0
(e),5,22,DATA_PRESENT,16785,22.934000000008382,1.0,1.0,1.0
(e),5,22,DATA_PRESENT,16786,22.96700000000419,1.0,1.0,1.0
(e),5,22,DATA_PRESENT,16787,23.0,1.0,1.0,1.0
(e),5,22,DATA_PRESENT,16788,23.03399999999965,1.0,1.0,1.0
(e),5,22,DATA_PRESENT,16789,23.06700000001001,1.0,1.0,1.0
(e),5,22,DATA_PRESENT,16790,23.10000000000582,1.0,1.0,1.0
(e),5,22,DATA_PRESENT,16791,23.13400000000547,1.0,1.0,1.0
(e),5,22,DATA_PRESENT,16792,23.16700000000128,1.0,1.0,1.0
(e),5,22,DATA_PRESENT,16793,23.20000000001164,1.0,1.0,1.0
(e),5,22,DATA_PRESENT,16794,23.234000000011292,1.0,1.0,1.0
(e),5,22,DATA_PRESENT,16795,23.2670000000071,1.0,1.0,1.0
(e),5,22,DATA_PRESENT,16796,23.30000000000291,1.0,1.0,1.0
(e),5,22,DATA_PRESENT,16797,23.33400000000256,1.0,1.0,1.0
(e),5,22,DATA_PRESENT,16798,23.367000000008375,1.0,1.0,1.0
(e),5,22,DATA_PRESENT,16799,23.40000000000873,1.0,1.0,1.0
(e),5,22,DATA_PRESENT,16800,23.434000000008382,1.0,1.0,1.0
(e),5,22,DATA_PRESENT,16801,23.46700000000419,1.0,1.0,1.0
(e),5,22,DATA_PRESENT,16802,23.5,1.0,1.0,1.0
(e),5,22,DATA_PRESENT,16803,23.53399999999965,1.0,1.0,1.0
(e),5,22,DATA_PRESENT,16804,23.56700000001001,1.0,1.0,1.0
(e),5,22,DATA_PRESENT,16805,23.60000000000582,1.0,1.0,1.0
(e),5,22,DATA_PRESENT,16806,23.63400000000547,1.0,1.0,1.0
(e),5,22,DATA_PRESENT,16807,23.66700000000128,1.0,1.0,1.0
(e),5,22,DATA_PRESENT,16808,23.70000000001164,1.0,1.0,1.0
(e),5,22,DATA_PRESENT,16809,23.734000000011292,1.0,1.0,1.0
(e),5,22,DATA_PRESENT,16810,23.7670000000071,1.0,1.0,1.0
(e),5,22,DATA_PRESENT,16811,23.80000000000291,1.0,1.0,1.0
(e),5,22,DATA_PRESENT,16812,23.83400000000256,1.0,1.0,1.0
(e),5,22,DATA_PRESENT,16813,23.867000000008375,1.0,1.0,1.0
(e),5,22,DATA_PRESENT,16814,23.90000000000873,1.0,1.0,1.0
(e),5,22,DATA_PRESENT,16815,23.934000000008382,1.0,1.0,1.0
(e),5,22,DATA_PRESENT,16816,23.96700000000419,1.0,1.0,1.0
(e),5,22,DATA_PRESENT,16817,24.0,1.0,1.0,1.0
(e),5,22,DATA_PRESENT,16818,24.03399999999965,1.0,1.0,1.0
(e),5,22,DATA_PRESENT,16819,24.06700000001001,1.0,1.0,1.0
(e),5,22,DATA_PRESENT,16820,24.10000000000582,1.0,1.0,1.0
(e),5,22,DATA_PRESENT,16821,24.13400000000547,1.0,1.0,1.0
(e),5,22,DATA_PRESENT,16822,24.16700000000128,1.0,1.0,1.0
(e),5,22,DATA_PRESENT,16823,24.20000000001164,1.0,1.0,1.0
(e),5,22,DATA_PRESENT,16824,24.234000000011292,1.0,1.0,1.0
(e),5,22,DATA_PRESENT,16825,24.2670000000071,1.0,1.0,1.0
(e),5,22,DATA_PRESENT,16826,24.30000000000291,1.0,1.0,1.0
(e),5,22,DATA_PRESENT,16827,24.33400000000256,1.0,1.0,1.0
(e),5,22,DATA_PRESENT,16828,24.367000000008375,1.0,1.0,1.0
(e),5,22,DATA_PRESENT,16829,24.40000000000873,1.0,1.0,1.0
(e),5,22,DATA_PRESENT,16830,24.434000000008382,1.0,1.0,1.0
(e),5,22,DATA_PRESENT,16831,24.46700000000419,1.0,1.0,1.0
(e),5,22,DATA_PRESENT,16832,24.5,1.0,1.0,1.0
(e),5,22,DATA_PRESENT,16833,24.53399999999965,1.0,1.0,1.0
(e),5,22,DATA_PRESENT,16834,24.56700000001001,1.0,1.0,1.0
(e),5,22,DATA_PRESENT,16835,24.60000000000582,1.0,1.0,1.0
(e),5,22,DATA_PRESENT,16836,24.63400000000547,1.0,1.0,1.0
(e),5,22,DATA_PRESENT,16837,24.66700000000128,1.0,1.0,1.0
(e),5,22,DATA_PRESENT,16838,24.70000000001164,1.0,1.0,1.0
(e),5,22,DATA_PRESENT,16839,24.734000000011292,1.0,1.0,1.0
(e),5,22,DATA_PRESENT,16840,24.7670000000071,1.0,1.0,1.0
(e),5,22,DATA_PRESENT,16841,24.80000000000291,1.0,1.0,1.0
(e),5,22,DATA_PRESENT,16842,24.83400000000256,1.0,1.0,1.0
(e),5,22,DATA_PRESENT,16843,24.867000000008375,1.0,1.0,1.0
(e),5,22,DATA_PRESENT,16844,24.90000000000873,1.0,1.0,1.0
(e),5,22,DATA_PRESENT,16845,24.934000000008382,1.0,1.0,1.0
(e),5,22,DATA_PRESENT,16846,24.96700000000419,1.0,1.0,1.0
(e),5,22,DATA_PRESENT,16847,25.0,1.0,1.0,1.0
(e),5,22,DATA_PRESENT,16848,25.03399999999965,1.0,1.0,1.0
(e),5,22,DATA_PRESENT,16849,25.06700000001001,1.0,1.0,1.0
(e),5,22,DATA_PRESENT,16850,25.10000000000582,1.0,1.0,1.0
(e),5,22,DATA_PRESENT,16851,25.13400000000547,1.0,1.0,1.0
(e),5,22,DATA_PRESENT,16852,25.16700000000128,1.0,1.0,1.0
(e),5,22,DATA_PRESENT,16853,25.20000000001164,1.0,1.0,1.0
(e),5,22,DATA_PRESENT,16854,25.234000000011292,1.0,1.0,1.0
(e),5,22,DATA_PRESENT,16855,25.2670000000071,1.0,1.0,1.0
(e),5,22,DATA_PRESENT,16856,25.30000000000291,1.0,1.0,1.0
(e),5,22,DATA_PRESENT,16857,25.33400000000256,1.0,1.0,1.0
(e),5,22,DATA_PRESENT,16858,25.367000000008375,1.0,1.0,1.0
(e),5,22,DATA_PRESENT,16859,25.40000000000873,1.0,1.0,1.0
(e),5,22,DATA_PRESENT,16860,25.434000000008382,1.0,1.0,1.0
(e),5,22,DATA_PRESENT,16861,25.46700000000419,1.0,1.0,1.0
(e),5,22,DATA_PRESENT,16862,25.5,1.0,1.0,1.0
(e),5,22,DATA_PRESENT,16863,25.53399999999965,1.0,1.0,1.0
(e),5,22,DATA_PRESENT,16864,25.56700000001001,1.0,1.0,1.0
(e),5,22,DATA_PRESENT,16865,25.60000000000582,1.0,1.0,1.0
(e),5,22,DATA_PRESENT,16866,25.63400000000547,1.0,1.0,1.0
(e),5,22,DATA_PRESENT,16867,25.66700000000128,1.0,1.0,1.0
(e),5,22,DATA_PRESENT,16868,25.70000000001164,1.0,1.0,1.0
(e),5,22,DATA_PRESENT,16869,25.734000000011292,1.0,1.0,1.0
(e),5,22,DATA_PRESENT,16870,25.7670000000071,1.0,1.0,1.0
(e),5,22,DATA_PRESENT,16871,25.80000000000291,1.0,1.0,1.0
(e),5,22,DATA_PRESENT,16872,25.83400000000256,1.0,1.0,1.0
(e),5,22,DATA_PRESENT,16873,25.867000000008375,1.0,1.0,1.0
(e),5,22,DATA_PRESENT,16874,25.90000000000873,1.0,1.0,1.0
(e),5,22,DATA_PRESENT,16875,25.934000000008382,1.0,1.0,1.0
(e),5,22,DATA_PRESENT,16876,25.96700000000419,1.0,1.0,1.0
(e),5,22,DATA_PRESENT,16877,26.0,1.0,1.0,1.0
(e),5,22,DATA_PRESENT,16878,26.03399999999965,1.0,1.0,1.0
(e),5,22,DATA_PRESENT,16879,26.06700000001001,1.0,1.0,1.0
(e),5,22,DATA_PRESENT,16880,26.10000000000582,1.0,1.0,1.0
(e),5,22,DATA_PRESENT,16881,26.13400000000547,1.0,1.0,1.0
(e),5,22,DATA_PRESENT,16882,26.16700000000128,1.0,1.0,1.0
(e),5,22,DATA_PRESENT,16883,26.20000000001164,1.0,1.0,1.0
(e),5,22,DATA_PRESENT,16884,26.234000000011292,1.0,1.0,1.0
(e),5,22,DATA_PRESENT,16885,26.2670000000071,1.0,1.0,1.0
(e),5,22,DATA_PRESENT,16886,26.30000000000291,1.0,1.0,1.0
(e),5,22,DATA_PRESENT,16887,26.33400000000256,1.0,1.0,1.0
(e),5,22,DATA_PRESENT,16888,26.367000000008375,1.0,1.0,1.0
(e),5,22,DATA_PRESENT,16889,26.40000000000873,1.0,1.0,1.0
(e),5,22,DATA_PRESENT,16890,26.434000000008382,1.0,1.0,1.0
(e),5,22,DATA_PRESENT,16891,26.46700000000419,1.0,1.0,1.0
(e),5,22,DATA_PRESENT,16892,26.5,1.0,1.0,1.0
(e),5,22,DATA_PRESENT,16893,26.53399999999965,1.0,1.0,1.0
(e),5,22,DATA_PRESENT,16894,26.56700000001001,1.0,1.0,1.0
(e),5,22,DATA_PRESENT,16895,26.60000000000582,1.0,1.0,1.0
(e),5,22,DATA_PRESENT,16896,26.63400000000547,1.0,1.0,1.0
(e),5,22,DATA_PRESENT,16897,26.66700000000128,1.0,1.0,1.0
(e),5,22,DATA_PRESENT,16898,26.70000000001164,1.0,1.0,1.0
(e),5,22,DATA_PRESENT,16899,26.734000000011292,1.0,1.0,1.0
(e),5,22,DATA_PRESENT,16900,26.7670000000071,1.0,1.0,1.0
(e),5,22,DATA_PRESENT,16901,26.80000000000291,1.0,1.0,1.0
(e),5,22,DATA_PRESENT,16902,26.83400000000256,1.0,1.0,1.0
(e),5,22,DATA_PRESENT,16903,26.867000000008375,1.0,1.0,1.0
(e),5,22,DATA_PRESENT,16904,26.90000000000873,1.0,1.0,1.0
(e),5,22,DATA_PRESENT,16905,26.934000000008382,1.0,1.0,1.0
(e),5,22,DATA_PRESENT,16906,26.96700000000419,1.0,1.0,1.0
(e),5,22,DATA_PRESENT,16907,27.0,1.0,1.0,1.0
(e),5,22,DATA_PRESENT,16908,27.03399999999965,1.0,1.0,1.0
(e),5,22,DATA_PRESENT,16909,27.06700000001001,1.0,1.0,1.0
(e),5,22,DATA_PRESENT,16910,27.10000000000582,1.0,1.0,1.0
(e),5,22,DATA_PRESENT,16911,27.13400000000547,1.0,1.0,1.0
(e),5,22,DATA_PRESENT,16912,27.16700000000128,1.0,1.0,1.0
(e),5,22,DATA_PRESENT,16913,27.20000000001164,1.0,1.0,1.0
(e),5,22,DATA_PRESENT,16914,27.234000000011292,1.0,1.0,1.0
(e),5,22,DATA_PRESENT,16915,27.2670000000071,1.0,1.0,1.0
(e),5,22,DATA_PRESENT,16916,27.30000000000291,1.0,1.0,1.0
(e),5,22,DATA_PRESENT,16917,27.33400000000256,1.0,1.0,1.0
(e),5,22,DATA_PRESENT,16918,27.367000000008375,1.0,1.0,1.0
(e),5,22,DATA_PRESENT,16919,27.40000000000873,1.0,1.0,1.0
(e),5,22,DATA_PRESENT,16920,27.434000000008382,1.0,1.0,1.0
(e),5,22,DATA_PRESENT,16921,27.46700000000419,1.0,1.0,1.0
(e),5,22,DATA_PRESENT,16922,27.5,1.0,1.0,1.0
(e),5,22,DATA_PRESENT,16923,27.53399999999965,1.0,1.0,1.0
(e),5,22,DATA_PRESENT,16924,27.56700000001001,1.0,1.0,1.0
(e),5,22,DATA_PRESENT,16925,27.60000000000582,1.0,1.0,1.0
(e),5,22,DATA_PRESENT,16926,27.63400000000547,1.0,1.0,1.0
(e),5,22,DATA_PRESENT,16927,27.66700000000128,1.0,1.0,1.0
(e),5,22,DATA_PRESENT,16928,27.70000000001164,1.0,1.0,1.0
(e),5,22,DATA_PRESENT,16929,27.734000000011292,1.0,1.0,1.0
(e),5,22,DATA_PRESENT,16930,27.7670000000071,1.0,1.0,1.0
(e),5,22,DATA_PRESENT,16931,27.80000000000291,1.0,1.0,1.0
(e),5,22,DATA_PRESENT,16932,27.83400000000256,1.0,1.0,1.0
(e),5,22,DATA_PRESENT,16933,27.867000000008375,1.0,1.0,1.0
(e),5,22,DATA_PRESENT,16934,27.90000000000873,1.0,1.0,1.0
(e),5,22,DATA_PRESENT,16935,27.934000000008382,1.0,1.0,1.0
(e),5,22,DATA_PRESENT,16936,27.96700000000419,1.0,1.0,1.0
(e),5,22,DATA_PRESENT,16937,28.0,1.0,1.0,1.0
(e),5,22,DATA_PRESENT,16938,28.03399999999965,1.0,1.0,1.0
(e),5,22,DATA_PRESENT,16939,28.06700000001001,1.0,1.0,1.0
(e),5,22,DATA_PRESENT,16940,28.10000000000582,1.0,1.0,1.0
(e),5,22,DATA_PRESENT,16941,28.13400000000547,1.0,1.0,1.0
(e),5,22,DATA_PRESENT,16942,28.16700000000128,1.0,1.0,1.0
(e),5,22,DATA_PRESENT,16943,28.20000000001164,1.0,1.0,1.0
(e),5,22,DATA_PRESENT,16944,28.234000000011292,1.0,1.0,1.0
(e),5,22,DATA_PRESENT,16945,28.2670000000071,1.0,1.0,1.0
(e),5,22,DATA_PRESENT,16946,28.30000000000291,1.0,1.0,1.0
(e),5,22,DATA_PRESENT,16947,28.33400000000256,1.0,1.0,1.0
(e),5,22,DATA_PRESENT,16948,28.367000000008375,1.0,1.0,1.0
(e),5,22,DATA_PRESENT,16949,28.40000000000873,1.0,1.0,1.0
(e),5,22,DATA_PRESENT,16950,28.434000000008382,1.0,1.0,1.0
(e),5,22,DATA_PRESENT,16951,28.46700000000419,1.0,1.0,1.0
(e),5,22,DATA_PRESENT,16952,28.5,1.0,1.0,1.0
(e),5,22,DATA_PRESENT,16953,28.53399999999965,1.0,1.0,1.0
(e),5,22,DATA_PRESENT,16954,28.56700000001001,1.0,1.0,1.0
(e),5,22,DATA_PRESENT,16955,28.60000000000582,1.0,1.0,1.0
(e),5,22,DATA_PRESENT,16956,28.63400000000547,1.0,1.0,1.0
(e),5,22,DATA_PRESENT,16957,28.66700000000128,1.0,1.0,1.0
(e),5,22,DATA_PRESENT,16958,28.70000000001164,1.0,1.0,1.0
(e),5,22,DATA_PRESENT,16959,28.734000000011292,1.0,1.0,1.0
(e),5,22,DATA_PRESENT,16960,28.7670000000071,1.0,1.0,1.0
(e),5,22,DATA_PRESENT,16961,28.80000000000291,1.0,1.0,1.0
(e),5,22,DATA_PRESENT,16962,28.83400000000256,1.0,1.0,1.0
(e),5,22,DATA_PRESENT,16963,28.867000000008375,1.0,1.0,1.0
(e),5,22,DATA_PRESENT,16964,28.90000000000873,1.0,1.0,1.0
(e),5,22,DATA_PRESENT,16965,28.934000000008382,1.0,1.0,1.0
(e),5,22,DATA_PRESENT,16966,28.96700000000419,1.0,1.0,1.0
(e),5,22,DATA_PRESENT,16967,29.0,1.0,1.0,1.0
(e),5,22,DATA_PRESENT,16968,29.03399999999965,1.0,1.0,1.0
(e),5,22,DATA_PRESENT,16969,29.06700000001001,1.0,1.0,1.0
(e),5,22,DATA_PRESENT,16970,29.10000000000582,1.0,1.0,1.0
(e),5,22,DATA_PRESENT,16971,29.13400000000547,1.0,1.0,1.0
(e),5,22,DATA_PRESENT,16972,29.16700000000128,1.0,1.0,1.0
(e),5,22,DATA_PRESENT,16973,29.20000000001164,1.0,1.0,1.0
(e),5,22,DATA_PRESENT,16974,29.234000000011292,1.0,1.0,1.0
(e),5,22,DATA_PRESENT,16975,29.2670000000071,1.0,1.0,1.0
(e),5,22,DATA_PRESENT,16976,29.30000000000291,1.0,1.0,1.0
(e),5,22,DATA_PRESENT,16977,29.33400000000256,1.0,1.0,1.0
(e),5,22,DATA_PRESENT,16978,29.367000000008375,1.0,1.0,1.0
(e),5,22,DATA_PRESENT,16979,29.40000000000873,1.0,1.0,1.0
(e),5,22,DATA_PRESENT,16980,29.434000000008382,1.0,1.0,1.0
(e),5,22,DATA_PRESENT,16981,29.46700000000419,1.0,1.0,1.0
(e),5,22,DATA_PRESENT,16982,29.5,1.0,1.0,1.0
(e),5,22,DATA_PRESENT,16983,29.53399999999965,1.0,1.0,1.0
(e),5,22,DATA_PRESENT,16984,29.56700000001001,1.0,1.0,1.0
(e),5,22,DATA_PRESENT,16985,29.60000000000582,1.0,1.0,1.0
(e),5,22,DATA_PRESENT,16986,29.63400000000547,1.0,1.0,1.0
(e),5,22,DATA_PRESENT,16987,29.66700000000128,1.0,1.0,1.0
(e),5,22,DATA_PRESENT,16988,29.70000000001164,1.0,1.0,1.0
(e),5,22,DATA_PRESENT,16989,29.734000000011292,1.0,1.0,1.0
(e),5,22,DATA_PRESENT,16990,29.7670000000071,1.0,1.0,1.0
(e),5,22,DATA_PRESENT,16991,29.80000000000291,1.0,1.0,1.0
(e),5,22,DATA_PRESENT,16992,29.83400000000256,1.0,1.0,1.0
(e),5,22,DATA_PRESENT,16993,29.867000000008375,1.0,1.0,1.0
(e),5,22,DATA_PRESENT,16994,29.90000000000873,1.0,1.0,1.0
(e),5,22,DATA_PRESENT,16995,29.934000000008382,1.0,1.0,1.0
(e),5,22,DATA_PRESENT,16996,29.96700000000419,1.0,1.0,1.0
(e),5,22,DATA_PRESENT,16997,30.0,1.0,1.0,1.0
(e),5,22,DATA_PRESENT,16998,30.03399999999965,1.0,1.0,1.0
(e),5,22,DATA_PRESENT,16999,30.06700000001001,1.0,1.0,1.0
(e),5,22,DATA_PRESENT,17000,30.10000000000582,1.0,1.0,1.0
(e),5,22,DATA_PRESENT,17001,30.13400000000547,1.0,1.0,1.0
(e),5,22,DATA_PRESENT,17002,30.16700000000128,1.0,1.0,1.0
(e),5,22,DATA_PRESENT,17003,30.20000000001164,1.0,1.0,1.0
(e),5,22,DATA_PRESENT,17004,30.234000000011292,1.0,1.0,1.0
(e),5,22,DATA_PRESENT,17005,30.2670000000071,1.0,1.0,1.0
(e),5,22,DATA_PRESENT,17006,30.30000000000291,1.0,1.0,1.0
(e),5,22,DATA_PRESENT,17007,30.33400000000256,1.0,1.0,1.0
(e),5,22,DATA_PRESENT,17008,30.367000000008375,1.0,1.0,1.0
(e),5,22,DATA_PRESENT,17009,30.40000000000873,1.0,1.0,1.0
(e),5,22,DATA_PRESENT,17010,30.434000000008382,1.0,1.0,1.0
(e),5,22,DATA_PRESENT,17011,30.46700000000419,1.0,1.0,1.0
(e),5,22,DATA_PRESENT,17012,30.5,1.0,1.0,1.0
(e),5,22,DATA_PRESENT,17013,30.53399999999965,1.0,1.0,1.0
(e),5,22,DATA_PRESENT,17014,30.56700000001001,1.0,1.0,1.0
(e),5,22,DATA_PRESENT,17015,30.60000000000582,1.0,1.0,1.0
(e),5,22,DATA_PRESENT,17016,30.63400000000547,1.0,1.0,1.0
(e),5,22,DATA_PRESENT,17017,30.66700000000128,1.0,1.0,1.0
(e),5,22,DATA_PRESENT,17018,30.70000000001164,1.0,1.0,1.0
(e),5,22,DATA_PRESENT,17019,30.734000000011292,1.0,1.0,1.0
(e),5,22,DATA_PRESENT,17020,30.7670000000071,1.0,1.0,1.0
(e),5,22,DATA_PRESENT,17021,30.80000000000291,1.0,1.0,1.0
(e),5,22,DATA_PRESENT,17022,30.83400000000256,1.0,1.0,1.0
(e),5,22,DATA_PRESENT,17023,30.867000000008375,1.0,1.0,1.0
(e),5,22,DATA_PRESENT,17024,30.90000000000873,1.0,1.0,1.0
(e),5,22,DATA_PRESENT,17025,30.934000000008382,1.0,1.0,1.0
(e),5,22,DATA_PRESENT,17026,30.96700000000419,1.0,1.0,1.0
(e),5,22,DATA_PRESENT,17027,31.0,1.0,1.0,1.0
(e),5,22,DATA_PRESENT,17028,31.03399999999965,1.0,1.0,1.0
(e),5,22,DATA_PRESENT,17029,31.06700000001001,1.0,1.0,1.0
(e),5,22,DATA_PRESENT,17030,31.10000000000582,1.0,1.0,1.0
(e),5,22,DATA_PRESENT,17031,31.13400000000547,1.0,1.0,1.0
(e),5,22,DATA_PRESENT,17032,31.16700000000128,1.0,1.0,1.0
(e),5,22,DATA_PRESENT,17033,31.20000000001164,1.0,1.0,1.0
(e),5,22,DATA_PRESENT,17034,31.234000000011292,1.0,1.0,1.0
(e),5,22,DATA_PRESENT,17035,31.2670000000071,1.0,1.0,1.0
(e),5,22,DATA_PRESENT,17036,31.30000000000291,1.0,1.0,1.0
(e),5,22,DATA_PRESENT,17037,31.33400000000256,1.0,1.0,1.0
(e),5,22,DATA_PRESENT,17038,31.367000000008375,1.0,1.0,1.0
(e),5,22,DATA_PRESENT,17039,31.40000000000873,1.0,1.0,1.0
(e),5,22,DATA_PRESENT,17040,31.434000000008382,1.0,1.0,1.0
(e),5,22,DATA_PRESENT,17041,31.46700000000419,1.0,1.0,1.0
(e),5,22,DATA_PRESENT,17042,31.5,1.0,1.0,1.0
(e),5,22,DATA_PRESENT,17043,31.53399999999965,1.0,1.0,1.0
(e),5,22,DATA_PRESENT,17044,31.56700000001001,1.0,1.0,1.0
(e),5,22,DATA_PRESENT,17045,31.60000000000582,1.0,1.0,1.0
(e),5,22,DATA_PRESENT,17046,31.63400000000547,1.0,1.0,1.0
(e),5,22,DATA_PRESENT,17047,31.66700000000128,1.0,1.0,1.0
(e),5,22,DATA_PRESENT,17048,31.70000000001164,1.0,1.0,1.0
(e),5,22,DATA_PRESENT,17049,31.734000000011292,1.0,1.0,1.0
(e),5,22,DATA_PRESENT,17050,31.7670000000071,1.0,1.0,1.0
(e),5,22,DATA_PRESENT,17051,31.80000000000291,1.0,1.0,1.0
(e),5,22,DATA_PRESENT,17052,31.83400000000256,1.0,1.0,1.0
(e),5,22,DATA_PRESENT,17053,31.867000000008375,1.0,1.0,1.0
(e),5,22,DATA_PRESENT,17054,31.90000000000873,1.0,1.0,1.0
(e),5,22,DATA_PRESENT,17055,31.934000000008382,1.0,1.0,1.0
(e),5,22,DATA_PRESENT,17056,31.96700000000419,1.0,1.0,1.0
(e),5,22,DATA_PRESENT,17057,32.0,1.0,1.0,1.0
(f),7,2,BUS2_VC_MAG,83,-0.5,208586.05596256268,208561.6949355854,1.000116804895476
(f),7,2,BUS2_VC_MAG,84,-0.4660000000003497,208661.09565820088,208561.6949355854,1.0004766010491342
(f),7,2,BUS2_VC_MAG,85,-0.43300000000454064,209304.24049452052,208561.6949355854,1.0035603160933482
(f),7,2,BUS2_VC_MAG,86,-0.4000000000087316,209909.9308208536,208561.6949355854,1.0064644463389338
(f),7,2,BUS2_VC_MAG,87,-0.36600000000908084,209930.4290219636,208561.6949355854,1.0065627299720639
(f),7,2,BUS2_VC_MAG,88,-0.3330000000132718,207925.3629806141,208561.6949355854,0.9969489509798631
(f),7,2,BUS2_VC_MAG,89,-0.30000000000291127,208561.6949355854,208561.6949355854,1.0
(f),7,2,BUS2_VC_MAG,90,-0.2660000000032601,207259.66028175296,208561.6949355854,0.9937570767525907
(f),7,2,BUS2_VC_MAG,91,-0.23300000000745102,208745.3997905003,208561.6949355854,1.0008808178077553
(f),7,2,BUS2_VC_MAG,92,-0.20000000001164198,207585.75741217216,208561.6949355854,0.9953206291130562
(f),7,2,BUS2_VC_MAG,93,-0.16600000001199122,208076.45750891845,208561.6949355854,0.9976734106096672
(f),7,2,BUS2_VC_MAG,94,-0.13300000000326007,208391.42768492745,208561.6949355854,0.9991836120687908
(f),7,2,BUS2_VC_MAG,95,-0.10000000000582121,208042.5415104368,208561.6949355854,0.9975107920689418
(f),7,2,BUS2_VC_MAG,96,-0.06600000000617046,209550.1989044257,208561.6949355854,1.0047396237796475
(f),7,2,BUS2_VC_MAG,97,-0.03300000001036141,209414.23218970944,208561.6949355854,1.004087698147962
(f),7,2,BUS2_VC_MAG,98,0.0,222290.2928,208561.6949355854,1.065825116489654
(f),7,2,BUS2_VC_MAG,99,0.03399999999965031,225138.7808,208561.6949355854,1.0794828881187146
(f),7,2,BUS2_VC_MAG,100,0.06699999999545936,221666.8065,208561.6949355854,1.0628356591005943
(f),7,2,BUS2_VC_MAG,101,0.0999999999912684,222772.2294,208561.6949355854,1.0681358792601083
(f),7,2,BUS2_VC_MAG,102,0.13399999999091916,222817.3316,208561.6949355854,1.0683521327769103
(f),7,2,BUS2_VC_MAG,103,0.1669999999867282,222125.3598,208561.6949355854,1.0650343049264333
(f),7,2,BUS2_VC_MAG,104,0.19999999999708873,223645.3555,208561.6949355854,1.0723222956596763
(f),7,2,BUS2_VC_MAG,105,0.23399999999673993,222809.8973,208561.6949355854,1.0683164872092892
(f),7,2,BUS2_VC_MAG,106,0.266999999992549,222638.4087,208561.6949355854,1.067494243220272
(f),7,2,BUS2_VC_MAG,107,0.299999999988358,222859.2059,208561.6949355854,1.0685529093385553
(f),7,2,BUS2_VC_MAG,108,0.3339999999880088,222736.8833,208561.6949355854,1.0679664037482655
(f),7,2,BUS2_VC_MAG,109,0.36699999999673993,225798.1528,208561.6949355854,1.0826444082636464
(f),7,2,BUS2_VC_MAG,110,0.3999999999941788,224038.871,208561.6949355854,1.074209101864054
(f),7,2,BUS2_VC_MAG,111,0.43399999999382954,221026.2554,208561.6949355854,1.0597643803588397
(f),7,2,BUS2_VC_MAG,112,0.46699999998963815,222433.706,208561.6949355854,1.0665127461142805
(f),7,2,BUS2_VC_MAG,113,0.5,223319.7039,208561.6949355854,1.070760879503653
(f),7,2,BUS2_VC_MAG,114,0.5339999999996503,223346.56,208561.6949355854,1.070889647636307
(f),7,2,BUS2_VC_MAG,115,0.5669999999954598,223101.7534,208561.6949355854,1.0697158625839962
(f),7,2,BUS2_VC_MAG,116,0.5999999999912689,223231.831,208561.6949355854,1.070339551416407
(f),7,2,BUS2_VC_MAG,117,0.6339999999909192,222990.1023,208561.6949355854,1.0691805241076069
(f),7,2,BUS2_VC_MAG,118,0.6669999999867278,223187.0799,208561.6949355854,1.070124981334332
(f),7,2,BUS2_VC_MAG,119,0.6999999999970887,223267.3724,208561.6949355854,1.0705099633418134
(f),7,2,BUS2_VC_MAG,120,0.7339999999967399,206343.84435472867,208561.6949355854,0.989365973547819
(f),7,2,BUS2_VC_MAG,121,0.766999999992549,208761.4631153751,208561.6949355854,1.0009578373432926
(f),7,2,BUS2_VC_MAG,122,0.799999999988358,208150.8883276028,208561.6949355854,0.9980302873540153
(f),7,2,BUS2_VC_MAG,123,0.8339999999880088,209529.8106288403,208561.6949355854,1.004641867211301
(f),7,2,BUS2_VC_MAG,124,0.8669999999967399,209195.70139123252,208561.6949355854,1.0030398988454852
(f),7,2,BUS2_VC_MAG,125,0.8999999999941788,209314.84918170143,208561.6949355854,1.0036111820358415
(f),7,2,BUS2_VC_MAG,126,0.9339999999967401,207738.72349514056,208561.6949355854,0.9960540623689359
(f),7,2,BUS2_VC_MAG,127,0.9669999999896386,208852.53117544128,208561.6949355854,1.0013944854060843
(f),7,2,BUS2_VC_MAG,128,0.9999999999967399,207710.50991256587,208561.6949355854,0.9959187854544316
(f),7,2,BUS2_VC_MAG,129,1.0339999999967397,207802.84251265213,208561.6949355854,0.9963614966632888
(f),7,2,BUS2_VC_MAG,130,1.0669999999954594,209223.7303666897,208561.6949355854,1.0031742906160634
(f),7,2,BUS2_VC_MAG,131,1.0999999999912684,209345.29662341723,208561.6949355854,1.0037571697337513
(f),7,2,BUS2_VC_MAG,132,1.1339999999909192,209803.48169158923,208561.6949355854,1.005954049982128
(f),7,2,BUS2_VC_MAG,133,1.1669999999867282,208602.8593499491,208561.6949355854,1.0001973728415299
(f),7,2,BUS2_VC_MAG,134,1.1999999999970892,208993.86986739063,208561.6949355854,1.0020721682950395
(f),7,2,BUS2_VC_MAG,135,1.23399999999674,208757.95991398284,208561.6949355854,1.0009410403883514
(f),7,2,BUS2_VC_MAG,136,1.266999999992549,208253.3849607555,208561.6949355854,0.9985217325025809
(f),7,2,BUS2_VC_MAG,137,1.299999999988358,208210.77587115733,208561.6949355854,0.9983174328126915
(f),7,2,BUS2_VC_MAG,138,1.3339999999880088,209944.63017538545,208561.6949355854,1.0066308208716235
(f),7,2,BUS2_VC_MAG,139,1.36699999999674,206487.0363976376,208561.6949355854,0.9900525427807414
(f),7,2,BUS2_VC_MAG,140,1.3999999999941788,209173.57003552705,208561.6949355854,1.002933784653652
(f),7,2,BUS2_VC_MAG,141,1.43399999999674,208925.55777224005,208561.6949355854,1.0017446292655372
(f),7,2,BUS2_VC_MAG,142,1.4669999999896386,207248.78482308847,208561.6949355854,0.9937049317090445
(f),7,2,BUS2_VC_MAG,143,1.49999999999674,206706.7781776609,208561.6949355854,0.9911061484300969
(f),7,2,BUS2_VC_MAG,144,1.5339999999967397,209150.6915375045,208561.6949355854,1.0028240881054453
(f),7,2,BUS2_VC_MAG,145,1.5669999999954594,209362.0041789364,208561.6949355854,1.0038372781905045
(f),7,2,BUS2_VC_MAG,146,1.5999999999912684,207663.5321477077,208561.6949355854,0.9956935390836985
(f),7,2,BUS2_VC_MAG,147,1.6339999999909192,207741.8228577393,208561.6949355854,0.9960689230201196
(f),7,2,BUS2_VC_MAG,148,1.6669999999867282,209013.9413592511,208561.6949355854,1.0021684059664233
(f),7,2,BUS2_VC_MAG,149,1.6999999999970892,208167.9601102694,208561.6949355854,0.9981121421868114
(f),7,2,BUS2_VC_MAG,150,1.73399999999674,208926.65917486,208561.6949355854,1.0017499102094818
(f),7,2,BUS2_VC_MAG,151,1.766999999992549,207867.1366102056,208561.6949355854,0.9966697704216764
(f),7,2,BUS2_VC_MAG,152,1.799999999988358,207906.7606476964,208561.6949355854,0.9968597575499601
(f),7,2,BUS2_VC_MAG,153,1.8339999999880088,208463.7422493479,208561.6949355854,0.9995303419150494
(f),7,2,BUS2_VC_MAG,154,1.86699999999674,208595.8459814973,208561.6949355854,1.000163745533054
(f),7,2,BUS2_VC_MAG,155,1.8999999999941788,208292.9119279939,208561.6949355854,0.9987112542038243
(f),7,2,BUS2_VC_MAG,156,1.93399999999674,208333.07351427985,208561.6949355854,0.9989038187411348
(f),7,2,BUS2_VC_MAG,157,1.9669999999896386,209307.2727589087,208561.6949355854,1.0035748550257686
(f),7,2,BUS2_VC_MAG,158,1.99999999999674,208645.41587686667,208561.6949355854,1.0004014205068055
(f),7,2,BUS2_VA_MAG,83,-0.5,208736.8828564568,208564.21327812155,1.0008278964814783
(f),7,2,BUS2_VA_MAG,84,-0.4660000000003497,209031.28606614965,208564.21327812155,1.0022394675514408
(f),7,2,BUS2_VA_MAG,85,-0.43300000000454064,209392.8428151181,208564.21327812155,1.0039730187838678
(f),7,2,BUS2_VA_MAG,86,-0.4000000000087316,208679.05055893603,208564.21327812155,1.0005506087502238
(f),7,2,BUS2_VA_MAG,87,-0.36600000000908084,207969.20547030648,208564.21327812155,0.9971471241472207
(f),7,2,BUS2_VA_MAG,88,-0.3330000000132718,209271.51855910165,208564.21327812155,1.0033913070217704
(f),7,2,BUS2_VA_MAG,89,-0.30000000000291127,208356.0802917164,208564.21327812155,0.9990020675976296
(f),7,2,BUS2_VA_MAG,90,-0.2660000000032601,209674.85896705656,208564.21327812155,1.0053251977962967
(f),7,2,BUS2_VA_MAG,91,-0.23300000000745102,208475.04760064572,208564.21327812155,0.9995724785375479
(f),7,2,BUS2_VA_MAG,92,-0.20000000001164198,207804.38352810635,208564.21327812155,0.996356854620107
(f),7,2,BUS2_VA_MAG,93,-0.16600000001199122,207778.9021641125,208564.21327812155,0.9962346794703373
(f),7,2,BUS2_VA_MAG,94,-0.13300000000326007,208834.6888472314,208564.21327812155,1.0012968455367228
(f),7,2,BUS2_VA_MAG,95,-0.10000000000582121,208417.3306190771,208564.21327812155,0.9992957437101226
(f),7,2,BUS2_VA_MAG,96,-0.06600000000617046,208063.97856379795,208564.21327812155,0.9976015314110646
(f),7,2,BUS2_VA_MAG,97,-0.03300000001036141,209657.4351930393,208564.21327812155,1.0052416562637232
(f),7,2,BUS2_VA_MAG,98,0.0,208414.5417165669,208564.21327812155,0.999282371797145
(f),7,2,BUS2_VA_MAG,99,0.03399999999965031,208622.1665607084,208564.21327812155,1.0002778678167072
(f),7,2,BUS2_VA_MAG,100,0.06699999999545936,209935.8378567439,208564.21327812155,1.0065765097332076
(f),7,2,BUS2_VA_MAG,101,0.0999999999912684,208428.5368765651,208564.21327812155,0.9993494742006601
(f),7,2,BUS2_VA_MAG,102,0.13399999999091916,208560.7003019912,208564.21327812155,0.9999831563810726
(f),7,2,BUS2_VA_MAG,103,0.1669999999867282,210954.8709263836,208564.21327812155,1.0114624537483528
(f),7,2,BUS2_VA_MAG,104,0.19999999999708873,210142.22186953604,208564.21327812155,1.0075660563555562
(f),7,2,BUS2_VA_MAG,105,0.23399999999673993,210341.49720301703,208564.21327812155,1.008521519089785
(f),7,2,BUS2_VA_MAG,106,0.266999999992549,208146.9305264908,208564.21327812155,0.9979992600596618
(f),7,2,BUS2_VA_MAG,107,0.299999999988358,208468.5648350388,208564.21327812155,0.9995413957093626
(f),7,2,BUS2_VA_MAG,108,0.3339999999880088,209493.06047986247,208564.21327812155,1.0044535310595317
(f),7,2,BUS2_VA_MAG,109,0.36699999999673993,207864.5031254585,208564.21327812155,0.9966451092367894
(f),7,2,BUS2_VA_MAG,110,0.3999999999941788,209510.36533562132,208564.21327812155,1.0045365024163473
(f),7,2,BUS2_VA_MAG,111,0.43399999999382954,207961.5215561734,208564.21327812155,0.9971102821885149
(f),7,2,BUS2_VA_MAG,112,0.46699999998963815,208001.6540153304,208564.21327812155,0.9973027047452241
(f),7,2,BUS2_VA_MAG,113,0.5,210388.7417663141,208564.21327812155,1.0087480419555945
(f),7,2,BUS2_VA_MAG,114,0.5339999999996503,208827.8460274005,208564.21327812155,1.0012640363614413
(f),7,2,BUS2_VA_MAG,115,0.5669999999954598,207147.3529831775,208564.21327812155,0.9932065991922849
(f),7,2,BUS2_VA_MAG,116,0.5999999999912689,209144.73617162104,208564.21327812155,1.0027834252308923
(f),7,2,BUS2_VA_MAG,117,0.6339999999909192,209628.70913683844,208564.21327812155,1.0051039238323085
(f),7,2,BUS2_VA_MAG,118,0.6669999999867278,208517.2806562167,208564.21327812155,0.9997749727953459
(f),7,2,BUS2_VA_MAG,119,0.6999999999970887,209236.7495529416,208564.21327812155,1.0032246005402816
(f),7,2,BUS2_VA_MAG,120,0.7339999999967399,208770.9709453551,208564.21327812155,1.0009913381782225
(f),7,2,BUS2_VA_MAG,121,0.766999999992549,209307.54205580545,208564.21327812155,1.0035640283920264
(f),7,2,BUS2_VA_MAG,122,0.799999999988358,209414.01479429545,208564.21327812155,1.0040745317848019
(f),7,2,BUS2_VA_MAG,123,0.8339999999880088,208907.8494852005,208564.21327812155,1.0016476278536852
(f),7,2,BUS2_VA_MAG,124,0.8669999999967399,209049.3142758959,208564.21327812155,1.0023259071637924
(f),7,2,BUS2_VA_MAG,125,0.8999999999941788,207802.2216446437,208564.21327812155,0.9963464890668384
(f),7,2,BUS2_VA_MAG,126,0.9339999999967401,207261.7587810296,208564.21327812155,0.9937551391170109
(f),7,2,BUS2_VA_MAG,127,0.9669999999896386,207371.32959885884,208564.21327812155,0.9942804968287057
(f),7,2,BUS2_VA_MAG,128,0.9999999999967399,209970.6061811755,208564.21327812155,1.006743212946022
(f),7,2,BUS2_VA_MAG,129,1.0339999999967397,207963.82605741703,208564.21327812155,0.9971213315493205
(f),7,2,BUS2_VA_MAG,130,1.0669999999954594,210304.55915602663,208564.21327812155,1.008344412737694
(f),7,2,BUS2_VA_MAG,131,1.0999999999912684,208126.39032416063,208564.21327812155,0.9979007762305939
(f),7,2,BUS2_VA_MAG,132,1.1339999999909192,208404.1522286473,208564.21327812155,0.999232557460561
(f),7,2,BUS2_VA_MAG,133,1.1669999999867282,208255.7141990087,208564.21327812155,0.9985208436564261
(f),7,2,BUS2_VA_MAG,134,1.1999999999970892,209513.44485753865,208564.21327812155,1.0045512677582482
(f),7,2,BUS2_VA_MAG,135,1.23399999999674,209493.4526399776,208564.21327812155,1.004455411344308
(f),7,2,BUS2_VA_MAG,136,1.266999999992549,207306.85079884727,208564.21327812155,0.9939713412022533
(f),7,2,BUS2_VA_MAG,137,1.299999999988358,208465.0479879284,208564.21327812155,0.9995245335302998
(f),7,2,BUS2_VA_MAG,138,1.3339999999880088,207858.83642048333,208564.21327812155,0.9966179391634288
(f),7,2,BUS2_VA_MAG,139,1.36699999999674,209361.85159834492,208564.21327812155,1.00382442561783
(f),7,2,BUS2_VA_MAG,140,1.3999999999941788,209051.04185800807,208564.21327812155,1.002334190378276
(f),7,2,BUS2_VA_MAG,141,1.43399999999674,209733.80801334043,208564.21327812155,1.0056078399876742
(f),7,2,BUS2_VA_MAG,142,1.4669999999896386,207790.53562196973,208564.21327812155,0.9962904582526816
(f),7,2,BUS2_VA_MAG,143,1.49999999999674,208504.6136428057,208564.21327812155,0.9997142384382292
(f),7,2,BUS2_VA_MAG,144,1.5339999999967397,208456.00181957457,208564.21327812155,0.9994811599897885
(f),7,2,BUS2_VA_MAG,145,1.5669999999954594,209082.73358101232,208564.21327812155,1.0024861422520235
(f),7,2,BUS2_VA_MAG,146,1.5999999999912684,209752.4647021127,208564.21327812155,1.0056972929598742
(f),7,2,BUS2_VA_MAG,147,1.6339999999909192,208957.74529170588,208564.21327812155,1.0018868625992876
(f),7,2,BUS2_VA_MAG,148,1.6669999999867282,208401.9087758624,208564.21327812155,0.9992218008079712
(f),7,2,BUS2_VA_MAG,149,1.6999999999970892,208191.2922310017,208564.21327812155,0.9982119605216137
(f),7,2,BUS2_VA_MAG,150,1.73399999999674,209291.6932775264,208564.21327812155,1.0034880384701221
(f),7,2,BUS2_VA_MAG,151,1.766999999992549,207151.77120498155,208564.21327812155,0.993227783180346
(f),7,2,BUS2_VA_MAG,152,1.799999999988358,209081.88954892007,208564.21327812155,1.002482095382817
(f),7,2,BUS2_VA_MAG,153,1.8339999999880088,209327.64153795896,208564.21327812155,1.0036603991060506
(f),7,2,BUS2_VA_MAG,154,1.86699999999674,207521.4446891484,208564.21327812155,0.9950002516127605
(f),7,2,BUS2_VA_MAG,155,1.8999999999941788,209924.2112816104,208564.21327812155,1.0065207639513654
(f),7,2,BUS2_VA_MAG,156,1.93399999999674,208083.42785979336,208564.21327812155,0.9976947846863495
(f),7,2,BUS2_VA_MAG,157,1.9669999999896386,206025.36494400472,208564.21327812155,0.9878270183833923
(f),7,2,BUS2_VA_MAG,158,1.99999999999674,207039.9377002127,208564.21327812155,0.9926915765943211
(f),7,2,BUS2_VB_MAG,83,-0.5,209537.0095024825,208625.7303488362,1.0043680094115073
(f),7,2,BUS2_VB_MAG,84,-0.4660000000003497,209225.05628554217,208625.7303488362,1.002872732599684
(f),7,2,BUS2_VB_MAG,85,-0.43300000000454064,210972.52494736444,208625.7303488362,1.011248826281419
(f),7,2,BUS2_VB_MAG,86,-0.4000000000087316,210106.80605934243,208625.7303488362,1.0070991996434466
(f),7,2,BUS2_VB_MAG,87,-0.36600000000908084,209441.61276350092,208625.7303488362,1.0039107468350166
(f),7,2,BUS2_VB_MAG,88,-0.3330000000132718,208245.5625226702,208625.7303488362,0.9981777519698537
(f),7,2,BUS2_VB_MAG,89,-0.30000000000291127,208586.8144786528,208625.7303488362,0.9998134656251734
(f),7,2,BUS2_VB_MAG,90,-0.2660000000032601,208815.33925627213,208625.7303488362,1.0009088471835133
(f),7,2,BUS2_VB_MAG,91,-0.23300000000745102,207556.9704361756,208625.7303488362,0.9948771423789694
(f),7,2,BUS2_VB_MAG,92,-0.20000000001164198,208938.6739800388,208625.7303488362,1.001500024137384
(f),7,2,BUS2_VB_MAG,93,-0.16600000001199122,209234.15188337365,208625.7303488362,1.0029163302796837
(f),7,2,BUS2_VB_MAG,94,-0.13300000000326007,208085.35546728244,208625.7303488362,0.997409835878584
(f),7,2,BUS2_VB_MAG,95,-0.10000000000582121,208368.026861844,208625.7303488362,0.9987647569330912
(f),7,2,BUS2_VB_MAG,96,-0.06600000000617046,209720.17616119373,208625.7303488362,1.0052459771406315
(f),7,2,BUS2_VB_MAG,97,-0.03300000001036141,207517.5630802455,208625.7303488362,0.9946882521789726
(f),7,2,BUS2_VB_MAG,98,0.0,209809.39016960963,208625.7303488362,1.0056736042040177
(f),7,2,BUS2_VB_MAG,99,0.03399999999965031,208948.7578685268,208625.7303488362,1.001548358963923
(f),7,2,BUS2_VB_MAG,100,0.06699999999545936,208981.8063733285,208625.7303488362,1.0017067694569453
(f),7,2,BUS2_VB_MAG,101,0.0999999999912684,208646.0046712337,208625.7303488362,1.0000971803543293
(f),7,2,BUS2_VB_MAG,102,0.13399999999091916,209966.0312112248,208625.7303488362,1.0064244274191276
(f),7,2,BUS2_VB_MAG,103,0.1669999999867282,208872.39590243297,208625.7303488362,1.0011823352430418
(f),7,2,BUS2_VB_MAG,104,0.19999999999708873,208444.5903681237,208625.7303488362,0.999131746691026
(f),7,2,BUS2_VB_MAG,105,0.23399999999673993,207167.87978228004,208625.7303488362,0.9930121248030215
(f),7,2,BUS2_VB_MAG,106,0.266999999992549,209175.38853888,208625.7303488362,1.002634661549775
(f),7,2,BUS2_VB_MAG,107,0.299999999988358,209052.0846703004,208625.7303488362,1.0020436324932276
(f),7,2,BUS2_VB_MAG,108,0.3339999999880088,206855.2641235873,208625.7303488362,0.9915136727272874
(f),7,2,BUS2_VB_MAG,109,0.36699999999673993,208067.99730522072,208625.7303488362,0.9973266334757324
(f),7,2,BUS2_VB_MAG,110,0.3999999999941788,207512.5603920462,208625.7303488362,0.994664272930627
(f),7,2,BUS2_VB_MAG,111,0.43399999999382954,209171.2432253916,208625.7303488362,1.0026147919321517
(f),7,2,BUS2_VB_MAG,112,0.46699999998963815,209277.44532870152,208625.7303488362,1.0031238475655693
(f),7,2,BUS2_VB_MAG,113,0.5,208597.0497421737,208625.7303488362,0.999862526033512
(f),7,2,BUS2_VB_MAG,114,0.5339999999996503,208580.7750184444,208625.7303488362,0.9997845168459488
(f),7,2,BUS2_VB_MAG,115,0.5669999999954598,209658.5985326632,208625.7303488362,1.0049508187801186
(f),7,2,BUS2_VB_MAG,116,0.5999999999912689,209340.4503351105,208625.7303488362,1.0034258477373776
(f),7,2,BUS2_VB_MAG,117,0.6339999999909192,207863.0587543085,208625.7303488362,0.9963443071319513
(f),7,2,BUS2_VB_MAG,118,0.6669999999867278,208577.48747301623,208625.7303488362,0.9997687587444785
(f),7,2,BUS2_VB_MAG,119,0.6999999999970887,209381.25057078945,208625.7303488362,1.0036214143897302
(f),7,2,BUS2_VB_MAG,120,0.7339999999967399,208337.3141679216,208625.7303488362,0.9986175426183898
(f),7,2,BUS2_VB_MAG,121,0.766999999992549,207835.4825789953,208625.7303488362,0.9962121270060047
(f),7,2,BUS2_VB_MAG,122,0.799999999988358,207921.37354360183,208625.7303488362,0.9966238258145023
(f),7,2,BUS2_VB_MAG,123,0.8339999999880088,209161.3758610692,208625.7303488362,1.002567494964966
(f),7,2,BUS2_VB_MAG,124,0.8669999999967399,209242.0076130956,208625.7303488362,1.0029539849338285
(f),7,2,BUS2_VB_MAG,125,0.8999999999941788,209305.70544220097,208625.7303488362,1.003259305993694
(f),7,2,BUS2_VB_MAG,126,0.9339999999967401,208695.5855657474,208625.7303488362,1.0003348350982135
(f),7,2,BUS2_VB_MAG,127,0.9669999999896386,209134.3612926481,208625.7303488362,1.0024380067739556
(f),7,2,BUS2_VB_MAG,128,0.9999999999967399,209453.7955332914,208625.7303488362,1.0039691421718244
(f),7,2,BUS2_VB_MAG,129,1.0339999999967397,209814.95864504288,208625.7303488362,1.0057002954248175
(f),7,2,BUS2_VB_MAG,130,1.0669999999954594,210250.8645425097,208625.7303488362,1.0077897112257255
(f),7,2,BUS2_VB_MAG,131,1.0999999999912684,207515.51166229096,208625.7303488362,0.9946784191734698
(f),7,2,BUS2_VB_MAG,132,1.1339999999909192,208808.692112302,208625.7303488362,1.0008769856103554
(f),7,2,BUS2_VB_MAG,133,1.1669999999867282,209535.6131785888,208625.7303488362,1.0043613164504264
(f),7,2,BUS2_VB_MAG,134,1.1999999999970892,208638.8027189216,208625.7303488362,1.0000626594335393
(f),7,2,BUS2_VB_MAG,135,1.23399999999674,209204.79779865892,208625.7303488362,1.0027756281492914
(f),7,2,BUS2_VB_MAG,136,1.266999999992549,208274.22059046835,208625.7303488362,0.9983151179014205
(f),7,2,BUS2_VB_MAG,137,1.299999999988358,208673.98761862528,208625.7303488362,1.0002313102497395
(f),7,2,BUS2_VB_MAG,138,1.3339999999880088,209131.776,208625.7303488362,1.0024256147615047
(f),7,2,BUS2_VB_MAG,139,1.36699999999674,209119.7043,208625.7303488362,1.0023677518124818
(f),7,2,BUS2_VB_MAG,140,1.3999999999941788,209079.9539,208625.7303488362,1.002177217308739
(f),7,2,BUS2_VB_MAG,141,1.43399999999674,209462.53208596603,208625.7303488362,1.0040110188505063
(f),7,2,BUS2_VB_MAG,142,1.4669999999896386,208676.52356360064,208625.7303488362,1.0002434657253423
(f),7,2,BUS2_VB_MAG,143,1.49999999999674,207708.2327892196,208625.7303488362,0.9956021840734482
(f),7,2,BUS2_VB_MAG,144,1.5339999999967397,208212.5085389391,208625.7303488362,0.9980193152148291
(f),7,2,BUS2_VB_MAG,145,1.5669999999954594,210312.5536126392,208625.7303488362,1.0080854037562026
(f),7,2,BUS2_VB_MAG,146,1.5999999999912684,208358.0392686914,208625.7303488362,0.9987168836763463
(f),7,2,BUS2_VB_MAG,147,1.6339999999909192,208730.44076921223,208625.7303488362,1.0005019055904607
(f),7,2,BUS2_VB_MAG,148,1.6669999999867282,207804.58224135533,208625.7303488362,0.9960640132638104
(f),7,2,BUS2_VB_MAG,149,1.6999999999970892,205710.6059715794,208625.7303488362,0.9860270141540907
(f),7,2,BUS2_VB_MAG,150,1.73399999999674,209257.6144219293,208625.7303488362,1.0030287926232135
(f),7,2,BUS2_VB_MAG,151,1.766999999992549,209714.49728002903,208625.7303488362,1.0052187567150626
(f),7,2,BUS2_VB_MAG,152,1.799999999988358,207271.7553318206,208625.7303488362,0.9935100286299698
(f),7,2,BUS2_VB_MAG,153,1.8339999999880088,208295.9823451802,208625.7303488362,0.9984194279243283
(f),7,2,BUS2_VB_MAG,154,1.86699999999674,209064.4301811788,208625.7303488362,1.0021028078924352
(f),7,2,BUS2_VB_MAG,155,1.8999999999941788,208072.40481920613,208625.7303488362,0.9973477598918175
(f),7,2,BUS2_VB_MAG,156,1.93399999999674,208905.93924825525,208625.7303488362,1.0013431176439767
(f),7,2,BUS2_VB_MAG,157,1.9669999999896386,208664.1869603596,208625.7303488362,1.0001843330228688
(f),7,2,BUS2_VB_MAG,158,1.99999999999674,208515.5932237172,208625.7303488362,0.9994720827343069
